State_Name,Assembly_No,Constituency_No,Year,month,Poll_No,DelimID,Position,Candidate,Sex,Party,Votes,Candidate_Type,Valid_Votes,Electors,Constituency_Name,Constituency_Type,Sub_Region,N_Cand,Turnout_Percentage,Vote_Share_Percentage,Deposit_Lost,Margin,Margin_Percentage,ENOP,pid,Party_Type_TCPD,Party_ID,last_poll,Contested,Last_Party,Last_Party_ID,Last_Constituency_Name,Same_Constituency,Same_Party,No_Terms,Turncoat,Incumbent,Recontest,MyNeta_education,TCPD_Prof_Main,TCPD_Prof_Main_Desc,TCPD_Prof_Second,TCPD_Prof_Second_Desc,Election_Type
Uttar_Pradesh,,1,2024,6,,,1,IMRAN MASOOD,,INC,547967,,1275045,1857816,Saharanpur,,,12,68.63,44.57,,64542,5.06,,,,,,,,,,,,,,FALSE,,,,,,,Lok Sabha Election (GE)
Uttar_Pradesh,,1,2024,6,,,2,RAGHAV LAKHANPAL,,BJP,483425,,1275045,1857816,Saharanpur,,,12,68.63,39.32,,,,,,,,,,,,,,,,,FALSE,,,,,,,Lok Sabha Election (GE)
Uttar_Pradesh,,1,2024,6,,,3,MAJID ALI,,BSP,180353,,1275045,1857816,Saharanpur,,,12,68.63,14.67,,,,,,,,,,,,,,,,,FALSE,,,,,,,Lok Sabha Election (GE)
Uttar_Pradesh,,1,2024,6,,,4,MOHD INAM,,AKHIL_BHARTIYA_PARIV,5400,,1275045,1857816,Saharanpur,,,12,68.63,0.44,,,,,,,,,,,,,,,,,FALSE,,,,,,,Lok Sabha Election (GE)
Uttar_Pradesh,,1,2024,6,,,5,SHABNAM,,IND,2373,,1275045,1857816,Saharanpur,,,12,68.63,0.19,,,,,,,,,,,,,,,,,FALSE,,,,,,,Lok Sabha Election (GE)
Uttar_Pradesh,,1,2024,6,,,6,SHAHBAJ,,IND,1698,,1275045,1857816,Saharanpur,,,12,68.63,0.14,,,,,,,,,,,,,,,,,FALSE,,,,,,,Lok Sabha Election (GE)
Uttar_Pradesh,,1,2024,6,,,7,RASHID KHAN,,IND,1230,,1275045,1857816,Saharanpur,,,12,68.63,0.1,,,,,,,,,,,,,,,,,FALSE,,,,,,,Lok Sabha Election (GE)
Uttar_Pradesh,,1,2024,6,,,8,TASMEEM BANO,,IND,885,,1275045,1857816,Saharanpur,,,12,68.63,0.07,,,,,,,,,,,,,,,,,FALSE,,,,,,,Lok Sabha Election (GE)
Uttar_Pradesh,,1,2024,6,,,9,RAJKUMAR,,IND,813,,1275045,1857816,Saharanpur,,,12,68.63,0.07,,,,,,,,,,,,,,,,,FALSE,,,,,,,Lok Sabha Election (GE)
Uttar_Pradesh,,1,2024,6,,,10,KAMRAN,,IND,745,,1275045,1857816,Saharanpur,,,12,68.63,0.06,,,,,,,,,,,,,,,,,FALSE,,,,,,,Lok Sabha Election (GE)
Uttar_Pradesh,,1,2024,6,,,11,NOTA,,NONE_OF_THE_ABOVE,4566,,1275045,1857816,Saharanpur,,,12,68.63,0.37,,,,,,,,,,,,,,,,,FALSE,,,,,,,Lok Sabha Election (GE)
Uttar_Pradesh,,1,2024,6,,,12,NOTA,,NOTA,45590,,1275045,1857816,Saharanpur,,,12,68.63,3.58,,,,,,,,,,,,,,,,,,,,,,,,Lok Sabha Election (GE)
Uttar_Pradesh,,2,2024,6,,,1,IQRA CHOUDHARY,,SP,528013,,1124788,1727579,Kairana,,,16,65.11,48.9,,69116,6.14,,,,,,,,,,,,,,FALSE,,,,,,,Lok Sabha Election (GE)
Uttar_Pradesh,,2,2024,6,,,2,PRADEEP KUMAR,,BJP,458897,,1124788,1727579,Kairana,,,16,65.11,42.5,,,,,,,,,,,,,,,,,TRUE,,,,,,,Lok Sabha Election (GE)
Uttar_Pradesh,,2,2024,6,,,3,SRIPAL,,BSP,76200,,1124788,1727579,Kairana,,,16,65.11,7.06,,,,,,,,,,,,,,,,,FALSE,,,,,,,Lok Sabha Election (GE)
Uttar_Pradesh,,2,2024,6,,,4,JAHID,,SOCIAL_DEMOCRATIC_PA,3320,,1124788,1727579,Kairana,,,16,65.11,0.31,,,,,,,,,,,,,,,,,FALSE,,,,,,,Lok Sabha Election (GE)
Uttar_Pradesh,,2,2024,6,,,5,SHOKINDER KUMAR,,IND,1985,,1124788,1727579,Kairana,,,16,65.11,0.18,,,,,,,,,,,,,,,,,FALSE,,,,,,,Lok Sabha Election (GE)
Uttar_Pradesh,,2,2024,6,,,6,MANOJ RANA,,IND,1936,,1124788,1727579,Kairana,,,16,65.11,0.18,,,,,,,,,,,,,,,,,FALSE,,,,,,,Lok Sabha Election (GE)
Uttar_Pradesh,,2,2024,6,,,7,VIKAS KUMAR,,IND,1100,,1124788,1727579,Kairana,,,16,65.11,0.1,,,,,,,,,,,,,,,,,FALSE,,,,,,,Lok Sabha Election (GE)
Uttar_Pradesh,,2,2024,6,,,8,OMBEER,,AZAD_ADHIKAR_SENA,1096,,1124788,1727579,Kairana,,,16,65.11,0.1,,,,,,,,,,,,,,,,,FALSE,,,,,,,Lok Sabha Election (GE)
Uttar_Pradesh,,2,2024,6,,,9,VIKRAM SINGH,,IND,900,,1124788,1727579,Kairana,,,16,65.11,0.08,,,,,,,,,,,,,,,,,FALSE,,,,,,,Lok Sabha Election (GE)
Uttar_Pradesh,,2,2024,6,,,10,PRITI KASHYAP,,RASHTRIYA_MAZDOOR_EK,791,,1124788,1727579,Kairana,,,16,65.11,0.07,,,,,,,,,,,,,,,,,FALSE,,,,,,,Lok Sabha Election (GE)
Uttar_Pradesh,,2,2024,6,,,11,VIKRAM SAINI,,AKHAND_BHARAT_SWATAN,780,,1124788,1727579,Kairana,,,16,65.11,0.07,,,,,,,,,,,,,,,,,FALSE,,,,,,,Lok Sabha Election (GE)
Uttar_Pradesh,,2,2024,6,,,12,YOGESH,,IND,670,,1124788,1727579,Kairana,,,16,65.11,0.06,,,,,,,,,,,,,,,,,FALSE,,,,,,,Lok Sabha Election (GE)
Uttar_Pradesh,,2,2024,6,,,13,MOHD KADIR,,IND,442,,1124788,1727579,Kairana,,,16,65.11,0.04,,,,,,,,,,,,,,,,,FALSE,,,,,,,Lok Sabha Election (GE)
Uttar_Pradesh,,2,2024,6,,,14,NAND KISHOOR,,AAPKI_APNI_PARTY_(PE,427,,1124788,1727579,Kairana,,,16,65.11,0.04,,,,,,,,,,,,,,,,,FALSE,,,,,,,Lok Sabha Election (GE)
Uttar_Pradesh,,2,2024,6,,,15,NOTA,,NONE_OF_THE_ABOVE,3249,,1124788,1727579,Kairana,,,16,65.11,0.3,,,,,,,,,,,,,,,,,FALSE,,,,,,,Lok Sabha Election (GE)
Uttar_Pradesh,,2,2024,6,,,16,NOTA,,NOTA,44982,,1124788,1727579,Kairana,,,16,65.11,4,,,,,,,,,,,,,,,,,,,,,,,,Lok Sabha Election (GE)
Uttar_Pradesh,,3,2024,6,,,1,HARENDRA SINGH MALIK,,SP,470721,,1121393,1823717,Muzaffarnagar,,,13,61.49,43.64,,24672,2.2,,,,,,,,,,,,,,FALSE,,,,,,,Lok Sabha Election (GE)
Uttar_Pradesh,,3,2024,6,,,2,SANJEEV KUMAR BALYAN,,BJP,446049,,1121393,1823717,Muzaffarnagar,,,13,61.49,41.35,,,,,,,,,,,,,,,,,TRUE,,,,,,,Lok Sabha Election (GE)
Uttar_Pradesh,,3,2024,6,,,3,DARA SINGH PRAJAPATI,,BSP,143707,,1121393,1823717,Muzaffarnagar,,,13,61.49,13.32,,,,,,,,,,,,,,,,,FALSE,,,,,,,Lok Sabha Election (GE)
Uttar_Pradesh,,3,2024,6,,,4,SUNIL TYAGI,,IND,7167,,1121393,1823717,Muzaffarnagar,,,13,61.49,0.66,,,,,,,,,,,,,,,,,FALSE,,,,,,,Lok Sabha Election (GE)
Uttar_Pradesh,,3,2024,6,,,5,KAVITA,,RASHTRAWADI_JANLOK_P,2000,,1121393,1823717,Muzaffarnagar,,,13,61.49,0.19,,,,,,,,,,,,,,,,,FALSE,,,,,,,Lok Sabha Election (GE)
Uttar_Pradesh,,3,2024,6,,,6,SHASHIKANT SHAMAR,,IND,1431,,1121393,1823717,Muzaffarnagar,,,13,61.49,0.13,,,,,,,,,,,,,,,,,FALSE,,,,,,,Lok Sabha Election (GE)
Uttar_Pradesh,,3,2024,6,,,7,BIRBAL SINGH,,VISHAL_JANTA_PARTY,1421,,1121393,1823717,Muzaffarnagar,,,13,61.49,0.13,,,,,,,,,,,,,,,,,FALSE,,,,,,,Lok Sabha Election (GE)
Uttar_Pradesh,,3,2024,6,,,8,NEEL KUMAR,,JAI_SAMTA_PARTY,861,,1121393,1823717,Muzaffarnagar,,,13,61.49,0.08,,,,,,,,,,,,,,,,,FALSE,,,,,,,Lok Sabha Election (GE)
Uttar_Pradesh,,3,2024,6,,,9,RESHU SHARMA,,IND,684,,1121393,1823717,Muzaffarnagar,,,13,61.49,0.06,,,,,,,,,,,,,,,,,FALSE,,,,,,,Lok Sabha Election (GE)
Uttar_Pradesh,,3,2024,6,,,10,ANKUR,,IND,372,,1121393,1823717,Muzaffarnagar,,,13,61.49,0.03,,,,,,,,,,,,,,,,,FALSE,,,,,,,Lok Sabha Election (GE)
Uttar_Pradesh,,3,2024,6,,,11,MANUJ VERMA,,IND,340,,1121393,1823717,Muzaffarnagar,,,13,61.49,0.03,,,,,,,,,,,,,,,,,FALSE,,,,,,,Lok Sabha Election (GE)
Uttar_Pradesh,,3,2024,6,,,12,NOTA,,NONE_OF_THE_ABOVE,3916,,1121393,1823717,Muzaffarnagar,,,13,61.49,0.36,,,,,,,,,,,,,,,,,FALSE,,,,,,,Lok Sabha Election (GE)
Uttar_Pradesh,,3,2024,6,,,13,NOTA,,NOTA,42724,,1121393,1823717,Muzaffarnagar,,,13,61.49,3.81,,,,,,,,,,,,,,,,,,,,,,,,Lok Sabha Election (GE)
Uttar_Pradesh,,4,2024,6,,,1,CHANDAN CHAUHAN,,RLD,404493,,1072678,1743213,Bijnor,,,13,61.53,39.48,,37508,3.5,,,,,,,,,,,,,,FALSE,,,,,,,Lok Sabha Election (GE)
Uttar_Pradesh,,4,2024,6,,,2,DEEPAK,,SP,366985,,1072678,1743213,Bijnor,,,13,61.53,35.82,,,,,,,,,,,,,,,,,FALSE,,,,,,,Lok Sabha Election (GE)
Uttar_Pradesh,,4,2024,6,,,3,VIJENDER SINGH,,BSP,218986,,1072678,1743213,Bijnor,,,13,61.53,21.38,,,,,,,,,,,,,,,,,FALSE,,,,,,,Lok Sabha Election (GE)
Uttar_Pradesh,,4,2024,6,,,4,ABDUL BARI,,JAI_SAMTA_PARTY,8072,,1072678,1743213,Bijnor,,,13,61.53,0.79,,,,,,,,,,,,,,,,,FALSE,,,,,,,Lok Sabha Election (GE)
Uttar_Pradesh,,4,2024,6,,,5,DEEPAK KUMAR,,IND,7318,,1072678,1743213,Bijnor,,,13,61.53,0.71,,,,,,,,,,,,,,,,,FALSE,,,,,,,Lok Sabha Election (GE)
Uttar_Pradesh,,4,2024,6,,,6,ZAHEER,,IND,2788,,1072678,1743213,Bijnor,,,13,61.53,0.27,,,,,,,,,,,,,,,,,FALSE,,,,,,,Lok Sabha Election (GE)
Uttar_Pradesh,,4,2024,6,,,7,RAJAPAL,,PEOPLES_PARTY_OF_IND,2373,,1072678,1743213,Bijnor,,,13,61.53,0.23,,,,,,,,,,,,,,,,,FALSE,,,,,,,Lok Sabha Election (GE)
Uttar_Pradesh,,4,2024,6,,,8,MOHD. SHAHJAD,,IND,2347,,1072678,1743213,Bijnor,,,13,61.53,0.23,,,,,,,,,,,,,,,,,FALSE,,,,,,,Lok Sabha Election (GE)
Uttar_Pradesh,,4,2024,6,,,9,FARMAN,,MAJLOOM_SAMAJ_PARTY,2343,,1072678,1743213,Bijnor,,,13,61.53,0.23,,,,,,,,,,,,,,,,,FALSE,,,,,,,Lok Sabha Election (GE)
Uttar_Pradesh,,4,2024,6,,,10,CHANDAN SINGH,,IND,2176,,1072678,1743213,Bijnor,,,13,61.53,0.21,,,,,,,,,,,,,,,,,FALSE,,,,,,,Lok Sabha Election (GE)
Uttar_Pradesh,,4,2024,6,,,11,RAMDHAN SINGH,,MAJDOOR_KISAN_UNION_,2105,,1072678,1743213,Bijnor,,,13,61.53,0.21,,,,,,,,,,,,,,,,,FALSE,,,,,,,Lok Sabha Election (GE)
Uttar_Pradesh,,4,2024,6,,,12,NOTA,,NONE_OF_THE_ABOVE,4446,,1072678,1743213,Bijnor,,,13,61.53,0.43,,,,,,,,,,,,,,,,,FALSE,,,,,,,Lok Sabha Election (GE)
Uttar_Pradesh,,4,2024,6,,,13,NOTA,,NOTA,48246,,1072678,1743213,Bijnor,,,13,61.53,4.5,,,,,,,,,,,,,,,,,,,,,,,,Lok Sabha Election (GE)
Uttar_Pradesh,,5,2024,6,,,1,CHANDRASHEKHAR,,AAZAD_SAMAJ_PARTY_(K,512552,,1033025,1647310,Nagina,,,8,62.71,51.19,,151473,14.66,,,,,,,,,,,,,,FALSE,,,,,,,Lok Sabha Election (GE)
Uttar_Pradesh,,5,2024,6,,,2,OM KUMAR,,BJP,361079,,1033025,1647310,Nagina,,,8,62.71,36.06,,,,,,,,,,,,,,,,,FALSE,,,,,,,Lok Sabha Election (GE)
Uttar_Pradesh,,5,2024,6,,,3,MANOJ KUMAR,,SP,102374,,1033025,1647310,Nagina,,,8,62.71,10.22,,,,,,,,,,,,,,,,,FALSE,,,,,,,Lok Sabha Election (GE)
Uttar_Pradesh,,5,2024,6,,,4,SURENDRA PAL SINGH,,BSP,13272,,1033025,1647310,Nagina,,,8,62.71,1.33,,,,,,,,,,,,,,,,,FALSE,,,,,,,Lok Sabha Election (GE)
Uttar_Pradesh,,5,2024,6,,,5,JOGENDRA,,IND,4518,,1033025,1647310,Nagina,,,8,62.71,0.45,,,,,,,,,,,,,,,,,FALSE,,,,,,,Lok Sabha Election (GE)
Uttar_Pradesh,,5,2024,6,,,6,SANJEEV KUMAR,,IND,2201,,1033025,1647310,Nagina,,,8,62.71,0.22,,,,,,,,,,,,,,,,,FALSE,,,,,,,Lok Sabha Election (GE)
Uttar_Pradesh,,5,2024,6,,,7,NOTA,,NONE_OF_THE_ABOVE,5307,,1033025,1647310,Nagina,,,8,62.71,0.53,,,,,,,,,,,,,,,,,FALSE,,,,,,,Lok Sabha Election (GE)
Uttar_Pradesh,,5,2024,6,,,8,NOTA,,NOTA,31722,,1033025,1647310,Nagina,,,8,62.71,3.07,,,,,,,,,,,,,,,,,,,,,,,,Lok Sabha Election (GE)
Uttar_Pradesh,,6,2024,6,,,1,RUCHI VIRA,,SP,637363,,1352869,2062642,Moradabad,,,14,65.59,49.67,,105762,7.82,,,,,,,,,,,,,,FALSE,,,,,,,Lok Sabha Election (GE)
Uttar_Pradesh,,6,2024,6,,,2,KUNWAR SARVESH KUMAR,,BJP,531601,,1352869,2062642,Moradabad,,,14,65.59,41.43,,,,,,,,,,,,,,,,,FALSE,,,,,,,Lok Sabha Election (GE)
Uttar_Pradesh,,6,2024,6,,,3,MO IRFAN,,BSP,92313,,1352869,2062642,Moradabad,,,14,65.59,7.19,,,,,,,,,,,,,,,,,FALSE,,,,,,,Lok Sabha Election (GE)
Uttar_Pradesh,,6,2024,6,,,4,AJAY YADAV,,APNA_HAQ_PARTY,4094,,1352869,2062642,Moradabad,,,14,65.59,0.32,,,,,,,,,,,,,,,,,FALSE,,,,,,,Lok Sabha Election (GE)
Uttar_Pradesh,,6,2024,6,,,5,MUSHARRAT HUSAIN,,IND,2583,,1352869,2062642,Moradabad,,,14,65.59,0.2,,,,,,,,,,,,,,,,,FALSE,,,,,,,Lok Sabha Election (GE)
Uttar_Pradesh,,6,2024,6,,,6,SADHNA SINGH,,IND,2296,,1352869,2062642,Moradabad,,,14,65.59,0.18,,,,,,,,,,,,,,,,,FALSE,,,,,,,Lok Sabha Election (GE)
Uttar_Pradesh,,6,2024,6,,,7,MOHD JAMSHED,,IND,1719,,1352869,2062642,Moradabad,,,14,65.59,0.13,,,,,,,,,,,,,,,,,FALSE,,,,,,,Lok Sabha Election (GE)
Uttar_Pradesh,,6,2024,6,,,8,ONKAR SINGH,,BHARATIYA_BAHUJAN_SA,1459,,1352869,2062642,Moradabad,,,14,65.59,0.11,,,,,,,,,,,,,,,,,FALSE,,,,,,,Lok Sabha Election (GE)
Uttar_Pradesh,,6,2024,6,,,9,SHAKIL AHMED,,SAMATA_PARTY,1356,,1352869,2062642,Moradabad,,,14,65.59,0.11,,,,,,,,,,,,,,,,,FALSE,,,,,,,Lok Sabha Election (GE)
Uttar_Pradesh,,6,2024,6,,,10,HAR KISHORE SINGH,,SOCIALIST_UNITY_CENT,940,,1352869,2062642,Moradabad,,,14,65.59,0.07,,,,,,,,,,,,,,,,,FALSE,,,,,,,Lok Sabha Election (GE)
Uttar_Pradesh,,6,2024,6,,,11,AMARJEET SINGH JATAV,,IND,952,,1352869,2062642,Moradabad,,,14,65.59,0.07,,,,,,,,,,,,,,,,,FALSE,,,,,,,Lok Sabha Election (GE)
Uttar_Pradesh,,6,2024,6,,,12,GANGARAM SHARMA,,RASHTRIYA_CONGRESS(J,685,,1352869,2062642,Moradabad,,,14,65.59,0.05,,,,,,,,,,,,,,,,,FALSE,,,,,,,Lok Sabha Election (GE)
Uttar_Pradesh,,6,2024,6,,,13,NOTA,,NONE_OF_THE_ABOVE,5824,,1352869,2062642,Moradabad,,,14,65.59,0.45,,,,,,,,,,,,,,,,,FALSE,,,,,,,Lok Sabha Election (GE)
Uttar_Pradesh,,6,2024,6,,,14,NOTA,,NOTA,69684,,1352869,2062642,Moradabad,,,14,65.59,5.15,,,,,,,,,,,,,,,,,,,,,,,,Lok Sabha Election (GE)
Uttar_Pradesh,,7,2024,6,,,1,MOHIBBULLAH,,SP,481503,,1001937,1733243,Rampur,,,8,57.81,49.74,,87434,8.73,,,,,,,,,,,,,,FALSE,,,,,,,Lok Sabha Election (GE)
Uttar_Pradesh,,7,2024,6,,,2,GHANSHYAM SINGH LODHI,,BJP,394069,,1001937,1733243,Rampur,,,8,57.81,40.71,,,,,,,,,,,,,,,,,FALSE,,,,,,,Lok Sabha Election (GE)
Uttar_Pradesh,,7,2024,6,,,3,ZEESHAN KHAN,,BSP,79692,,1001937,1733243,Rampur,,,8,57.81,8.23,,,,,,,,,,,,,,,,,FALSE,,,,,,,Lok Sabha Election (GE)
Uttar_Pradesh,,7,2024,6,,,4,ARSHAD WARSI,,MINORITIES_DEMOCRATI,2927,,1001937,1733243,Rampur,,,8,57.81,0.3,,,,,,,,,,,,,,,,,FALSE,,,,,,,Lok Sabha Election (GE)
Uttar_Pradesh,,7,2024,6,,,5,MEHMOOD PRACHA,,IND,2759,,1001937,1733243,Rampur,,,8,57.81,0.28,,,,,,,,,,,,,,,,,FALSE,,,,,,,Lok Sabha Election (GE)
Uttar_Pradesh,,7,2024,6,,,6,SHIV PRASAD,,IND,1476,,1001937,1733243,Rampur,,,8,57.81,0.15,,,,,,,,,,,,,,,,,FALSE,,,,,,,Lok Sabha Election (GE)
Uttar_Pradesh,,7,2024,6,,,7,NOTA,,NONE_OF_THE_ABOVE,5653,,1001937,1733243,Rampur,,,8,57.81,0.58,,,,,,,,,,,,,,,,,FALSE,,,,,,,Lok Sabha Election (GE)
Uttar_Pradesh,,7,2024,6,,,8,NOTA,,NOTA,33858,,1001937,1733243,Rampur,,,8,57.81,3.38,,,,,,,,,,,,,,,,,,,,,,,,Lok Sabha Election (GE)
Uttar_Pradesh,,8,2024,6,,,1,ZIA UR REHMAN,,SP,571161,,1281539,1899292,Sambhal,,,14,67.47,47.8,,121494,9.48,,,,,,,,,,,,,,FALSE,,,,,,,Lok Sabha Election (GE)
Uttar_Pradesh,,8,2024,6,,,2,PARMESHWAR LAL SAINI,,BJP,449667,,1281539,1899292,Sambhal,,,14,67.47,37.63,,,,,,,,,,,,,,,,,FALSE,,,,,,,Lok Sabha Election (GE)
Uttar_Pradesh,,8,2024,6,,,3,CHAUDHARY SAULAT ALI,,BSP,152460,,1281539,1899292,Sambhal,,,14,67.47,12.76,,,,,,,,,,,,,,,,,FALSE,,,,,,,Lok Sabha Election (GE)
Uttar_Pradesh,,8,2024,6,,,4,WASEEM SO MOH SHAMIM,,IND,3864,,1281539,1899292,Sambhal,,,14,67.47,0.32,,,,,,,,,,,,,,,,,FALSE,,,,,,,Lok Sabha Election (GE)
Uttar_Pradesh,,8,2024,6,,,5,MOHD WASEEM SO MOHD FAREED,,IND,2077,,1281539,1899292,Sambhal,,,14,67.47,0.17,,,,,,,,,,,,,,,,,FALSE,,,,,,,Lok Sabha Election (GE)
Uttar_Pradesh,,8,2024,6,,,6,JAYGAMUL ISLAM,,JANTA_SHASHAN_PARTY,1942,,1281539,1899292,Sambhal,,,14,67.47,0.16,,,,,,,,,,,,,,,,,FALSE,,,,,,,Lok Sabha Election (GE)
Uttar_Pradesh,,8,2024,6,,,7,ANUJ VARSHNEY,,IND,1677,,1281539,1899292,Sambhal,,,14,67.47,0.14,,,,,,,,,,,,,,,,,FALSE,,,,,,,Lok Sabha Election (GE)
Uttar_Pradesh,,8,2024,6,,,8,MAHANDRA SINGH,,IND,1294,,1281539,1899292,Sambhal,,,14,67.47,0.11,,,,,,,,,,,,,,,,,FALSE,,,,,,,Lok Sabha Election (GE)
Uttar_Pradesh,,8,2024,6,,,9,SANTOSH,,KISAN_KRANTI_DAL,1204,,1281539,1899292,Sambhal,,,14,67.47,0.1,,,,,,,,,,,,,,,,,FALSE,,,,,,,Lok Sabha Election (GE)
Uttar_Pradesh,,8,2024,6,,,10,DR RASHID,,PEACE_PARTY,1060,,1281539,1899292,Sambhal,,,14,67.47,0.09,,,,,,,,,,,,,,,,,FALSE,,,,,,,Lok Sabha Election (GE)
Uttar_Pradesh,,8,2024,6,,,11,TAUFIK AHAMAD,,IND,723,,1281539,1899292,Sambhal,,,14,67.47,0.06,,,,,,,,,,,,,,,,,FALSE,,,,,,,Lok Sabha Election (GE)
Uttar_Pradesh,,8,2024,6,,,12,PAVAN KUMAR,,LOG_PARTY,637,,1281539,1899292,Sambhal,,,14,67.47,0.05,,,,,,,,,,,,,,,,,FALSE,,,,,,,Lok Sabha Election (GE)
Uttar_Pradesh,,8,2024,6,,,13,NOTA,,NONE_OF_THE_ABOVE,7217,,1281539,1899292,Sambhal,,,14,67.47,0.6,,,,,,,,,,,,,,,,,FALSE,,,,,,,Lok Sabha Election (GE)
Uttar_Pradesh,,8,2024,6,,,14,NOTA,,NOTA,86556,,1281539,1899292,Sambhal,,,14,67.47,6.75,,,,,,,,,,,,,,,,,,,,,,,,Lok Sabha Election (GE)
Uttar_Pradesh,,9,2024,6,,,1,KANWAR SINGH TANWAR,,BJP,476506,,1181322,1720677,Amroha,,,14,68.65,42.9,,28670,2.43,,,,,,,,,,,,,,FALSE,,,,,,,Lok Sabha Election (GE)
Uttar_Pradesh,,9,2024,6,,,2,KUNWAR DANISH ALI,,INC,447836,,1181322,1720677,Amroha,,,14,68.65,40.32,,,,,,,,,,,,,,,,,TRUE,,,,,,,Lok Sabha Election (GE)
Uttar_Pradesh,,9,2024,6,,,3,MUJAHID HUSAIN,,BSP,164099,,1181322,1720677,Amroha,,,14,68.65,14.77,,,,,,,,,,,,,,,,,FALSE,,,,,,,Lok Sabha Election (GE)
Uttar_Pradesh,,9,2024,6,,,4,DHANISH,,IND,3617,,1181322,1720677,Amroha,,,14,68.65,0.33,,,,,,,,,,,,,,,,,FALSE,,,,,,,Lok Sabha Election (GE)
Uttar_Pradesh,,9,2024,6,,,5,SURESH,,IND,2717,,1181322,1720677,Amroha,,,14,68.65,0.24,,,,,,,,,,,,,,,,,FALSE,,,,,,,Lok Sabha Election (GE)
Uttar_Pradesh,,9,2024,6,,,6,JEETPAL RANA,,IND,2556,,1181322,1720677,Amroha,,,14,68.65,0.23,,,,,,,,,,,,,,,,,FALSE,,,,,,,Lok Sabha Election (GE)
Uttar_Pradesh,,9,2024,6,,,7,SUHEL HAIDER,,AKHIL_BHARTIYA_PARIV,2504,,1181322,1720677,Amroha,,,14,68.65,0.23,,,,,,,,,,,,,,,,,FALSE,,,,,,,Lok Sabha Election (GE)
Uttar_Pradesh,,9,2024,6,,,8,NARENDRA SINGH,,IND,1779,,1181322,1720677,Amroha,,,14,68.65,0.16,,,,,,,,,,,,,,,,,FALSE,,,,,,,Lok Sabha Election (GE)
Uttar_Pradesh,,9,2024,6,,,9,NAEEMUDDIN,,IND,1004,,1181322,1720677,Amroha,,,14,68.65,0.09,,,,,,,,,,,,,,,,,FALSE,,,,,,,Lok Sabha Election (GE)
Uttar_Pradesh,,9,2024,6,,,10,KUSHAGRA,,IND,858,,1181322,1720677,Amroha,,,14,68.65,0.08,,,,,,,,,,,,,,,,,FALSE,,,,,,,Lok Sabha Election (GE)
Uttar_Pradesh,,9,2024,6,,,11,KASHIF HUSAIN,,IND,679,,1181322,1720677,Amroha,,,14,68.65,0.06,,,,,,,,,,,,,,,,,FALSE,,,,,,,Lok Sabha Election (GE)
Uttar_Pradesh,,9,2024,6,,,12,KUMDESH KUMAR,,IND,635,,1181322,1720677,Amroha,,,14,68.65,0.06,,,,,,,,,,,,,,,,,FALSE,,,,,,,Lok Sabha Election (GE)
Uttar_Pradesh,,9,2024,6,,,13,NOTA,,NONE_OF_THE_ABOVE,5900,,1181322,1720677,Amroha,,,14,68.65,0.53,,,,,,,,,,,,,,,,,FALSE,,,,,,,Lok Sabha Election (GE)
Uttar_Pradesh,,9,2024,6,,,14,NOTA,,NOTA,70632,,1181322,1720677,Amroha,,,14,68.65,5.98,,,,,,,,,,,,,,,,,,,,,,,,Lok Sabha Election (GE)
Uttar_Pradesh,,10,2024,6,,,1,ARUN GOVIL,,BJP,546469,,1220383,2005669,Meerut,,,10,60.85,46.21,,10585,0.87,,,,,,,,,,,,,,FALSE,,,,,,,Lok Sabha Election (GE)
Uttar_Pradesh,,10,2024,6,,,2,SUNITA VERMA,,SP,535884,,1220383,2005669,Meerut,,,10,60.85,45.32,,,,,,,,,,,,,,,,,FALSE,,,,,,,Lok Sabha Election (GE)
Uttar_Pradesh,,10,2024,6,,,3,DEVVRAT KUMAR TYAGI,,BSP,87025,,1220383,2005669,Meerut,,,10,60.85,7.36,,,,,,,,,,,,,,,,,FALSE,,,,,,,Lok Sabha Election (GE)
Uttar_Pradesh,,10,2024,6,,,4,BHUPENDRA PAL URF BHUPPI BHAI,,RASHTRIYA_SHOSHIT_SA,2626,,1220383,2005669,Meerut,,,10,60.85,0.22,,,,,,,,,,,,,,,,,FALSE,,,,,,,Lok Sabha Election (GE)
Uttar_Pradesh,,10,2024,6,,,5,HAJI  AFZAL,,SABSE_ACHCHHI_PARTY,2029,,1220383,2005669,Meerut,,,10,60.85,0.17,,,,,,,,,,,,,,,,,FALSE,,,,,,,Lok Sabha Election (GE)
Uttar_Pradesh,,10,2024,6,,,6,ABID HUSAIN,,SOCIAL_DEMOCRATIC_PA,1922,,1220383,2005669,Meerut,,,10,60.85,0.16,,,,,,,,,,,,,,,,,FALSE,,,,,,,Lok Sabha Election (GE)
Uttar_Pradesh,,10,2024,6,,,7,LIYAKAT,,MAJLOOM_SAMAJ_PARTY,894,,1220383,2005669,Meerut,,,10,60.85,0.08,,,,,,,,,,,,,,,,,FALSE,,,,,,,Lok Sabha Election (GE)
Uttar_Pradesh,,10,2024,6,,,8,DR HIMANSHU BHATNAGAR,,JAI_HIND_NATIONAL_PA,854,,1220383,2005669,Meerut,,,10,60.85,0.07,,,,,,,,,,,,,,,,,FALSE,,,,,,,Lok Sabha Election (GE)
Uttar_Pradesh,,10,2024,6,,,9,NOTA,,NONE_OF_THE_ABOVE,4776,,1220383,2005669,Meerut,,,10,60.85,0.4,,,,,,,,,,,,,,,,,FALSE,,,,,,,Lok Sabha Election (GE)
Uttar_Pradesh,,10,2024,6,,,10,NOTA,,NOTA,37904,,1220383,2005669,Meerut,,,10,60.85,3.11,,,,,,,,,,,,,,,,,,,,,,,,Lok Sabha Election (GE)
Uttar_Pradesh,,11,2024,6,,,1,DR RAJKUMAR SANGWAN,,RLD,488967,,968633,1665208,Baghpat,,,9,58.17,52.36,,159459,16.46,,,,,,,,,,,,,,FALSE,,,,,,,Lok Sabha Election (GE)
Uttar_Pradesh,,11,2024,6,,,2,AMARPAL,,SP,329508,,968633,1665208,Baghpat,,,9,58.17,35.29,,,,,,,,,,,,,,,,,FALSE,,,,,,,Lok Sabha Election (GE)
Uttar_Pradesh,,11,2024,6,,,3,PRAVEEN BANSAL,,BSP,92266,,968633,1665208,Baghpat,,,9,58.17,9.88,,,,,,,,,,,,,,,,,FALSE,,,,,,,Lok Sabha Election (GE)
Uttar_Pradesh,,11,2024,6,,,4,MUKESH KUMAR SHARMA,,AZAD_ADHIKAR_SENA,5523,,968633,1665208,Baghpat,,,9,58.17,0.59,,,,,,,,,,,,,,,,,FALSE,,,,,,,Lok Sabha Election (GE)
Uttar_Pradesh,,11,2024,6,,,5,MAHENDER SINGH,,SARVJAN_SAMTA_PARTY,5020,,968633,1665208,Baghpat,,,9,58.17,0.54,,,,,,,,,,,,,,,,,FALSE,,,,,,,Lok Sabha Election (GE)
Uttar_Pradesh,,11,2024,6,,,6,SUKHVIR SINGH,,SWATANTRA_JANTARAJ_P,4099,,968633,1665208,Baghpat,,,9,58.17,0.44,,,,,,,,,,,,,,,,,FALSE,,,,,,,Lok Sabha Election (GE)
Uttar_Pradesh,,11,2024,6,,,7,RUBY KASHYAP,,SARVJAN_LOK_SHAKTI_P,3280,,968633,1665208,Baghpat,,,9,58.17,0.35,,,,,,,,,,,,,,,,,FALSE,,,,,,,Lok Sabha Election (GE)
Uttar_Pradesh,,11,2024,6,,,8,NOTA,,NONE_OF_THE_ABOVE,5110,,968633,1665208,Baghpat,,,9,58.17,0.55,,,,,,,,,,,,,,,,,FALSE,,,,,,,Lok Sabha Election (GE)
Uttar_Pradesh,,11,2024,6,,,9,NOTA,,NOTA,34860,,968633,1665208,Baghpat,,,9,58.17,3.6,,,,,,,,,,,,,,,,,,,,,,,,Lok Sabha Election (GE)
Uttar_Pradesh,,12,2024,6,,,1,ATUL GARG,,BJP,854170,,1585160,2948720,Ghaziabad,,,16,53.76,58.09,,336965,21.26,,,,,,,,,,,,,,FALSE,,,,,,,Lok Sabha Election (GE)
Uttar_Pradesh,,12,2024,6,,,2,DOLLY SHARMA,,INC,517205,,1585160,2948720,Ghaziabad,,,16,53.76,35.17,,,,,,,,,,,,,,,,,FALSE,,,,,,,Lok Sabha Election (GE)
Uttar_Pradesh,,12,2024,6,,,3,NAND KISHOR PUNDIR,,BSP,79525,,1585160,2948720,Ghaziabad,,,16,53.76,5.41,,,,,,,,,,,,,,,,,FALSE,,,,,,,Lok Sabha Election (GE)
Uttar_Pradesh,,12,2024,6,,,4,RAVI KUMAR PANCHAL,,IND,1966,,1585160,2948720,Ghaziabad,,,16,53.76,0.13,,,,,,,,,,,,,,,,,FALSE,,,,,,,Lok Sabha Election (GE)
Uttar_Pradesh,,12,2024,6,,,5,ANAND KUMAR,,RASHTRA_NIRMAN_PARTY,1178,,1585160,2948720,Ghaziabad,,,16,53.76,0.08,,,,,,,,,,,,,,,,,FALSE,,,,,,,Lok Sabha Election (GE)
Uttar_Pradesh,,12,2024,6,,,6,NATTHUSINGH CHAUDHARY,,IND,1162,,1585160,2948720,Ghaziabad,,,16,53.76,0.08,,,,,,,,,,,,,,,,,FALSE,,,,,,,Lok Sabha Election (GE)
Uttar_Pradesh,,12,2024,6,,,7,AURANGJEB,,IND,1120,,1585160,2948720,Ghaziabad,,,16,53.76,0.08,,,,,,,,,,,,,,,,,FALSE,,,,,,,Lok Sabha Election (GE)
Uttar_Pradesh,,12,2024,6,,,8,NAMAHA,,SAMAJ_VIKAS_KRANTI_P,1080,,1585160,2948720,Ghaziabad,,,16,53.76,0.07,,,,,,,,,,,,,,,,,FALSE,,,,,,,Lok Sabha Election (GE)
Uttar_Pradesh,,12,2024,6,,,9,AVDESH KUMAR,,IND,1043,,1585160,2948720,Ghaziabad,,,16,53.76,0.07,,,,,,,,,,,,,,,,,FALSE,,,,,,,Lok Sabha Election (GE)
Uttar_Pradesh,,12,2024,6,,,10,POOJA SAXENA,,RIGHT_TO_RECALL_PART,878,,1585160,2948720,Ghaziabad,,,16,53.76,0.06,,,,,,,,,,,,,,,,,FALSE,,,,,,,Lok Sabha Election (GE)
Uttar_Pradesh,,12,2024,6,,,11,KAVITA,,IND,775,,1585160,2948720,Ghaziabad,,,16,53.76,0.05,,,,,,,,,,,,,,,,,FALSE,,,,,,,Lok Sabha Election (GE)
Uttar_Pradesh,,12,2024,6,,,12,ANSUL GUPTA,,RASHTRIYA_JAN_KARMAT,764,,1585160,2948720,Ghaziabad,,,16,53.76,0.05,,,,,,,,,,,,,,,,,FALSE,,,,,,,Lok Sabha Election (GE)
Uttar_Pradesh,,12,2024,6,,,13,DHIRENDRA SINGH BHADAURIYA,,SUBHASHWADI_BHARTIYA,700,,1585160,2948720,Ghaziabad,,,16,53.76,0.05,,,,,,,,,,,,,,,,,FALSE,,,,,,,Lok Sabha Election (GE)
Uttar_Pradesh,,12,2024,6,,,14,ABHISHEK PUNDIR,,IND,653,,1585160,2948720,Ghaziabad,,,16,53.76,0.04,,,,,,,,,,,,,,,,,FALSE,,,,,,,Lok Sabha Election (GE)
Uttar_Pradesh,,12,2024,6,,,15,NOTA,,NONE_OF_THE_ABOVE,8211,,1585160,2948720,Ghaziabad,,,16,53.76,0.56,,,,,,,,,,,,,,,,,FALSE,,,,,,,Lok Sabha Election (GE)
Uttar_Pradesh,,12,2024,6,,,16,NOTA,,NOTA,114730,,1585160,2948720,Ghaziabad,,,16,53.76,7.24,,,,,,,,,,,,,,,,,,,,,,,,Lok Sabha Election (GE)
Uttar_Pradesh,,13,2024,6,,,1,DR. MAHESH SHARMA,,BJP,857829,,1591534,2681482,Gautam Buddha Nagar,,,17,59.35,59.69,,559472,35.15,,,,,,,,,,,,,,TRUE,,,,,,,Lok Sabha Election (GE)
Uttar_Pradesh,,13,2024,6,,,2,DR. MAHENDRA SINGH NAGAR,,SP,298357,,1591534,2681482,Gautam Buddha Nagar,,,17,59.35,20.76,,,,,,,,,,,,,,,,,FALSE,,,,,,,Lok Sabha Election (GE)
Uttar_Pradesh,,13,2024,6,,,3,RAJENDRA SINGH SOLANKI,,BSP,251615,,1591534,2681482,Gautam Buddha Nagar,,,17,59.35,17.51,,,,,,,,,,,,,,,,,FALSE,,,,,,,Lok Sabha Election (GE)
Uttar_Pradesh,,13,2024,6,,,4,BHIM PRAKASH JIGYASU,,VIRO_KE_VIR_INDIAN_P,3875,,1591534,2681482,Gautam Buddha Nagar,,,17,59.35,0.27,,,,,,,,,,,,,,,,,FALSE,,,,,,,Lok Sabha Election (GE)
Uttar_Pradesh,,13,2024,6,,,5,MOHD. MUMTAJ AALAM,,IND,2821,,1591534,2681482,Gautam Buddha Nagar,,,17,59.35,0.2,,,,,,,,,,,,,,,,,FALSE,,,,,,,Lok Sabha Election (GE)
Uttar_Pradesh,,13,2024,6,,,6,SHIVAM ASHUTOSH,,IND,2641,,1591534,2681482,Gautam Buddha Nagar,,,17,59.35,0.18,,,,,,,,,,,,,,,,,FALSE,,,,,,,Lok Sabha Election (GE)
Uttar_Pradesh,,13,2024,6,,,7,MANISH KUMAR DWIVEDI,,AKHIL_BHARTIYA_PARIV,1772,,1591534,2681482,Gautam Buddha Nagar,,,17,59.35,0.12,,,,,,,,,,,,,,,,,FALSE,,,,,,,Lok Sabha Election (GE)
Uttar_Pradesh,,13,2024,6,,,8,KISHOR SINGH,,NATIONAL_PARTY,1767,,1591534,2681482,Gautam Buddha Nagar,,,17,59.35,0.12,,,,,,,,,,,,,,,,,FALSE,,,,,,,Lok Sabha Election (GE)
Uttar_Pradesh,,13,2024,6,,,9,MAHKAR SINGH,,IND,1124,,1591534,2681482,Gautam Buddha Nagar,,,17,59.35,0.08,,,,,,,,,,,,,,,,,FALSE,,,,,,,Lok Sabha Election (GE)
Uttar_Pradesh,,13,2024,6,,,10,KM. SHALU,,LOKTANTRIK_JANSHAKTI,1050,,1591534,2681482,Gautam Buddha Nagar,,,17,59.35,0.07,,,,,,,,,,,,,,,,,FALSE,,,,,,,Lok Sabha Election (GE)
Uttar_Pradesh,,13,2024,6,,,11,PARAG KAUSHIK,,IND,946,,1591534,2681482,Gautam Buddha Nagar,,,17,59.35,0.07,,,,,,,,,,,,,,,,,FALSE,,,,,,,Lok Sabha Election (GE)
Uttar_Pradesh,,13,2024,6,,,12,NARESH NAUTIYAL,,BHARTIYA_RASHTRIYA_J,941,,1591534,2681482,Gautam Buddha Nagar,,,17,59.35,0.07,,,,,,,,,,,,,,,,,FALSE,,,,,,,Lok Sabha Election (GE)
Uttar_Pradesh,,13,2024,6,,,13,RAN SINGH DUDEE,,SUPER_POWER_INDIA_PA,908,,1591534,2681482,Gautam Buddha Nagar,,,17,59.35,0.06,,,,,,,,,,,,,,,,,FALSE,,,,,,,Lok Sabha Election (GE)
Uttar_Pradesh,,13,2024,6,,,14,RAJEEV MISHRA,,JAI_HIND_NATIONAL_PA,657,,1591534,2681482,Gautam Buddha Nagar,,,17,59.35,0.05,,,,,,,,,,,,,,,,,FALSE,,,,,,,Lok Sabha Election (GE)
Uttar_Pradesh,,13,2024,6,,,15,NARAVEDASHVAR,,SUBHASHWADI_BHARTIYA,617,,1591534,2681482,Gautam Buddha Nagar,,,17,59.35,0.04,,,,,,,,,,,,,,,,,FALSE,,,,,,,Lok Sabha Election (GE)
Uttar_Pradesh,,13,2024,6,,,16,NOTA,,NONE_OF_THE_ABOVE,10324,,1591534,2681482,Gautam Buddha Nagar,,,17,59.35,0.72,,,,,,,,,,,,,,,,,FALSE,,,,,,,Lok Sabha Election (GE)
Uttar_Pradesh,,13,2024,6,,,17,NOTA,,NOTA,154290,,1591534,2681482,Gautam Buddha Nagar,,,17,59.35,9.69,,,,,,,,,,,,,,,,,,,,,,,,Lok Sabha Election (GE)
Uttar_Pradesh,,14,2024,6,,,1,DR BHOLA SINGH,,BJP,597310,,1095619,1867981,Bulandshahr,,,8,58.65,56.65,,275134,25.11,,,,,,,,,,,,,,FALSE,,,,,,,Lok Sabha Election (GE)
Uttar_Pradesh,,14,2024,6,,,2,SHIVRAM,,INC,322176,,1095619,1867981,Bulandshahr,,,8,58.65,30.56,,,,,,,,,,,,,,,,,FALSE,,,,,,,Lok Sabha Election (GE)
Uttar_Pradesh,,14,2024,6,,,3,GIRISH CHANDRA,,BSP,117424,,1095619,1867981,Bulandshahr,,,8,58.65,11.14,,,,,,,,,,,,,,,,,FALSE,,,,,,,Lok Sabha Election (GE)
Uttar_Pradesh,,14,2024,6,,,4,RAJESH TUREHA,,RISHIVADI_KARM_SHEEL,4401,,1095619,1867981,Bulandshahr,,,8,58.65,0.42,,,,,,,,,,,,,,,,,FALSE,,,,,,,Lok Sabha Election (GE)
Uttar_Pradesh,,14,2024,6,,,5,SONAM BHARTI,,IND,3600,,1095619,1867981,Bulandshahr,,,8,58.65,0.34,,,,,,,,,,,,,,,,,FALSE,,,,,,,Lok Sabha Election (GE)
Uttar_Pradesh,,14,2024,6,,,6,PRADEEP KUMAR,,IND,2563,,1095619,1867981,Bulandshahr,,,8,58.65,0.24,,,,,,,,,,,,,,,,,FALSE,,,,,,,Lok Sabha Election (GE)
Uttar_Pradesh,,14,2024,6,,,7,NOTA,,NONE_OF_THE_ABOVE,6925,,1095619,1867981,Bulandshahr,,,8,58.65,0.66,,,,,,,,,,,,,,,,,FALSE,,,,,,,Lok Sabha Election (GE)
Uttar_Pradesh,,14,2024,6,,,8,NOTA,,NOTA,41220,,1095619,1867981,Bulandshahr,,,8,58.65,3.76,,,,,,,,,,,,,,,,,,,,,,,,Lok Sabha Election (GE)
Uttar_Pradesh,,15,2024,6,,,1,SATISH KUMAR GAUTAM,,BJP,501834,,1202190,2002868,Aligarh,,,16,60.02,44.28,,15647,1.3,,,,,,,,,,,,,,TRUE,,,,,,,Lok Sabha Election (GE)
Uttar_Pradesh,,15,2024,6,,,2,BIJENDRA SINGH,,SP,486187,,1202190,2002868,Aligarh,,,16,60.02,42.9,,,,,,,,,,,,,,,,,FALSE,,,,,,,Lok Sabha Election (GE)
Uttar_Pradesh,,15,2024,6,,,3,HITENDRA KUMAR ALIAS BUNTY UPADHYAY,,BSP,123929,,1202190,2002868,Aligarh,,,16,60.02,10.93,,,,,,,,,,,,,,,,,FALSE,,,,,,,Lok Sabha Election (GE)
Uttar_Pradesh,,15,2024,6,,,4,GYANI RAM,,IND,3799,,1202190,2002868,Aligarh,,,16,60.02,0.34,,,,,,,,,,,,,,,,,FALSE,,,,,,,Lok Sabha Election (GE)
Uttar_Pradesh,,15,2024,6,,,5,SATISH KUMAR,,IND,3561,,1202190,2002868,Aligarh,,,16,60.02,0.31,,,,,,,,,,,,,,,,,FALSE,,,,,,,Lok Sabha Election (GE)
Uttar_Pradesh,,15,2024,6,,,6,SATISH KUMAR,,SWATANTRA_JANTARAJ_P,1648,,1202190,2002868,Aligarh,,,16,60.02,0.15,,,,,,,,,,,,,,,,,FALSE,,,,,,,Lok Sabha Election (GE)
Uttar_Pradesh,,15,2024,6,,,7,MANOJ KUMAR ALIAS MANOJ LODHI,,SAMAN_ADHIKAR_PARTY,1440,,1202190,2002868,Aligarh,,,16,60.02,0.13,,,,,,,,,,,,,,,,,FALSE,,,,,,,Lok Sabha Election (GE)
Uttar_Pradesh,,15,2024,6,,,8,KESHAV DEV ALIAS PANDIT KESHAV DEV GAUTAM,,IND,1319,,1202190,2002868,Aligarh,,,16,60.02,0.12,,,,,,,,,,,,,,,,,FALSE,,,,,,,Lok Sabha Election (GE)
Uttar_Pradesh,,15,2024,6,,,9,SURENDRA,,MOULIK_ADHIKAR_PARTY,1178,,1202190,2002868,Aligarh,,,16,60.02,0.1,,,,,,,,,,,,,,,,,FALSE,,,,,,,Lok Sabha Election (GE)
Uttar_Pradesh,,15,2024,6,,,10,RAJESH KUMAR,,IND,1056,,1202190,2002868,Aligarh,,,16,60.02,0.09,,,,,,,,,,,,,,,,,FALSE,,,,,,,Lok Sabha Election (GE)
Uttar_Pradesh,,15,2024,6,,,11,DILEEP SHARMA AD.,,IND,955,,1202190,2002868,Aligarh,,,16,60.02,0.08,,,,,,,,,,,,,,,,,FALSE,,,,,,,Lok Sabha Election (GE)
Uttar_Pradesh,,15,2024,6,,,12,MAHESH CHANDRA SHARMA,,IND,736,,1202190,2002868,Aligarh,,,16,60.02,0.06,,,,,,,,,,,,,,,,,FALSE,,,,,,,Lok Sabha Election (GE)
Uttar_Pradesh,,15,2024,6,,,13,RAJ KUMAR,,RASHTRIYA_SHOSHIT_SA,412,,1202190,2002868,Aligarh,,,16,60.02,0.04,,,,,,,,,,,,,,,,,FALSE,,,,,,,Lok Sabha Election (GE)
Uttar_Pradesh,,15,2024,6,,,14,MANOJ KUMAR SHARMA ADVOCATE,,LOKTANTRIK_JANSHAKTI,378,,1202190,2002868,Aligarh,,,16,60.02,0.03,,,,,,,,,,,,,,,,,FALSE,,,,,,,Lok Sabha Election (GE)
Uttar_Pradesh,,15,2024,6,,,15,NOTA,,NONE_OF_THE_ABOVE,4934,,1202190,2002868,Aligarh,,,16,60.02,0.44,,,,,,,,,,,,,,,,,FALSE,,,,,,,Lok Sabha Election (GE)
Uttar_Pradesh,,15,2024,6,,,16,NOTA,,NOTA,68824,,1202190,2002868,Aligarh,,,16,60.02,5.72,,,,,,,,,,,,,,,,,,,,,,,,Lok Sabha Election (GE)
Uttar_Pradesh,,16,2024,6,,,1,ANOOP PRADHAN BALMIKI,,BJP,554746,,1145290,1946138,Hathras,,,12,58.85,51.24,,247318,21.59,,,,,,,,,,,,,,FALSE,,,,,,,Lok Sabha Election (GE)
Uttar_Pradesh,,16,2024,6,,,2,JASVEER VALMIKI,,SP,307428,,1145290,1946138,Hathras,,,12,58.85,28.39,,,,,,,,,,,,,,,,,FALSE,,,,,,,Lok Sabha Election (GE)
Uttar_Pradesh,,16,2024,6,,,3,HEMBABOO DHANGAR,,BSP,201263,,1145290,1946138,Hathras,,,12,58.85,18.59,,,,,,,,,,,,,,,,,FALSE,,,,,,,Lok Sabha Election (GE)
Uttar_Pradesh,,16,2024,6,,,4,JAYPAL MAHOR,,IND,3061,,1145290,1946138,Hathras,,,12,58.85,0.28,,,,,,,,,,,,,,,,,FALSE,,,,,,,Lok Sabha Election (GE)
Uttar_Pradesh,,16,2024,6,,,5,RAJPAL SINGH,,IND,2372,,1145290,1946138,Hathras,,,12,58.85,0.22,,,,,,,,,,,,,,,,,FALSE,,,,,,,Lok Sabha Election (GE)
Uttar_Pradesh,,16,2024,6,,,6,GHANSHYAM SINGH,,SWARAJ_BHARTIYA_NYAY,2345,,1145290,1946138,Hathras,,,12,58.85,0.22,,,,,,,,,,,,,,,,,FALSE,,,,,,,Lok Sabha Election (GE)
Uttar_Pradesh,,16,2024,6,,,7,RAVI KUMAR,,IND,1645,,1145290,1946138,Hathras,,,12,58.85,0.15,,,,,,,,,,,,,,,,,FALSE,,,,,,,Lok Sabha Election (GE)
Uttar_Pradesh,,16,2024,6,,,8,DR. JAYVEER SINGH DHANGAR,,RASHTRA_UDAY_PARTY,1607,,1145290,1946138,Hathras,,,12,58.85,0.15,,,,,,,,,,,,,,,,,FALSE,,,,,,,Lok Sabha Election (GE)
Uttar_Pradesh,,16,2024,6,,,9,DINESH SAI,,IND,1144,,1145290,1946138,Hathras,,,12,58.85,0.11,,,,,,,,,,,,,,,,,FALSE,,,,,,,Lok Sabha Election (GE)
Uttar_Pradesh,,16,2024,6,,,10,MUNNALAL JATAV,,IND,810,,1145290,1946138,Hathras,,,12,58.85,0.07,,,,,,,,,,,,,,,,,FALSE,,,,,,,Lok Sabha Election (GE)
Uttar_Pradesh,,16,2024,6,,,11,NOTA,,NONE_OF_THE_ABOVE,6299,,1145290,1946138,Hathras,,,12,58.85,0.58,,,,,,,,,,,,,,,,,FALSE,,,,,,,Lok Sabha Election (GE)
Uttar_Pradesh,,16,2024,6,,,12,NOTA,,NOTA,62570,,1145290,1946138,Hathras,,,12,58.85,5.46,,,,,,,,,,,,,,,,,,,,,,,,Lok Sabha Election (GE)
Uttar_Pradesh,,17,2024,6,,,1,HEMAMALINI DHARMENDRA DEOL,,BJP,510064,,1024951,1939130,Mathura,,,17,52.86,53.3,,293407,28.63,,,,,,,,,,,,,,FALSE,,,,,,,Lok Sabha Election (GE)
Uttar_Pradesh,,17,2024,6,,,2,MUKESH DHANGAR,,INC,216657,,1024951,1939130,Mathura,,,17,52.86,22.64,,,,,,,,,,,,,,,,,FALSE,,,,,,,Lok Sabha Election (GE)
Uttar_Pradesh,,17,2024,6,,,3,SURESH SINGH,,BSP,188417,,1024951,1939130,Mathura,,,17,52.86,19.69,,,,,,,,,,,,,,,,,FALSE,,,,,,,Lok Sabha Election (GE)
Uttar_Pradesh,,17,2024,6,,,4,BHANU PRATAP SINGH,,IND,15665,,1024951,1939130,Mathura,,,17,52.86,1.64,,,,,,,,,,,,,,,,,FALSE,,,,,,,Lok Sabha Election (GE)
Uttar_Pradesh,,17,2024,6,,,5,RAKESH KUMAR,,IND,4494,,1024951,1939130,Mathura,,,17,52.86,0.47,,,,,,,,,,,,,,,,,FALSE,,,,,,,Lok Sabha Election (GE)
Uttar_Pradesh,,17,2024,6,,,6,JAGDISH PRASAD KAUSHIK ADVOCATE,,RASHTRIYA_SAMTA_VIKA,3575,,1024951,1939130,Mathura,,,17,52.86,0.37,,,,,,,,,,,,,,,,,FALSE,,,,,,,Lok Sabha Election (GE)
Uttar_Pradesh,,17,2024,6,,,7,RAVI VERMA,,IND,2724,,1024951,1939130,Mathura,,,17,52.86,0.28,,,,,,,,,,,,,,,,,FALSE,,,,,,,Lok Sabha Election (GE)
Uttar_Pradesh,,17,2024,6,,,8,SHIKHA SHARMA,,IND,2251,,1024951,1939130,Mathura,,,17,52.86,0.24,,,,,,,,,,,,,,,,,FALSE,,,,,,,Lok Sabha Election (GE)
Uttar_Pradesh,,17,2024,6,,,9,KAMAL KANT SHARMA,,IND,1503,,1024951,1939130,Mathura,,,17,52.86,0.16,,,,,,,,,,,,,,,,,FALSE,,,,,,,Lok Sabha Election (GE)
Uttar_Pradesh,,17,2024,6,,,10,YOGESH KUMAR TALAN,,IND,1493,,1024951,1939130,Mathura,,,17,52.86,0.16,,,,,,,,,,,,,,,,,FALSE,,,,,,,Lok Sabha Election (GE)
Uttar_Pradesh,,17,2024,6,,,11,MONI FALHARI BAPU,,IND,1326,,1024951,1939130,Mathura,,,17,52.86,0.14,,,,,,,,,,,,,,,,,FALSE,,,,,,,Lok Sabha Election (GE)
Uttar_Pradesh,,17,2024,6,,,12,KSHETRA PAL SINGH,,IND,1211,,1024951,1939130,Mathura,,,17,52.86,0.13,,,,,,,,,,,,,,,,,FALSE,,,,,,,Lok Sabha Election (GE)
Uttar_Pradesh,,17,2024,6,,,13,DR. RASHMI YADAV,,IND,1189,,1024951,1939130,Mathura,,,17,52.86,0.12,,,,,,,,,,,,,,,,,FALSE,,,,,,,Lok Sabha Election (GE)
Uttar_Pradesh,,17,2024,6,,,14,PRAVESHANAND PURI,,IND,1085,,1024951,1939130,Mathura,,,17,52.86,0.11,,,,,,,,,,,,,,,,,FALSE,,,,,,,Lok Sabha Election (GE)
Uttar_Pradesh,,17,2024,6,,,15,SURESH CHANDRA VAGHEL,,RASHTRIYA_SHOSHIT_SA,829,,1024951,1939130,Mathura,,,17,52.86,0.09,,,,,,,,,,,,,,,,,FALSE,,,,,,,Lok Sabha Election (GE)
Uttar_Pradesh,,17,2024,6,,,16,NOTA,,NONE_OF_THE_ABOVE,4563,,1024951,1939130,Mathura,,,17,52.86,0.48,,,,,,,,,,,,,,,,,FALSE,,,,,,,Lok Sabha Election (GE)
Uttar_Pradesh,,17,2024,6,,,17,NOTA,,NOTA,67905,,1024951,1939130,Mathura,,,17,52.86,6.63,,,,,,,,,,,,,,,,,,,,,,,,Lok Sabha Election (GE)
Uttar_Pradesh,,18,2024,6,,,1,PROF S P SINGH BAGHEL,,BJP,599397,,1199998,2075821,Agra,,,13,57.81,53.34,,271294,22.61,,,,,,,,,,,,,,FALSE,,,,,,,Lok Sabha Election (GE)
Uttar_Pradesh,,18,2024,6,,,2,SURESH CHAND KARDAM,,SP,328103,,1199998,2075821,Agra,,,13,57.81,29.2,,,,,,,,,,,,,,,,,FALSE,,,,,,,Lok Sabha Election (GE)
Uttar_Pradesh,,18,2024,6,,,3,POOJA AMROHI,,BSP,176474,,1199998,2075821,Agra,,,13,57.81,15.7,,,,,,,,,,,,,,,,,FALSE,,,,,,,Lok Sabha Election (GE)
Uttar_Pradesh,,18,2024,6,,,4,ARAM SINGH,,PEOPLES_PARTY_OF_IND,4143,,1199998,2075821,Agra,,,13,57.81,0.37,,,,,,,,,,,,,,,,,FALSE,,,,,,,Lok Sabha Election (GE)
Uttar_Pradesh,,18,2024,6,,,5,KULDEEP KUMAR,,BHARATIYA_KISAN_PARI,2002,,1199998,2075821,Agra,,,13,57.81,0.18,,,,,,,,,,,,,,,,,FALSE,,,,,,,Lok Sabha Election (GE)
Uttar_Pradesh,,18,2024,6,,,6,MAHENDRA SINGH,,IND,1785,,1199998,2075821,Agra,,,13,57.81,0.16,,,,,,,,,,,,,,,,,FALSE,,,,,,,Lok Sabha Election (GE)
Uttar_Pradesh,,18,2024,6,,,7,POOJA,,IND,1370,,1199998,2075821,Agra,,,13,57.81,0.12,,,,,,,,,,,,,,,,,FALSE,,,,,,,Lok Sabha Election (GE)
Uttar_Pradesh,,18,2024,6,,,8,SARVESH KUMAR,,BHARATIYA_MAJDOOR_JA,1133,,1199998,2075821,Agra,,,13,57.81,0.1,,,,,,,,,,,,,,,,,FALSE,,,,,,,Lok Sabha Election (GE)
Uttar_Pradesh,,18,2024,6,,,9,AMBEDAKARI HASANURAM AMBEDAKARI,,IND,933,,1199998,2075821,Agra,,,13,57.81,0.08,,,,,,,,,,,,,,,,,FALSE,,,,,,,Lok Sabha Election (GE)
Uttar_Pradesh,,18,2024,6,,,10,JITENDRA GAUTAM,,LOKPRIYA_RASHTRAWADI,782,,1199998,2075821,Agra,,,13,57.81,0.07,,,,,,,,,,,,,,,,,FALSE,,,,,,,Lok Sabha Election (GE)
Uttar_Pradesh,,18,2024,6,,,11,CHANDRA PAL,,ADARSH_SAMAJ_PARTY,643,,1199998,2075821,Agra,,,13,57.81,0.06,,,,,,,,,,,,,,,,,FALSE,,,,,,,Lok Sabha Election (GE)
Uttar_Pradesh,,18,2024,6,,,12,NOTA,,NONE_OF_THE_ABOVE,7014,,1199998,2075821,Agra,,,13,57.81,0.62,,,,,,,,,,,,,,,,,FALSE,,,,,,,Lok Sabha Election (GE)
Uttar_Pradesh,,18,2024,6,,,13,NOTA,,NOTA,76219,,1199998,2075821,Agra,,,13,57.81,6.35,,,,,,,,,,,,,,,,,,,,,,,,Lok Sabha Election (GE)
Uttar_Pradesh,,19,2024,6,,,1,RAJKUMAR CHAHAR,,BJP,445657,,1102475,1807314,Fatehpur Sikri,,,11,61,43.09,,43405,3.94,,,,,,,,,,,,,,TRUE,,,,,,,Lok Sabha Election (GE)
Uttar_Pradesh,,19,2024,6,,,2,RAMNATH SINGH SIKARWAR,,INC,402252,,1102475,1807314,Fatehpur Sikri,,,11,61,38.9,,,,,,,,,,,,,,,,,FALSE,,,,,,,Lok Sabha Election (GE)
Uttar_Pradesh,,19,2024,6,,,3,PT.  RAMNIWAS SHARMA,,BSP,120539,,1102475,1807314,Fatehpur Sikri,,,11,61,11.66,,,,,,,,,,,,,,,,,FALSE,,,,,,,Lok Sabha Election (GE)
Uttar_Pradesh,,19,2024,6,,,4,DR RAMESHWAR SINGH,,IND,48606,,1102475,1807314,Fatehpur Sikri,,,11,61,4.7,,,,,,,,,,,,,,,,,FALSE,,,,,,,Lok Sabha Election (GE)
Uttar_Pradesh,,19,2024,6,,,5,KALLAN KUMBHKAR,,IND,3463,,1102475,1807314,Fatehpur Sikri,,,11,61,0.33,,,,,,,,,,,,,,,,,FALSE,,,,,,,Lok Sabha Election (GE)
Uttar_Pradesh,,19,2024,6,,,6,HOTAM SINGH NISHAD,,RASHTRIYA_SHOSHIT_SA,1810,,1102475,1807314,Fatehpur Sikri,,,11,61,0.18,,,,,,,,,,,,,,,,,FALSE,,,,,,,Lok Sabha Election (GE)
Uttar_Pradesh,,19,2024,6,,,7,GIRRAJ SINGH DHAKREY,,"PROUTIST_BLOC,8,,1102475,1807314,Fatehpur Sikri,,,11,61,1564,,,,,,,,,,,,,,,,,FALSE,,,,,,,Lok Sabha Election (GE)
Uttar_Pradesh,,19,2024,6,,,8,SANGEETA TOMAR,,BHARATIYA_MAJDOOR_JA,1433,,1102475,1807314,Fatehpur Sikri,,,11,61,0.14,,,,,,,,,,,,,,,,,FALSE,,,,,,,Lok Sabha Election (GE)
Uttar_Pradesh,,19,2024,6,,,9,VED PRAKASH,,RASHTRIYA_JANSANCHAR,1038,,1102475,1807314,Fatehpur Sikri,,,11,61,0.1,,,,,,,,,,,,,,,,,FALSE,,,,,,,Lok Sabha Election (GE)
Uttar_Pradesh,,19,2024,6,,,10,NOTA,,NONE_OF_THE_ABOVE,7793,,1102475,1807314,Fatehpur Sikri,,,11,61,0.75,,,,,,,,,,,,,,,,,FALSE,,,,,,,Lok Sabha Election (GE)
Uttar_Pradesh,,19,2024,6,,,11,NOTA,,NOTA,69876,,1102475,1807314,Fatehpur Sikri,,,11,61,6.34,,,,,,,,,,,,,,,,,,,,,,,,Lok Sabha Election (GE)
Uttar_Pradesh,,20,2024,6,,,1,AKSHAYA YADAV,,SP,543037,,1144207,1896052,Firozabad,,,9,60.35,49.04,,89312,7.81,,,,,,,,,,,,,,FALSE,,,,,,,Lok Sabha Election (GE)
Uttar_Pradesh,,20,2024,6,,,2,VISHWADEEP SINGH,,BJP,453725,,1144207,1896052,Firozabad,,,9,60.35,40.98,,,,,,,,,,,,,,,,,FALSE,,,,,,,Lok Sabha Election (GE)
Uttar_Pradesh,,20,2024,6,,,3,CHOWDHARY BASHEER,,BSP,90948,,1144207,1896052,Firozabad,,,9,60.35,8.21,,,,,,,,,,,,,,,,,FALSE,,,,,,,Lok Sabha Election (GE)
Uttar_Pradesh,,20,2024,6,,,4,UPENDRA SINGH,,BHARATIYA_KISAN_PARI,7119,,1144207,1896052,Firozabad,,,9,60.35,0.64,,,,,,,,,,,,,,,,,FALSE,,,,,,,Lok Sabha Election (GE)
Uttar_Pradesh,,20,2024,6,,,5,RASHMI KANT,,PARIVARTAN_SAMAJ_PAR,2930,,1144207,1896052,Firozabad,,,9,60.35,0.26,,,,,,,,,,,,,,,,,FALSE,,,,,,,Lok Sabha Election (GE)
Uttar_Pradesh,,20,2024,6,,,6,PREM DUTT,,RASHTRA_UDAY_PARTY,2878,,1144207,1896052,Firozabad,,,9,60.35,0.26,,,,,,,,,,,,,,,,,FALSE,,,,,,,Lok Sabha Election (GE)
Uttar_Pradesh,,20,2024,6,,,7,RAJVEER,,IND,1380,,1144207,1896052,Firozabad,,,9,60.35,0.12,,,,,,,,,,,,,,,,,FALSE,,,,,,,Lok Sabha Election (GE)
Uttar_Pradesh,,20,2024,6,,,8,NOTA,,NONE_OF_THE_ABOVE,5279,,1144207,1896052,Firozabad,,,9,60.35,0.48,,,,,,,,,,,,,,,,,FALSE,,,,,,,Lok Sabha Election (GE)
Uttar_Pradesh,,20,2024,6,,,9,NOTA,,NOTA,36911,,1144207,1896052,Firozabad,,,9,60.35,3.23,,,,,,,,,,,,,,,,,,,,,,,,Lok Sabha Election (GE)
Uttar_Pradesh,,21,2024,6,,,1,DIMPLE YADAV,,SP,598526,,1090571,1798051,Mainpuri,,,10,60.65,56.79,,221639,20.32,,,,,,,,,,,,,,FALSE,,,,,,,Lok Sabha Election (GE)
Uttar_Pradesh,,21,2024,6,,,2,JAYVEER SINGH,,BJP,376887,,1090571,1798051,Mainpuri,,,10,60.65,35.76,,,,,,,,,,,,,,,,,FALSE,,,,,,,Lok Sabha Election (GE)
Uttar_Pradesh,,21,2024,6,,,3,SHIV PRASAD YADAV,,BSP,66814,,1090571,1798051,Mainpuri,,,10,60.65,6.34,,,,,,,,,,,,,,,,,FALSE,,,,,,,Lok Sabha Election (GE)
Uttar_Pradesh,,21,2024,6,,,4,SURESH CHANDRA,,IND,2374,,1090571,1798051,Mainpuri,,,10,60.65,0.23,,,,,,,,,,,,,,,,,FALSE,,,,,,,Lok Sabha Election (GE)
Uttar_Pradesh,,21,2024,6,,,5,NAND RAM BAGRI,,VOTERS_PARTY_INTERNA,1769,,1090571,1798051,Mainpuri,,,10,60.65,0.17,,,,,,,,,,,,,,,,,FALSE,,,,,,,Lok Sabha Election (GE)
Uttar_Pradesh,,21,2024,6,,,6,MANJU PAL,,BHARTIYA_SHAKTI_CHET,1171,,1090571,1798051,Mainpuri,,,10,60.65,0.11,,,,,,,,,,,,,,,,,FALSE,,,,,,,Lok Sabha Election (GE)
Uttar_Pradesh,,21,2024,6,,,7,PRAMOD KUMAR,,IND,1006,,1090571,1798051,Mainpuri,,,10,60.65,0.1,,,,,,,,,,,,,,,,,FALSE,,,,,,,Lok Sabha Election (GE)
Uttar_Pradesh,,21,2024,6,,,8,SUNIL KUMAR MISHRA,,SARVA_SAMAJ_JANATA_P,882,,1090571,1798051,Mainpuri,,,10,60.65,0.08,,,,,,,,,,,,,,,,,FALSE,,,,,,,Lok Sabha Election (GE)
Uttar_Pradesh,,21,2024,6,,,9,NOTA,,NONE_OF_THE_ABOVE,4582,,1090571,1798051,Mainpuri,,,10,60.65,0.43,,,,,,,,,,,,,,,,,FALSE,,,,,,,Lok Sabha Election (GE)
Uttar_Pradesh,,21,2024,6,,,10,NOTA,,NOTA,36560,,1090571,1798051,Mainpuri,,,10,60.65,3.35,,,,,,,,,,,,,,,,,,,,,,,,Lok Sabha Election (GE)
Uttar_Pradesh,,22,2024,6,,,1,DEVESH SHAKYA,,SP,475808,,1061831,1703935,Etah,,,12,62.32,47.09,,28052,2.64,,,,,,,,,,,,,,FALSE,,,,,,,Lok Sabha Election (GE)
Uttar_Pradesh,,22,2024,6,,,2,RAJVEER SINGH (RAJU BHAIYA),,BJP,447756,,1061831,1703935,Etah,,,12,62.32,44.32,,,,,,,,,,,,,,,,,TRUE,,,,,,,Lok Sabha Election (GE)
Uttar_Pradesh,,22,2024,6,,,3,MOHAMMAD IRFAN ADVOCATE,,BSP,71585,,1061831,1703935,Etah,,,12,62.32,7.08,,,,,,,,,,,,,,,,,FALSE,,,,,,,Lok Sabha Election (GE)
Uttar_Pradesh,,22,2024,6,,,4,ANUPAM KUMAR,,KISAN_KRANTI_DAL,3949,,1061831,1703935,Etah,,,12,62.32,0.39,,,,,,,,,,,,,,,,,FALSE,,,,,,,Lok Sabha Election (GE)
Uttar_Pradesh,,22,2024,6,,,5,KAILASH KUMAR,,IND,1728,,1061831,1703935,Etah,,,12,62.32,0.17,,,,,,,,,,,,,,,,,FALSE,,,,,,,Lok Sabha Election (GE)
Uttar_Pradesh,,22,2024,6,,,6,DANVEER,,IND,1265,,1061831,1703935,Etah,,,12,62.32,0.13,,,,,,,,,,,,,,,,,FALSE,,,,,,,Lok Sabha Election (GE)
Uttar_Pradesh,,22,2024,6,,,7,UDAY VEER SINGH,,PEOPLES_PARTY_OF_IND,992,,1061831,1703935,Etah,,,12,62.32,0.1,,,,,,,,,,,,,,,,,FALSE,,,,,,,Lok Sabha Election (GE)
Uttar_Pradesh,,22,2024,6,,,8,ASHOK KUMAR,,IND,780,,1061831,1703935,Etah,,,12,62.32,0.08,,,,,,,,,,,,,,,,,FALSE,,,,,,,Lok Sabha Election (GE)
Uttar_Pradesh,,22,2024,6,,,9,VIABHAV MISHRA,,BHARTIYA_SHAKTI_CHET,747,,1061831,1703935,Etah,,,12,62.32,0.07,,,,,,,,,,,,,,,,,FALSE,,,,,,,Lok Sabha Election (GE)
Uttar_Pradesh,,22,2024,6,,,10,AMAR SINGH,,IND,615,,1061831,1703935,Etah,,,12,62.32,0.06,,,,,,,,,,,,,,,,,FALSE,,,,,,,Lok Sabha Election (GE)
Uttar_Pradesh,,22,2024,6,,,11,NOTA,,NONE_OF_THE_ABOVE,5156,,1061831,1703935,Etah,,,12,62.32,0.51,,,,,,,,,,,,,,,,,FALSE,,,,,,,Lok Sabha Election (GE)
Uttar_Pradesh,,22,2024,6,,,12,NOTA,,NOTA,51450,,1061831,1703935,Etah,,,12,62.32,4.85,,,,,,,,,,,,,,,,,,,,,,,,Lok Sabha Election (GE)
Uttar_Pradesh,,23,2024,6,,,1,ADITYA YADAV,,SP,501855,,1185847,2010304,Badaun,,,13,58.99,45.97,,34991,2.95,,,,,,,,,,,,,,FALSE,,,,,,,Lok Sabha Election (GE)
Uttar_Pradesh,,23,2024,6,,,2,DURVIJAY SINGH SHAKYA,,BJP,466864,,1185847,2010304,Badaun,,,13,58.99,42.76,,,,,,,,,,,,,,,,,FALSE,,,,,,,Lok Sabha Election (GE)
Uttar_Pradesh,,23,2024,6,,,3,MUSLIM KHAN,,BSP,97751,,1185847,2010304,Badaun,,,13,58.99,8.95,,,,,,,,,,,,,,,,,FALSE,,,,,,,Lok Sabha Election (GE)
Uttar_Pradesh,,23,2024,6,,,4,SANDEEP KUMAR,,IND,3836,,1185847,2010304,Badaun,,,13,58.99,0.35,,,,,,,,,,,,,,,,,FALSE,,,,,,,Lok Sabha Election (GE)
Uttar_Pradesh,,23,2024,6,,,5,DINESH KUMAR,,IND,2674,,1185847,2010304,Badaun,,,13,58.99,0.24,,,,,,,,,,,,,,,,,FALSE,,,,,,,Lok Sabha Election (GE)
Uttar_Pradesh,,23,2024,6,,,6,LATA YADAV,,IND,2578,,1185847,2010304,Badaun,,,13,58.99,0.24,,,,,,,,,,,,,,,,,FALSE,,,,,,,Lok Sabha Election (GE)
Uttar_Pradesh,,23,2024,6,,,7,NILAM RANI PAL,,RASHTRIYA_SHOSHIT_SA,2438,,1185847,2010304,Badaun,,,13,58.99,0.22,,,,,,,,,,,,,,,,,FALSE,,,,,,,Lok Sabha Election (GE)
Uttar_Pradesh,,23,2024,6,,,8,RAM PRATAP MAURYA,,IND,1543,,1185847,2010304,Badaun,,,13,58.99,0.14,,,,,,,,,,,,,,,,,FALSE,,,,,,,Lok Sabha Election (GE)
Uttar_Pradesh,,23,2024,6,,,9,ISRAT ALI,,IND,1513,,1185847,2010304,Badaun,,,13,58.99,0.14,,,,,,,,,,,,,,,,,FALSE,,,,,,,Lok Sabha Election (GE)
Uttar_Pradesh,,23,2024,6,,,10,SULEMAN,,SWARAJ_BHARTIYA_NYAY,1240,,1185847,2010304,Badaun,,,13,58.99,0.11,,,,,,,,,,,,,,,,,FALSE,,,,,,,Lok Sabha Election (GE)
Uttar_Pradesh,,23,2024,6,,,11,HARIRAJ SINGH URF SIPU YADAV,,LOG_PARTY,910,,1185847,2010304,Badaun,,,13,58.99,0.08,,,,,,,,,,,,,,,,,FALSE,,,,,,,Lok Sabha Election (GE)
Uttar_Pradesh,,23,2024,6,,,12,NOTA,,NONE_OF_THE_ABOVE,8562,,1185847,2010304,Badaun,,,13,58.99,0.78,,,,,,,,,,,,,,,,,FALSE,,,,,,,Lok Sabha Election (GE)
Uttar_Pradesh,,23,2024,6,,,13,NOTA,,NOTA,94083,,1185847,2010304,Badaun,,,13,58.99,7.93,,,,,,,,,,,,,,,,,,,,,,,,Lok Sabha Election (GE)
Uttar_Pradesh,,24,2024,6,,,1,NEERAJ MAURYA,,SP,492515,,1150483,1893622,Aonla,,,11,60.76,45.23,,15969,1.39,,,,,,,,,,,,,,FALSE,,,,,,,Lok Sabha Election (GE)
Uttar_Pradesh,,24,2024,6,,,2,DHARMENDRA KASHYAP,,BJP,476546,,1150483,1893622,Aonla,,,11,60.76,43.76,,,,,,,,,,,,,,,,,TRUE,,,,,,,Lok Sabha Election (GE)
Uttar_Pradesh,,24,2024,6,,,3,ABID ALI,,BSP,95630,,1150483,1893622,Aonla,,,11,60.76,8.78,,,,,,,,,,,,,,,,,FALSE,,,,,,,Lok Sabha Election (GE)
Uttar_Pradesh,,24,2024,6,,,4,KAUSAR KHAN,,PEACE_PARTY,4213,,1150483,1893622,Aonla,,,11,60.76,0.39,,,,,,,,,,,,,,,,,FALSE,,,,,,,Lok Sabha Election (GE)
Uttar_Pradesh,,24,2024,6,,,5,PREM PAL SAGAR,,VANCHITSAMAJ_INSAAF_,3330,,1150483,1893622,Aonla,,,11,60.76,0.31,,,,,,,,,,,,,,,,,FALSE,,,,,,,Lok Sabha Election (GE)
Uttar_Pradesh,,24,2024,6,,,6,MAKKHAN LAL,,IND,2953,,1150483,1893622,Aonla,,,11,60.76,0.27,,,,,,,,,,,,,,,,,FALSE,,,,,,,Lok Sabha Election (GE)
Uttar_Pradesh,,24,2024,6,,,7,RAJ KUMAR PATEL,,SARDAR_PATEL_SIDDHAN,2706,,1150483,1893622,Aonla,,,11,60.76,0.25,,,,,,,,,,,,,,,,,FALSE,,,,,,,Lok Sabha Election (GE)
Uttar_Pradesh,,24,2024,6,,,8,MOHAMMAD AMIR KHAN,,BHARAT_JODO_PARTY,2355,,1150483,1893622,Aonla,,,11,60.76,0.22,,,,,,,,,,,,,,,,,FALSE,,,,,,,Lok Sabha Election (GE)
Uttar_Pradesh,,24,2024,6,,,9,NIRMOD KUMAR SINGH,,BHARTIYA_SHAKTI_CHET,1790,,1150483,1893622,Aonla,,,11,60.76,0.16,,,,,,,,,,,,,,,,,FALSE,,,,,,,Lok Sabha Election (GE)
Uttar_Pradesh,,24,2024,6,,,10,NOTA,,NONE_OF_THE_ABOVE,6858,,1150483,1893622,Aonla,,,11,60.76,0.63,,,,,,,,,,,,,,,,,FALSE,,,,,,,Lok Sabha Election (GE)
Uttar_Pradesh,,24,2024,6,,,11,NOTA,,NOTA,61587,,1150483,1893622,Aonla,,,11,60.76,5.35,,,,,,,,,,,,,,,,,,,,,,,,Lok Sabha Election (GE)
Uttar_Pradesh,,25,2024,6,,,1,CHHATRA PAL SINGH GANGWAR,,BJP,567127,,1200496,1926167,Bareilly,,,15,62.33,50.66,,34804,2.9,,,,,,,,,,,,,,FALSE,,,,,,,Lok Sabha Election (GE)
Uttar_Pradesh,,25,2024,6,,,2,PRAVEEN SINGH ARON,,SP,532323,,1200496,1926167,Bareilly,,,15,62.33,47.55,,,,,,,,,,,,,,,,,FALSE,,,,,,,Lok Sabha Election (GE)
Uttar_Pradesh,,25,2024,6,,,3,IRSHAD ANSARI ADVOCATE,,PEACE_PARTY,3553,,1200496,1926167,Bareilly,,,15,62.33,0.32,,,,,,,,,,,,,,,,,FALSE,,,,,,,Lok Sabha Election (GE)
Uttar_Pradesh,,25,2024,6,,,4,WASEEM MIAN,,IND,2839,,1200496,1926167,Bareilly,,,15,62.33,0.25,,,,,,,,,,,,,,,,,FALSE,,,,,,,Lok Sabha Election (GE)
Uttar_Pradesh,,25,2024,6,,,5,BHUPENDRA KUMAR MAURYA,,PEOPLES_PARTY_OF_IND,1704,,1200496,1926167,Bareilly,,,15,62.33,0.15,,,,,,,,,,,,,,,,,FALSE,,,,,,,Lok Sabha Election (GE)
Uttar_Pradesh,,25,2024,6,,,6,BUDDH PRIYA KARMRAJ RAHUL,,IND,1194,,1200496,1926167,Bareilly,,,15,62.33,0.11,,,,,,,,,,,,,,,,,FALSE,,,,,,,Lok Sabha Election (GE)
Uttar_Pradesh,,25,2024,6,,,7,ROHTASH KASHYAP,,JAN_SHAKTI_EKTA_PART,847,,1200496,1926167,Bareilly,,,15,62.33,0.08,,,,,,,,,,,,,,,,,FALSE,,,,,,,Lok Sabha Election (GE)
Uttar_Pradesh,,25,2024,6,,,8,JAGPAL SINGH YADAV,,SAMRAT_MIHIR_BHOJ_SA,656,,1200496,1926167,Bareilly,,,15,62.33,0.06,,,,,,,,,,,,,,,,,FALSE,,,,,,,Lok Sabha Election (GE)
Uttar_Pradesh,,25,2024,6,,,9,RAVI KUMAR,,SARDAR_PATEL_SIDDHAN,627,,1200496,1926167,Bareilly,,,15,62.33,0.06,,,,,,,,,,,,,,,,,FALSE,,,,,,,Lok Sabha Election (GE)
Uttar_Pradesh,,25,2024,6,,,10,MOHD NAJIM ALI,,BHARAT_JODO_PARTY,633,,1200496,1926167,Bareilly,,,15,62.33,0.06,,,,,,,,,,,,,,,,,FALSE,,,,,,,Lok Sabha Election (GE)
Uttar_Pradesh,,25,2024,6,,,11,NITIN MOHAN,,IND,620,,1200496,1926167,Bareilly,,,15,62.33,0.06,,,,,,,,,,,,,,,,,FALSE,,,,,,,Lok Sabha Election (GE)
Uttar_Pradesh,,25,2024,6,,,12,ASHISH GANGWAR,,IND,616,,1200496,1926167,Bareilly,,,15,62.33,0.06,,,,,,,,,,,,,,,,,FALSE,,,,,,,Lok Sabha Election (GE)
Uttar_Pradesh,,25,2024,6,,,13,AYSHA BI,,IND,559,,1200496,1926167,Bareilly,,,15,62.33,0.05,,,,,,,,,,,,,,,,,FALSE,,,,,,,Lok Sabha Election (GE)
Uttar_Pradesh,,25,2024,6,,,14,NOTA,,NONE_OF_THE_ABOVE,6260,,1200496,1926167,Bareilly,,,15,62.33,0.56,,,,,,,,,,,,,,,,,FALSE,,,,,,,Lok Sabha Election (GE)
Uttar_Pradesh,,25,2024,6,,,15,NOTA,,NOTA,80938,,1200496,1926167,Bareilly,,,15,62.33,6.74,,,,,,,,,,,,,,,,,,,,,,,,Lok Sabha Election (GE)
Uttar_Pradesh,,26,2024,6,,,1,JITIN PRASADA,,BJP,607158,,1228087,1833961,Pilibhit,,,12,66.96,52.3,,164935,13.43,,,,,,,,,,,,,,FALSE,,,,,,,Lok Sabha Election (GE)
Uttar_Pradesh,,26,2024,6,,,2,BHAGWAT SARAN GANGWAR,,SP,442223,,1228087,1833961,Pilibhit,,,12,66.96,38.09,,,,,,,,,,,,,,,,,FALSE,,,,,,,Lok Sabha Election (GE)
Uttar_Pradesh,,26,2024,6,,,3,ANIS AHMED KHAN (PHOOL BABU),,BSP,89697,,1228087,1833961,Pilibhit,,,12,66.96,7.73,,,,,,,,,,,,,,,,,FALSE,,,,,,,Lok Sabha Election (GE)
Uttar_Pradesh,,26,2024,6,,,4,RAJEEV KUMAR SAXENA,,BHARTIYA_KRISHAK_DAL,3809,,1228087,1833961,Pilibhit,,,12,66.96,0.33,,,,,,,,,,,,,,,,,FALSE,,,,,,,Lok Sabha Election (GE)
Uttar_Pradesh,,26,2024,6,,,5,SUSHIL KUMAR SHUKLA,,IND,2727,,1228087,1833961,Pilibhit,,,12,66.96,0.23,,,,,,,,,,,,,,,,,FALSE,,,,,,,Lok Sabha Election (GE)
Uttar_Pradesh,,26,2024,6,,,6,MOHMMAD SHAHID HUSAIN,,IND,1846,,1228087,1833961,Pilibhit,,,12,66.96,0.16,,,,,,,,,,,,,,,,,FALSE,,,,,,,Lok Sabha Election (GE)
Uttar_Pradesh,,26,2024,6,,,7,ASHISH KUMAR,,IND,1850,,1228087,1833961,Pilibhit,,,12,66.96,0.16,,,,,,,,,,,,,,,,,FALSE,,,,,,,Lok Sabha Election (GE)
Uttar_Pradesh,,26,2024,6,,,8,ADARSH PANDEY,,IND,1726,,1228087,1833961,Pilibhit,,,12,66.96,0.15,,,,,,,,,,,,,,,,,FALSE,,,,,,,Lok Sabha Election (GE)
Uttar_Pradesh,,26,2024,6,,,9,SANJAY KUMAR BHARTI,,RASHTRIYA_SAMAJ_DAL_,1631,,1228087,1833961,Pilibhit,,,12,66.96,0.14,,,,,,,,,,,,,,,,,FALSE,,,,,,,Lok Sabha Election (GE)
Uttar_Pradesh,,26,2024,6,,,10,PRAMOD BHAI PATEL ALIAS P.K.,,IND,1539,,1228087,1833961,Pilibhit,,,12,66.96,0.13,,,,,,,,,,,,,,,,,FALSE,,,,,,,Lok Sabha Election (GE)
Uttar_Pradesh,,26,2024,6,,,11,NOTA,,NONE_OF_THE_ABOVE,6741,,1228087,1833961,Pilibhit,,,12,66.96,0.58,,,,,,,,,,,,,,,,,FALSE,,,,,,,Lok Sabha Election (GE)
Uttar_Pradesh,,26,2024,6,,,12,NOTA,,NOTA,67140,,1228087,1833961,Pilibhit,,,12,66.96,5.47,,,,,,,,,,,,,,,,,,,,,,,,Lok Sabha Election (GE)
Uttar_Pradesh,,27,2024,6,,,1,ARUN KUMAR SAGAR,,BJP,592718,,1332392,2333143,Shahjahanpur,,,12,57.11,47.5,,55379,4.16,,,,,,,,,,,,,,TRUE,,,,,,,Lok Sabha Election (GE)
Uttar_Pradesh,,27,2024,6,,,2,JYOTSNA GOND,,SP,537339,,1332392,2333143,Shahjahanpur,,,12,57.11,43.06,,,,,,,,,,,,,,,,,FALSE,,,,,,,Lok Sabha Election (GE)
Uttar_Pradesh,,27,2024,6,,,3,DOD RAM VERMA,,BSP,91710,,1332392,2333143,Shahjahanpur,,,12,57.11,7.35,,,,,,,,,,,,,,,,,FALSE,,,,,,,Lok Sabha Election (GE)
Uttar_Pradesh,,27,2024,6,,,4,KIRAN,,RASHTRIYA_SANATAN_PA,6588,,1332392,2333143,Shahjahanpur,,,12,57.11,0.53,,,,,,,,,,,,,,,,,FALSE,,,,,,,Lok Sabha Election (GE)
Uttar_Pradesh,,27,2024,6,,,5,SHIV KUMAR,,IND,2805,,1332392,2333143,Shahjahanpur,,,12,57.11,0.22,,,,,,,,,,,,,,,,,FALSE,,,,,,,Lok Sabha Election (GE)
Uttar_Pradesh,,27,2024,6,,,6,MEENA KASYAP,,IND,2061,,1332392,2333143,Shahjahanpur,,,12,57.11,0.17,,,,,,,,,,,,,,,,,FALSE,,,,,,,Lok Sabha Election (GE)
Uttar_Pradesh,,27,2024,6,,,7,PRADEEP KUMAR,,IND,2005,,1332392,2333143,Shahjahanpur,,,12,57.11,0.16,,,,,,,,,,,,,,,,,FALSE,,,,,,,Lok Sabha Election (GE)
Uttar_Pradesh,,27,2024,6,,,8,PREMCHANDRA HARIJAN,,SARDAR_PATEL_SIDDHAN,1687,,1332392,2333143,Shahjahanpur,,,12,57.11,0.14,,,,,,,,,,,,,,,,,FALSE,,,,,,,Lok Sabha Election (GE)
Uttar_Pradesh,,27,2024,6,,,9,DHARM PAL,,IND,1423,,1332392,2333143,Shahjahanpur,,,12,57.11,0.11,,,,,,,,,,,,,,,,,FALSE,,,,,,,Lok Sabha Election (GE)
Uttar_Pradesh,,27,2024,6,,,10,RAMESH CHANDRA VERMA,,MANAV_KRANTI_PARTY,1076,,1332392,2333143,Shahjahanpur,,,12,57.11,0.09,,,,,,,,,,,,,,,,,FALSE,,,,,,,Lok Sabha Election (GE)
Uttar_Pradesh,,27,2024,6,,,11,NOTA,,NONE_OF_THE_ABOVE,8490,,1332392,2333143,Shahjahanpur,,,12,57.11,0.68,,,,,,,,,,,,,,,,,FALSE,,,,,,,Lok Sabha Election (GE)
Uttar_Pradesh,,27,2024,6,,,12,NOTA,,NOTA,84490,,1332392,2333143,Shahjahanpur,,,12,57.11,6.34,,,,,,,,,,,,,,,,,,,,,,,,Lok Sabha Election (GE)
Uttar_Pradesh,,28,2024,6,,,1,UTKARSH VERMA  'MADHUR',,SP,557365,,1300424,1871224,Kheri,,,13,69.5,45.94,,34329,2.64,,,,,,,,,,,,,,FALSE,,,,,,,Lok Sabha Election (GE)
Uttar_Pradesh,,28,2024,6,,,2,AJAY KUMAR,,BJP,523036,,1300424,1871224,Kheri,,,13,69.5,43.11,,,,,,,,,,,,,,,,,TRUE,,,,,,,Lok Sabha Election (GE)
Uttar_Pradesh,,28,2024,6,,,3,ANSHAY KALRA,,BSP,110460,,1300424,1871224,Kheri,,,13,69.5,9.1,,,,,,,,,,,,,,,,,FALSE,,,,,,,Lok Sabha Election (GE)
Uttar_Pradesh,,28,2024,6,,,4,SANDHYA JAISWAL,,PARIVARTAN_SAMAJ_PAR,3096,,1300424,1871224,Kheri,,,13,69.5,0.26,,,,,,,,,,,,,,,,,FALSE,,,,,,,Lok Sabha Election (GE)
Uttar_Pradesh,,28,2024,6,,,5,SATENDRA KUMAR MAURYA,,IND,2982,,1300424,1871224,Kheri,,,13,69.5,0.25,,,,,,,,,,,,,,,,,FALSE,,,,,,,Lok Sabha Election (GE)
Uttar_Pradesh,,28,2024,6,,,6,OM NATH SINGH,,RASHTRIYA_SHOSHIT_SA,2300,,1300424,1871224,Kheri,,,13,69.5,0.19,,,,,,,,,,,,,,,,,FALSE,,,,,,,Lok Sabha Election (GE)
Uttar_Pradesh,,28,2024,6,,,7,NARESH SINGH BHADAURIYA,,IND,2111,,1300424,1871224,Kheri,,,13,69.5,0.17,,,,,,,,,,,,,,,,,FALSE,,,,,,,Lok Sabha Election (GE)
Uttar_Pradesh,,28,2024,6,,,8,MUKESH KUMAR  (BHARTI),,RASHTRIYA_VIKALP_PAR,1269,,1300424,1871224,Kheri,,,13,69.5,0.1,,,,,,,,,,,,,,,,,FALSE,,,,,,,Lok Sabha Election (GE)
Uttar_Pradesh,,28,2024,6,,,9,KHANJAN,,NETAJI_SUBHASH_CHAND,1019,,1300424,1871224,Kheri,,,13,69.5,0.08,,,,,,,,,,,,,,,,,FALSE,,,,,,,Lok Sabha Election (GE)
Uttar_Pradesh,,28,2024,6,,,10,DARWARI URF  DARWARI LAL  CHAUHAN,,JANTA_KRANTI_PARTY,936,,1300424,1871224,Kheri,,,13,69.5,0.08,,,,,,,,,,,,,,,,,FALSE,,,,,,,Lok Sabha Election (GE)
Uttar_Pradesh,,28,2024,6,,,11,KM. PANCHSHEELA ANAND,,UTTAR_PRADESH_REPUBL,854,,1300424,1871224,Kheri,,,13,69.5,0.07,,,,,,,,,,,,,,,,,FALSE,,,,,,,Lok Sabha Election (GE)
Uttar_Pradesh,,28,2024,6,,,12,NOTA,,NONE_OF_THE_ABOVE,7931,,1300424,1871224,Kheri,,,13,69.5,0.65,,,,,,,,,,,,,,,,,FALSE,,,,,,,Lok Sabha Election (GE)
Uttar_Pradesh,,28,2024,6,,,13,NOTA,,NOTA,87065,,1300424,1871224,Kheri,,,13,69.5,6.7,,,,,,,,,,,,,,,,,,,,,,,,Lok Sabha Election (GE)
Uttar_Pradesh,,29,2024,6,,,1,ANAND BHADAURIYA,,SP,443743,,1197443,1719979,Dhaurahra,,,14,69.62,39.91,,4449,0.37,,,,,,,,,,,,,,FALSE,,,,,,,Lok Sabha Election (GE)
Uttar_Pradesh,,29,2024,6,,,2,REKHA VERMA,,BJP,439294,,1197443,1719979,Dhaurahra,,,14,69.62,39.51,,,,,,,,,,,,,,,,,TRUE,,,,,,,Lok Sabha Election (GE)
Uttar_Pradesh,,29,2024,6,,,3,SHYAM KISHOR AWASTHI,,BSP,185474,,1197443,1719979,Dhaurahra,,,14,69.62,16.68,,,,,,,,,,,,,,,,,FALSE,,,,,,,Lok Sabha Election (GE)
Uttar_Pradesh,,29,2024,6,,,4,JANARDAN PRASAD,,COMMUNIST_PARTY_OF_I,15900,,1197443,1719979,Dhaurahra,,,14,69.62,1.43,,,,,,,,,,,,,,,,,FALSE,,,,,,,Lok Sabha Election (GE)
Uttar_Pradesh,,29,2024,6,,,5,RAJESH KUMAR,,POLITICAL_JUSTICE_PA,5023,,1197443,1719979,Dhaurahra,,,14,69.62,0.45,,,,,,,,,,,,,,,,,FALSE,,,,,,,Lok Sabha Election (GE)
Uttar_Pradesh,,29,2024,6,,,6,ASHUTOSH PATHAK,,AAM_JANTA_PARTY_(IND,3556,,1197443,1719979,Dhaurahra,,,14,69.62,0.32,,,,,,,,,,,,,,,,,FALSE,,,,,,,Lok Sabha Election (GE)
Uttar_Pradesh,,29,2024,6,,,7,SUDESH KUMAR,,LOK_JAN_SANGHARSH_PA,2814,,1197443,1719979,Dhaurahra,,,14,69.62,0.25,,,,,,,,,,,,,,,,,FALSE,,,,,,,Lok Sabha Election (GE)
Uttar_Pradesh,,29,2024,6,,,8,SAMRENDRA KUMAR,,IND,2484,,1197443,1719979,Dhaurahra,,,14,69.62,0.22,,,,,,,,,,,,,,,,,FALSE,,,,,,,Lok Sabha Election (GE)
Uttar_Pradesh,,29,2024,6,,,9,VIJAY KUMAR TIWARI,,IND,2017,,1197443,1719979,Dhaurahra,,,14,69.62,0.18,,,,,,,,,,,,,,,,,FALSE,,,,,,,Lok Sabha Election (GE)
Uttar_Pradesh,,29,2024,6,,,10,KASIM ALI,,PEACE_PARTY,1812,,1197443,1719979,Dhaurahra,,,14,69.62,0.16,,,,,,,,,,,,,,,,,FALSE,,,,,,,Lok Sabha Election (GE)
Uttar_Pradesh,,29,2024,6,,,11,SAKASEN,,SARDAR_PATEL_SIDDHAN,1296,,1197443,1719979,Dhaurahra,,,14,69.62,0.12,,,,,,,,,,,,,,,,,FALSE,,,,,,,Lok Sabha Election (GE)
Uttar_Pradesh,,29,2024,6,,,12,RAM NARESH,,IND,1290,,1197443,1719979,Dhaurahra,,,14,69.62,0.12,,,,,,,,,,,,,,,,,FALSE,,,,,,,Lok Sabha Election (GE)
Uttar_Pradesh,,29,2024,6,,,13,NOTA,,NONE_OF_THE_ABOVE,7144,,1197443,1719979,Dhaurahra,,,14,69.62,0.64,,,,,,,,,,,,,,,,,FALSE,,,,,,,Lok Sabha Election (GE)
Uttar_Pradesh,,29,2024,6,,,14,NOTA,,NOTA,85596,,1197443,1719979,Dhaurahra,,,14,69.62,7.15,,,,,,,,,,,,,,,,,,,,,,,,Lok Sabha Election (GE)
Uttar_Pradesh,,30,2024,6,,,1,RAKESH RATHOR,,INC,531138,,1157647,1760367,Sitapur,,,10,65.76,48.2,,89641,7.74,,,,,,,,,,,,,,FALSE,,,,,,,Lok Sabha Election (GE)
Uttar_Pradesh,,30,2024,6,,,2,RAJESH VERMA,,BJP,441497,,1157647,1760367,Sitapur,,,10,65.76,40.06,,,,,,,,,,,,,,,,,TRUE,,,,,,,Lok Sabha Election (GE)
Uttar_Pradesh,,30,2024,6,,,3,MAHENDRA SINGH YADAV,,BSP,99364,,1157647,1760367,Sitapur,,,10,65.76,9.02,,,,,,,,,,,,,,,,,FALSE,,,,,,,Lok Sabha Election (GE)
Uttar_Pradesh,,30,2024,6,,,4,MO. KASHIF ANSARI,,APNA_DAL_(KAMERAWADI,7586,,1157647,1760367,Sitapur,,,10,65.76,0.69,,,,,,,,,,,,,,,,,FALSE,,,,,,,Lok Sabha Election (GE)
Uttar_Pradesh,,30,2024,6,,,5,LEKHRAJ LODHI,,AAZAD_SAMAJ_PARTY_(K,6734,,1157647,1760367,Sitapur,,,10,65.76,0.61,,,,,,,,,,,,,,,,,FALSE,,,,,,,Lok Sabha Election (GE)
Uttar_Pradesh,,30,2024,6,,,6,VIDYAWATI GAUTAM,,IND,4194,,1157647,1760367,Sitapur,,,10,65.76,0.38,,,,,,,,,,,,,,,,,FALSE,,,,,,,Lok Sabha Election (GE)
Uttar_Pradesh,,30,2024,6,,,7,CHANDRA SHEKHAR VERMA,,RASHTRIYA_SHOSHIT_SA,2429,,1157647,1760367,Sitapur,,,10,65.76,0.22,,,,,,,,,,,,,,,,,FALSE,,,,,,,Lok Sabha Election (GE)
Uttar_Pradesh,,30,2024,6,,,8,RAM ADHAR VERMA,,SARDAR_PATEL_SIDDHAN,2115,,1157647,1760367,Sitapur,,,10,65.76,0.19,,,,,,,,,,,,,,,,,FALSE,,,,,,,Lok Sabha Election (GE)
Uttar_Pradesh,,30,2024,6,,,9,NOTA,,NONE_OF_THE_ABOVE,6958,,1157647,1760367,Sitapur,,,10,65.76,0.63,,,,,,,,,,,,,,,,,FALSE,,,,,,,Lok Sabha Election (GE)
Uttar_Pradesh,,30,2024,6,,,10,NOTA,,NOTA,55632,,1157647,1760367,Sitapur,,,10,65.76,4.81,,,,,,,,,,,,,,,,,,,,,,,,Lok Sabha Election (GE)
Uttar_Pradesh,,31,2024,6,,,1,JAI PRAKASH,,BJP,486798,,1205452,1911779,Hardoi,,,14,63.05,44.25,,27856,2.31,,,,,,,,,,,,,,TRUE,,,,,,,Lok Sabha Election (GE)
Uttar_Pradesh,,31,2024,6,,,2,USHA VERMA,,SP,458942,,1205452,1911779,Hardoi,,,14,63.05,41.72,,,,,,,,,,,,,,,,,FALSE,,,,,,,Lok Sabha Election (GE)
Uttar_Pradesh,,31,2024,6,,,3,BHIMRAO AMBEDKAR,,BSP,122629,,1205452,1911779,Hardoi,,,14,63.05,11.15,,,,,,,,,,,,,,,,,FALSE,,,,,,,Lok Sabha Election (GE)
Uttar_Pradesh,,31,2024,6,,,4,SHIVE KUMAR,,IND,4898,,1205452,1911779,Hardoi,,,14,63.05,0.45,,,,,,,,,,,,,,,,,FALSE,,,,,,,Lok Sabha Election (GE)
Uttar_Pradesh,,31,2024,6,,,5,SHYAM  KUMAR,,PEOPLES_PARTY_OF_IND,4200,,1205452,1911779,Hardoi,,,14,63.05,0.38,,,,,,,,,,,,,,,,,FALSE,,,,,,,Lok Sabha Election (GE)
Uttar_Pradesh,,31,2024,6,,,6,SUNIL KUMAR VERMA,,IND,3821,,1205452,1911779,Hardoi,,,14,63.05,0.35,,,,,,,,,,,,,,,,,FALSE,,,,,,,Lok Sabha Election (GE)
Uttar_Pradesh,,31,2024,6,,,7,INDRAPAL PASI,,JUSTICE_PARTY,2946,,1205452,1911779,Hardoi,,,14,63.05,0.27,,,,,,,,,,,,,,,,,FALSE,,,,,,,Lok Sabha Election (GE)
Uttar_Pradesh,,31,2024,6,,,8,MUNNA LAL,,NAARI_NAR_RAKSHAK_PA,1589,,1205452,1911779,Hardoi,,,14,63.05,0.14,,,,,,,,,,,,,,,,,FALSE,,,,,,,Lok Sabha Election (GE)
Uttar_Pradesh,,31,2024,6,,,9,OM PRAKASH,,IND,1561,,1205452,1911779,Hardoi,,,14,63.05,0.14,,,,,,,,,,,,,,,,,FALSE,,,,,,,Lok Sabha Election (GE)
Uttar_Pradesh,,31,2024,6,,,10,AWADESH KUMAR,,IND,1424,,1205452,1911779,Hardoi,,,14,63.05,0.13,,,,,,,,,,,,,,,,,FALSE,,,,,,,Lok Sabha Election (GE)
Uttar_Pradesh,,31,2024,6,,,11,PRADEEP KUMAR,,BHARTIYA_KRISHAK_DAL,1354,,1205452,1911779,Hardoi,,,14,63.05,0.12,,,,,,,,,,,,,,,,,FALSE,,,,,,,Lok Sabha Election (GE)
Uttar_Pradesh,,31,2024,6,,,12,BRAHMA PRASAD,,LOK_JAN_SANGHARSH_PA,1140,,1205452,1911779,Hardoi,,,14,63.05,0.1,,,,,,,,,,,,,,,,,FALSE,,,,,,,Lok Sabha Election (GE)
Uttar_Pradesh,,31,2024,6,,,13,NOTA,,NONE_OF_THE_ABOVE,8814,,1205452,1911779,Hardoi,,,14,63.05,0.8,,,,,,,,,,,,,,,,,FALSE,,,,,,,Lok Sabha Election (GE)
Uttar_Pradesh,,31,2024,6,,,14,NOTA,,NOTA,105336,,1205452,1911779,Hardoi,,,14,63.05,8.74,,,,,,,,,,,,,,,,,,,,,,,,Lok Sabha Election (GE)
Uttar_Pradesh,,32,2024,6,,,1,ASHOK KUMAR RAWAT,,BJP,475016,,1123956,1879798,Misrikh,,,11,59.79,45.15,,33406,2.97,,,,,,,,,,,,,,TRUE,,,,,,,Lok Sabha Election (GE)
Uttar_Pradesh,,32,2024,6,,,2,SANGITA RAJVANSHI,,SP,441610,,1123956,1879798,Misrikh,,,11,59.79,41.98,,,,,,,,,,,,,,,,,FALSE,,,,,,,Lok Sabha Election (GE)
Uttar_Pradesh,,32,2024,6,,,3,B R AHIRWAR,,BSP,111945,,1123956,1879798,Misrikh,,,11,59.79,10.64,,,,,,,,,,,,,,,,,FALSE,,,,,,,Lok Sabha Election (GE)
Uttar_Pradesh,,32,2024,6,,,4,RAMPAL,,IND,3978,,1123956,1879798,Misrikh,,,11,59.79,0.38,,,,,,,,,,,,,,,,,FALSE,,,,,,,Lok Sabha Election (GE)
Uttar_Pradesh,,32,2024,6,,,5,LALIT KUMAR,,BHARTIYA_SHAKTI_CHET,3815,,1123956,1879798,Misrikh,,,11,59.79,0.36,,,,,,,,,,,,,,,,,FALSE,,,,,,,Lok Sabha Election (GE)
Uttar_Pradesh,,32,2024,6,,,6,Neelam Singh,,IND,2905,,1123956,1879798,Misrikh,,,11,59.79,0.28,,,,,,,,,,,,,,,,,FALSE,,,,,,,Lok Sabha Election (GE)
Uttar_Pradesh,,32,2024,6,,,7,VANDNA  VERMA,,NAARI_NAR_RAKSHAK_PA,1912,,1123956,1879798,Misrikh,,,11,59.79,0.18,,,,,,,,,,,,,,,,,FALSE,,,,,,,Lok Sabha Election (GE)
Uttar_Pradesh,,32,2024,6,,,8,AVDHESH,,IND,1423,,1123956,1879798,Misrikh,,,11,59.79,0.14,,,,,,,,,,,,,,,,,FALSE,,,,,,,Lok Sabha Election (GE)
Uttar_Pradesh,,32,2024,6,,,9,SAVITRI DEVI,,RASHTRIYA_JANSHAKTI_,1350,,1123956,1879798,Misrikh,,,11,59.79,0.13,,,,,,,,,,,,,,,,,FALSE,,,,,,,Lok Sabha Election (GE)
Uttar_Pradesh,,32,2024,6,,,10,NOTA,,NONE_OF_THE_ABOVE,8029,,1123956,1879798,Misrikh,,,11,59.79,0.76,,,,,,,,,,,,,,,,,FALSE,,,,,,,Lok Sabha Election (GE)
Uttar_Pradesh,,32,2024,6,,,11,NOTA,,NOTA,71973,,1123956,1879798,Misrikh,,,11,59.79,6.4,,,,,,,,,,,,,,,,,,,,,,,,Lok Sabha Election (GE)
Uttar_Pradesh,,33,2024,6,,,1,SWAMI SACHCHIDANAND HARI SAKSHI,,BJP,616133,,1377711,2344843,Unnao,,,10,58.75,47.31,,35818,2.6,,,,,,,,,,,,,,FALSE,,,,,,,Lok Sabha Election (GE)
Uttar_Pradesh,,33,2024,6,,,2,ANNU TANDON,,SP,580315,,1377711,2344843,Unnao,,,10,58.75,44.56,,,,,,,,,,,,,,,,,FALSE,,,,,,,Lok Sabha Election (GE)
Uttar_Pradesh,,33,2024,6,,,3,ASHOK KUMAR PANDEY,,BSP,72527,,1377711,2344843,Unnao,,,10,58.75,5.57,,,,,,,,,,,,,,,,,FALSE,,,,,,,Lok Sabha Election (GE)
Uttar_Pradesh,,33,2024,6,,,4,SAIF KHAN,,PARCHAM_PARTY_OF_IND,8404,,1377711,2344843,Unnao,,,10,58.75,0.65,,,,,,,,,,,,,,,,,FALSE,,,,,,,Lok Sabha Election (GE)
Uttar_Pradesh,,33,2024,6,,,5,UMESH,,IND,5635,,1377711,2344843,Unnao,,,10,58.75,0.43,,,,,,,,,,,,,,,,,FALSE,,,,,,,Lok Sabha Election (GE)
Uttar_Pradesh,,33,2024,6,,,6,SHIV PRAKASH SINGH,,IND,4118,,1377711,2344843,Unnao,,,10,58.75,0.32,,,,,,,,,,,,,,,,,FALSE,,,,,,,Lok Sabha Election (GE)
Uttar_Pradesh,,33,2024,6,,,7,SAIYYAD SARFARAZ GANDHI,,IND,3023,,1377711,2344843,Unnao,,,10,58.75,0.23,,,,,,,,,,,,,,,,,FALSE,,,,,,,Lok Sabha Election (GE)
Uttar_Pradesh,,33,2024,6,,,8,HIMANSHU SHARMA,,BHARTIYA_SHAKTI_CHET,2663,,1377711,2344843,Unnao,,,10,58.75,0.2,,,,,,,,,,,,,,,,,FALSE,,,,,,,Lok Sabha Election (GE)
Uttar_Pradesh,,33,2024,6,,,9,NOTA,,NONE_OF_THE_ABOVE,9453,,1377711,2344843,Unnao,,,10,58.75,0.73,,,,,,,,,,,,,,,,,FALSE,,,,,,,Lok Sabha Election (GE)
Uttar_Pradesh,,33,2024,6,,,10,NOTA,,NOTA,75440,,1377711,2344843,Unnao,,,10,58.75,5.48,,,,,,,,,,,,,,,,,,,,,,,,Lok Sabha Election (GE)
Uttar_Pradesh,,34,2024,6,,,1,R.K. CHAUDHARY,,SP,667869,,1474670,2189866,Mohanlalganj,,,13,67.34,48.49,,70292,4.77,,,,,,,,,,,,,,FALSE,,,,,,,Lok Sabha Election (GE)
Uttar_Pradesh,,34,2024,6,,,2,KAUSHAL KISHORE,,BJP,597577,,1474670,2189866,Mohanlalganj,,,13,67.34,43.38,,,,,,,,,,,,,,,,,TRUE,,,,,,,Lok Sabha Election (GE)
Uttar_Pradesh,,34,2024,6,,,3,RAJESH KUMAR,,BSP,88461,,1474670,2189866,Mohanlalganj,,,13,67.34,6.42,,,,,,,,,,,,,,,,,FALSE,,,,,,,Lok Sabha Election (GE)
Uttar_Pradesh,,34,2024,6,,,4,MAHENDRA,,IND,2661,,1474670,2189866,Mohanlalganj,,,13,67.34,0.19,,,,,,,,,,,,,,,,,FALSE,,,,,,,Lok Sabha Election (GE)
Uttar_Pradesh,,34,2024,6,,,5,SUSHIL KUMAR,,IND,2627,,1474670,2189866,Mohanlalganj,,,13,67.34,0.19,,,,,,,,,,,,,,,,,FALSE,,,,,,,Lok Sabha Election (GE)
Uttar_Pradesh,,34,2024,6,,,6,RAMESH KUMAR,,IND,1841,,1474670,2189866,Mohanlalganj,,,13,67.34,0.13,,,,,,,,,,,,,,,,,FALSE,,,,,,,Lok Sabha Election (GE)
Uttar_Pradesh,,34,2024,6,,,7,SUNITA CHHEDA PASI,,AAM_JANTA_PARTY_(IND,1749,,1474670,2189866,Mohanlalganj,,,13,67.34,0.13,,,,,,,,,,,,,,,,,FALSE,,,,,,,Lok Sabha Election (GE)
Uttar_Pradesh,,34,2024,6,,,8,S. L.SINGH,,PEOPLES_PARTY_OF_IND,1717,,1474670,2189866,Mohanlalganj,,,13,67.34,0.12,,,,,,,,,,,,,,,,,FALSE,,,,,,,Lok Sabha Election (GE)
Uttar_Pradesh,,34,2024,6,,,9,BRIJESH KUMAR VIKRAM,,RASHTRIYA_SAMAJ_PAKS,1655,,1474670,2189866,Mohanlalganj,,,13,67.34,0.12,,,,,,,,,,,,,,,,,FALSE,,,,,,,Lok Sabha Election (GE)
Uttar_Pradesh,,34,2024,6,,,10,JITENDRA KUMAR,,IND,1414,,1474670,2189866,Mohanlalganj,,,13,67.34,0.1,,,,,,,,,,,,,,,,,FALSE,,,,,,,Lok Sabha Election (GE)
Uttar_Pradesh,,34,2024,6,,,11,SURAJ KUMAR,,SARDAR_PATEL_SIDDHAN,1015,,1474670,2189866,Mohanlalganj,,,13,67.34,0.07,,,,,,,,,,,,,,,,,FALSE,,,,,,,Lok Sabha Election (GE)
Uttar_Pradesh,,34,2024,6,,,12,NOTA,,NONE_OF_THE_ABOVE,8866,,1474670,2189866,Mohanlalganj,,,13,67.34,0.64,,,,,,,,,,,,,,,,,FALSE,,,,,,,Lok Sabha Election (GE)
Uttar_Pradesh,,34,2024,6,,,13,NOTA,,NOTA,97218,,1474670,2189866,Mohanlalganj,,,13,67.34,6.59,,,,,,,,,,,,,,,,,,,,,,,,Lok Sabha Election (GE)
Uttar_Pradesh,,35,2024,6,,,1,RAJ NATH SINGH,,BJP,612709,,1210052,2173953,Lucknow,,,12,55.66,53.89,,135159,11.17,,,,,,,,,,,,,,FALSE,,,,,,,Lok Sabha Election (GE)
Uttar_Pradesh,,35,2024,6,,,2,RAVIDAS MEHROTRA,,SP,477550,,1210052,2173953,Lucknow,,,12,55.66,42,,,,,,,,,,,,,,,,,FALSE,,,,,,,Lok Sabha Election (GE)
Uttar_Pradesh,,35,2024,6,,,3,MOHAMMAD SARWAR MALIK,,BSP,30192,,1210052,2173953,Lucknow,,,12,55.66,2.66,,,,,,,,,,,,,,,,,FALSE,,,,,,,Lok Sabha Election (GE)
Uttar_Pradesh,,35,2024,6,,,4,MO AHMAD URF RINKU,,SOCIAL_DEMOCRATIC_PA,3255,,1210052,2173953,Lucknow,,,12,55.66,0.29,,,,,,,,,,,,,,,,,FALSE,,,,,,,Lok Sabha Election (GE)
Uttar_Pradesh,,35,2024,6,,,5,AKHAND PRATAP SINGH,,IND,1473,,1210052,2173953,Lucknow,,,12,55.66,0.13,,,,,,,,,,,,,,,,,FALSE,,,,,,,Lok Sabha Election (GE)
Uttar_Pradesh,,35,2024,6,,,6,SARVAR ALI,,SARVAR_PARTY,1202,,1210052,2173953,Lucknow,,,12,55.66,0.11,,,,,,,,,,,,,,,,,FALSE,,,,,,,Lok Sabha Election (GE)
Uttar_Pradesh,,35,2024,6,,,7,ISHTIYAQ ALI,,IND,934,,1210052,2173953,Lucknow,,,12,55.66,0.08,,,,,,,,,,,,,,,,,FALSE,,,,,,,Lok Sabha Election (GE)
Uttar_Pradesh,,35,2024,6,,,8,KAPIL MOHAN CHOWDHARY,,MERA_ADHIKAAR_RASHTR,817,,1210052,2173953,Lucknow,,,12,55.66,0.07,,,,,,,,,,,,,,,,,FALSE,,,,,,,Lok Sabha Election (GE)
Uttar_Pradesh,,35,2024,6,,,9,GAURAV VERMA,,HINDU_SAMAJ_PARTY,807,,1210052,2173953,Lucknow,,,12,55.66,0.07,,,,,,,,,,,,,,,,,FALSE,,,,,,,Lok Sabha Election (GE)
Uttar_Pradesh,,35,2024,6,,,10,BRIJESH KUMAR YADAV,,KISAN_VISHWA_PARTY,603,,1210052,2173953,Lucknow,,,12,55.66,0.05,,,,,,,,,,,,,,,,,FALSE,,,,,,,Lok Sabha Election (GE)
Uttar_Pradesh,,35,2024,6,,,11,NOTA,,NONE_OF_THE_ABOVE,7350,,1210052,2173953,Lucknow,,,12,55.66,0.65,,,,,,,,,,,,,,,,,FALSE,,,,,,,Lok Sabha Election (GE)
Uttar_Pradesh,,35,2024,6,,,12,NOTA,,NOTA,73160,,1210052,2173953,Lucknow,,,12,55.66,6.05,,,,,,,,,,,,,,,,,,,,,,,,Lok Sabha Election (GE)
Uttar_Pradesh,,36,2024,6,,,1,RAHUL GANDHI,,INC,687649,,1102107,1788731,Rae Bareli,,,10,61.61,66.17,,390030,35.39,,,,,,,,,,,,,,FALSE,,,,,,,Lok Sabha Election (GE)
Uttar_Pradesh,,36,2024,6,,,2,DINESH PRATAP SINGH,,BJP,297619,,1102107,1788731,Rae Bareli,,,10,61.61,28.64,,,,,,,,,,,,,,,,,FALSE,,,,,,,Lok Sabha Election (GE)
Uttar_Pradesh,,36,2024,6,,,3,THAKUR PRASAD YADAV,,BSP,21624,,1102107,1788731,Rae Bareli,,,10,61.61,2.08,,,,,,,,,,,,,,,,,FALSE,,,,,,,Lok Sabha Election (GE)
Uttar_Pradesh,,36,2024,6,,,4,DILEEP SINGH,,AKHIL_BHARTIYA_APNA_,8678,,1102107,1788731,Rae Bareli,,,10,61.61,0.84,,,,,,,,,,,,,,,,,FALSE,,,,,,,Lok Sabha Election (GE)
Uttar_Pradesh,,36,2024,6,,,5,HORILAL,,IND,5399,,1102107,1788731,Rae Bareli,,,10,61.61,0.52,,,,,,,,,,,,,,,,,FALSE,,,,,,,Lok Sabha Election (GE)
Uttar_Pradesh,,36,2024,6,,,6,SUDARSHAN RAM,,BHARTIYA_PANCHSHEEL_,4345,,1102107,1788731,Rae Bareli,,,10,61.61,0.42,,,,,,,,,,,,,,,,,FALSE,,,,,,,Lok Sabha Election (GE)
Uttar_Pradesh,,36,2024,6,,,7,HIND ROHITASH,,MANAVTAWADI_SAMAJ_PA,3859,,1102107,1788731,Rae Bareli,,,10,61.61,0.37,,,,,,,,,,,,,,,,,FALSE,,,,,,,Lok Sabha Election (GE)
Uttar_Pradesh,,36,2024,6,,,8,MO MOBIN,,APNA_DAL_(KAMERAWADI,2174,,1102107,1788731,Rae Bareli,,,10,61.61,0.21,,,,,,,,,,,,,,,,,FALSE,,,,,,,Lok Sabha Election (GE)
Uttar_Pradesh,,36,2024,6,,,9,NOTA,,NONE_OF_THE_ABOVE,7872,,1102107,1788731,Rae Bareli,,,10,61.61,0.76,,,,,,,,,,,,,,,,,FALSE,,,,,,,Lok Sabha Election (GE)
Uttar_Pradesh,,36,2024,6,,,10,NOTA,,NOTA,62888,,1102107,1788731,Rae Bareli,,,10,61.61,5.71,,,,,,,,,,,,,,,,,,,,,,,,Lok Sabha Election (GE)
Uttar_Pradesh,,37,2024,6,,,1,KISHORI LAL,,INC,539228,,1102494,1798715,Amethi,,,15,61.29,54.99,,167196,15.17,,,,,,,,,,,,,,FALSE,,,,,,,Lok Sabha Election (GE)
Uttar_Pradesh,,37,2024,6,,,2,SMRITI IRANI,,BJP,372032,,1102494,1798715,Amethi,,,15,61.29,37.94,,,,,,,,,,,,,,,,,TRUE,,,,,,,Lok Sabha Election (GE)
Uttar_Pradesh,,37,2024,6,,,3,NANHE SINGH CHAUHAN,,BSP,34534,,1102494,1798715,Amethi,,,15,61.29,3.52,,,,,,,,,,,,,,,,,FALSE,,,,,,,Lok Sabha Election (GE)
Uttar_Pradesh,,37,2024,6,,,4,SURENDRA KUMAR,,IND,5699,,1102494,1798715,Amethi,,,15,61.29,0.58,,,,,,,,,,,,,,,,,FALSE,,,,,,,Lok Sabha Election (GE)
Uttar_Pradesh,,37,2024,6,,,5,DINESH CHANDRA MAURYA,,JANSHAKTI_SAMTA_PART,4577,,1102494,1798715,Amethi,,,15,61.29,0.47,,,,,,,,,,,,,,,,,FALSE,,,,,,,Lok Sabha Election (GE)
Uttar_Pradesh,,37,2024,6,,,6,JAGDAMBA PRASAD YADAV,,IND,4020,,1102494,1798715,Amethi,,,15,61.29,0.41,,,,,,,,,,,,,,,,,FALSE,,,,,,,Lok Sabha Election (GE)
Uttar_Pradesh,,37,2024,6,,,7,BHAGWANDIN PASI,,MOULIK_ADHIKAR_PARTY,2334,,1102494,1798715,Amethi,,,15,61.29,0.24,,,,,,,,,,,,,,,,,FALSE,,,,,,,Lok Sabha Election (GE)
Uttar_Pradesh,,37,2024,6,,,8,CHANDRAWATI,,IND,2291,,1102494,1798715,Amethi,,,15,61.29,0.23,,,,,,,,,,,,,,,,,FALSE,,,,,,,Lok Sabha Election (GE)
Uttar_Pradesh,,37,2024,6,,,9,MOHD HASAN LAHRI,,RASHTRIYA_NARAYANWAD,1527,,1102494,1798715,Amethi,,,15,61.29,0.16,,,,,,,,,,,,,,,,,FALSE,,,,,,,Lok Sabha Election (GE)
Uttar_Pradesh,,37,2024,6,,,10,KHUSHIRAM,,IND,1401,,1102494,1798715,Amethi,,,15,61.29,0.14,,,,,,,,,,,,,,,,,FALSE,,,,,,,Lok Sabha Election (GE)
Uttar_Pradesh,,37,2024,6,,,11,UDAYRAJ,,IND,1305,,1102494,1798715,Amethi,,,15,61.29,0.13,,,,,,,,,,,,,,,,,FALSE,,,,,,,Lok Sabha Election (GE)
Uttar_Pradesh,,37,2024,6,,,12,SANTRAM,,SAMAJHDAR_PARTY,1212,,1102494,1798715,Amethi,,,15,61.29,0.12,,,,,,,,,,,,,,,,,FALSE,,,,,,,Lok Sabha Election (GE)
Uttar_Pradesh,,37,2024,6,,,13,SHAILENDRA KUMAR MISHRA,,SANYOGWADI_PARTY,1128,,1102494,1798715,Amethi,,,15,61.29,0.12,,,,,,,,,,,,,,,,,FALSE,,,,,,,Lok Sabha Election (GE)
Uttar_Pradesh,,37,2024,6,,,14,NOTA,,NONE_OF_THE_ABOVE,9383,,1102494,1798715,Amethi,,,15,61.29,0.96,,,,,,,,,,,,,,,,,FALSE,,,,,,,Lok Sabha Election (GE)
Uttar_Pradesh,,37,2024,6,,,15,NOTA,,NOTA,121823,,1102494,1798715,Amethi,,,15,61.29,11.05,,,,,,,,,,,,,,,,,,,,,,,,Lok Sabha Election (GE)
Uttar_Pradesh,,38,2024,6,,,1,RAMBHUAL NISHAD,,SP,444330,,1109887,1855602,Sultanpur,,,11,59.81,43,,43174,3.89,,,,,,,,,,,,,,FALSE,,,,,,,Lok Sabha Election (GE)
Uttar_Pradesh,,38,2024,6,,,2,MANEKA SANJAY GANDHI,,BJP,401156,,1109887,1855602,Sultanpur,,,11,59.81,38.82,,,,,,,,,,,,,,,,,FALSE,,,,,,,Lok Sabha Election (GE)
Uttar_Pradesh,,38,2024,6,,,3,UDRAJ VERMA,,BSP,163025,,1109887,1855602,Sultanpur,,,11,59.81,15.78,,,,,,,,,,,,,,,,,FALSE,,,,,,,Lok Sabha Election (GE)
Uttar_Pradesh,,38,2024,6,,,4,ABDUL MABOOD,,APNA_DESH_PARTY,4297,,1109887,1855602,Sultanpur,,,11,59.81,0.42,,,,,,,,,,,,,,,,,FALSE,,,,,,,Lok Sabha Election (GE)
Uttar_Pradesh,,38,2024,6,,,5,MOHAMMAD ASIF,,IND,3387,,1109887,1855602,Sultanpur,,,11,59.81,0.33,,,,,,,,,,,,,,,,,FALSE,,,,,,,Lok Sabha Election (GE)
Uttar_Pradesh,,38,2024,6,,,6,UDAYRAJ VERMA,,IND,2909,,1109887,1855602,Sultanpur,,,11,59.81,0.28,,,,,,,,,,,,,,,,,FALSE,,,,,,,Lok Sabha Election (GE)
Uttar_Pradesh,,38,2024,6,,,7,GIRISH LAL,,AZAD_PARTY,2311,,1109887,1855602,Sultanpur,,,11,59.81,0.22,,,,,,,,,,,,,,,,,FALSE,,,,,,,Lok Sabha Election (GE)
Uttar_Pradesh,,38,2024,6,,,8,DR SHIV SHANKAR INDIAN,,MOST_BACKWARD_CLASSE,2090,,1109887,1855602,Sultanpur,,,11,59.81,0.2,,,,,,,,,,,,,,,,,FALSE,,,,,,,Lok Sabha Election (GE)
Uttar_Pradesh,,38,2024,6,,,9,JAY PRAKASH,,SARDAR_PATEL_SIDDHAN,1369,,1109887,1855602,Sultanpur,,,11,59.81,0.13,,,,,,,,,,,,,,,,,FALSE,,,,,,,Lok Sabha Election (GE)
Uttar_Pradesh,,38,2024,6,,,10,NOTA,,NONE_OF_THE_ABOVE,8513,,1109887,1855602,Sultanpur,,,11,59.81,0.82,,,,,,,,,,,,,,,,,FALSE,,,,,,,Lok Sabha Election (GE)
Uttar_Pradesh,,38,2024,6,,,11,NOTA,,NOTA,76500,,1109887,1855602,Sultanpur,,,11,59.81,6.89,,,,,,,,,,,,,,,,,,,,,,,,Lok Sabha Election (GE)
Uttar_Pradesh,,39,2024,6,,,1,SHIV PAL SINGH PATEL (DR. S P SINGH),,SP,441932,,1021882,1836748,Pratapgarh,,,28,55.64,46.65,,66206,6.48,,,,,,,,,,,,,,FALSE,,,,,,,Lok Sabha Election (GE)
Uttar_Pradesh,,39,2024,6,,,2,SANGAM LAL GUPTA,,BJP,375726,,1021882,1836748,Pratapgarh,,,28,55.64,39.66,,,,,,,,,,,,,,,,,TRUE,,,,,,,Lok Sabha Election (GE)
Uttar_Pradesh,,39,2024,6,,,3,PRATHMESH MISHRA 'SENANI',,BSP,80144,,1021882,1836748,Pratapgarh,,,28,55.64,8.46,,,,,,,,,,,,,,,,,FALSE,,,,,,,Lok Sabha Election (GE)
Uttar_Pradesh,,39,2024,6,,,4,SANDEEP SINGH,,NATIONAL_JAN_DAL,5286,,1021882,1836748,Pratapgarh,,,28,55.64,0.56,,,,,,,,,,,,,,,,,FALSE,,,,,,,Lok Sabha Election (GE)
Uttar_Pradesh,,39,2024,6,,,5,ARUN KUMAR PANDEY,,HINDUSTAN_SAMAJ_PART,4991,,1021882,1836748,Pratapgarh,,,28,55.64,0.53,,,,,,,,,,,,,,,,,FALSE,,,,,,,Lok Sabha Election (GE)
Uttar_Pradesh,,39,2024,6,,,6,SHIV RAM SHARMA,,MOULIK_ADHIKAR_PARTY,4711,,1021882,1836748,Pratapgarh,,,28,55.64,0.5,,,,,,,,,,,,,,,,,FALSE,,,,,,,Lok Sabha Election (GE)
Uttar_Pradesh,,39,2024,6,,,7,AMAR SINGH,,IND,4138,,1021882,1836748,Pratapgarh,,,28,55.64,0.44,,,,,,,,,,,,,,,,,FALSE,,,,,,,Lok Sabha Election (GE)
Uttar_Pradesh,,39,2024,6,,,8,SUNIL CHANDRA PAL,,RASHTRA_UDAY_PARTY,3340,,1021882,1836748,Pratapgarh,,,28,55.64,0.35,,,,,,,,,,,,,,,,,FALSE,,,,,,,Lok Sabha Election (GE)
Uttar_Pradesh,,39,2024,6,,,9,AJEET PRATAP,,IND,2581,,1021882,1836748,Pratapgarh,,,28,55.64,0.27,,,,,,,,,,,,,,,,,FALSE,,,,,,,Lok Sabha Election (GE)
Uttar_Pradesh,,39,2024,6,,,10,VIJAY SINGH,,SANATAN_SANSKRITI_RA,2459,,1021882,1836748,Pratapgarh,,,28,55.64,0.26,,,,,,,,,,,,,,,,,FALSE,,,,,,,Lok Sabha Election (GE)
Uttar_Pradesh,,39,2024,6,,,11,RISHI PATEL,,APNA_DAL_(KAMERAWADI,2429,,1021882,1836748,Pratapgarh,,,28,55.64,0.26,,,,,,,,,,,,,,,,,FALSE,,,,,,,Lok Sabha Election (GE)
Uttar_Pradesh,,39,2024,6,,,12,MAHESH KUMAR PRAJAPATI,,SAMAJHDAR_PARTY,1964,,1021882,1836748,Pratapgarh,,,28,55.64,0.21,,,,,,,,,,,,,,,,,FALSE,,,,,,,Lok Sabha Election (GE)
Uttar_Pradesh,,39,2024,6,,,13,DHANANJAY,,IND,1623,,1021882,1836748,Pratapgarh,,,28,55.64,0.17,,,,,,,,,,,,,,,,,FALSE,,,,,,,Lok Sabha Election (GE)
Uttar_Pradesh,,39,2024,6,,,14,GEETA DEVI,,BHARTIYA_LOKMAT_RASH,1594,,1021882,1836748,Pratapgarh,,,28,55.64,0.17,,,,,,,,,,,,,,,,,FALSE,,,,,,,Lok Sabha Election (GE)
Uttar_Pradesh,,39,2024,6,,,15,RAMSIDDH YADAV URF R.S.YADAV,,MANAVTAWADI_SAMAJ_PA,1327,,1021882,1836748,Pratapgarh,,,28,55.64,0.14,,,,,,,,,,,,,,,,,FALSE,,,,,,,Lok Sabha Election (GE)
Uttar_Pradesh,,39,2024,6,,,16,SUNIL KUMAR MISHRA,,IND,1136,,1021882,1836748,Pratapgarh,,,28,55.64,0.12,,,,,,,,,,,,,,,,,FALSE,,,,,,,Lok Sabha Election (GE)
Uttar_Pradesh,,39,2024,6,,,17,SHANKAR SUMAN TIVARI,,IND,1129,,1021882,1836748,Pratapgarh,,,28,55.64,0.12,,,,,,,,,,,,,,,,,FALSE,,,,,,,Lok Sabha Election (GE)
Uttar_Pradesh,,39,2024,6,,,18,DURGESH KUMAR,,RASTRIYA_ATAL_JANTA_,1116,,1021882,1836748,Pratapgarh,,,28,55.64,0.12,,,,,,,,,,,,,,,,,FALSE,,,,,,,Lok Sabha Election (GE)
Uttar_Pradesh,,39,2024,6,,,19,RAM KUMAR YADAV,,SOCIALIST_UNITY_CENT,1071,,1021882,1836748,Pratapgarh,,,28,55.64,0.11,,,,,,,,,,,,,,,,,FALSE,,,,,,,Lok Sabha Election (GE)
Uttar_Pradesh,,39,2024,6,,,20,SHIV PAL PATEL,,IND,1030,,1021882,1836748,Pratapgarh,,,28,55.64,0.11,,,,,,,,,,,,,,,,,FALSE,,,,,,,Lok Sabha Election (GE)
Uttar_Pradesh,,39,2024,6,,,21,DHARMENDRA TIWARI,,LOG_PARTY,993,,1021882,1836748,Pratapgarh,,,28,55.64,0.1,,,,,,,,,,,,,,,,,FALSE,,,,,,,Lok Sabha Election (GE)
Uttar_Pradesh,,39,2024,6,,,22,JOKHU PATEL,,SARDAR_PATEL_SIDDHAN,971,,1021882,1836748,Pratapgarh,,,28,55.64,0.1,,,,,,,,,,,,,,,,,FALSE,,,,,,,Lok Sabha Election (GE)
Uttar_Pradesh,,39,2024,6,,,23,SHRAWAN KUMAR TRIPATHI,,IND,851,,1021882,1836748,Pratapgarh,,,28,55.64,0.09,,,,,,,,,,,,,,,,,FALSE,,,,,,,Lok Sabha Election (GE)
Uttar_Pradesh,,39,2024,6,,,24,DHYAN SINGH,,IND,678,,1021882,1836748,Pratapgarh,,,28,55.64,0.07,,,,,,,,,,,,,,,,,FALSE,,,,,,,Lok Sabha Election (GE)
Uttar_Pradesh,,39,2024,6,,,25,PRAMOD KUMAR,,IND,674,,1021882,1836748,Pratapgarh,,,28,55.64,0.07,,,,,,,,,,,,,,,,,FALSE,,,,,,,Lok Sabha Election (GE)
Uttar_Pradesh,,39,2024,6,,,26,MOHRAM ALI,,IND,503,,1021882,1836748,Pratapgarh,,,28,55.64,0.05,,,,,,,,,,,,,,,,,FALSE,,,,,,,Lok Sabha Election (GE)
Uttar_Pradesh,,39,2024,6,,,27,NOTA,,NONE_OF_THE_ABOVE,2891,,1021882,1836748,Pratapgarh,,,28,55.64,0.31,,,,,,,,,,,,,,,,,FALSE,,,,,,,Lok Sabha Election (GE)
Uttar_Pradesh,,39,2024,6,,,28,NOTA,,NOTA,74594,,1021882,1836748,Pratapgarh,,,28,55.64,7.3,,,,,,,,,,,,,,,,,,,,,,,,Lok Sabha Election (GE)
Uttar_Pradesh,,40,2024,6,,,1,MUKESH RAJPUT,,BJP,487963,,1068594,1751985,Farrukhabad,,,10,60.99,47.2,,2678,0.25,,,,,,,,,,,,,,TRUE,,,,,,,Lok Sabha Election (GE)
Uttar_Pradesh,,40,2024,6,,,2,DR. NAVAL KISHOR SHAKYA,,SP,485285,,1068594,1751985,Farrukhabad,,,10,60.99,46.94,,,,,,,,,,,,,,,,,FALSE,,,,,,,Lok Sabha Election (GE)
Uttar_Pradesh,,40,2024,6,,,3,KRANTI PANDEY,,BSP,45390,,1068594,1751985,Farrukhabad,,,10,60.99,4.39,,,,,,,,,,,,,,,,,FALSE,,,,,,,Lok Sabha Election (GE)
Uttar_Pradesh,,40,2024,6,,,4,AMAR SINGH,,BHARATIYA_RASHTRIYA_,3358,,1068594,1751985,Farrukhabad,,,10,60.99,0.32,,,,,,,,,,,,,,,,,FALSE,,,,,,,Lok Sabha Election (GE)
Uttar_Pradesh,,40,2024,6,,,5,HARNANDAN SINGH,,IND,2469,,1068594,1751985,Farrukhabad,,,10,60.99,0.24,,,,,,,,,,,,,,,,,FALSE,,,,,,,Lok Sabha Election (GE)
Uttar_Pradesh,,40,2024,6,,,6,SHYAMVEER SINGH,,BHARATIYA_NAGRIK_PAR,2434,,1068594,1751985,Farrukhabad,,,10,60.99,0.24,,,,,,,,,,,,,,,,,FALSE,,,,,,,Lok Sabha Election (GE)
Uttar_Pradesh,,40,2024,6,,,7,VIDYAPRAKASH,,BHARATHEEYA_JAWAN_KI,1467,,1068594,1751985,Farrukhabad,,,10,60.99,0.14,,,,,,,,,,,,,,,,,FALSE,,,,,,,Lok Sabha Election (GE)
Uttar_Pradesh,,40,2024,6,,,8,DINESH,,BHARTIYA_SHAKTI_CHET,1063,,1068594,1751985,Farrukhabad,,,10,60.99,0.1,,,,,,,,,,,,,,,,,FALSE,,,,,,,Lok Sabha Election (GE)
Uttar_Pradesh,,40,2024,6,,,9,NOTA,,NONE_OF_THE_ABOVE,4365,,1068594,1751985,Farrukhabad,,,10,60.99,0.42,,,,,,,,,,,,,,,,,FALSE,,,,,,,Lok Sabha Election (GE)
Uttar_Pradesh,,40,2024,6,,,10,NOTA,,NOTA,34800,,1068594,1751985,Farrukhabad,,,10,60.99,3.26,,,,,,,,,,,,,,,,,,,,,,,,Lok Sabha Election (GE)
Uttar_Pradesh,,41,2024,6,,,1,JITENDRA KUMAR DOHARE,,SP,490747,,1077387,1834489,Etawah,,,9,58.73,47.47,,58419,5.42,,,,,,,,,,,,,,FALSE,,,,,,,Lok Sabha Election (GE)
Uttar_Pradesh,,41,2024,6,,,2,DR RAM SHANKAR KATHERIA,,BJP,432328,,1077387,1834489,Etawah,,,9,58.73,41.82,,,,,,,,,,,,,,,,,TRUE,,,,,,,Lok Sabha Election (GE)
Uttar_Pradesh,,41,2024,6,,,3,SARIKA SINGH BAGHEL,,BSP,96541,,1077387,1834489,Etawah,,,9,58.73,9.34,,,,,,,,,,,,,,,,,FALSE,,,,,,,Lok Sabha Election (GE)
Uttar_Pradesh,,41,2024,6,,,4,SUNIL SHANKWAR ADVOCATE,,IND,2963,,1077387,1834489,Etawah,,,9,58.73,0.29,,,,,,,,,,,,,,,,,FALSE,,,,,,,Lok Sabha Election (GE)
Uttar_Pradesh,,41,2024,6,,,5,MULAYAM SINGH,,IND,1708,,1077387,1834489,Etawah,,,9,58.73,0.17,,,,,,,,,,,,,,,,,FALSE,,,,,,,Lok Sabha Election (GE)
Uttar_Pradesh,,41,2024,6,,,6,BHUVNESH KUMARI,,SAMYAK_PARTY,1657,,1077387,1834489,Etawah,,,9,58.73,0.16,,,,,,,,,,,,,,,,,FALSE,,,,,,,Lok Sabha Election (GE)
Uttar_Pradesh,,41,2024,6,,,7,VIVEK RAJ,,JANTA_SAMAJWADI_PART,1574,,1077387,1834489,Etawah,,,9,58.73,0.15,,,,,,,,,,,,,,,,,FALSE,,,,,,,Lok Sabha Election (GE)
Uttar_Pradesh,,41,2024,6,,,8,NOTA,,NONE_OF_THE_ABOVE,6266,,1077387,1834489,Etawah,,,9,58.73,0.61,,,,,,,,,,,,,,,,,FALSE,,,,,,,Lok Sabha Election (GE)
Uttar_Pradesh,,41,2024,6,,,9,NOTA,,NOTA,43603,,1077387,1834489,Etawah,,,9,58.73,4.05,,,,,,,,,,,,,,,,,,,,,,,,Lok Sabha Election (GE)
Uttar_Pradesh,,42,2024,6,,,1,AKHILESH YADAV,,SP,642292,,1289908,1993616,Kannauj,,,17,64.7,52.74,,170922,13.25,,,,,,,,,,,,,,FALSE,,,,,,,Lok Sabha Election (GE)
Uttar_Pradesh,,42,2024,6,,,2,SUBRAT PATHAK,,BJP,471370,,1289908,1993616,Kannauj,,,17,64.7,38.71,,,,,,,,,,,,,,,,,TRUE,,,,,,,Lok Sabha Election (GE)
Uttar_Pradesh,,42,2024,6,,,3,IMRAN BIN ZAFAR,,BSP,81639,,1289908,1993616,Kannauj,,,17,64.7,6.7,,,,,,,,,,,,,,,,,FALSE,,,,,,,Lok Sabha Election (GE)
Uttar_Pradesh,,42,2024,6,,,4,ALOK VERMA,,RASHTRIYA_SHOSHIT_SA,4492,,1289908,1993616,Kannauj,,,17,64.7,0.37,,,,,,,,,,,,,,,,,FALSE,,,,,,,Lok Sabha Election (GE)
Uttar_Pradesh,,42,2024,6,,,5,LALIT KUMARI,,IND,3267,,1289908,1993616,Kannauj,,,17,64.7,0.27,,,,,,,,,,,,,,,,,FALSE,,,,,,,Lok Sabha Election (GE)
Uttar_Pradesh,,42,2024,6,,,6,SINOD KUMAR,,IND,1733,,1289908,1993616,Kannauj,,,17,64.7,0.14,,,,,,,,,,,,,,,,,FALSE,,,,,,,Lok Sabha Election (GE)
Uttar_Pradesh,,42,2024,6,,,7,RAJ KATHERIA,,IND,1464,,1289908,1993616,Kannauj,,,17,64.7,0.12,,,,,,,,,,,,,,,,,FALSE,,,,,,,Lok Sabha Election (GE)
Uttar_Pradesh,,42,2024,6,,,8,BHANU PRATAP SINGH DOHRE,,IND,1432,,1289908,1993616,Kannauj,,,17,64.7,0.12,,,,,,,,,,,,,,,,,FALSE,,,,,,,Lok Sabha Election (GE)
Uttar_Pradesh,,42,2024,6,,,9,SHAILENDRA KUMAR,,BHARATIYA_KISAN_PARI,1151,,1289908,1993616,Kannauj,,,17,64.7,0.09,,,,,,,,,,,,,,,,,FALSE,,,,,,,Lok Sabha Election (GE)
Uttar_Pradesh,,42,2024,6,,,10,YADVENDRA KISHOR,,IND,1062,,1289908,1993616,Kannauj,,,17,64.7,0.09,,,,,,,,,,,,,,,,,FALSE,,,,,,,Lok Sabha Election (GE)
Uttar_Pradesh,,42,2024,6,,,11,SUBHASH CHANDRA,,ALL_INDIA_FORWARD_BL,801,,1289908,1993616,Kannauj,,,17,64.7,0.07,,,,,,,,,,,,,,,,,FALSE,,,,,,,Lok Sabha Election (GE)
Uttar_Pradesh,,42,2024,6,,,12,SUNIL,,BHARTIYA_SHAKTI_CHET,739,,1289908,1993616,Kannauj,,,17,64.7,0.06,,,,,,,,,,,,,,,,,FALSE,,,,,,,Lok Sabha Election (GE)
Uttar_Pradesh,,42,2024,6,,,13,PRAMOD KUMAR YADAV,,BHARTIYA_KRISHAK_DAL,560,,1289908,1993616,Kannauj,,,17,64.7,0.05,,,,,,,,,,,,,,,,,FALSE,,,,,,,Lok Sabha Election (GE)
Uttar_Pradesh,,42,2024,6,,,14,PURUSHOTTAM TIWARI,,IND,543,,1289908,1993616,Kannauj,,,17,64.7,0.04,,,,,,,,,,,,,,,,,FALSE,,,,,,,Lok Sabha Election (GE)
Uttar_Pradesh,,42,2024,6,,,15,IRFAN ALI,,IND,470,,1289908,1993616,Kannauj,,,17,64.7,0.04,,,,,,,,,,,,,,,,,FALSE,,,,,,,Lok Sabha Election (GE)
Uttar_Pradesh,,42,2024,6,,,16,NOTA,,NONE_OF_THE_ABOVE,4818,,1289908,1993616,Kannauj,,,17,64.7,0.4,,,,,,,,,,,,,,,,,FALSE,,,,,,,Lok Sabha Election (GE)
Uttar_Pradesh,,42,2024,6,,,17,NOTA,,NOTA,72075,,1289908,1993616,Kannauj,,,17,64.7,5.59,,,,,,,,,,,,,,,,,,,,,,,,Lok Sabha Election (GE)
Uttar_Pradesh,,43,2024,6,,,1,RAMESH AWASTHI,,BJP,443055,,931576,1664794,Kanpur,,,13,55.96,49.93,,20968,2.25,,,,,,,,,,,,,,FALSE,,,,,,,Lok Sabha Election (GE)
Uttar_Pradesh,,43,2024,6,,,2,ALOK MISRA,,INC,422087,,931576,1664794,Kanpur,,,13,55.96,47.56,,,,,,,,,,,,,,,,,FALSE,,,,,,,Lok Sabha Election (GE)
Uttar_Pradesh,,43,2024,6,,,3,KULDEEP BHADAURIYA,,BSP,12032,,931576,1664794,Kanpur,,,13,55.96,1.36,,,,,,,,,,,,,,,,,FALSE,,,,,,,Lok Sabha Election (GE)
Uttar_Pradesh,,43,2024,6,,,4,ASHOK PASWAN ADVOCATE,,SABHI_JAN_PARTY,1974,,931576,1664794,Kanpur,,,13,55.96,0.22,,,,,,,,,,,,,,,,,FALSE,,,,,,,Lok Sabha Election (GE)
Uttar_Pradesh,,43,2024,6,,,5,ALOK MISHRA,,IND,1198,,931576,1664794,Kanpur,,,13,55.96,0.14,,,,,,,,,,,,,,,,,FALSE,,,,,,,Lok Sabha Election (GE)
Uttar_Pradesh,,43,2024,6,,,6,MANOJ KUMAR,,IND,778,,931576,1664794,Kanpur,,,13,55.96,0.09,,,,,,,,,,,,,,,,,FALSE,,,,,,,Lok Sabha Election (GE)
Uttar_Pradesh,,43,2024,6,,,7,AJAY KUMAR MISHRA,,IND,672,,931576,1664794,Kanpur,,,13,55.96,0.08,,,,,,,,,,,,,,,,,FALSE,,,,,,,Lok Sabha Election (GE)
Uttar_Pradesh,,43,2024,6,,,8,PRASHAST DHEER,,ALL_INDIA_FORWARD_BL,465,,931576,1664794,Kanpur,,,13,55.96,0.05,,,,,,,,,,,,,,,,,FALSE,,,,,,,Lok Sabha Election (GE)
Uttar_Pradesh,,43,2024,6,,,9,ARVIND KUMAR SRIVASTAVA,,IND,398,,931576,1664794,Kanpur,,,13,55.96,0.04,,,,,,,,,,,,,,,,,FALSE,,,,,,,Lok Sabha Election (GE)
Uttar_Pradesh,,43,2024,6,,,10,SANJAY SINGH,,"PROUTIST_BLOC,2,,931576,1664794,Kanpur,,,13,55.96,350,,,,,,,,,,,,,,,,,FALSE,,,,,,,Lok Sabha Election (GE)
Uttar_Pradesh,,43,2024,6,,,11,VALENDRA KATIYAR,,SOCIALIST_UNITY_CENT,270,,931576,1664794,Kanpur,,,13,55.96,0.03,,,,,,,,,,,,,,,,,FALSE,,,,,,,Lok Sabha Election (GE)
Uttar_Pradesh,,43,2024,6,,,12,NOTA,,NONE_OF_THE_ABOVE,4117,,931576,1664794,Kanpur,,,13,55.96,0.46,,,,,,,,,,,,,,,,,FALSE,,,,,,,Lok Sabha Election (GE)
Uttar_Pradesh,,43,2024,6,,,13,NOTA,,NOTA,44528,,931576,1664794,Kanpur,,,13,55.96,4.78,,,,,,,,,,,,,,,,,,,,,,,,Lok Sabha Election (GE)
Uttar_Pradesh,,44,2024,6,,,1,DEVENDRA SINGH ALIAS BHOLE SINGH,,BJP,517423,,1154660,1875912,Akbarpur,,,11,61.55,47.6,,44345,3.84,,,,,,,,,,,,,,TRUE,,,,,,,Lok Sabha Election (GE)
Uttar_Pradesh,,44,2024,6,,,2,RAJARAM PAL,,SP,473078,,1154660,1875912,Akbarpur,,,11,61.55,43.52,,,,,,,,,,,,,,,,,FALSE,,,,,,,Lok Sabha Election (GE)
Uttar_Pradesh,,44,2024,6,,,3,RAJESH KUMAR DWIVEDI,,BSP,73140,,1154660,1875912,Akbarpur,,,11,61.55,6.73,,,,,,,,,,,,,,,,,FALSE,,,,,,,Lok Sabha Election (GE)
Uttar_Pradesh,,44,2024,6,,,4,RAJARAM,,IND,4642,,1154660,1875912,Akbarpur,,,11,61.55,0.43,,,,,,,,,,,,,,,,,FALSE,,,,,,,Lok Sabha Election (GE)
Uttar_Pradesh,,44,2024,6,,,5,ASHOK PASWAN ADVOCATE,,SABHI_JAN_PARTY,3173,,1154660,1875912,Akbarpur,,,11,61.55,0.29,,,,,,,,,,,,,,,,,FALSE,,,,,,,Lok Sabha Election (GE)
Uttar_Pradesh,,44,2024,6,,,6,CHANDRESH SINGH,,BHARTIYA_SHAKTI_CHET,2654,,1154660,1875912,Akbarpur,,,11,61.55,0.24,,,,,,,,,,,,,,,,,FALSE,,,,,,,Lok Sabha Election (GE)
Uttar_Pradesh,,44,2024,6,,,7,YOGESH JAISWAL,,IND,2543,,1154660,1875912,Akbarpur,,,11,61.55,0.23,,,,,,,,,,,,,,,,,FALSE,,,,,,,Lok Sabha Election (GE)
Uttar_Pradesh,,44,2024,6,,,8,VIPIN KUMAR,,RASHTRIYA_SANSKRITI_,1494,,1154660,1875912,Akbarpur,,,11,61.55,0.14,,,,,,,,,,,,,,,,,FALSE,,,,,,,Lok Sabha Election (GE)
Uttar_Pradesh,,44,2024,6,,,9,RAMGOPAL,,RASHTRIYA_JANUTTHAN_,1157,,1154660,1875912,Akbarpur,,,11,61.55,0.11,,,,,,,,,,,,,,,,,FALSE,,,,,,,Lok Sabha Election (GE)
Uttar_Pradesh,,44,2024,6,,,10,NOTA,,NONE_OF_THE_ABOVE,7649,,1154660,1875912,Akbarpur,,,11,61.55,0.7,,,,,,,,,,,,,,,,,FALSE,,,,,,,Lok Sabha Election (GE)
Uttar_Pradesh,,44,2024,6,,,11,NOTA,,NOTA,67707,,1154660,1875912,Akbarpur,,,11,61.55,5.86,,,,,,,,,,,,,,,,,,,,,,,,Lok Sabha Election (GE)
Uttar_Pradesh,,45,2024,6,,,1,NARAYAN DAS AHIRWAR,,SP,530180,,1195777,2010583,Jalaun,,,8,59.47,46.96,,53898,4.51,,,,,,,,,,,,,,FALSE,,,,,,,Lok Sabha Election (GE)
Uttar_Pradesh,,45,2024,6,,,2,BHANU PRATAP SINGH VERMA,,BJP,476282,,1195777,2010583,Jalaun,,,8,59.47,42.19,,,,,,,,,,,,,,,,,TRUE,,,,,,,Lok Sabha Election (GE)
Uttar_Pradesh,,45,2024,6,,,3,SURESH CHANDRA GAUTAM,,BSP,100248,,1195777,2010583,Jalaun,,,8,59.47,8.88,,,,,,,,,,,,,,,,,FALSE,,,,,,,Lok Sabha Election (GE)
Uttar_Pradesh,,45,2024,6,,,4,BRIJ MOHAN,,IND,4673,,1195777,2010583,Jalaun,,,8,59.47,0.41,,,,,,,,,,,,,,,,,FALSE,,,,,,,Lok Sabha Election (GE)
Uttar_Pradesh,,45,2024,6,,,5,NAGENDRA KUMAR,,BHARTIYA_SHAKTI_CHET,3212,,1195777,2010583,Jalaun,,,8,59.47,0.28,,,,,,,,,,,,,,,,,FALSE,,,,,,,Lok Sabha Election (GE)
Uttar_Pradesh,,45,2024,6,,,6,PREMLATA VERMA,,IND,3200,,1195777,2010583,Jalaun,,,8,59.47,0.28,,,,,,,,,,,,,,,,,FALSE,,,,,,,Lok Sabha Election (GE)
Uttar_Pradesh,,45,2024,6,,,7,NOTA,,NONE_OF_THE_ABOVE,11154,,1195777,2010583,Jalaun,,,8,59.47,0.99,,,,,,,,,,,,,,,,,FALSE,,,,,,,Lok Sabha Election (GE)
Uttar_Pradesh,,45,2024,6,,,8,NOTA,,NOTA,66828,,1195777,2010583,Jalaun,,,8,59.47,5.59,,,,,,,,,,,,,,,,,,,,,,,,Lok Sabha Election (GE)
Uttar_Pradesh,,46,2024,6,,,1,ANURAG SHARMA,,BJP,690316,,1533406,2162404,Jhansi,,,12,70.91,50,,102614,6.69,,,,,,,,,,,,,,TRUE,,,,,,,Lok Sabha Election (GE)
Uttar_Pradesh,,46,2024,6,,,2,"PRADEEP JAIN ""ADITYA""",,INC,587702,,1533406,2162404,Jhansi,,,12,70.91,42.57,,,,,,,,,,,,,,,,,FALSE,,,,,,,Lok Sabha Election (GE)
Uttar_Pradesh,,46,2024,6,,,3,RAVI PRAKASH,,BSP,63192,,1533406,2162404,Jhansi,,,12,70.91,4.58,,,,,,,,,,,,,,,,,FALSE,,,,,,,Lok Sabha Election (GE)
Uttar_Pradesh,,46,2024,6,,,4,LAKHAN LAL,,IND,6832,,1533406,2162404,Jhansi,,,12,70.91,0.49,,,,,,,,,,,,,,,,,FALSE,,,,,,,Lok Sabha Election (GE)
Uttar_Pradesh,,46,2024,6,,,5,RAMESH,,IND,6338,,1533406,2162404,Jhansi,,,12,70.91,0.46,,,,,,,,,,,,,,,,,FALSE,,,,,,,Lok Sabha Election (GE)
Uttar_Pradesh,,46,2024,6,,,6,GANESH RAM,,IND,2575,,1533406,2162404,Jhansi,,,12,70.91,0.19,,,,,,,,,,,,,,,,,FALSE,,,,,,,Lok Sabha Election (GE)
Uttar_Pradesh,,46,2024,6,,,7,CHANDAN SINGH,,APNA_DAL_(KAMERAWADI,2491,,1533406,2162404,Jhansi,,,12,70.91,0.18,,,,,,,,,,,,,,,,,FALSE,,,,,,,Lok Sabha Election (GE)
Uttar_Pradesh,,46,2024,6,,,8,DHARMENDRA PRATAP,,IND,2303,,1533406,2162404,Jhansi,,,12,70.91,0.17,,,,,,,,,,,,,,,,,FALSE,,,,,,,Lok Sabha Election (GE)
Uttar_Pradesh,,46,2024,6,,,9,INDRA SINGH,,IND,2078,,1533406,2162404,Jhansi,,,12,70.91,0.15,,,,,,,,,,,,,,,,,FALSE,,,,,,,Lok Sabha Election (GE)
Uttar_Pradesh,,46,2024,6,,,10,ER. DEEPAK KUMAR VERMA,,AL-HIND_PARTY,1377,,1533406,2162404,Jhansi,,,12,70.91,0.1,,,,,,,,,,,,,,,,,FALSE,,,,,,,Lok Sabha Election (GE)
Uttar_Pradesh,,46,2024,6,,,11,NOTA,,NONE_OF_THE_ABOVE,15302,,1533406,2162404,Jhansi,,,12,70.91,1.11,,,,,,,,,,,,,,,,,FALSE,,,,,,,Lok Sabha Election (GE)
Uttar_Pradesh,,46,2024,6,,,12,NOTA,,NOTA,152900,,1533406,2162404,Jhansi,,,12,70.91,9.97,,,,,,,,,,,,,,,,,,,,,,,,Lok Sabha Election (GE)
Uttar_Pradesh,,47,2024,6,,,1,AJENDRA SINGH LODHI,,SP,490683,,1263161,1841604,Hamirpur,,,13,68.59,44,,2629,0.21,,,,,,,,,,,,,,FALSE,,,,,,,Lok Sabha Election (GE)
Uttar_Pradesh,,47,2024,6,,,2,KUNWAR PUSHPENDRA SINGH CHANDEL,,BJP,488054,,1263161,1841604,Hamirpur,,,13,68.59,43.76,,,,,,,,,,,,,,,,,TRUE,,,,,,,Lok Sabha Election (GE)
Uttar_Pradesh,,47,2024,6,,,3,NIRDOSH KUMAR DIXIT,,BSP,94696,,1263161,1841604,Hamirpur,,,13,68.59,8.49,,,,,,,,,,,,,,,,,FALSE,,,,,,,Lok Sabha Election (GE)
Uttar_Pradesh,,47,2024,6,,,4,ANUPAM KUMAR TRIPATHI,,BHARTIYA_SHAKTI_CHET,6407,,1263161,1841604,Hamirpur,,,13,68.59,0.57,,,,,,,,,,,,,,,,,FALSE,,,,,,,Lok Sabha Election (GE)
Uttar_Pradesh,,47,2024,6,,,5,BRIJESH KUMAR PAL,,RASHTRA_UDAY_PARTY,4527,,1263161,1841604,Hamirpur,,,13,68.59,0.41,,,,,,,,,,,,,,,,,FALSE,,,,,,,Lok Sabha Election (GE)
Uttar_Pradesh,,47,2024,6,,,6,BHUVANENDRA NARAYAN SINGH,,IND,4320,,1263161,1841604,Hamirpur,,,13,68.59,0.39,,,,,,,,,,,,,,,,,FALSE,,,,,,,Lok Sabha Election (GE)
Uttar_Pradesh,,47,2024,6,,,7,SANTOSH KUMAR,,IND,3777,,1263161,1841604,Hamirpur,,,13,68.59,0.34,,,,,,,,,,,,,,,,,FALSE,,,,,,,Lok Sabha Election (GE)
Uttar_Pradesh,,47,2024,6,,,8,RAJESH SINGH,,IND,3607,,1263161,1841604,Hamirpur,,,13,68.59,0.32,,,,,,,,,,,,,,,,,FALSE,,,,,,,Lok Sabha Election (GE)
Uttar_Pradesh,,47,2024,6,,,9,SURESH KUMAR,,EKLAVYA_SAMAJ_PARTY,2181,,1263161,1841604,Hamirpur,,,13,68.59,0.2,,,,,,,,,,,,,,,,,FALSE,,,,,,,Lok Sabha Election (GE)
Uttar_Pradesh,,47,2024,6,,,10,SANJIV KUMAR,,SPASHTWADI_JAN_AADHA,2003,,1263161,1841604,Hamirpur,,,13,68.59,0.18,,,,,,,,,,,,,,,,,FALSE,,,,,,,Lok Sabha Election (GE)
Uttar_Pradesh,,47,2024,6,,,11,DHARMRAJ,,AL-HIND_PARTY,1591,,1263161,1841604,Hamirpur,,,13,68.59,0.14,,,,,,,,,,,,,,,,,FALSE,,,,,,,Lok Sabha Election (GE)
Uttar_Pradesh,,47,2024,6,,,12,NOTA,,NONE_OF_THE_ABOVE,13453,,1263161,1841604,Hamirpur,,,13,68.59,1.21,,,,,,,,,,,,,,,,,FALSE,,,,,,,Lok Sabha Election (GE)
Uttar_Pradesh,,47,2024,6,,,13,NOTA,,NOTA,147862,,1263161,1841604,Hamirpur,,,13,68.59,11.71,,,,,,,,,,,,,,,,,,,,,,,,Lok Sabha Election (GE)
Uttar_Pradesh,,48,2024,6,,,1,KRISHNA DEVI SHIVSHANKER PATEL,,SP,406567,,1202844,1749034,Banda,,,14,68.77,38.94,,71210,5.92,,,,,,,,,,,,,,FALSE,,,,,,,Lok Sabha Election (GE)
Uttar_Pradesh,,48,2024,6,,,2,R. K. SINGH PATEL,,BJP,335357,,1202844,1749034,Banda,,,14,68.77,32.12,,,,,,,,,,,,,,,,,FALSE,,,,,,,Lok Sabha Election (GE)
Uttar_Pradesh,,48,2024,6,,,3,MAYANK DWIVEDI,,BSP,245745,,1202844,1749034,Banda,,,14,68.77,23.54,,,,,,,,,,,,,,,,,FALSE,,,,,,,Lok Sabha Election (GE)
Uttar_Pradesh,,48,2024,6,,,4,RAMCHANDRA SARAS,,COMMUNIST_PARTY_OF_I,9438,,1202844,1749034,Banda,,,14,68.77,0.9,,,,,,,,,,,,,,,,,FALSE,,,,,,,Lok Sabha Election (GE)
Uttar_Pradesh,,48,2024,6,,,5,PANCHA URF PANCHAMLAL,,BHAGIDARI_PARTY(P),7717,,1202844,1749034,Banda,,,14,68.77,0.74,,,,,,,,,,,,,,,,,FALSE,,,,,,,Lok Sabha Election (GE)
Uttar_Pradesh,,48,2024,6,,,6,GULAB CHANDER BARMA,,RASHTRA_UDAY_PARTY,5907,,1202844,1749034,Banda,,,14,68.77,0.57,,,,,,,,,,,,,,,,,FALSE,,,,,,,Lok Sabha Election (GE)
Uttar_Pradesh,,48,2024,6,,,7,RAMCHRAN,,IND,5423,,1202844,1749034,Banda,,,14,68.77,0.52,,,,,,,,,,,,,,,,,FALSE,,,,,,,Lok Sabha Election (GE)
Uttar_Pradesh,,48,2024,6,,,8,SURENDRA KUMAR,,SWATANTRA_JANTARAJ_P,4382,,1202844,1749034,Banda,,,14,68.77,0.42,,,,,,,,,,,,,,,,,FALSE,,,,,,,Lok Sabha Election (GE)
Uttar_Pradesh,,48,2024,6,,,9,SHRIRAM SINGH GAUR,,BHARTIYA_SHAKTI_CHET,3350,,1202844,1749034,Banda,,,14,68.77,0.32,,,,,,,,,,,,,,,,,FALSE,,,,,,,Lok Sabha Election (GE)
Uttar_Pradesh,,48,2024,6,,,10,DINESH KUMAR PATEL,,SARDAR_PATEL_SIDDHAN,2508,,1202844,1749034,Banda,,,14,68.77,0.24,,,,,,,,,,,,,,,,,FALSE,,,,,,,Lok Sabha Election (GE)
Uttar_Pradesh,,48,2024,6,,,11,BABULAL,,LOG_PARTY,2361,,1202844,1749034,Banda,,,14,68.77,0.23,,,,,,,,,,,,,,,,,FALSE,,,,,,,Lok Sabha Election (GE)
Uttar_Pradesh,,48,2024,6,,,12,PRAMOD AZAD,,APNA_DAL_(KAMERAWADI,2142,,1202844,1749034,Banda,,,14,68.77,0.21,,,,,,,,,,,,,,,,,FALSE,,,,,,,Lok Sabha Election (GE)
Uttar_Pradesh,,48,2024,6,,,13,NOTA,,NONE_OF_THE_ABOVE,13235,,1202844,1749034,Banda,,,14,68.77,1.27,,,,,,,,,,,,,,,,,FALSE,,,,,,,Lok Sabha Election (GE)
Uttar_Pradesh,,48,2024,6,,,14,NOTA,,NOTA,158712,,1202844,1749034,Banda,,,14,68.77,13.19,,,,,,,,,,,,,,,,,,,,,,,,Lok Sabha Election (GE)
Uttar_Pradesh,,49,2024,6,,,1,NARESH CHANDRA UTTAM PATEL,,SP,500328,,1228564,1942597,Fatehpur,,,17,63.24,45.2,,33199,2.7,,,,,,,,,,,,,,FALSE,,,,,,,Lok Sabha Election (GE)
Uttar_Pradesh,,49,2024,6,,,2,NIRANJAN JYOTI,,BJP,467129,,1228564,1942597,Fatehpur,,,17,63.24,42.2,,,,,,,,,,,,,,,,,TRUE,,,,,,,Lok Sabha Election (GE)
Uttar_Pradesh,,49,2024,6,,,3,MANISH SINGH SACHAN,,BSP,90970,,1228564,1942597,Fatehpur,,,17,63.24,8.22,,,,,,,,,,,,,,,,,FALSE,,,,,,,Lok Sabha Election (GE)
Uttar_Pradesh,,49,2024,6,,,4,BIRENDRA SINGH,,IND,7920,,1228564,1942597,Fatehpur,,,17,63.24,0.72,,,,,,,,,,,,,,,,,FALSE,,,,,,,Lok Sabha Election (GE)
Uttar_Pradesh,,49,2024,6,,,5,KAMLESH KUMAR SINGH,,PARIVARTAN_SAMAJ_PAR,5219,,1228564,1942597,Fatehpur,,,17,63.24,0.47,,,,,,,,,,,,,,,,,FALSE,,,,,,,Lok Sabha Election (GE)
Uttar_Pradesh,,49,2024,6,,,6,PANKAJ AWASTHI,,IND,4457,,1228564,1942597,Fatehpur,,,17,63.24,0.4,,,,,,,,,,,,,,,,,FALSE,,,,,,,Lok Sabha Election (GE)
Uttar_Pradesh,,49,2024,6,,,7,RAMKISHOR,,RASHTRA_UDAY_PARTY,4079,,1228564,1942597,Fatehpur,,,17,63.24,0.37,,,,,,,,,,,,,,,,,FALSE,,,,,,,Lok Sabha Election (GE)
Uttar_Pradesh,,49,2024,6,,,8,JITENDRA KUMAR MAURYA,,IND,3336,,1228564,1942597,Fatehpur,,,17,63.24,0.3,,,,,,,,,,,,,,,,,FALSE,,,,,,,Lok Sabha Election (GE)
Uttar_Pradesh,,49,2024,6,,,9,KULDEEP KUSHWAHA,,IND,2726,,1228564,1942597,Fatehpur,,,17,63.24,0.25,,,,,,,,,,,,,,,,,FALSE,,,,,,,Lok Sabha Election (GE)
Uttar_Pradesh,,49,2024,6,,,10,RAJ BAHADUR,,PEOPLES_PARTY_OF_IND,2654,,1228564,1942597,Fatehpur,,,17,63.24,0.24,,,,,,,,,,,,,,,,,FALSE,,,,,,,Lok Sabha Election (GE)
Uttar_Pradesh,,49,2024,6,,,11,NIRAJ KUMAR,,AKHIL_BHARTIYA_PARIV,2567,,1228564,1942597,Fatehpur,,,17,63.24,0.23,,,,,,,,,,,,,,,,,FALSE,,,,,,,Lok Sabha Election (GE)
Uttar_Pradesh,,49,2024,6,,,12,RAM BIHARI,,BHARTIYA_SHAKTI_CHET,2344,,1228564,1942597,Fatehpur,,,17,63.24,0.21,,,,,,,,,,,,,,,,,FALSE,,,,,,,Lok Sabha Election (GE)
Uttar_Pradesh,,49,2024,6,,,13,NEERAJ LODHI,,VIKAS_INSAF_PARTY,2033,,1228564,1942597,Fatehpur,,,17,63.24,0.18,,,,,,,,,,,,,,,,,FALSE,,,,,,,Lok Sabha Election (GE)
Uttar_Pradesh,,49,2024,6,,,14,JAY CHANDRA KUMAR,,VISHWA_KALYAN_RASHTR,1604,,1228564,1942597,Fatehpur,,,17,63.24,0.14,,,,,,,,,,,,,,,,,FALSE,,,,,,,Lok Sabha Election (GE)
Uttar_Pradesh,,49,2024,6,,,15,RAJESH KUMAR PATEL,,SARDAR_PATEL_SIDDHAN,1458,,1228564,1942597,Fatehpur,,,17,63.24,0.13,,,,,,,,,,,,,,,,,FALSE,,,,,,,Lok Sabha Election (GE)
Uttar_Pradesh,,49,2024,6,,,16,NOTA,,NONE_OF_THE_ABOVE,8120,,1228564,1942597,Fatehpur,,,17,63.24,0.73,,,,,,,,,,,,,,,,,FALSE,,,,,,,Lok Sabha Election (GE)
Uttar_Pradesh,,49,2024,6,,,17,NOTA,,NOTA,121620,,1228564,1942597,Fatehpur,,,17,63.24,9.9,,,,,,,,,,,,,,,,,,,,,,,,Lok Sabha Election (GE)
Uttar_Pradesh,,50,2024,6,,,1,PUSHPENDRA SAROJ,,SP,509787,,1138909,1912536,Kaushambi,,,12,59.55,50.51,,103944,9.13,,,,,,,,,,,,,,FALSE,,,,,,,Lok Sabha Election (GE)
Uttar_Pradesh,,50,2024,6,,,2,VINOD KUMAR SONKAR,,BJP,405843,,1138909,1912536,Kaushambi,,,12,59.55,40.21,,,,,,,,,,,,,,,,,TRUE,,,,,,,Lok Sabha Election (GE)
Uttar_Pradesh,,50,2024,6,,,3,SHUBH NARAYAN,,BSP,55858,,1138909,1912536,Kaushambi,,,12,59.55,5.53,,,,,,,,,,,,,,,,,FALSE,,,,,,,Lok Sabha Election (GE)
Uttar_Pradesh,,50,2024,6,,,4,PUSHPENDRA KUMAR SAROJ,,IND,5184,,1138909,1912536,Kaushambi,,,12,59.55,0.51,,,,,,,,,,,,,,,,,FALSE,,,,,,,Lok Sabha Election (GE)
Uttar_Pradesh,,50,2024,6,,,5,NARENDRA KUMAR,,APNA_DAL_(KAMERAWADI,5131,,1138909,1912536,Kaushambi,,,12,59.55,0.51,,,,,,,,,,,,,,,,,FALSE,,,,,,,Lok Sabha Election (GE)
Uttar_Pradesh,,50,2024,6,,,6,SANJAY KUMAR,,IND,4634,,1138909,1912536,Kaushambi,,,12,59.55,0.46,,,,,,,,,,,,,,,,,FALSE,,,,,,,Lok Sabha Election (GE)
Uttar_Pradesh,,50,2024,6,,,7,RAJENDRA SONKAR URF PANNA BHAIYA,,IND,3421,,1138909,1912536,Kaushambi,,,12,59.55,0.34,,,,,,,,,,,,,,,,,FALSE,,,,,,,Lok Sabha Election (GE)
Uttar_Pradesh,,50,2024,6,,,8,PRADEEP KUMAR,,IND,2541,,1138909,1912536,Kaushambi,,,12,59.55,0.25,,,,,,,,,,,,,,,,,FALSE,,,,,,,Lok Sabha Election (GE)
Uttar_Pradesh,,50,2024,6,,,9,RAMESHWAR PRASAD,,BHARTIYA_SHAKTI_CHET,2013,,1138909,1912536,Kaushambi,,,12,59.55,0.2,,,,,,,,,,,,,,,,,FALSE,,,,,,,Lok Sabha Election (GE)
Uttar_Pradesh,,50,2024,6,,,10,RAM ASREY,,MANAVTAWADI_SAMAJ_PA,1950,,1138909,1912536,Kaushambi,,,12,59.55,0.19,,,,,,,,,,,,,,,,,FALSE,,,,,,,Lok Sabha Election (GE)
Uttar_Pradesh,,50,2024,6,,,11,NOTA,,NONE_OF_THE_ABOVE,12967,,1138909,1912536,Kaushambi,,,12,59.55,1.28,,,,,,,,,,,,,,,,,FALSE,,,,,,,Lok Sabha Election (GE)
Uttar_Pradesh,,50,2024,6,,,12,NOTA,,NOTA,129580,,1138909,1912536,Kaushambi,,,12,59.55,11.38,,,,,,,,,,,,,,,,,,,,,,,,Lok Sabha Election (GE)
Uttar_Pradesh,,51,2024,6,,,1,PRAVEEN PATEL,,BJP,452600,,1096604,2071536,Phulpur,,,17,52.94,44.6,,4332,0.4,,,,,,,,,,,,,,FALSE,,,,,,,Lok Sabha Election (GE)
Uttar_Pradesh,,51,2024,6,,,2,AMAR NATH SINGH MAURYA,,SP,448268,,1096604,2071536,Phulpur,,,17,52.94,44.17,,,,,,,,,,,,,,,,,FALSE,,,,,,,Lok Sabha Election (GE)
Uttar_Pradesh,,51,2024,6,,,3,JAGANNATH PAL,,BSP,82586,,1096604,2071536,Phulpur,,,17,52.94,8.14,,,,,,,,,,,,,,,,,FALSE,,,,,,,Lok Sabha Election (GE)
Uttar_Pradesh,,51,2024,6,,,4,MAHIMA PATEL,,APNA_DAL_(KAMERAWADI,4162,,1096604,2071536,Phulpur,,,17,52.94,0.41,,,,,,,,,,,,,,,,,FALSE,,,,,,,Lok Sabha Election (GE)
Uttar_Pradesh,,51,2024,6,,,5,JILA JEET BHARTIY,,BAHUJAN_AWAM_PARTY,3299,,1096604,2071536,Phulpur,,,17,52.94,0.33,,,,,,,,,,,,,,,,,FALSE,,,,,,,Lok Sabha Election (GE)
Uttar_Pradesh,,51,2024,6,,,6,SUNIL KUMAR PRAJAPATI,,BHAGIDARI_PARTY(P),3047,,1096604,2071536,Phulpur,,,17,52.94,0.3,,,,,,,,,,,,,,,,,FALSE,,,,,,,Lok Sabha Election (GE)
Uttar_Pradesh,,51,2024,6,,,7,ENGG YOGESH KUSHWAHA,,PRAGATISHEEL_SAMAJ_P,2771,,1096604,2071536,Phulpur,,,17,52.94,0.27,,,,,,,,,,,,,,,,,FALSE,,,,,,,Lok Sabha Election (GE)
Uttar_Pradesh,,51,2024,6,,,8,AKHILESH TRIPATHI,,IND,2298,,1096604,2071536,Phulpur,,,17,52.94,0.23,,,,,,,,,,,,,,,,,FALSE,,,,,,,Lok Sabha Election (GE)
Uttar_Pradesh,,51,2024,6,,,9,NAFIS AHAMAD,,IND,2147,,1096604,2071536,Phulpur,,,17,52.94,0.21,,,,,,,,,,,,,,,,,FALSE,,,,,,,Lok Sabha Election (GE)
Uttar_Pradesh,,51,2024,6,,,10,DR NEERAJ,,IND,1710,,1096604,2071536,Phulpur,,,17,52.94,0.17,,,,,,,,,,,,,,,,,FALSE,,,,,,,Lok Sabha Election (GE)
Uttar_Pradesh,,51,2024,6,,,11,SANJEEV KUMAR MISHRA,,YUVA_VIKAS_PARTY,1679,,1096604,2071536,Phulpur,,,17,52.94,0.17,,,,,,,,,,,,,,,,,FALSE,,,,,,,Lok Sabha Election (GE)
Uttar_Pradesh,,51,2024,6,,,12,MUSHIR AHMAD SIDDIQUI,,PEOPLES_PARTY_OF_IND,1506,,1096604,2071536,Phulpur,,,17,52.94,0.15,,,,,,,,,,,,,,,,,FALSE,,,,,,,Lok Sabha Election (GE)
Uttar_Pradesh,,51,2024,6,,,13,SANGEETA YADAV,,SUBHASHWADI_BHARTIYA,1291,,1096604,2071536,Phulpur,,,17,52.94,0.13,,,,,,,,,,,,,,,,,FALSE,,,,,,,Lok Sabha Election (GE)
Uttar_Pradesh,,51,2024,6,,,14,LALA RAM SAROJ,,PRABUDDHWADI_BAHUJAN,1052,,1096604,2071536,Phulpur,,,17,52.94,0.1,,,,,,,,,,,,,,,,,FALSE,,,,,,,Lok Sabha Election (GE)
Uttar_Pradesh,,51,2024,6,,,15,PRAMOD BHAI PATEL URF P K,,SARDAR_PATEL_SIDDHAN,948,,1096604,2071536,Phulpur,,,17,52.94,0.09,,,,,,,,,,,,,,,,,FALSE,,,,,,,Lok Sabha Election (GE)
Uttar_Pradesh,,51,2024,6,,,16,NOTA,,NONE_OF_THE_ABOVE,5460,,1096604,2071536,Phulpur,,,17,52.94,0.54,,,,,,,,,,,,,,,,,FALSE,,,,,,,Lok Sabha Election (GE)
Uttar_Pradesh,,51,2024,6,,,17,NOTA,,NOTA,81780,,1096604,2071536,Phulpur,,,17,52.94,7.46,,,,,,,,,,,,,,,,,,,,,,,,Lok Sabha Election (GE)
Uttar_Pradesh,,52,2024,6,,,1,UJJWAL RAMAN SINGH,,INC,462145,,1086286,1828159,Allahabad,,,16,59.42,48.8,,58795,5.41,,,,,,,,,,,,,,FALSE,,,,,,,Lok Sabha Election (GE)
Uttar_Pradesh,,52,2024,6,,,2,NEERAJ TRIPATHI,,BJP,403350,,1086286,1828159,Allahabad,,,16,59.42,42.59,,,,,,,,,,,,,,,,,FALSE,,,,,,,Lok Sabha Election (GE)
Uttar_Pradesh,,52,2024,6,,,3,RAMESH KUMAR PATEL,,BSP,49144,,1086286,1828159,Allahabad,,,16,59.42,5.19,,,,,,,,,,,,,,,,,FALSE,,,,,,,Lok Sabha Election (GE)
Uttar_Pradesh,,52,2024,6,,,4,GOPAL SWROOP JOSHI,,IND,4248,,1086286,1828159,Allahabad,,,16,59.42,0.45,,,,,,,,,,,,,,,,,FALSE,,,,,,,Lok Sabha Election (GE)
Uttar_Pradesh,,52,2024,6,,,5,AJEET KUMAR PATEL,,PRAGATISHEEL_SAMAJ_P,2642,,1086286,1828159,Allahabad,,,16,59.42,0.28,,,,,,,,,,,,,,,,,FALSE,,,,,,,Lok Sabha Election (GE)
Uttar_Pradesh,,52,2024,6,,,6,MOOLNIWASI HEMRAJ SINGH,,PEOPLES_PARTY_OF_IND,2355,,1086286,1828159,Allahabad,,,16,59.42,0.25,,,,,,,,,,,,,,,,,FALSE,,,,,,,Lok Sabha Election (GE)
Uttar_Pradesh,,52,2024,6,,,7,GEETA RANI SHARMA,,IND,2197,,1086286,1828159,Allahabad,,,16,59.42,0.23,,,,,,,,,,,,,,,,,FALSE,,,,,,,Lok Sabha Election (GE)
Uttar_Pradesh,,52,2024,6,,,8,HANSHRAJ KOL,,APNA_DAL_(KAMERAWADI,2141,,1086286,1828159,Allahabad,,,16,59.42,0.23,,,,,,,,,,,,,,,,,FALSE,,,,,,,Lok Sabha Election (GE)
Uttar_Pradesh,,52,2024,6,,,9,RAJENDRA PRASAD PRAJAPATI,,BHAGIDARI_PARTY(P),1847,,1086286,1828159,Allahabad,,,16,59.42,0.2,,,,,,,,,,,,,,,,,FALSE,,,,,,,Lok Sabha Election (GE)
Uttar_Pradesh,,52,2024,6,,,10,AVANEESH KUMAR,,IND,1835,,1086286,1828159,Allahabad,,,16,59.42,0.19,,,,,,,,,,,,,,,,,FALSE,,,,,,,Lok Sabha Election (GE)
Uttar_Pradesh,,52,2024,6,,,11,ANUJ SWAROOP SHUKLA,,IND,1616,,1086286,1828159,Allahabad,,,16,59.42,0.17,,,,,,,,,,,,,,,,,FALSE,,,,,,,Lok Sabha Election (GE)
Uttar_Pradesh,,52,2024,6,,,12,SHIV PRASAD VISHWAKARMA,,SAMYAK_PARTY,1326,,1086286,1828159,Allahabad,,,16,59.42,0.14,,,,,,,,,,,,,,,,,FALSE,,,,,,,Lok Sabha Election (GE)
Uttar_Pradesh,,52,2024,6,,,13,SARVAJEET SINGH,,KAMERA_SAMAJ_PARTY,1177,,1086286,1828159,Allahabad,,,16,59.42,0.12,,,,,,,,,,,,,,,,,FALSE,,,,,,,Lok Sabha Election (GE)
Uttar_Pradesh,,52,2024,6,,,14,RAJDHAR SINGH PATEL,,RASHTRIYA_SAMAJ_DAL_,1025,,1086286,1828159,Allahabad,,,16,59.42,0.11,,,,,,,,,,,,,,,,,FALSE,,,,,,,Lok Sabha Election (GE)
Uttar_Pradesh,,52,2024,6,,,15,NOTA,,NONE_OF_THE_ABOVE,9952,,1086286,1828159,Allahabad,,,16,59.42,1.05,,,,,,,,,,,,,,,,,FALSE,,,,,,,Lok Sabha Election (GE)
Uttar_Pradesh,,52,2024,6,,,16,NOTA,,NOTA,139286,,1086286,1828159,Allahabad,,,16,59.42,12.82,,,,,,,,,,,,,,,,,,,,,,,,Lok Sabha Election (GE)
Uttar_Pradesh,,53,2024,6,,,1,TANUJ PUNIA,,INC,719927,,1397494,1919282,Barabanki,,,15,72.81,55.78,,215704,15.44,,,,,,,,,,,,,,FALSE,,,,,,,Lok Sabha Election (GE)
Uttar_Pradesh,,53,2024,6,,,2,RAJRANI RAWAT,,BJP,504223,,1397494,1919282,Barabanki,,,15,72.81,39.07,,,,,,,,,,,,,,,,,FALSE,,,,,,,Lok Sabha Election (GE)
Uttar_Pradesh,,53,2024,6,,,3,SHIV KUMAR DOHAREY,,BSP,39177,,1397494,1919282,Barabanki,,,15,72.81,3.04,,,,,,,,,,,,,,,,,FALSE,,,,,,,Lok Sabha Election (GE)
Uttar_Pradesh,,53,2024,6,,,4,BABOORAM,,IND,3669,,1397494,1919282,Barabanki,,,15,72.81,0.28,,,,,,,,,,,,,,,,,FALSE,,,,,,,Lok Sabha Election (GE)
Uttar_Pradesh,,53,2024,6,,,5,RAMLAKHAN PASI,,IND,2928,,1397494,1919282,Barabanki,,,15,72.81,0.23,,,,,,,,,,,,,,,,,FALSE,,,,,,,Lok Sabha Election (GE)
Uttar_Pradesh,,53,2024,6,,,6,MITHALESH KUMARI,,IND,2321,,1397494,1919282,Barabanki,,,15,72.81,0.18,,,,,,,,,,,,,,,,,FALSE,,,,,,,Lok Sabha Election (GE)
Uttar_Pradesh,,53,2024,6,,,7,DEVATADEEN GAUTAM,,IND,2173,,1397494,1919282,Barabanki,,,15,72.81,0.17,,,,,,,,,,,,,,,,,FALSE,,,,,,,Lok Sabha Election (GE)
Uttar_Pradesh,,53,2024,6,,,8,ASHA DEVI,,SWATANTRATA_ABHIVYAK,2020,,1397494,1919282,Barabanki,,,15,72.81,0.16,,,,,,,,,,,,,,,,,FALSE,,,,,,,Lok Sabha Election (GE)
Uttar_Pradesh,,53,2024,6,,,9,PROF. (DR.) RAM GHULAM RAZDAN,,PUBLIC_ADHIKAR_SOCIA,1493,,1397494,1919282,Barabanki,,,15,72.81,0.12,,,,,,,,,,,,,,,,,FALSE,,,,,,,Lok Sabha Election (GE)
Uttar_Pradesh,,53,2024,6,,,10,MAHENDRA KUMAR RAWAT,,AWAMI_SAMTA_PARTY,1190,,1397494,1919282,Barabanki,,,15,72.81,0.09,,,,,,,,,,,,,,,,,FALSE,,,,,,,Lok Sabha Election (GE)
Uttar_Pradesh,,53,2024,6,,,11,OMKAR,,IND,1138,,1397494,1919282,Barabanki,,,15,72.81,0.09,,,,,,,,,,,,,,,,,FALSE,,,,,,,Lok Sabha Election (GE)
Uttar_Pradesh,,53,2024,6,,,12,ADVOCATE SANTOSH RAWAT,,DR._BHIMRAO_AMBEDKAR,1078,,1397494,1919282,Barabanki,,,15,72.81,0.08,,,,,,,,,,,,,,,,,FALSE,,,,,,,Lok Sabha Election (GE)
Uttar_Pradesh,,53,2024,6,,,13,PREMCHANDRA HARIJAN,,SARDAR_PATEL_SIDDHAN,1076,,1397494,1919282,Barabanki,,,15,72.81,0.08,,,,,,,,,,,,,,,,,FALSE,,,,,,,Lok Sabha Election (GE)
Uttar_Pradesh,,53,2024,6,,,14,NOTA,,NONE_OF_THE_ABOVE,8221,,1397494,1919282,Barabanki,,,15,72.81,0.64,,,,,,,,,,,,,,,,,FALSE,,,,,,,Lok Sabha Election (GE)
Uttar_Pradesh,,53,2024,6,,,15,NOTA,,NOTA,106860,,1397494,1919282,Barabanki,,,15,72.81,7.65,,,,,,,,,,,,,,,,,,,,,,,,Lok Sabha Election (GE)
Uttar_Pradesh,,54,2024,6,,,1,AWADHESH PRASAD,,SP,554289,,1238538,1929399,Faizabad,,,15,64.19,48.59,,54567,4.41,,,,,,,,,,,,,,FALSE,,,,,,,Lok Sabha Election (GE)
Uttar_Pradesh,,54,2024,6,,,2,LALLU SINGH,,BJP,499722,,1238538,1929399,Faizabad,,,15,64.19,43.81,,,,,,,,,,,,,,,,,TRUE,,,,,,,Lok Sabha Election (GE)
Uttar_Pradesh,,54,2024,6,,,3,SACHIDANAND PANDEY,,BSP,46407,,1238538,1929399,Faizabad,,,15,64.19,4.07,,,,,,,,,,,,,,,,,FALSE,,,,,,,Lok Sabha Election (GE)
Uttar_Pradesh,,54,2024,6,,,4,ARVIND SEN,,COMMUNIST_PARTY_OF_I,15367,,1238538,1929399,Faizabad,,,15,64.19,1.35,,,,,,,,,,,,,,,,,FALSE,,,,,,,Lok Sabha Election (GE)
Uttar_Pradesh,,54,2024,6,,,5,SUNIL KUMAR BHATT,,IND,3827,,1238538,1929399,Faizabad,,,15,64.19,0.34,,,,,,,,,,,,,,,,,FALSE,,,,,,,Lok Sabha Election (GE)
Uttar_Pradesh,,54,2024,6,,,6,KANCHAN YADAV,,MOULIK_ADHIKAR_PARTY,2666,,1238538,1929399,Faizabad,,,15,64.19,0.23,,,,,,,,,,,,,,,,,FALSE,,,,,,,Lok Sabha Election (GE)
Uttar_Pradesh,,54,2024,6,,,7,AMBRISH DEV GUPTA,,BHARAT_MAHAPARIVAR_P,2218,,1238538,1929399,Faizabad,,,15,64.19,0.19,,,,,,,,,,,,,,,,,FALSE,,,,,,,Lok Sabha Election (GE)
Uttar_Pradesh,,54,2024,6,,,8,FAREED SALMANI,,IND,1780,,1238538,1929399,Faizabad,,,15,64.19,0.16,,,,,,,,,,,,,,,,,FALSE,,,,,,,Lok Sabha Election (GE)
Uttar_Pradesh,,54,2024,6,,,9,LAL MANI URF L.M. TRIPATHI (BHAI SAHAB),,IND,1717,,1238538,1929399,Faizabad,,,15,64.19,0.15,,,,,,,,,,,,,,,,,FALSE,,,,,,,Lok Sabha Election (GE)
Uttar_Pradesh,,54,2024,6,,,10,ANIL KUMAR RAVAT,,RASHTRIYA_JANSHAKTI_,1638,,1238538,1929399,Faizabad,,,15,64.19,0.14,,,,,,,,,,,,,,,,,FALSE,,,,,,,Lok Sabha Election (GE)
Uttar_Pradesh,,54,2024,6,,,11,JAGAT SINGH,,IND,1254,,1238538,1929399,Faizabad,,,15,64.19,0.11,,,,,,,,,,,,,,,,,FALSE,,,,,,,Lok Sabha Election (GE)
Uttar_Pradesh,,54,2024,6,,,12,BRAJENDRA DUTT TRIPATHI URF B. D. TRIPATHI,,ADARSHWAADI_CONGRESS,1173,,1238538,1929399,Faizabad,,,15,64.19,0.1,,,,,,,,,,,,,,,,,FALSE,,,,,,,Lok Sabha Election (GE)
Uttar_Pradesh,,54,2024,6,,,13,ARUN KUMAR,,IND,1067,,1238538,1929399,Faizabad,,,15,64.19,0.09,,,,,,,,,,,,,,,,,FALSE,,,,,,,Lok Sabha Election (GE)
Uttar_Pradesh,,54,2024,6,,,14,NOTA,,NONE_OF_THE_ABOVE,7536,,1238538,1929399,Faizabad,,,15,64.19,0.66,,,,,,,,,,,,,,,,,FALSE,,,,,,,Lok Sabha Election (GE)
Uttar_Pradesh,,54,2024,6,,,15,NOTA,,NOTA,97877,,1238538,1929399,Faizabad,,,15,64.19,7.9,,,,,,,,,,,,,,,,,,,,,,,,Lok Sabha Election (GE)
Uttar_Pradesh,,55,2024,6,,,1,LALJI VERMA,,SP,544959,,1236494,1913756,Ambedkar Nagar,,,10,64.61,46.3,,137247,11.1,,,,,,,,,,,,,,FALSE,,,,,,,Lok Sabha Election (GE)
Uttar_Pradesh,,55,2024,6,,,2,RITESH PANDEY,,BJP,407712,,1236494,1913756,Ambedkar Nagar,,,10,64.61,34.64,,,,,,,,,,,,,,,,,TRUE,,,,,,,Lok Sabha Election (GE)
Uttar_Pradesh,,55,2024,6,,,3,QAMAR HAYAT,,BSP,199499,,1236494,1913756,Ambedkar Nagar,,,10,64.61,16.95,,,,,,,,,,,,,,,,,FALSE,,,,,,,Lok Sabha Election (GE)
Uttar_Pradesh,,55,2024,6,,,4,NEELAM SINGH,,MOOLNIWASI_SAMAJ_PAR,4331,,1236494,1913756,Ambedkar Nagar,,,10,64.61,0.37,,,,,,,,,,,,,,,,,FALSE,,,,,,,Lok Sabha Election (GE)
Uttar_Pradesh,,55,2024,6,,,5,SHABANA KHATOON,,PEACE_PARTY,3990,,1236494,1913756,Ambedkar Nagar,,,10,64.61,0.34,,,,,,,,,,,,,,,,,FALSE,,,,,,,Lok Sabha Election (GE)
Uttar_Pradesh,,55,2024,6,,,6,JAVED AHMAD SIDDIQUI,,IND,3860,,1236494,1913756,Ambedkar Nagar,,,10,64.61,0.33,,,,,,,,,,,,,,,,,FALSE,,,,,,,Lok Sabha Election (GE)
Uttar_Pradesh,,55,2024,6,,,7,RAM NARESH PRAJAPATI,,BHAGIDARI_PARTY(P),3413,,1236494,1913756,Ambedkar Nagar,,,10,64.61,0.29,,,,,,,,,,,,,,,,,FALSE,,,,,,,Lok Sabha Election (GE)
Uttar_Pradesh,,55,2024,6,,,8,VIVEK KUMAR,,BHARTIYA_SHAKTI_CHET,1850,,1236494,1913756,Ambedkar Nagar,,,10,64.61,0.16,,,,,,,,,,,,,,,,,FALSE,,,,,,,Lok Sabha Election (GE)
Uttar_Pradesh,,55,2024,6,,,9,NOTA,,NONE_OF_THE_ABOVE,7448,,1236494,1913756,Ambedkar Nagar,,,10,64.61,0.63,,,,,,,,,,,,,,,,,FALSE,,,,,,,Lok Sabha Election (GE)
Uttar_Pradesh,,55,2024,6,,,10,NOTA,,NOTA,59432,,1236494,1913756,Ambedkar Nagar,,,10,64.61,4.81,,,,,,,,,,,,,,,,,,,,,,,,Lok Sabha Election (GE)
Uttar_Pradesh,,56,2024,6,,,1,ANAND KUMAR,,BJP,518802,,1185186,1839281,Baharaich,,,12,64.44,49.1,,64227,5.42,,,,,,,,,,,,,,FALSE,,,,,,,Lok Sabha Election (GE)
Uttar_Pradesh,,56,2024,6,,,2,RAMESH CHANDRA,,SP,454575,,1185186,1839281,Baharaich,,,12,64.44,43.02,,,,,,,,,,,,,,,,,FALSE,,,,,,,Lok Sabha Election (GE)
Uttar_Pradesh,,56,2024,6,,,3,DR. BRIJESH KUMAR,,BSP,50448,,1185186,1839281,Baharaich,,,12,64.44,4.77,,,,,,,,,,,,,,,,,FALSE,,,,,,,Lok Sabha Election (GE)
Uttar_Pradesh,,56,2024,6,,,4,ARVIND KUMAR,,BHARTIYA_AWAM_PARTY_,6160,,1185186,1839281,Baharaich,,,12,64.44,0.58,,,,,,,,,,,,,,,,,FALSE,,,,,,,Lok Sabha Election (GE)
Uttar_Pradesh,,56,2024,6,,,5,RAMESH BALMIKI,,IND,3227,,1185186,1839281,Baharaich,,,12,64.44,0.31,,,,,,,,,,,,,,,,,FALSE,,,,,,,Lok Sabha Election (GE)
Uttar_Pradesh,,56,2024,6,,,6,BECHULAL,,IND,2920,,1185186,1839281,Baharaich,,,12,64.44,0.28,,,,,,,,,,,,,,,,,FALSE,,,,,,,Lok Sabha Election (GE)
Uttar_Pradesh,,56,2024,6,,,7,JANARDAN GOND,,IND,2673,,1185186,1839281,Baharaich,,,12,64.44,0.25,,,,,,,,,,,,,,,,,FALSE,,,,,,,Lok Sabha Election (GE)
Uttar_Pradesh,,56,2024,6,,,8,RAM MILAN,,SARDAR_PATEL_SIDDHAN,1699,,1185186,1839281,Baharaich,,,12,64.44,0.16,,,,,,,,,,,,,,,,,FALSE,,,,,,,Lok Sabha Election (GE)
Uttar_Pradesh,,56,2024,6,,,9,RINKU SAHANI,,RASHTRA_DHARAK_DAL,1683,,1185186,1839281,Baharaich,,,12,64.44,0.16,,,,,,,,,,,,,,,,,FALSE,,,,,,,Lok Sabha Election (GE)
Uttar_Pradesh,,56,2024,6,,,10,JAGRAM,,IND,1515,,1185186,1839281,Baharaich,,,12,64.44,0.14,,,,,,,,,,,,,,,,,FALSE,,,,,,,Lok Sabha Election (GE)
Uttar_Pradesh,,56,2024,6,,,11,NOTA,,NONE_OF_THE_ABOVE,12864,,1185186,1839281,Baharaich,,,12,64.44,1.22,,,,,,,,,,,,,,,,,FALSE,,,,,,,Lok Sabha Election (GE)
Uttar_Pradesh,,56,2024,6,,,12,NOTA,,NOTA,128620,,1185186,1839281,Baharaich,,,12,64.44,10.85,,,,,,,,,,,,,,,,,,,,,,,,Lok Sabha Election (GE)
Uttar_Pradesh,,57,2024,6,,,1,KARAN BHUSHAN SINGH,,BJP,571263,,1121587,1906032,Kaiserganj,,,6,58.84,53.79,,148843,13.27,,,,,,,,,,,,,,FALSE,,,,,,,Lok Sabha Election (GE)
Uttar_Pradesh,,57,2024,6,,,2,BHAGAT RAM,,SP,422420,,1121587,1906032,Kaiserganj,,,6,58.84,39.77,,,,,,,,,,,,,,,,,FALSE,,,,,,,Lok Sabha Election (GE)
Uttar_Pradesh,,57,2024,6,,,3,NARENDRA PANDEY,,BSP,44279,,1121587,1906032,Kaiserganj,,,6,58.84,4.17,,,,,,,,,,,,,,,,,FALSE,,,,,,,Lok Sabha Election (GE)
Uttar_Pradesh,,57,2024,6,,,4,ARUNIMA PANDEY,,IND,9250,,1121587,1906032,Kaiserganj,,,6,58.84,0.87,,,,,,,,,,,,,,,,,FALSE,,,,,,,Lok Sabha Election (GE)
Uttar_Pradesh,,57,2024,6,,,5,NOTA,,NONE_OF_THE_ABOVE,14887,,1121587,1906032,Kaiserganj,,,6,58.84,1.4,,,,,,,,,,,,,,,,,FALSE,,,,,,,Lok Sabha Election (GE)
Uttar_Pradesh,,57,2024,6,,,6,NOTA,,NOTA,59488,,1121587,1906032,Kaiserganj,,,6,58.84,5.3,,,,,,,,,,,,,,,,,,,,,,,,Lok Sabha Election (GE)
Uttar_Pradesh,,58,2024,6,,,1,RAM SHIROMANI VERMA,,SP,511055,,1164992,1980743,Shrawasti,,,14,58.82,48.83,,76673,6.58,,,,,,,,,,,,,,FALSE,,,,,,,Lok Sabha Election (GE)
Uttar_Pradesh,,58,2024,6,,,2,SAKET MISRA,,BJP,434382,,1164992,1980743,Shrawasti,,,14,58.82,41.51,,,,,,,,,,,,,,,,,FALSE,,,,,,,Lok Sabha Election (GE)
Uttar_Pradesh,,58,2024,6,,,3,MUINUDDIN AHAMAD KHAN URF HAZI DADDAN KHAN,,BSP,56251,,1164992,1980743,Shrawasti,,,14,58.82,5.38,,,,,,,,,,,,,,,,,FALSE,,,,,,,Lok Sabha Election (GE)
Uttar_Pradesh,,58,2024,6,,,4,AHMAD JIYA KHAN,,PEACE_PARTY,15630,,1164992,1980743,Shrawasti,,,14,58.82,1.49,,,,,,,,,,,,,,,,,FALSE,,,,,,,Lok Sabha Election (GE)
Uttar_Pradesh,,58,2024,6,,,5,SHANTI DEVI,,IND,4011,,1164992,1980743,Shrawasti,,,14,58.82,0.38,,,,,,,,,,,,,,,,,FALSE,,,,,,,Lok Sabha Election (GE)
Uttar_Pradesh,,58,2024,6,,,6,SUJEET KUMAR,,IND,3946,,1164992,1980743,Shrawasti,,,14,58.82,0.38,,,,,,,,,,,,,,,,,FALSE,,,,,,,Lok Sabha Election (GE)
Uttar_Pradesh,,58,2024,6,,,7,YUGAL KISHOR SHUKLA,,AAM_JANTA_PARTY_(IND,2673,,1164992,1980743,Shrawasti,,,14,58.82,0.26,,,,,,,,,,,,,,,,,FALSE,,,,,,,Lok Sabha Election (GE)
Uttar_Pradesh,,58,2024,6,,,8,KRISHNA KUMAR MAURYA,,SAMYAK_PARTY,2267,,1164992,1980743,Shrawasti,,,14,58.82,0.22,,,,,,,,,,,,,,,,,FALSE,,,,,,,Lok Sabha Election (GE)
Uttar_Pradesh,,58,2024,6,,,9,MALIK RAM,,IND,2113,,1164992,1980743,Shrawasti,,,14,58.82,0.2,,,,,,,,,,,,,,,,,FALSE,,,,,,,Lok Sabha Election (GE)
Uttar_Pradesh,,58,2024,6,,,10,ANIL KUMAR TIWARI,,IND,1514,,1164992,1980743,Shrawasti,,,14,58.82,0.14,,,,,,,,,,,,,,,,,FALSE,,,,,,,Lok Sabha Election (GE)
Uttar_Pradesh,,58,2024,6,,,11,HANUMAN PRASAD MISHRA,,KISAN_MAZDOOR_SANGHA,1495,,1164992,1980743,Shrawasti,,,14,58.82,0.14,,,,,,,,,,,,,,,,,FALSE,,,,,,,Lok Sabha Election (GE)
Uttar_Pradesh,,58,2024,6,,,12,KUMARI GEETA GAUTAM,,RASHTRIYA_JANTA_PART,1319,,1164992,1980743,Shrawasti,,,14,58.82,0.13,,,,,,,,,,,,,,,,,FALSE,,,,,,,Lok Sabha Election (GE)
Uttar_Pradesh,,58,2024,6,,,13,NOTA,,NONE_OF_THE_ABOVE,9872,,1164992,1980743,Shrawasti,,,14,58.82,0.94,,,,,,,,,,,,,,,,,FALSE,,,,,,,Lok Sabha Election (GE)
Uttar_Pradesh,,58,2024,6,,,14,NOTA,,NOTA,118464,,1164992,1980743,Shrawasti,,,14,58.82,10.17,,,,,,,,,,,,,,,,,,,,,,,,Lok Sabha Election (GE)
Uttar_Pradesh,,59,2024,6,,,1,KIRTIVARDHAN SINGH,,BJP,474258,,1025268,1843873,Gonda,,,10,55.6,49.77,,46224,4.51,,,,,,,,,,,,,,FALSE,,,,,,,Lok Sabha Election (GE)
Uttar_Pradesh,,59,2024,6,,,2,SHREYA VERMA,,SP,428034,,1025268,1843873,Gonda,,,10,55.6,44.92,,,,,,,,,,,,,,,,,FALSE,,,,,,,Lok Sabha Election (GE)
Uttar_Pradesh,,59,2024,6,,,3,SAURABH,,BSP,29429,,1025268,1843873,Gonda,,,10,55.6,3.09,,,,,,,,,,,,,,,,,FALSE,,,,,,,Lok Sabha Election (GE)
Uttar_Pradesh,,59,2024,6,,,4,RAM UJAGAR,,IND,3535,,1025268,1843873,Gonda,,,10,55.6,0.37,,,,,,,,,,,,,,,,,FALSE,,,,,,,Lok Sabha Election (GE)
Uttar_Pradesh,,59,2024,6,,,5,ARUNIMA PANDEY,,IND,3073,,1025268,1843873,Gonda,,,10,55.6,0.32,,,,,,,,,,,,,,,,,FALSE,,,,,,,Lok Sabha Election (GE)
Uttar_Pradesh,,59,2024,6,,,6,RAGHAVENDRA,,BHARTIYA_SHAKTI_CHET,2028,,1025268,1843873,Gonda,,,10,55.6,0.21,,,,,,,,,,,,,,,,,FALSE,,,,,,,Lok Sabha Election (GE)
Uttar_Pradesh,,59,2024,6,,,7,RAJKUMAR,,IND,1989,,1025268,1843873,Gonda,,,10,55.6,0.21,,,,,,,,,,,,,,,,,FALSE,,,,,,,Lok Sabha Election (GE)
Uttar_Pradesh,,59,2024,6,,,8,VINOD KUMAR SINGH,,BHARTIYA_UDAY_NIRMAN,1483,,1025268,1843873,Gonda,,,10,55.6,0.16,,,,,,,,,,,,,,,,,FALSE,,,,,,,Lok Sabha Election (GE)
Uttar_Pradesh,,59,2024,6,,,9,NOTA,,NONE_OF_THE_ABOVE,9055,,1025268,1843873,Gonda,,,10,55.6,0.95,,,,,,,,,,,,,,,,,FALSE,,,,,,,Lok Sabha Election (GE)
Uttar_Pradesh,,59,2024,6,,,10,NOTA,,NOTA,72384,,1025268,1843873,Gonda,,,10,55.6,7.06,,,,,,,,,,,,,,,,,,,,,,,,Lok Sabha Election (GE)
Uttar_Pradesh,,60,2024,6,,,1,JAGDAMBIKA PAL,,BJP,463303,,1075551,1962205,Domariyaganj,,,8,54.81,45.47,,42728,3.97,,,,,,,,,,,,,,TRUE,,,,,,,Lok Sabha Election (GE)
Uttar_Pradesh,,60,2024,6,,,2,BHISHMA SHANKAR ALIAS KUSHAL TIWARI,,SP,420575,,1075551,1962205,Domariyaganj,,,8,54.81,41.27,,,,,,,,,,,,,,,,,FALSE,,,,,,,Lok Sabha Election (GE)
Uttar_Pradesh,,60,2024,6,,,3,AMAR SINGH CHAUDHARY,,AAZAD_SAMAJ_PARTY_(K,81305,,1075551,1962205,Domariyaganj,,,8,54.81,7.98,,,,,,,,,,,,,,,,,FALSE,,,,,,,Lok Sabha Election (GE)
Uttar_Pradesh,,60,2024,6,,,4,MD. NADEEM,,BSP,35936,,1075551,1962205,Domariyaganj,,,8,54.81,3.53,,,,,,,,,,,,,,,,,FALSE,,,,,,,Lok Sabha Election (GE)
Uttar_Pradesh,,60,2024,6,,,5,NAUSHAD AZAM,,PEACE_PARTY,5138,,1075551,1962205,Domariyaganj,,,8,54.81,0.5,,,,,,,,,,,,,,,,,FALSE,,,,,,,Lok Sabha Election (GE)
Uttar_Pradesh,,60,2024,6,,,6,KIRAN DEVI,,IND,3261,,1075551,1962205,Domariyaganj,,,8,54.81,0.32,,,,,,,,,,,,,,,,,FALSE,,,,,,,Lok Sabha Election (GE)
Uttar_Pradesh,,60,2024,6,,,7,NOTA,,NONE_OF_THE_ABOVE,9447,,1075551,1962205,Domariyaganj,,,8,54.81,0.93,,,,,,,,,,,,,,,,,FALSE,,,,,,,Lok Sabha Election (GE)
Uttar_Pradesh,,60,2024,6,,,8,NOTA,,NOTA,56586,,1075551,1962205,Domariyaganj,,,8,54.81,5.26,,,,,,,,,,,,,,,,,,,,,,,,Lok Sabha Election (GE)
Uttar_Pradesh,,61,2024,6,,,1,RAM PRASAD CHAUDHARY,,SP,527005,,1152548,1904843,Basti,,,11,60.51,48.67,,100994,8.76,,,,,,,,,,,,,,FALSE,,,,,,,Lok Sabha Election (GE)
Uttar_Pradesh,,61,2024,6,,,2,HARISH CHANDRA ALIAS HARISH DWIVEDI,,BJP,426011,,1152548,1904843,Basti,,,11,60.51,39.34,,,,,,,,,,,,,,,,,TRUE,,,,,,,Lok Sabha Election (GE)
Uttar_Pradesh,,61,2024,6,,,3,LAVKUSH PATEL,,BSP,103301,,1152548,1904843,Basti,,,11,60.51,9.54,,,,,,,,,,,,,,,,,FALSE,,,,,,,Lok Sabha Election (GE)
Uttar_Pradesh,,61,2024,6,,,4,PANKAJ DUBEY,,LOG_PARTY,4627,,1152548,1904843,Basti,,,11,60.51,0.43,,,,,,,,,,,,,,,,,FALSE,,,,,,,Lok Sabha Election (GE)
Uttar_Pradesh,,61,2024,6,,,5,PREM KUMAR,,MOULIK_ADHIKAR_PARTY,3611,,1152548,1904843,Basti,,,11,60.51,0.33,,,,,,,,,,,,,,,,,FALSE,,,,,,,Lok Sabha Election (GE)
Uttar_Pradesh,,61,2024,6,,,6,HAFIZ ALI,,ALL_INDIA_FORWARD_BL,2988,,1152548,1904843,Basti,,,11,60.51,0.28,,,,,,,,,,,,,,,,,FALSE,,,,,,,Lok Sabha Election (GE)
Uttar_Pradesh,,61,2024,6,,,7,RAM KARAN GAUTAM,,IND,2645,,1152548,1904843,Basti,,,11,60.51,0.24,,,,,,,,,,,,,,,,,FALSE,,,,,,,Lok Sabha Election (GE)
Uttar_Pradesh,,61,2024,6,,,8,PRAMOD KUMAR,,IND,2557,,1152548,1904843,Basti,,,11,60.51,0.24,,,,,,,,,,,,,,,,,FALSE,,,,,,,Lok Sabha Election (GE)
Uttar_Pradesh,,61,2024,6,,,9,SHAILENDRA KUMAR,,BHARAT_MAHAPARIVAR_P,2364,,1152548,1904843,Basti,,,11,60.51,0.22,,,,,,,,,,,,,,,,,FALSE,,,,,,,Lok Sabha Election (GE)
Uttar_Pradesh,,61,2024,6,,,10,NOTA,,NONE_OF_THE_ABOVE,7761,,1152548,1904843,Basti,,,11,60.51,0.72,,,,,,,,,,,,,,,,,FALSE,,,,,,,Lok Sabha Election (GE)
Uttar_Pradesh,,61,2024,6,,,11,NOTA,,NOTA,69678,,1152548,1904843,Basti,,,11,60.51,6.05,,,,,,,,,,,,,,,,,,,,,,,,Lok Sabha Election (GE)
Uttar_Pradesh,,62,2024,6,,,1,LAXMIKANT PAPPU NISHAD,,SP,498695,,1192512,2076050,Sant Kabir Nagar,,,13,57.44,45.7,,92170,7.73,,,,,,,,,,,,,,FALSE,,,,,,,Lok Sabha Election (GE)
Uttar_Pradesh,,62,2024,6,,,2,PRAVIN KUMAR NISHAD,,BJP,406525,,1192512,2076050,Sant Kabir Nagar,,,13,57.44,37.25,,,,,,,,,,,,,,,,,FALSE,,,,,,,Lok Sabha Election (GE)
Uttar_Pradesh,,62,2024,6,,,3,NADEEM ASHRAF,,BSP,150812,,1192512,2076050,Sant Kabir Nagar,,,13,57.44,13.82,,,,,,,,,,,,,,,,,FALSE,,,,,,,Lok Sabha Election (GE)
Uttar_Pradesh,,62,2024,6,,,4,DHEERAJ SRIVASTAV,,PRAGATISHEEL_SAMAJ_P,5140,,1192512,2076050,Sant Kabir Nagar,,,13,57.44,0.47,,,,,,,,,,,,,,,,,FALSE,,,,,,,Lok Sabha Election (GE)
Uttar_Pradesh,,62,2024,6,,,5,RAM KRISHNA DWIVEDI,,IND,4509,,1192512,2076050,Sant Kabir Nagar,,,13,57.44,0.41,,,,,,,,,,,,,,,,,FALSE,,,,,,,Lok Sabha Election (GE)
Uttar_Pradesh,,62,2024,6,,,6,SATYVANT PRATAP SINGH,,IND,4358,,1192512,2076050,Sant Kabir Nagar,,,13,57.44,0.4,,,,,,,,,,,,,,,,,FALSE,,,,,,,Lok Sabha Election (GE)
Uttar_Pradesh,,62,2024,6,,,7,KULDEEP,,SARDAR_PATEL_SIDDHAN,3595,,1192512,2076050,Sant Kabir Nagar,,,13,57.44,0.33,,,,,,,,,,,,,,,,,FALSE,,,,,,,Lok Sabha Election (GE)
Uttar_Pradesh,,62,2024,6,,,8,MITRASEN,,IND,2544,,1192512,2076050,Sant Kabir Nagar,,,13,57.44,0.23,,,,,,,,,,,,,,,,,FALSE,,,,,,,Lok Sabha Election (GE)
Uttar_Pradesh,,62,2024,6,,,9,RAJENDRA YADAV URF COLONEL SAHAB,,SARVJAN_AWAZ_PARTY,2239,,1192512,2076050,Sant Kabir Nagar,,,13,57.44,0.21,,,,,,,,,,,,,,,,,FALSE,,,,,,,Lok Sabha Election (GE)
Uttar_Pradesh,,62,2024,6,,,10,ANAND KUMAR GAUTAM,,IND,1850,,1192512,2076050,Sant Kabir Nagar,,,13,57.44,0.17,,,,,,,,,,,,,,,,,FALSE,,,,,,,Lok Sabha Election (GE)
Uttar_Pradesh,,62,2024,6,,,11,SUBHASH CHANDRA DUBEY,,NAKI_BHARATIYA_EKTA_,1708,,1192512,2076050,Sant Kabir Nagar,,,13,57.44,0.16,,,,,,,,,,,,,,,,,FALSE,,,,,,,Lok Sabha Election (GE)
Uttar_Pradesh,,62,2024,6,,,12,NOTA,,NONE_OF_THE_ABOVE,9227,,1192512,2076050,Sant Kabir Nagar,,,13,57.44,0.85,,,,,,,,,,,,,,,,,FALSE,,,,,,,Lok Sabha Election (GE)
Uttar_Pradesh,,62,2024,6,,,13,NOTA,,NOTA,101310,,1192512,2076050,Sant Kabir Nagar,,,13,57.44,8.5,,,,,,,,,,,,,,,,,,,,,,,,Lok Sabha Election (GE)
Uttar_Pradesh,,63,2024,6,,,1,PANKAJ CHAUDHARY,,BJP,591310,,1288291,2007065,Maharajganj,,,10,64.19,48.85,,35451,2.75,,,,,,,,,,,,,,FALSE,,,,,,,Lok Sabha Election (GE)
Uttar_Pradesh,,63,2024,6,,,2,VIRENDRA CHAUDHARY,,INC,555859,,1288291,2007065,Maharajganj,,,10,64.19,45.92,,,,,,,,,,,,,,,,,FALSE,,,,,,,Lok Sabha Election (GE)
Uttar_Pradesh,,63,2024,6,,,3,MO MAUSME ALAM,,BSP,32955,,1288291,2007065,Maharajganj,,,10,64.19,2.72,,,,,,,,,,,,,,,,,FALSE,,,,,,,Lok Sabha Election (GE)
Uttar_Pradesh,,63,2024,6,,,4,BRIJESH,,ABHAY_SAMAJ_PARTY,8583,,1288291,2007065,Maharajganj,,,10,64.19,0.71,,,,,,,,,,,,,,,,,FALSE,,,,,,,Lok Sabha Election (GE)
Uttar_Pradesh,,63,2024,6,,,5,CHHEDI MAJDOOR,,IND,3834,,1288291,2007065,Maharajganj,,,10,64.19,0.32,,,,,,,,,,,,,,,,,FALSE,,,,,,,Lok Sabha Election (GE)
Uttar_Pradesh,,63,2024,6,,,6,RAMPRIT,,IND,3029,,1288291,2007065,Maharajganj,,,10,64.19,0.25,,,,,,,,,,,,,,,,,FALSE,,,,,,,Lok Sabha Election (GE)
Uttar_Pradesh,,63,2024,6,,,7,SUNIL,,IND,2718,,1288291,2007065,Maharajganj,,,10,64.19,0.22,,,,,,,,,,,,,,,,,FALSE,,,,,,,Lok Sabha Election (GE)
Uttar_Pradesh,,63,2024,6,,,8,VINOD KUMAR PATEL,,SARDAR_PATEL_SIDDHAN,2418,,1288291,2007065,Maharajganj,,,10,64.19,0.2,,,,,,,,,,,,,,,,,FALSE,,,,,,,Lok Sabha Election (GE)
Uttar_Pradesh,,63,2024,6,,,9,NOTA,,NONE_OF_THE_ABOVE,9745,,1288291,2007065,Maharajganj,,,10,64.19,0.81,,,,,,,,,,,,,,,,,FALSE,,,,,,,Lok Sabha Election (GE)
Uttar_Pradesh,,63,2024,6,,,10,NOTA,,NOTA,77840,,1288291,2007065,Maharajganj,,,10,64.19,6.04,,,,,,,,,,,,,,,,,,,,,,,,Lok Sabha Election (GE)
Uttar_Pradesh,,64,2024,6,,,1,RAVINDRA SHUKLA ALIAS RAVI KISHAN,,BJP,585834,,1253889,2101746,Gorakhpur,,,15,59.66,50.75,,103526,8.26,,,,,,,,,,,,,,TRUE,,,,,,,Lok Sabha Election (GE)
Uttar_Pradesh,,64,2024,6,,,2,KAJAL NISHAD,,SP,482308,,1253889,2101746,Gorakhpur,,,15,59.66,41.78,,,,,,,,,,,,,,,,,FALSE,,,,,,,Lok Sabha Election (GE)
Uttar_Pradesh,,64,2024,6,,,3,JAVED ASHRAF ALIAS JAVED SIMNANI,,BSP,55781,,1253889,2101746,Gorakhpur,,,15,59.66,4.83,,,,,,,,,,,,,,,,,FALSE,,,,,,,Lok Sabha Election (GE)
Uttar_Pradesh,,64,2024,6,,,4,ANAND KUMAR YADAV ALIAS ANAND KUMAR FAUJI,,BHARATHEEYA_JAWAN_KI,4955,,1253889,2101746,Gorakhpur,,,15,59.66,0.43,,,,,,,,,,,,,,,,,FALSE,,,,,,,Lok Sabha Election (GE)
Uttar_Pradesh,,64,2024,6,,,5,PINTU SAHANI,,IND,4032,,1253889,2101746,Gorakhpur,,,15,59.66,0.35,,,,,,,,,,,,,,,,,FALSE,,,,,,,Lok Sabha Election (GE)
Uttar_Pradesh,,64,2024,6,,,6,SHIVSHANKAR PRAJAPATI,,BHAGIDARI_PARTY(P),2635,,1253889,2101746,Gorakhpur,,,15,59.66,0.23,,,,,,,,,,,,,,,,,FALSE,,,,,,,Lok Sabha Election (GE)
Uttar_Pradesh,,64,2024,6,,,7,SUDHANSHU,,IND,2395,,1253889,2101746,Gorakhpur,,,15,59.66,0.21,,,,,,,,,,,,,,,,,FALSE,,,,,,,Lok Sabha Election (GE)
Uttar_Pradesh,,64,2024,6,,,8,SANJAY SINGH RANA,,BHARTIYA_SARVDHARM_P,2012,,1253889,2101746,Gorakhpur,,,15,59.66,0.17,,,,,,,,,,,,,,,,,FALSE,,,,,,,Lok Sabha Election (GE)
Uttar_Pradesh,,64,2024,6,,,9,NAFEES AKHTAR,,IND,1880,,1253889,2101746,Gorakhpur,,,15,59.66,0.16,,,,,,,,,,,,,,,,,FALSE,,,,,,,Lok Sabha Election (GE)
Uttar_Pradesh,,64,2024,6,,,10,ANKIT SHAH,,BHARATIYA_YUVA_JAN_E,1874,,1253889,2101746,Gorakhpur,,,15,59.66,0.16,,,,,,,,,,,,,,,,,FALSE,,,,,,,Lok Sabha Election (GE)
Uttar_Pradesh,,64,2024,6,,,11,AMITA BHARATI,,IND,1364,,1253889,2101746,Gorakhpur,,,15,59.66,0.12,,,,,,,,,,,,,,,,,FALSE,,,,,,,Lok Sabha Election (GE)
Uttar_Pradesh,,64,2024,6,,,12,SONU RAI,,MERA_ADHIKAAR_RASHTR,898,,1253889,2101746,Gorakhpur,,,15,59.66,0.08,,,,,,,,,,,,,,,,,FALSE,,,,,,,Lok Sabha Election (GE)
Uttar_Pradesh,,64,2024,6,,,13,SHRIRAM PRASAD,,AL-HIND_PARTY,764,,1253889,2101746,Gorakhpur,,,15,59.66,0.07,,,,,,,,,,,,,,,,,FALSE,,,,,,,Lok Sabha Election (GE)
Uttar_Pradesh,,64,2024,6,,,14,NOTA,,NONE_OF_THE_ABOVE,7681,,1253889,2101746,Gorakhpur,,,15,59.66,0.67,,,,,,,,,,,,,,,,,FALSE,,,,,,,Lok Sabha Election (GE)
Uttar_Pradesh,,64,2024,6,,,15,NOTA,,NOTA,99476,,1253889,2101746,Gorakhpur,,,15,59.66,7.93,,,,,,,,,,,,,,,,,,,,,,,,Lok Sabha Election (GE)
Uttar_Pradesh,,65,2024,6,,,1,VIJAY KUMAR DUBAY,,BJP,516345,,1168449,1876962,Kushi Nagar,,,11,62.25,47.79,,81790,7,,,,,,,,,,,,,,FALSE,,,,,,,Lok Sabha Election (GE)
Uttar_Pradesh,,65,2024,6,,,2,AJAY PRATAP SINGH URF PINTU SAITHWAR,,SP,434555,,1168449,1876962,Kushi Nagar,,,11,62.25,40.22,,,,,,,,,,,,,,,,,FALSE,,,,,,,Lok Sabha Election (GE)
Uttar_Pradesh,,65,2024,6,,,3,SUBH NARAYAN CHAUHAN,,BSP,67208,,1168449,1876962,Kushi Nagar,,,11,62.25,6.22,,,,,,,,,,,,,,,,,FALSE,,,,,,,Lok Sabha Election (GE)
Uttar_Pradesh,,65,2024,6,,,4,SWAMI PRASAD MAURYA,,RASHTRIYA_SHOSHIT_SA,36575,,1168449,1876962,Kushi Nagar,,,11,62.25,3.39,,,,,,,,,,,,,,,,,FALSE,,,,,,,Lok Sabha Election (GE)
Uttar_Pradesh,,65,2024,6,,,5,HARIKESH,,AZAD_ADHIKAR_SENA,4097,,1168449,1876962,Kushi Nagar,,,11,62.25,0.38,,,,,,,,,,,,,,,,,FALSE,,,,,,,Lok Sabha Election (GE)
Uttar_Pradesh,,65,2024,6,,,6,RAMCHANDRA SINGH,,IND,3621,,1168449,1876962,Kushi Nagar,,,11,62.25,0.34,,,,,,,,,,,,,,,,,FALSE,,,,,,,Lok Sabha Election (GE)
Uttar_Pradesh,,65,2024,6,,,7,SUNIL KUMAR SHUKLA,,BHARTIYA_LOK_NAYAK_P,3532,,1168449,1876962,Kushi Nagar,,,11,62.25,0.33,,,,,,,,,,,,,,,,,FALSE,,,,,,,Lok Sabha Election (GE)
Uttar_Pradesh,,65,2024,6,,,8,AMIY UPADHYAY,,IND,2433,,1168449,1876962,Kushi Nagar,,,11,62.25,0.23,,,,,,,,,,,,,,,,,FALSE,,,,,,,Lok Sabha Election (GE)
Uttar_Pradesh,,65,2024,6,,,9,VEDPRAKASH MISHRA,,SUBHASHWADI_BHARTIYA,2335,,1168449,1876962,Kushi Nagar,,,11,62.25,0.22,,,,,,,,,,,,,,,,,FALSE,,,,,,,Lok Sabha Election (GE)
Uttar_Pradesh,,65,2024,6,,,10,NOTA,,NONE_OF_THE_ABOVE,9782,,1168449,1876962,Kushi Nagar,,,11,62.25,0.91,,,,,,,,,,,,,,,,,FALSE,,,,,,,Lok Sabha Election (GE)
Uttar_Pradesh,,65,2024,6,,,11,NOTA,,NOTA,87966,,1168449,1876962,Kushi Nagar,,,11,62.25,7.53,,,,,,,,,,,,,,,,,,,,,,,,Lok Sabha Election (GE)
Uttar_Pradesh,,66,2024,6,,,1,SHASHANK MANI,,BJP,504541,,1114729,1877227,Deoria,,,9,59.38,48.36,,34842,3.13,,,,,,,,,,,,,,FALSE,,,,,,,Lok Sabha Election (GE)
Uttar_Pradesh,,66,2024,6,,,2,AKHILESH PRATAP SINGH,,INC,469699,,1114729,1877227,Deoria,,,9,59.38,45.02,,,,,,,,,,,,,,,,,FALSE,,,,,,,Lok Sabha Election (GE)
Uttar_Pradesh,,66,2024,6,,,3,SANDESH,,BSP,45564,,1114729,1877227,Deoria,,,9,59.38,4.37,,,,,,,,,,,,,,,,,FALSE,,,,,,,Lok Sabha Election (GE)
Uttar_Pradesh,,66,2024,6,,,4,SATENDER KUMAR MALL,,IND,4158,,1114729,1877227,Deoria,,,9,59.38,0.4,,,,,,,,,,,,,,,,,FALSE,,,,,,,Lok Sabha Election (GE)
Uttar_Pradesh,,66,2024,6,,,5,MUKTINATH SINGH,,JANTA_SAMTA_PARTY,3264,,1114729,1877227,Deoria,,,9,59.38,0.31,,,,,,,,,,,,,,,,,FALSE,,,,,,,Lok Sabha Election (GE)
Uttar_Pradesh,,66,2024,6,,,6,AGAMSWAROOP,,RASHTRIYA_SAMANTA_DA,3182,,1114729,1877227,Deoria,,,9,59.38,0.3,,,,,,,,,,,,,,,,,FALSE,,,,,,,Lok Sabha Election (GE)
Uttar_Pradesh,,66,2024,6,,,7,RAFIK ANSARI,,IND,2688,,1114729,1877227,Deoria,,,9,59.38,0.26,,,,,,,,,,,,,,,,,FALSE,,,,,,,Lok Sabha Election (GE)
Uttar_Pradesh,,66,2024,6,,,8,NOTA,,NONE_OF_THE_ABOVE,10212,,1114729,1877227,Deoria,,,9,59.38,0.98,,,,,,,,,,,,,,,,,FALSE,,,,,,,Lok Sabha Election (GE)
Uttar_Pradesh,,66,2024,6,,,9,NOTA,,NOTA,71421,,1114729,1877227,Deoria,,,9,59.38,6.41,,,,,,,,,,,,,,,,,,,,,,,,Lok Sabha Election (GE)
Uttar_Pradesh,,67,2024,6,,,1,KAMLESH PASWAN,,BJP,428693,,1016811,1825711,Bansgaon,,,10,55.69,45.38,,3150,0.31,,,,,,,,,,,,,,TRUE,,,,,,,Lok Sabha Election (GE)
Uttar_Pradesh,,67,2024,6,,,2,SADAL PRASAD,,INC,425543,,1016811,1825711,Bansgaon,,,10,55.69,45.04,,,,,,,,,,,,,,,,,FALSE,,,,,,,Lok Sabha Election (GE)
Uttar_Pradesh,,67,2024,6,,,3,RAMSAMUJH,,BSP,64750,,1016811,1825711,Bansgaon,,,10,55.69,6.85,,,,,,,,,,,,,,,,,FALSE,,,,,,,Lok Sabha Election (GE)
Uttar_Pradesh,,67,2024,6,,,4,GAYA PRASAD,,IND,6638,,1016811,1825711,Bansgaon,,,10,55.69,0.7,,,,,,,,,,,,,,,,,FALSE,,,,,,,Lok Sabha Election (GE)
Uttar_Pradesh,,67,2024,6,,,5,SHRVAN KUMAR NIRALA,,IND,4142,,1016811,1825711,Bansgaon,,,10,55.69,0.44,,,,,,,,,,,,,,,,,FALSE,,,,,,,Lok Sabha Election (GE)
Uttar_Pradesh,,67,2024,6,,,6,HEERALAL,,IND,2597,,1016811,1825711,Bansgaon,,,10,55.69,0.27,,,,,,,,,,,,,,,,,FALSE,,,,,,,Lok Sabha Election (GE)
Uttar_Pradesh,,67,2024,6,,,7,MURLI DHAR,,IND,1745,,1016811,1825711,Bansgaon,,,10,55.69,0.18,,,,,,,,,,,,,,,,,FALSE,,,,,,,Lok Sabha Election (GE)
Uttar_Pradesh,,67,2024,6,,,8,RAJENDRA CHAUDHARI,,IND,1634,,1016811,1825711,Bansgaon,,,10,55.69,0.17,,,,,,,,,,,,,,,,,FALSE,,,,,,,Lok Sabha Election (GE)
Uttar_Pradesh,,67,2024,6,,,9,NOTA,,NONE_OF_THE_ABOVE,9021,,1016811,1825711,Bansgaon,,,10,55.69,0.95,,,,,,,,,,,,,,,,,FALSE,,,,,,,Lok Sabha Election (GE)
Uttar_Pradesh,,67,2024,6,,,10,NOTA,,NOTA,72048,,1016811,1825711,Bansgaon,,,10,55.69,7.09,,,,,,,,,,,,,,,,,,,,,,,,Lok Sabha Election (GE)
Uttar_Pradesh,,68,2024,6,,,1,DAROGA PRASAD SAROJ,,SP,439959,,1052963,1841110,Lalganj,,,9,57.19,43.85,,115023,10.92,,,,,,,,,,,,,,FALSE,,,,,,,Lok Sabha Election (GE)
Uttar_Pradesh,,68,2024,6,,,2,NEELAM SONKER,,BJP,324936,,1052963,1841110,Lalganj,,,9,57.19,32.38,,,,,,,,,,,,,,,,,FALSE,,,,,,,Lok Sabha Election (GE)
Uttar_Pradesh,,68,2024,6,,,3,INDU CHAUDHRI,,BSP,210053,,1052963,1841110,Lalganj,,,9,57.19,20.93,,,,,,,,,,,,,,,,,FALSE,,,,,,,Lok Sabha Election (GE)
Uttar_Pradesh,,68,2024,6,,,4,GANGADEEN,,COMMUNIST_PARTY_OF_I,12271,,1052963,1841110,Lalganj,,,9,57.19,1.22,,,,,,,,,,,,,,,,,FALSE,,,,,,,Lok Sabha Election (GE)
Uttar_Pradesh,,68,2024,6,,,5,BALINDAR,,JANTA_KRANTI_PARTY_(,4158,,1052963,1841110,Lalganj,,,9,57.19,0.41,,,,,,,,,,,,,,,,,FALSE,,,,,,,Lok Sabha Election (GE)
Uttar_Pradesh,,68,2024,6,,,6,SUSHMITA SAROJ,,IND,2626,,1052963,1841110,Lalganj,,,9,57.19,0.26,,,,,,,,,,,,,,,,,FALSE,,,,,,,Lok Sabha Election (GE)
Uttar_Pradesh,,68,2024,6,,,7,RAM PYARE SHARAN VIJAITA,,IND,2341,,1052963,1841110,Lalganj,,,9,57.19,0.23,,,,,,,,,,,,,,,,,FALSE,,,,,,,Lok Sabha Election (GE)
Uttar_Pradesh,,68,2024,6,,,8,NOTA,,NONE_OF_THE_ABOVE,7094,,1052963,1841110,Lalganj,,,9,57.19,0.71,,,,,,,,,,,,,,,,,FALSE,,,,,,,Lok Sabha Election (GE)
Uttar_Pradesh,,68,2024,6,,,9,NOTA,,NOTA,49525,,1052963,1841110,Lalganj,,,9,57.19,4.7,,,,,,,,,,,,,,,,,,,,,,,,Lok Sabha Election (GE)
Uttar_Pradesh,,69,2024,6,,,1,DHARMENDRA YADAV,,SP,508239,,1110419,1871946,Azamgarh,,,11,59.32,48.2,,161035,14.5,,,,,,,,,,,,,,FALSE,,,,,,,Lok Sabha Election (GE)
Uttar_Pradesh,,69,2024,6,,,2,DINESH LAL YADAV “NIRAHUA”,,BJP,347204,,1110419,1871946,Azamgarh,,,11,59.32,32.93,,,,,,,,,,,,,,,,,FALSE,,,,,,,Lok Sabha Election (GE)
Uttar_Pradesh,,69,2024,6,,,3,MASHHOD SABEEHA ANSARI,,BSP,179839,,1110419,1871946,Azamgarh,,,11,59.32,17.05,,,,,,,,,,,,,,,,,FALSE,,,,,,,Lok Sabha Election (GE)
Uttar_Pradesh,,69,2024,6,,,4,RAVINDRA NATH SHARMA,,MOULIK_ADHIKAR_PARTY,3042,,1110419,1871946,Azamgarh,,,11,59.32,0.29,,,,,,,,,,,,,,,,,FALSE,,,,,,,Lok Sabha Election (GE)
Uttar_Pradesh,,69,2024,6,,,5,PARAS YADAV,,JAN_RAAJYA_PARTY,2491,,1110419,1871946,Azamgarh,,,11,59.32,0.24,,,,,,,,,,,,,,,,,FALSE,,,,,,,Lok Sabha Election (GE)
Uttar_Pradesh,,69,2024,6,,,6,SHASHIDHAR,,IND,2232,,1110419,1871946,Azamgarh,,,11,59.32,0.21,,,,,,,,,,,,,,,,,FALSE,,,,,,,Lok Sabha Election (GE)
Uttar_Pradesh,,69,2024,6,,,7,MAHENDRA NATH YADAV,,MOOLNIWASI_SAMAJ_PAR,1905,,1110419,1871946,Azamgarh,,,11,59.32,0.18,,,,,,,,,,,,,,,,,FALSE,,,,,,,Lok Sabha Election (GE)
Uttar_Pradesh,,69,2024,6,,,8,VIJAY KUMAR,,IND,1735,,1110419,1871946,Azamgarh,,,11,59.32,0.16,,,,,,,,,,,,,,,,,FALSE,,,,,,,Lok Sabha Election (GE)
Uttar_Pradesh,,69,2024,6,,,9,PANKAJ KUMAR YADAV,,IND,1599,,1110419,1871946,Azamgarh,,,11,59.32,0.15,,,,,,,,,,,,,,,,,FALSE,,,,,,,Lok Sabha Election (GE)
Uttar_Pradesh,,69,2024,6,,,10,NOTA,,NONE_OF_THE_ABOVE,6234,,1110419,1871946,Azamgarh,,,11,59.32,0.59,,,,,,,,,,,,,,,,,FALSE,,,,,,,Lok Sabha Election (GE)
Uttar_Pradesh,,69,2024,6,,,11,NOTA,,NOTA,55899,,1110419,1871946,Azamgarh,,,11,59.32,5.03,,,,,,,,,,,,,,,,,,,,,,,,Lok Sabha Election (GE)
Uttar_Pradesh,,70,2024,6,,,1,RAJEEV RAI,,SP,503131,,1248226,2090637,Ghosi,,,30,59.71,43.73,,162943,13.05,,,,,,,,,,,,,,FALSE,,,,,,,Lok Sabha Election (GE)
Uttar_Pradesh,,70,2024,6,,,2,DR. ARVIND RAJBHAR,,SBSP,340188,,1248226,2090637,Ghosi,,,30,59.71,29.57,,,,,,,,,,,,,,,,,FALSE,,,,,,,Lok Sabha Election (GE)
Uttar_Pradesh,,70,2024,6,,,3,BALKRISHNA CHAUHAN,,BSP,209404,,1248226,2090637,Ghosi,,,30,59.71,18.2,,,,,,,,,,,,,,,,,FALSE,,,,,,,Lok Sabha Election (GE)
Uttar_Pradesh,,70,2024,6,,,4,LILAWATI RAJBHAR,,MOOLNIWASI_SAMAJ_PAR,47527,,1248226,2090637,Ghosi,,,30,59.71,4.13,,,,,,,,,,,,,,,,,FALSE,,,,,,,Lok Sabha Election (GE)
Uttar_Pradesh,,70,2024,6,,,5,PAWAN KUMAR CHAUHAN,,IND,7077,,1248226,2090637,Ghosi,,,30,59.71,0.62,,,,,,,,,,,,,,,,,FALSE,,,,,,,Lok Sabha Election (GE)
Uttar_Pradesh,,70,2024,6,,,6,VINOD KUMAR RAI,,COMMUNIST_PARTY_OF_I,6993,,1248226,2090637,Ghosi,,,30,59.71,0.61,,,,,,,,,,,,,,,,,FALSE,,,,,,,Lok Sabha Election (GE)
Uttar_Pradesh,,70,2024,6,,,7,ROLI GUPTA,,AKHIL_BHARTIYA_HAMAR,4225,,1248226,2090637,Ghosi,,,30,59.71,0.37,,,,,,,,,,,,,,,,,FALSE,,,,,,,Lok Sabha Election (GE)
Uttar_Pradesh,,70,2024,6,,,8,VIRENDRA,,RASHTRIYA_JANTANTRIK,2347,,1248226,2090637,Ghosi,,,30,59.71,0.2,,,,,,,,,,,,,,,,,FALSE,,,,,,,Lok Sabha Election (GE)
Uttar_Pradesh,,70,2024,6,,,9,VIJAY,,SOCIALIST_UNITY_CENT,2241,,1248226,2090637,Ghosi,,,30,59.71,0.19,,,,,,,,,,,,,,,,,FALSE,,,,,,,Lok Sabha Election (GE)
Uttar_Pradesh,,70,2024,6,,,10,AWADHESH KUMAR CHAUHAN,,JANTA_KRANTI_PARTY_(,2239,,1248226,2090637,Ghosi,,,30,59.71,0.19,,,,,,,,,,,,,,,,,FALSE,,,,,,,Lok Sabha Election (GE)
Uttar_Pradesh,,70,2024,6,,,11,SATISH CHAND PRAJAPATI FAUJI,,SAMAJHDAR_PARTY,1921,,1248226,2090637,Ghosi,,,30,59.71,0.17,,,,,,,,,,,,,,,,,FALSE,,,,,,,Lok Sabha Election (GE)
Uttar_Pradesh,,70,2024,6,,,12,MADAN RAJBHAR,,MANG_SAMAJ_PARTY,1905,,1248226,2090637,Ghosi,,,30,59.71,0.17,,,,,,,,,,,,,,,,,FALSE,,,,,,,Lok Sabha Election (GE)
Uttar_Pradesh,,70,2024,6,,,13,SAUDAGER,,IND,1892,,1248226,2090637,Ghosi,,,30,59.71,0.16,,,,,,,,,,,,,,,,,FALSE,,,,,,,Lok Sabha Election (GE)
Uttar_Pradesh,,70,2024,6,,,14,RAJENDRA RAM,,IND,1649,,1248226,2090637,Ghosi,,,30,59.71,0.14,,,,,,,,,,,,,,,,,FALSE,,,,,,,Lok Sabha Election (GE)
Uttar_Pradesh,,70,2024,6,,,15,YAKUB ANSARI,,PEACE_PARTY,1573,,1248226,2090637,Ghosi,,,30,59.71,0.14,,,,,,,,,,,,,,,,,FALSE,,,,,,,Lok Sabha Election (GE)
Uttar_Pradesh,,70,2024,6,,,16,PREM CHAND,,PRAGATISHEEL_MANAV_S,1561,,1248226,2090637,Ghosi,,,30,59.71,0.14,,,,,,,,,,,,,,,,,FALSE,,,,,,,Lok Sabha Election (GE)
Uttar_Pradesh,,70,2024,6,,,17,SANTOSH KUMAR GUPTA,,JANLOK_VIKAS_PARTY,1473,,1248226,2090637,Ghosi,,,30,59.71,0.13,,,,,,,,,,,,,,,,,FALSE,,,,,,,Lok Sabha Election (GE)
Uttar_Pradesh,,70,2024,6,,,18,JYOTIRMA PATHAK,,IND,1204,,1248226,2090637,Ghosi,,,30,59.71,0.1,,,,,,,,,,,,,,,,,FALSE,,,,,,,Lok Sabha Election (GE)
Uttar_Pradesh,,70,2024,6,,,19,BADRI NATH,,IND,1170,,1248226,2090637,Ghosi,,,30,59.71,0.1,,,,,,,,,,,,,,,,,FALSE,,,,,,,Lok Sabha Election (GE)
Uttar_Pradesh,,70,2024,6,,,20,PREMCHAND NAYAK,,IND,1117,,1248226,2090637,Ghosi,,,30,59.71,0.1,,,,,,,,,,,,,,,,,FALSE,,,,,,,Lok Sabha Election (GE)
Uttar_Pradesh,,70,2024,6,,,21,RAMNARESH YADAV,,JAN_RAAJYA_PARTY,885,,1248226,2090637,Ghosi,,,30,59.71,0.08,,,,,,,,,,,,,,,,,FALSE,,,,,,,Lok Sabha Election (GE)
Uttar_Pradesh,,70,2024,6,,,22,RAJIV KUMAR SINGH,,IND,857,,1248226,2090637,Ghosi,,,30,59.71,0.07,,,,,,,,,,,,,,,,,FALSE,,,,,,,Lok Sabha Election (GE)
Uttar_Pradesh,,70,2024,6,,,23,ISHWAR DAYAL SINGH SETH,,BHARTIYA_SABKA_DAL,841,,1248226,2090637,Ghosi,,,30,59.71,0.07,,,,,,,,,,,,,,,,,FALSE,,,,,,,Lok Sabha Election (GE)
Uttar_Pradesh,,70,2024,6,,,24,PRAGYESH KUMAR,,IND,818,,1248226,2090637,Ghosi,,,30,59.71,0.07,,,,,,,,,,,,,,,,,FALSE,,,,,,,Lok Sabha Election (GE)
Uttar_Pradesh,,70,2024,6,,,25,RAMVACHAN,,SARDAR_PATEL_SIDDHAN,773,,1248226,2090637,Ghosi,,,30,59.71,0.07,,,,,,,,,,,,,,,,,FALSE,,,,,,,Lok Sabha Election (GE)
Uttar_Pradesh,,70,2024,6,,,26,RAJENDRA AGRAWAL,,IND,730,,1248226,2090637,Ghosi,,,30,59.71,0.06,,,,,,,,,,,,,,,,,FALSE,,,,,,,Lok Sabha Election (GE)
Uttar_Pradesh,,70,2024,6,,,27,GOPAL SINGH,,AZAD_ADHIKAR_SENA,737,,1248226,2090637,Ghosi,,,30,59.71,0.06,,,,,,,,,,,,,,,,,FALSE,,,,,,,Lok Sabha Election (GE)
Uttar_Pradesh,,70,2024,6,,,28,ISMAIL ANSARI,,AAWAMI_PICHHADA_PART,594,,1248226,2090637,Ghosi,,,30,59.71,0.05,,,,,,,,,,,,,,,,,FALSE,,,,,,,Lok Sabha Election (GE)
Uttar_Pradesh,,70,2024,6,,,29,NOTA,,NONE_OF_THE_ABOVE,3518,,1248226,2090637,Ghosi,,,30,59.71,0.31,,,,,,,,,,,,,,,,,FALSE,,,,,,,Lok Sabha Election (GE)
Uttar_Pradesh,,70,2024,6,,,30,NOTA,,NOTA,97636,,1248226,2090637,Ghosi,,,30,59.71,7.82,,,,,,,,,,,,,,,,,,,,,,,,Lok Sabha Election (GE)
Uttar_Pradesh,,71,2024,6,,,1,RAMASHANKAR RAJBHAR,,SP,405472,,985042,1784412,Salempur,,,11,55.2,44.2,,3573,0.36,,,,,,,,,,,,,,FALSE,,,,,,,Lok Sabha Election (GE)
Uttar_Pradesh,,71,2024,6,,,2,RAVINDAR KUSHAWAHA,,BJP,401899,,985042,1784412,Salempur,,,11,55.2,43.81,,,,,,,,,,,,,,,,,FALSE,,,,,,,Lok Sabha Election (GE)
Uttar_Pradesh,,71,2024,6,,,3,BHIM RAJBHAR,,BSP,80599,,985042,1784412,Salempur,,,11,55.2,8.79,,,,,,,,,,,,,,,,,FALSE,,,,,,,Lok Sabha Election (GE)
Uttar_Pradesh,,71,2024,6,,,4,JAIBAHADUR ALIAS JAIBAHADUR CHAUHAN,,JANTA_KRANTI_PARTY_(,8263,,985042,1784412,Salempur,,,11,55.2,0.9,,,,,,,,,,,,,,,,,FALSE,,,,,,,Lok Sabha Election (GE)
Uttar_Pradesh,,71,2024,6,,,5,SHREENARAYAN MISHRA,,AKHIL_BHARTIYA_SARVJ,3892,,985042,1784412,Salempur,,,11,55.2,0.42,,,,,,,,,,,,,,,,,FALSE,,,,,,,Lok Sabha Election (GE)
Uttar_Pradesh,,71,2024,6,,,6,SADDAM HUSSAIN,,IND,3215,,985042,1784412,Salempur,,,11,55.2,0.35,,,,,,,,,,,,,,,,,FALSE,,,,,,,Lok Sabha Election (GE)
Uttar_Pradesh,,71,2024,6,,,7,SHRIKRISHNA,,IND,2532,,985042,1784412,Salempur,,,11,55.2,0.28,,,,,,,,,,,,,,,,,FALSE,,,,,,,Lok Sabha Election (GE)
Uttar_Pradesh,,71,2024,6,,,8,AMRESH THAKUR,,IND,2156,,985042,1784412,Salempur,,,11,55.2,0.24,,,,,,,,,,,,,,,,,FALSE,,,,,,,Lok Sabha Election (GE)
Uttar_Pradesh,,71,2024,6,,,9,SURYA PRAKASH GAUTAM,,SARDAR_PATEL_SIDDHAN,1785,,985042,1784412,Salempur,,,11,55.2,0.19,,,,,,,,,,,,,,,,,FALSE,,,,,,,Lok Sabha Election (GE)
Uttar_Pradesh,,71,2024,6,,,10,NOTA,,NONE_OF_THE_ABOVE,7549,,985042,1784412,Salempur,,,11,55.2,0.82,,,,,,,,,,,,,,,,,FALSE,,,,,,,Lok Sabha Election (GE)
Uttar_Pradesh,,71,2024,6,,,11,NOTA,,NOTA,67680,,985042,1784412,Salempur,,,11,55.2,6.87,,,,,,,,,,,,,,,,,,,,,,,,Lok Sabha Election (GE)
Uttar_Pradesh,,72,2024,6,,,1,SANATAN PANDEY,,SP,467068,,1113493,1936995,Ballia,,,15,57.49,46.37,,43384,3.9,,,,,,,,,,,,,,FALSE,,,,,,,Lok Sabha Election (GE)
Uttar_Pradesh,,72,2024,6,,,2,NEERAJ SHEKHAR,,BJP,423684,,1113493,1936995,Ballia,,,15,57.49,42.06,,,,,,,,,,,,,,,,,FALSE,,,,,,,Lok Sabha Election (GE)
Uttar_Pradesh,,72,2024,6,,,3,LALLAN SINGH YADAV,,BSP,85205,,1113493,1936995,Ballia,,,15,57.49,8.46,,,,,,,,,,,,,,,,,FALSE,,,,,,,Lok Sabha Election (GE)
Uttar_Pradesh,,72,2024,6,,,4,SUMESHWAR,,IND,5056,,1113493,1936995,Ballia,,,15,57.49,0.5,,,,,,,,,,,,,,,,,FALSE,,,,,,,Lok Sabha Election (GE)
Uttar_Pradesh,,72,2024,6,,,5,SHESHNATH,,IND,3588,,1113493,1936995,Ballia,,,15,57.49,0.36,,,,,,,,,,,,,,,,,FALSE,,,,,,,Lok Sabha Election (GE)
Uttar_Pradesh,,72,2024,6,,,6,RAVI KANT SINGH ALIAS RAVI PATEL,,SARDAR_PATEL_SIDDHAN,3181,,1113493,1936995,Ballia,,,15,57.49,0.32,,,,,,,,,,,,,,,,,FALSE,,,,,,,Lok Sabha Election (GE)
Uttar_Pradesh,,72,2024,6,,,7,RAMNIVAS GOND,,GONDVANA_GANTANTRA_P,2672,,1113493,1936995,Ballia,,,15,57.49,0.27,,,,,,,,,,,,,,,,,FALSE,,,,,,,Lok Sabha Election (GE)
Uttar_Pradesh,,72,2024,6,,,8,SURYA BALI PRASAD,,AAZAD_SAMAJ_PARTY_(K,2148,,1113493,1936995,Ballia,,,15,57.49,0.21,,,,,,,,,,,,,,,,,FALSE,,,,,,,Lok Sabha Election (GE)
Uttar_Pradesh,,72,2024,6,,,9,RANJANA,,IND,1878,,1113493,1936995,Ballia,,,15,57.49,0.19,,,,,,,,,,,,,,,,,FALSE,,,,,,,Lok Sabha Election (GE)
Uttar_Pradesh,,72,2024,6,,,10,ASHOK GUPTA,,IND,1347,,1113493,1936995,Ballia,,,15,57.49,0.13,,,,,,,,,,,,,,,,,FALSE,,,,,,,Lok Sabha Election (GE)
Uttar_Pradesh,,72,2024,6,,,11,MANINDR,,IND,1187,,1113493,1936995,Ballia,,,15,57.49,0.12,,,,,,,,,,,,,,,,,FALSE,,,,,,,Lok Sabha Election (GE)
Uttar_Pradesh,,72,2024,6,,,12,AVADHESH VERMA,,IND,1161,,1113493,1936995,Ballia,,,15,57.49,0.12,,,,,,,,,,,,,,,,,FALSE,,,,,,,Lok Sabha Election (GE)
Uttar_Pradesh,,72,2024,6,,,13,PRAKASH KUMAR,,IND,960,,1113493,1936995,Ballia,,,15,57.49,0.1,,,,,,,,,,,,,,,,,FALSE,,,,,,,Lok Sabha Election (GE)
Uttar_Pradesh,,72,2024,6,,,14,NOTA,,NONE_OF_THE_ABOVE,8187,,1113493,1936995,Ballia,,,15,57.49,0.81,,,,,,,,,,,,,,,,,FALSE,,,,,,,Lok Sabha Election (GE)
Uttar_Pradesh,,72,2024,6,,,15,NOTA,,NOTA,106171,,1113493,1936995,Ballia,,,15,57.49,9.53,,,,,,,,,,,,,,,,,,,,,,,,Lok Sabha Election (GE)
Uttar_Pradesh,,73,2024,6,,,1,BABU SINGH KUSHWAHA,,SP,509130,,1190002,1979004,Jaunpur,,,16,60.13,46.21,,99335,8.35,,,,,,,,,,,,,,FALSE,,,,,,,Lok Sabha Election (GE)
Uttar_Pradesh,,73,2024,6,,,2,KRIPASHANKAR SINGH,,BJP,409795,,1190002,1979004,Jaunpur,,,16,60.13,37.19,,,,,,,,,,,,,,,,,FALSE,,,,,,,Lok Sabha Election (GE)
Uttar_Pradesh,,73,2024,6,,,3,SHYAM SINGH YADAV,,BSP,157137,,1190002,1979004,Jaunpur,,,16,60.13,14.26,,,,,,,,,,,,,,,,,TRUE,,,,,,,Lok Sabha Election (GE)
Uttar_Pradesh,,73,2024,6,,,4,SARFARAZ AHMAD,,IND,2750,,1190002,1979004,Jaunpur,,,16,60.13,0.25,,,,,,,,,,,,,,,,,FALSE,,,,,,,Lok Sabha Election (GE)
Uttar_Pradesh,,73,2024,6,,,5,ASHOK SINGH,,SAMAJ_VIKAS_KRANTI_P,2755,,1190002,1979004,Jaunpur,,,16,60.13,0.25,,,,,,,,,,,,,,,,,FALSE,,,,,,,Lok Sabha Election (GE)
Uttar_Pradesh,,73,2024,6,,,6,JIYALAL PRAJAPATI,,BHAGIDARI_PARTY(P),2235,,1190002,1979004,Jaunpur,,,16,60.13,0.2,,,,,,,,,,,,,,,,,FALSE,,,,,,,Lok Sabha Election (GE)
Uttar_Pradesh,,73,2024,6,,,7,SHRIPATI MAURYA,,IND,2094,,1190002,1979004,Jaunpur,,,16,60.13,0.19,,,,,,,,,,,,,,,,,FALSE,,,,,,,Lok Sabha Election (GE)
Uttar_Pradesh,,73,2024,6,,,8,SHAH ALAM,,APNA_DAL_(KAMERAWADI,2003,,1190002,1979004,Jaunpur,,,16,60.13,0.18,,,,,,,,,,,,,,,,,FALSE,,,,,,,Lok Sabha Election (GE)
Uttar_Pradesh,,73,2024,6,,,9,FULACHANDR,,MOULIK_ADHIKAR_PARTY,1633,,1190002,1979004,Jaunpur,,,16,60.13,0.15,,,,,,,,,,,,,,,,,FALSE,,,,,,,Lok Sabha Election (GE)
Uttar_Pradesh,,73,2024,6,,,10,KRIPASHANKAR C PANDEY,,IND,1447,,1190002,1979004,Jaunpur,,,16,60.13,0.13,,,,,,,,,,,,,,,,,FALSE,,,,,,,Lok Sabha Election (GE)
Uttar_Pradesh,,73,2024,6,,,11,GOVIND LAL,,IND,1389,,1190002,1979004,Jaunpur,,,16,60.13,0.13,,,,,,,,,,,,,,,,,FALSE,,,,,,,Lok Sabha Election (GE)
Uttar_Pradesh,,73,2024,6,,,12,RAM PYARE,,SOCIALIST_UNITY_CENT,1161,,1190002,1979004,Jaunpur,,,16,60.13,0.11,,,,,,,,,,,,,,,,,FALSE,,,,,,,Lok Sabha Election (GE)
Uttar_Pradesh,,73,2024,6,,,13,NISHA PATEL,,SARDAR_PATEL_SIDDHAN,1128,,1190002,1979004,Jaunpur,,,16,60.13,0.1,,,,,,,,,,,,,,,,,FALSE,,,,,,,Lok Sabha Election (GE)
Uttar_Pradesh,,73,2024,6,,,14,BHARAT RAM,,PACHCHASI_PARIVARTAN,802,,1190002,1979004,Jaunpur,,,16,60.13,0.07,,,,,,,,,,,,,,,,,FALSE,,,,,,,Lok Sabha Election (GE)
Uttar_Pradesh,,73,2024,6,,,15,NOTA,,NONE_OF_THE_ABOVE,6329,,1190002,1979004,Jaunpur,,,16,60.13,0.57,,,,,,,,,,,,,,,,,FALSE,,,,,,,Lok Sabha Election (GE)
Uttar_Pradesh,,73,2024,6,,,16,NOTA,,NOTA,88214,,1190002,1979004,Jaunpur,,,16,60.13,7.41,,,,,,,,,,,,,,,,,,,,,,,,Lok Sabha Election (GE)
Uttar_Pradesh,,74,2024,6,,,1,PRIYA SAROJ,,SP,451292,,1171387,1943763,Machhlishahr,,,14,60.26,42.57,,35850,3.06,,,,,,,,,,,,,,FALSE,,,,,,,Lok Sabha Election (GE)
Uttar_Pradesh,,74,2024,6,,,2,BHOLANATH (B.P. SAROJ),,BJP,415442,,1171387,1943763,Machhlishahr,,,14,60.26,39.19,,,,,,,,,,,,,,,,,TRUE,,,,,,,Lok Sabha Election (GE)
Uttar_Pradesh,,74,2024,6,,,3,KRIPA SHANKAR SAROJ,,BSP,157291,,1171387,1943763,Machhlishahr,,,14,60.26,14.84,,,,,,,,,,,,,,,,,FALSE,,,,,,,Lok Sabha Election (GE)
Uttar_Pradesh,,74,2024,6,,,4,SHRAVAN KUMAR,,IND,5807,,1171387,1943763,Machhlishahr,,,14,60.26,0.55,,,,,,,,,,,,,,,,,FALSE,,,,,,,Lok Sabha Election (GE)
Uttar_Pradesh,,74,2024,6,,,5,URMILA,,SAMAJ_PARIVARTAN_PAR,5303,,1171387,1943763,Machhlishahr,,,14,60.26,0.5,,,,,,,,,,,,,,,,,FALSE,,,,,,,Lok Sabha Election (GE)
Uttar_Pradesh,,74,2024,6,,,6,SUBAS,,IND,3693,,1171387,1943763,Machhlishahr,,,14,60.26,0.35,,,,,,,,,,,,,,,,,FALSE,,,,,,,Lok Sabha Election (GE)
Uttar_Pradesh,,74,2024,6,,,7,RANG BAHADUR,,IND,2718,,1171387,1943763,Machhlishahr,,,14,60.26,0.26,,,,,,,,,,,,,,,,,FALSE,,,,,,,Lok Sabha Election (GE)
Uttar_Pradesh,,74,2024,6,,,8,BRIJESH KUMAR SAROJ,,PRABUDDHWADI_BAHUJAN,2365,,1171387,1943763,Machhlishahr,,,14,60.26,0.22,,,,,,,,,,,,,,,,,FALSE,,,,,,,Lok Sabha Election (GE)
Uttar_Pradesh,,74,2024,6,,,9,RAJENDRA PRASAD,,RASHTRA_UDAY_PARTY,2067,,1171387,1943763,Machhlishahr,,,14,60.26,0.19,,,,,,,,,,,,,,,,,FALSE,,,,,,,Lok Sabha Election (GE)
Uttar_Pradesh,,74,2024,6,,,10,RAM MILAN,,SARDAR_PATEL_SIDDHAN,1716,,1171387,1943763,Machhlishahr,,,14,60.26,0.16,,,,,,,,,,,,,,,,,FALSE,,,,,,,Lok Sabha Election (GE)
Uttar_Pradesh,,74,2024,6,,,11,KAMLESH,,AZAD_SAMAJ_PARTY,1702,,1171387,1943763,Machhlishahr,,,14,60.26,0.16,,,,,,,,,,,,,,,,,FALSE,,,,,,,Lok Sabha Election (GE)
Uttar_Pradesh,,74,2024,6,,,12,BRIJESH KUMAR,,PRITHVIRAJ_JANSHAKTI,1364,,1171387,1943763,Machhlishahr,,,14,60.26,0.13,,,,,,,,,,,,,,,,,FALSE,,,,,,,Lok Sabha Election (GE)
Uttar_Pradesh,,74,2024,6,,,13,NOTA,,NONE_OF_THE_ABOVE,9303,,1171387,1943763,Machhlishahr,,,14,60.26,0.88,,,,,,,,,,,,,,,,,FALSE,,,,,,,Lok Sabha Election (GE)
Uttar_Pradesh,,74,2024,6,,,14,NOTA,,NOTA,111324,,1171387,1943763,Machhlishahr,,,14,60.26,9.5,,,,,,,,,,,,,,,,,,,,,,,,Lok Sabha Election (GE)
Uttar_Pradesh,,75,2024,6,,,1,AFZAL ANSARI,,SP,539912,,1243424,2088636,Ghazipur,,,12,59.53,46.82,,124861,10.04,,,,,,,,,,,,,,TRUE,,,,,,,Lok Sabha Election (GE)
Uttar_Pradesh,,75,2024,6,,,2,PARS NATH RAI,,BJP,415051,,1243424,2088636,Ghazipur,,,12,59.53,35.99,,,,,,,,,,,,,,,,,FALSE,,,,,,,Lok Sabha Election (GE)
Uttar_Pradesh,,75,2024,6,,,3,UMESH KUMAR SINGH,,BSP,164964,,1243424,2088636,Ghazipur,,,12,59.53,14.31,,,,,,,,,,,,,,,,,FALSE,,,,,,,Lok Sabha Election (GE)
Uttar_Pradesh,,75,2024,6,,,4,AJAY,,VISHWA_KALYAN_RASHTR,5074,,1243424,2088636,Ghazipur,,,12,59.53,0.44,,,,,,,,,,,,,,,,,FALSE,,,,,,,Lok Sabha Election (GE)
Uttar_Pradesh,,75,2024,6,,,5,NUSRAT ANSARI,,IND,4616,,1243424,2088636,Ghazipur,,,12,59.53,0.4,,,,,,,,,,,,,,,,,FALSE,,,,,,,Lok Sabha Election (GE)
Uttar_Pradesh,,75,2024,6,,,6,ADITYA SHRIVASTAV,,YUGA_THULASI_PARTY,3316,,1243424,2088636,Ghazipur,,,12,59.53,0.29,,,,,,,,,,,,,,,,,FALSE,,,,,,,Lok Sabha Election (GE)
Uttar_Pradesh,,75,2024,6,,,7,SATYDEV YADAV,,IND,3172,,1243424,2088636,Ghazipur,,,12,59.53,0.28,,,,,,,,,,,,,,,,,FALSE,,,,,,,Lok Sabha Election (GE)
Uttar_Pradesh,,75,2024,6,,,8,GYANCHANDRA BIND,,IND,3135,,1243424,2088636,Ghazipur,,,12,59.53,0.27,,,,,,,,,,,,,,,,,FALSE,,,,,,,Lok Sabha Election (GE)
Uttar_Pradesh,,75,2024,6,,,9,RAMPRAVESH,,MOULIK_ADHIKAR_PARTY,2833,,1243424,2088636,Ghazipur,,,12,59.53,0.25,,,,,,,,,,,,,,,,,FALSE,,,,,,,Lok Sabha Election (GE)
Uttar_Pradesh,,75,2024,6,,,10,DHANANJAY KUMAR TIWARI,,BHARTIYA_LOKVANI_PAR,1956,,1243424,2088636,Ghazipur,,,12,59.53,0.17,,,,,,,,,,,,,,,,,FALSE,,,,,,,Lok Sabha Election (GE)
Uttar_Pradesh,,75,2024,6,,,11,NOTA,,NONE_OF_THE_ABOVE,9065,,1243424,2088636,Ghazipur,,,12,59.53,0.79,,,,,,,,,,,,,,,,,FALSE,,,,,,,Lok Sabha Election (GE)
Uttar_Pradesh,,75,2024,6,,,12,NOTA,,NOTA,90330,,1243424,2088636,Ghazipur,,,12,59.53,7.26,,,,,,,,,,,,,,,,,,,,,,,,Lok Sabha Election (GE)
Uttar_Pradesh,,76,2024,6,,,1,BIRENDRA SINGH,,SP,474476,,1206369,1850547,Chandauli,,,12,65.19,42.5,,21565,1.79,,,,,,,,,,,,,,FALSE,,,,,,,Lok Sabha Election (GE)
Uttar_Pradesh,,76,2024,6,,,2,DR. MAHENDRA NATH  PANDEY,,BJP,452911,,1206369,1850547,Chandauli,,,12,65.19,40.57,,,,,,,,,,,,,,,,,TRUE,,,,,,,Lok Sabha Election (GE)
Uttar_Pradesh,,76,2024,6,,,3,SATYENDRA KUMAR MAURYA,,BSP,159903,,1206369,1850547,Chandauli,,,12,65.19,14.32,,,,,,,,,,,,,,,,,FALSE,,,,,,,Lok Sabha Election (GE)
Uttar_Pradesh,,76,2024,6,,,4,SHOBHANATH  PRAJAPATI,,BHAGIDARI_PARTY(P),4032,,1206369,1850547,Chandauli,,,12,65.19,0.36,,,,,,,,,,,,,,,,,FALSE,,,,,,,Lok Sabha Election (GE)
Uttar_Pradesh,,76,2024,6,,,5,SHER SINGH,,YUGA_THULASI_PARTY,3096,,1206369,1850547,Chandauli,,,12,65.19,0.28,,,,,,,,,,,,,,,,,FALSE,,,,,,,Lok Sabha Election (GE)
Uttar_Pradesh,,76,2024,6,,,6,SANTOSH KUMAR,,IND,2969,,1206369,1850547,Chandauli,,,12,65.19,0.27,,,,,,,,,,,,,,,,,FALSE,,,,,,,Lok Sabha Election (GE)
Uttar_Pradesh,,76,2024,6,,,7,RAJESH VISHWAKARMA,,MOULIK_ADHIKAR_PARTY,2762,,1206369,1850547,Chandauli,,,12,65.19,0.25,,,,,,,,,,,,,,,,,FALSE,,,,,,,Lok Sabha Election (GE)
Uttar_Pradesh,,76,2024,6,,,8,ARVIND KUMAR PATEL,,SARDAR_PATEL_SIDDHAN,2745,,1206369,1850547,Chandauli,,,12,65.19,0.25,,,,,,,,,,,,,,,,,FALSE,,,,,,,Lok Sabha Election (GE)
Uttar_Pradesh,,76,2024,6,,,9,SANJAY KUMAR SINHA,,JAI_HIND_NATIONAL_PA,2623,,1206369,1850547,Chandauli,,,12,65.19,0.23,,,,,,,,,,,,,,,,,FALSE,,,,,,,Lok Sabha Election (GE)
Uttar_Pradesh,,76,2024,6,,,10,RAM GOVIND,,SAMAJHDAR_PARTY,1977,,1206369,1850547,Chandauli,,,12,65.19,0.18,,,,,,,,,,,,,,,,,FALSE,,,,,,,Lok Sabha Election (GE)
Uttar_Pradesh,,76,2024,6,,,11,NOTA,,NONE_OF_THE_ABOVE,9005,,1206369,1850547,Chandauli,,,12,65.19,0.81,,,,,,,,,,,,,,,,,FALSE,,,,,,,Lok Sabha Election (GE)
Uttar_Pradesh,,76,2024,6,,,12,NOTA,,NOTA,89870,,1206369,1850547,Chandauli,,,12,65.19,7.45,,,,,,,,,,,,,,,,,,,,,,,,Lok Sabha Election (GE)
Uttar_Pradesh,,77,2024,6,,,1,NARENDRA MODI,,BJP,612970,,1189384,1999861,Varanasi,,,9,59.47,54.24,,152513,12.82,,,,,,,,,,,,,,TRUE,,,,,,,Lok Sabha Election (GE)
Uttar_Pradesh,,77,2024,6,,,2,AJAY RAI,,INC,460457,,1189384,1999861,Varanasi,,,9,59.47,40.74,,,,,,,,,,,,,,,,,FALSE,,,,,,,Lok Sabha Election (GE)
Uttar_Pradesh,,77,2024,6,,,3,ATHER JAMAL LARI,,BSP,33766,,1189384,1999861,Varanasi,,,9,59.47,2.99,,,,,,,,,,,,,,,,,FALSE,,,,,,,Lok Sabha Election (GE)
Uttar_Pradesh,,77,2024,6,,,4,KOLISETTY SHIVA KUMAR,,YUGA_THULASI_PARTY,5750,,1189384,1999861,Varanasi,,,9,59.47,0.51,,,,,,,,,,,,,,,,,FALSE,,,,,,,Lok Sabha Election (GE)
Uttar_Pradesh,,77,2024,6,,,5,GAGAN PRAKASH YADAV,,APNA_DAL_(KAMERAWADI,3634,,1189384,1999861,Varanasi,,,9,59.47,0.32,,,,,,,,,,,,,,,,,FALSE,,,,,,,Lok Sabha Election (GE)
Uttar_Pradesh,,77,2024,6,,,6,DINESH KUMAR YADAV,,IND,2917,,1189384,1999861,Varanasi,,,9,59.47,0.26,,,,,,,,,,,,,,,,,FALSE,,,,,,,Lok Sabha Election (GE)
Uttar_Pradesh,,77,2024,6,,,7,SANJAY KUMAR TIWARI,,IND,2171,,1189384,1999861,Varanasi,,,9,59.47,0.19,,,,,,,,,,,,,,,,,FALSE,,,,,,,Lok Sabha Election (GE)
Uttar_Pradesh,,77,2024,6,,,8,NOTA,,NONE_OF_THE_ABOVE,8478,,1189384,1999861,Varanasi,,,9,59.47,0.75,,,,,,,,,,,,,,,,,FALSE,,,,,,,Lok Sabha Election (GE)
Uttar_Pradesh,,77,2024,6,,,9,NOTA,,NOTA,59241,,1189384,1999861,Varanasi,,,9,59.47,4.98,,,,,,,,,,,,,,,,,,,,,,,,Lok Sabha Election (GE)
Uttar_Pradesh,,78,2024,6,,,1,DR. VINOD KUMAR BIND,,BJP,459982,,1197213,2039941,Bhadohi,,,12,58.69,42.39,,44072,3.68,,,,,,,,,,,,,,FALSE,,,,,,,Lok Sabha Election (GE)
Uttar_Pradesh,,78,2024,6,,,2,LALITESHPATI TRIPATHI,,ALL_INDIA_TRINAMOOL_,415910,,1197213,2039941,Bhadohi,,,12,58.69,38.33,,,,,,,,,,,,,,,,,FALSE,,,,,,,Lok Sabha Election (GE)
Uttar_Pradesh,,78,2024,6,,,3,HARISHANKAR,,BSP,155053,,1197213,2039941,Bhadohi,,,12,58.69,14.29,,,,,,,,,,,,,,,,,FALSE,,,,,,,Lok Sabha Election (GE)
Uttar_Pradesh,,78,2024,6,,,4,PREMCHAND BIND,,PRAGATISHEEL_MANAV_S,13689,,1197213,2039941,Bhadohi,,,12,58.69,1.26,,,,,,,,,,,,,,,,,FALSE,,,,,,,Lok Sabha Election (GE)
Uttar_Pradesh,,78,2024,6,,,5,RAJ NARAYAN PATEL,,SARDAR_PATEL_SIDDHAN,6206,,1197213,2039941,Bhadohi,,,12,58.69,0.57,,,,,,,,,,,,,,,,,FALSE,,,,,,,Lok Sabha Election (GE)
Uttar_Pradesh,,78,2024,6,,,6,RAM PRAKASH MISHRA,,RASHTRIYA_SAMAJ_PAKS,5270,,1197213,2039941,Bhadohi,,,12,58.69,0.49,,,,,,,,,,,,,,,,,FALSE,,,,,,,Lok Sabha Election (GE)
Uttar_Pradesh,,78,2024,6,,,7,SUSHIL,,ALL_INDIA_FORWARD_BL,5261,,1197213,2039941,Bhadohi,,,12,58.69,0.48,,,,,,,,,,,,,,,,,FALSE,,,,,,,Lok Sabha Election (GE)
Uttar_Pradesh,,78,2024,6,,,8,DR. SHYAMDHAR TIWARI,,IND,4848,,1197213,2039941,Bhadohi,,,12,58.69,0.45,,,,,,,,,,,,,,,,,FALSE,,,,,,,Lok Sabha Election (GE)
Uttar_Pradesh,,78,2024,6,,,9,KRISHNA DEV,,RASHTRA_UDAY_PARTY,4597,,1197213,2039941,Bhadohi,,,12,58.69,0.42,,,,,,,,,,,,,,,,,FALSE,,,,,,,Lok Sabha Election (GE)
Uttar_Pradesh,,78,2024,6,,,10,DHIRENDRA KUMAR TIWARI,,IND,2948,,1197213,2039941,Bhadohi,,,12,58.69,0.27,,,,,,,,,,,,,,,,,FALSE,,,,,,,Lok Sabha Election (GE)
Uttar_Pradesh,,78,2024,6,,,11,NOTA,,NONE_OF_THE_ABOVE,11229,,1197213,2039941,Bhadohi,,,12,58.69,1.03,,,,,,,,,,,,,,,,,FALSE,,,,,,,Lok Sabha Election (GE)
Uttar_Pradesh,,78,2024,6,,,12,NOTA,,NOTA,112220,,1197213,2039941,Bhadohi,,,12,58.69,9.37,,,,,,,,,,,,,,,,,,,,,,,,Lok Sabha Election (GE)
Uttar_Pradesh,,79,2024,6,,,1,ANUPRIYA PATEL,,ADAL,471631,,1255835,1909448,Mirzapur,,,12,65.77,42.67,,37810,3.01,,,,,,,,,,,,,,FALSE,,,,,,,Lok Sabha Election (GE)
Uttar_Pradesh,,79,2024,6,,,2,RAMESH CHAND BIND,,SP,433821,,1255835,1909448,Mirzapur,,,12,65.77,39.25,,,,,,,,,,,,,,,,,FALSE,,,,,,,Lok Sabha Election (GE)
Uttar_Pradesh,,79,2024,6,,,3,MANISH KUMAR,,BSP,144446,,1255835,1909448,Mirzapur,,,12,65.77,13.07,,,,,,,,,,,,,,,,,FALSE,,,,,,,Lok Sabha Election (GE)
Uttar_Pradesh,,79,2024,6,,,4,RAJESH,,IND,10936,,1255835,1909448,Mirzapur,,,12,65.77,0.99,,,,,,,,,,,,,,,,,FALSE,,,,,,,Lok Sabha Election (GE)
Uttar_Pradesh,,79,2024,6,,,5,LAL JI VERMA,,IND,6359,,1255835,1909448,Mirzapur,,,12,65.77,0.58,,,,,,,,,,,,,,,,,FALSE,,,,,,,Lok Sabha Election (GE)
Uttar_Pradesh,,79,2024,6,,,6,ANIL KUMAR,,EKLAVYA_SAMAJ_PARTY,6171,,1255835,1909448,Mirzapur,,,12,65.77,0.56,,,,,,,,,,,,,,,,,FALSE,,,,,,,Lok Sabha Election (GE)
Uttar_Pradesh,,79,2024,6,,,7,DAULAT SINGH,,APNA_DAL_(KAMERAWADI,5235,,1255835,1909448,Mirzapur,,,12,65.77,0.47,,,,,,,,,,,,,,,,,FALSE,,,,,,,Lok Sabha Election (GE)
Uttar_Pradesh,,79,2024,6,,,8,RAMDHANI,,RASHTRIYA_SAMAJ_PAKS,4915,,1255835,1909448,Mirzapur,,,12,65.77,0.44,,,,,,,,,,,,,,,,,FALSE,,,,,,,Lok Sabha Election (GE)
Uttar_Pradesh,,79,2024,6,,,9,SAMEER SINGH,,ALL_INDIA_FORWARD_BL,3487,,1255835,1909448,Mirzapur,,,12,65.77,0.32,,,,,,,,,,,,,,,,,FALSE,,,,,,,Lok Sabha Election (GE)
Uttar_Pradesh,,79,2024,6,,,10,SATYADEV,,PURVANCHAL_MAHAPANCH,3355,,1255835,1909448,Mirzapur,,,12,65.77,0.3,,,,,,,,,,,,,,,,,FALSE,,,,,,,Lok Sabha Election (GE)
Uttar_Pradesh,,79,2024,6,,,11,NOTA,,NONE_OF_THE_ABOVE,15049,,1255835,1909448,Mirzapur,,,12,65.77,1.36,,,,,,,,,,,,,,,,,FALSE,,,,,,,Lok Sabha Election (GE)
Uttar_Pradesh,,79,2024,6,,,12,NOTA,,NOTA,150430,,1255835,1909448,Mirzapur,,,12,65.77,11.98,,,,,,,,,,,,,,,,,,,,,,,,Lok Sabha Election (GE)
Uttar_Pradesh,,80,2024,6,,,1,CHHOTELAL,,SP,465848,,1237773,1780728,Robertsganj,,,14,69.51,46.14,,129234,10.44,,,,,,,,,,,,,,FALSE,,,,,,,Lok Sabha Election (GE)
Uttar_Pradesh,,80,2024,6,,,2,RINKI SINGH,,ADAL,336614,,1237773,1780728,Robertsganj,,,14,69.51,33.34,,,,,,,,,,,,,,,,,FALSE,,,,,,,Lok Sabha Election (GE)
Uttar_Pradesh,,80,2024,6,,,3,DHANESHWAR,,BSP,118778,,1237773,1780728,Robertsganj,,,14,69.51,11.77,,,,,,,,,,,,,,,,,FALSE,,,,,,,Lok Sabha Election (GE)
Uttar_Pradesh,,80,2024,6,,,4,ASHOK KUMAR KANNAUJIYA,,COMMUNIST_PARTY_OF_I,23852,,1237773,1780728,Robertsganj,,,14,69.51,2.36,,,,,,,,,,,,,,,,,FALSE,,,,,,,Lok Sabha Election (GE)
Uttar_Pradesh,,80,2024,6,,,5,SUBHAGI,,JANHIT_SANKALP_PARTY,8194,,1237773,1780728,Robertsganj,,,14,69.51,0.81,,,,,,,,,,,,,,,,,FALSE,,,,,,,Lok Sabha Election (GE)
Uttar_Pradesh,,80,2024,6,,,6,ARVIND KUMAR BHARTI,,RASHTRIYA_SAMANTA_DA,7592,,1237773,1780728,Robertsganj,,,14,69.51,0.75,,,,,,,,,,,,,,,,,FALSE,,,,,,,Lok Sabha Election (GE)
Uttar_Pradesh,,80,2024,6,,,7,SUKALU,,IND,6712,,1237773,1780728,Robertsganj,,,14,69.51,0.66,,,,,,,,,,,,,,,,,FALSE,,,,,,,Lok Sabha Election (GE)
Uttar_Pradesh,,80,2024,6,,,8,SHIVPUJAN,,RASHTRIYA_SAMAJ_PAKS,6444,,1237773,1780728,Robertsganj,,,14,69.51,0.64,,,,,,,,,,,,,,,,,FALSE,,,,,,,Lok Sabha Election (GE)
Uttar_Pradesh,,80,2024,6,,,9,SONU NIGAM,,IND,6144,,1237773,1780728,Robertsganj,,,14,69.51,0.61,,,,,,,,,,,,,,,,,FALSE,,,,,,,Lok Sabha Election (GE)
Uttar_Pradesh,,80,2024,6,,,10,CHANDRIKA PRASAD,,JANTA_KRANTI_PARTY_(,3741,,1237773,1780728,Robertsganj,,,14,69.51,0.37,,,,,,,,,,,,,,,,,FALSE,,,,,,,Lok Sabha Election (GE)
Uttar_Pradesh,,80,2024,6,,,11,PRABHUDAYAL,,RASHTRIYA_SAMAJ_DAL_,3471,,1237773,1780728,Robertsganj,,,14,69.51,0.34,,,,,,,,,,,,,,,,,FALSE,,,,,,,Lok Sabha Election (GE)
Uttar_Pradesh,,80,2024,6,,,12,RAM SHIROMANI,,SARDAR_PATEL_SIDDHAN,3123,,1237773,1780728,Robertsganj,,,14,69.51,0.31,,,,,,,,,,,,,,,,,FALSE,,,,,,,Lok Sabha Election (GE)
Uttar_Pradesh,,80,2024,6,,,13,NOTA,,NONE_OF_THE_ABOVE,19032,,1237773,1780728,Robertsganj,,,14,69.51,1.89,,,,,,,,,,,,,,,,,FALSE,,,,,,,Lok Sabha Election (GE)
Uttar_Pradesh,,80,2024,6,,,14,NOTA,,NOTA,228228,,1237773,1780728,Robertsganj,,,14,69.51,18.44,,,,,,,,,,,,,,,,,,,,,,,,Lok Sabha Election (GE)