State_Name,Assembly_No,Constituency_No,Year,month,Poll_No,DelimID,Position,Candidate,Sex,Party,Votes,Candidate_Type,Valid_Votes,Electors,Constituency_Name,Constituency_Type,Sub_Region,N_Cand,Turnout_Percentage,Vote_Share_Percentage,Deposit_Lost,Margin,Margin_Percentage,ENOP,pid,Party_Type_TCPD,Party_ID,last_poll,Contested,Last_Party,Last_Party_ID,Last_Constituency_Name,Same_Constituency,Same_Party,No_Terms,Turncoat,Incumbent,Recontest,MyNeta_education,TCPD_Prof_Main,TCPD_Prof_Main_Desc,TCPD_Prof_Second,TCPD_Prof_Second_Desc,Election_Type
Uttar_Pradesh,17,1,2019,4,0,4,1,HAJI FAZLUR REHMAN,M,BSP,514139,GEN,1231746,1739082,SAHARANPUR,GEN,WEST,11,70.83,41.74,no,22417,1.82,2.78,GEUP2024357,State-based Party,16651,TRUE,1,,,,,,1,FALSE,FALSE,FALSE,Graduate,Business,,,,Lok Sabha Election (GE)
Uttar_Pradesh,17,1,2019,4,0,4,2,RAGHAV LAKHANPAL,M,BJP,491722,GEN,1231746,1739082,SAHARANPUR,GEN,WEST,11,70.83,39.92,no,284654,23.11,2.78,GEUP11179,National Party,1605,TRUE,2,BJP,1605,SAHARANPUR,TRUE,TRUE,1,FALSE,TRUE,TRUE,Post Graduate,Agriculture,,,,Lok Sabha Election (GE)
Uttar_Pradesh,17,1,2019,4,0,4,3,IMRAN MASOOD,M,INC,207068,GEN,1231746,1739082,SAHARANPUR,GEN,WEST,11,70.83,16.81,no,202382,16.43,2.78,GEUP11180,National Party,3482,TRUE,2,INC,3482,SAHARANPUR,TRUE,TRUE,0,FALSE,FALSE,TRUE,12th Pass,Labourer or Daily Wage,,Agriculture,,Lok Sabha Election (GE)
Uttar_Pradesh,17,1,2019,4,0,4,4,SHABNAM,F,IND,4686,,1231746,1739082,SAHARANPUR,GEN,WEST,11,70.83,0.38,yes,402,0.03,2.78,GEUP179481,Independents,10809,TRUE,1,,,,,,0,FALSE,FALSE,FALSE,12th Pass,Unemployed,,,,Lok Sabha Election (GE)
Uttar_Pradesh,17,1,2019,4,0,4,5,NOTA,,NOTA,4284,,1231746,1739082,SAHARANPUR,GEN,WEST,11,70.83,0.35,,1846,0.15,2.78,,NOTA,5897,TRUE,,,,,,,,,,,,,,,,Lok Sabha Election (GE)
Uttar_Pradesh,17,1,2019,4,0,4,6,MOHD. UVAIS,M,PSPL,2438,GEN,1231746,1739082,SAHARANPUR,GEN,WEST,11,70.83,0.2,yes,239,0.02,2.78,GEUP179483,Local Party,17283,TRUE,1,,,,,,0,FALSE,FALSE,FALSE,10th Pass,Business,,,,Lok Sabha Election (GE)
Uttar_Pradesh,17,1,2019,4,0,4,7,INDU DEVI,F,IND,2199,,1231746,1739082,SAHARANPUR,GEN,WEST,11,70.83,0.18,yes,750,0.06,2.78,GEUP2024371,Independents,10809,TRUE,1,,,,,,0,FALSE,FALSE,FALSE,8th Pass,Other,Household,,,Lok Sabha Election (GE)
Uttar_Pradesh,17,1,2019,4,0,4,8,YOGESH DAHIYA,M,AAAP,1449,GEN,1231746,1739082,SAHARANPUR,GEN,WEST,11,70.83,0.12,yes,224,0.02,2.78,GEUP11184,State-based Party (Other State),13,TRUE,2,AAAP,13,SAHARANPUR,TRUE,TRUE,0,FALSE,FALSE,TRUE,Graduate,Agriculture,,,,Lok Sabha Election (GE)
Uttar_Pradesh,17,1,2019,4,0,4,9,BRAJPAL SINGH,M,HND,1225,SC,1231746,1739082,SAHARANPUR,GEN,WEST,11,70.83,0.1,yes,134,0.01,2.78,GEUP78400,Local Party,3288,TRUE,2,IJP,3430,SAHARANPUR,TRUE,FALSE,0,TRUE,FALSE,FALSE,Post Graduate,Business,,,,Lok Sabha Election (GE)
Uttar_Pradesh,17,1,2019,4,0,4,10,AMAR BAHADUR,M,IND,1091,,1231746,1739082,SAHARANPUR,GEN,WEST,11,70.83,0.09,yes,364,0.03,2.78,GEUP179485,Independents,10809,TRUE,1,,,,,,0,FALSE,FALSE,FALSE,5th Pass,Agriculture,,,,Lok Sabha Election (GE)
Uttar_Pradesh,17,1,2019,4,0,4,11,PAWAN KUMAR,M,AAPP,727,,1231746,1739082,SAHARANPUR,GEN,WEST,11,70.83,0.06,yes,9,0,2.78,GEUP2024480,Local Party,18403,TRUE,1,,,,,,0,FALSE,FALSE,FALSE,10th Pass,Salaried Work or Employed,,,,Lok Sabha Election (GE)
Uttar_Pradesh,17,1,2019,4,0,4,12,RAVINDER KUMAR,M,IVD,718,,1231746,1739082,SAHARANPUR,GEN,WEST,11,70.83,0.06,yes,0,0,2.78,GEUP179487,Local Party,3975,TRUE,1,,,,,,0,FALSE,FALSE,FALSE,Post Graduate,Labourer or Daily Wage,,,,Lok Sabha Election (GE)
Uttar_Pradesh,17,2,2019,4,0,4,1,Pradeep Kumar,M,BJP,566961,GEN,1124047,1666703,KAIRANA,GEN,WEST,13,67.44,50.44,no,92160,8.2,2.33,AEUP118519,National Party,1605,TRUE,1,,,,,,1,FALSE,FALSE,FALSE,Post Graduate,Politics,Party Worker,Agriculture,,Lok Sabha Election (GE)
Uttar_Pradesh,17,2,2019,4,0,4,2,Tabassum Begum,F,SP,474801,GEN,1124047,1666703,KAIRANA,GEN,WEST,13,67.44,42.24,no,405446,36.07,2.33,AEUP118207,State-based Party,7425,TRUE,2,BSP,16651,KAIRANA,TRUE,FALSE,1,TRUE,FALSE,FALSE,10th Pass,Agriculture,,,,Lok Sabha Election (GE)
Uttar_Pradesh,17,2,2019,4,0,4,3,Harendra Singh Malik,M,INC,69355,GEN,1124047,1666703,KAIRANA,GEN,WEST,13,67.44,6.17,yes,65813,5.86,2.33,GEUP2024359,National Party,3482,TRUE,1,,,,,,0,FALSE,FALSE,FALSE,Graduate,Retired or Pension,,Agriculture,,Lok Sabha Election (GE)
Uttar_Pradesh,17,2,2019,4,0,4,4,NOTA,,NOTA,3542,,1124047,1666703,KAIRANA,GEN,WEST,13,67.44,0.32,,1412,0.13,2.33,,NOTA,5897,TRUE,,,,,,,,,,,,,,,,Lok Sabha Election (GE)
Uttar_Pradesh,17,2,2019,4,0,4,5,Harish Kumar,M,IND,2130,,1124047,1666703,KAIRANA,GEN,WEST,13,67.44,0.19,yes,826,0.07,2.33,GEUP2024362,Independents,10809,TRUE,1,,,,,,0,FALSE,FALSE,FALSE,8th Pass,Agriculture,,,,Lok Sabha Election (GE)
Uttar_Pradesh,17,2,2019,4,0,4,6,Shripal Singh,M,svjn,1304,,1124047,1666703,KAIRANA,GEN,WEST,13,67.44,0.12,yes,166,0.01,2.33,GEUP179493,,24553,TRUE,1,,,,,,0,FALSE,FALSE,FALSE,10th Pass,Agriculture,,,,Lok Sabha Election (GE)
Uttar_Pradesh,17,2,2019,4,0,4,7,Mohd Saleem,M,IND,1138,,1124047,1666703,KAIRANA,GEN,WEST,13,67.44,0.1,yes,204,0.02,2.33,GEUP2024444,Independents,10809,TRUE,1,,,,,,0,FALSE,FALSE,FALSE,Literate,Agriculture,,,,Lok Sabha Election (GE)
Uttar_Pradesh,17,2,2019,4,0,4,8,Mukesh Devi,F,MSJP,934,,1124047,1666703,KAIRANA,GEN,WEST,13,67.44,0.08,yes,21,0,2.33,GEUP179494,Local Party,24420,TRUE,1,,,,,,0,FALSE,FALSE,FALSE,Literate,Other,,,,Lok Sabha Election (GE)
Uttar_Pradesh,17,2,2019,4,0,4,9,Manoj Kumar,M,AAPP,913,,1124047,1666703,KAIRANA,GEN,WEST,13,67.44,0.08,yes,95,0.01,2.33,GEUP2024431,Local Party,18403,TRUE,1,,,,,,0,FALSE,FALSE,FALSE,12th Pass,Retired or Pension,,,,Lok Sabha Election (GE)
Uttar_Pradesh,17,2,2019,4,0,4,10,Yogesh Kumar,M,RMEP,818,,1124047,1666703,KAIRANA,GEN,WEST,13,67.44,0.07,yes,203,0.02,2.33,GEUP179496,Local Party,6747,TRUE,1,,,,,,0,FALSE,FALSE,FALSE,12th Pass,Religious Occupation,,,,Lok Sabha Election (GE)
Uttar_Pradesh,17,2,2019,4,0,4,11,Rekha,F,HND,615,,1124047,1666703,KAIRANA,GEN,WEST,13,67.44,0.05,yes,75,0.01,2.33,GEUP2024542,Local Party,3288,TRUE,1,,,,,,0,FALSE,FALSE,FALSE,,,,,,Lok Sabha Election (GE)
Uttar_Pradesh,17,2,2019,4,0,4,12,Mohd Gufran Kazmi,M,IND,540,,1124047,1666703,KAIRANA,GEN,WEST,13,67.44,0.05,yes,16,0,2.33,GEUP179498,Independents,10809,TRUE,1,,,,,,0,FALSE,FALSE,FALSE,Graduate,Agriculture,,,,Lok Sabha Election (GE)
Uttar_Pradesh,17,2,2019,4,0,4,13,Imran,M,IND,524,,1124047,1666703,KAIRANA,GEN,WEST,13,67.44,0.05,yes,52,0,2.33,GEUP2024369,Independents,10809,TRUE,1,,,,,,0,FALSE,FALSE,FALSE,5th Pass,Business,,,,Lok Sabha Election (GE)
Uttar_Pradesh,17,2,2019,4,0,4,14,Sheshraj,M,BDPty,472,,1124047,1666703,KAIRANA,GEN,WEST,13,67.44,0.04,yes,0,0,2.33,GEUP179499,Local Party,1866,TRUE,1,,,,,,0,FALSE,FALSE,FALSE,Others,Former Government,Ex Govt Employee,,,Lok Sabha Election (GE)
Uttar_Pradesh,17,3,2019,4,0,4,1,Sanjeev Kumar Balyan,M,BJP,573780,GEN,1160071,1698003,MUZAFFARNAGAR,GEN,WEST,10,68.32,49.46,no,6526,0.56,2.08,GEUP11249,National Party,1605,TRUE,2,BJP,1605,MUZAFFARNAGAR,TRUE,TRUE,2,FALSE,TRUE,TRUE,Doctorate,Agriculture,,Social Work,,Lok Sabha Election (GE)
Uttar_Pradesh,17,3,2019,4,0,4,2,Ajit Singh,M,RLD,567254,GEN,1160071,1698003,MUZAFFARNAGAR,GEN,WEST,10,68.32,48.9,no,562144,48.46,2.08,AEUP202253,State-based Party,12169,TRUE,10,RLD,12169,BAGHPAT,FALSE,TRUE,7,FALSE,FALSE,TRUE,Post Graduate,Retired or Pension,,Salaried Work or Employed,Qualified Professional,Lok Sabha Election (GE)
Uttar_Pradesh,17,3,2019,4,0,4,3,NOTA,,NOTA,5110,,1160071,1698003,MUZAFFARNAGAR,GEN,WEST,10,68.32,0.44,,223,0.02,2.08,,NOTA,5897,TRUE,,,,,,,,,,,,,,,,Lok Sabha Election (GE)
Uttar_Pradesh,17,3,2019,4,0,4,4,Neel Kumar,M,IND,4887,,1160071,1698003,MUZAFFARNAGAR,GEN,WEST,10,68.32,0.42,yes,2182,0.19,2.08,GEUP179500,Independents,10809,TRUE,1,,,,,,0,FALSE,FALSE,FALSE,Post Graduate,Liberal Profession or Professional,Lawyer,,,Lok Sabha Election (GE)
Uttar_Pradesh,17,3,2019,4,0,4,5,Yajpal Singh Rathi,M,IND,2705,,1160071,1698003,MUZAFFARNAGAR,GEN,WEST,10,68.32,0.23,yes,283,0.02,2.08,AEUP100387,Independents,10809,TRUE,1,,,,,,0,FALSE,FALSE,FALSE,10th Pass,Agriculture,,,,Lok Sabha Election (GE)
Uttar_Pradesh,17,3,2019,4,0,4,6,Krishan Pal Singh,M,BLokSP,2422,,1160071,1698003,MUZAFFARNAGAR,GEN,WEST,10,68.32,0.21,yes,1160,0.1,2.08,AEUP200023,Local Party,1312,TRUE,1,,,,,,0,FALSE,FALSE,FALSE,10th Pass,Business,Rent,,,Lok Sabha Election (GE)
Uttar_Pradesh,17,3,2019,4,0,4,7,S.S.K.S. Gangwal,M,BhBSP,1262,,1160071,1698003,MUZAFFARNAGAR,GEN,WEST,10,68.32,0.11,yes,313,0.03,2.08,GEUP2024551,Local Party,24421,TRUE,1,,,,,,0,FALSE,FALSE,FALSE,Post Graduate,Retired or Pension,,,,Lok Sabha Election (GE)
Uttar_Pradesh,17,3,2019,4,0,4,8,Jaipal Singh Saini,M,JSP,949,GEN,1160071,1698003,MUZAFFARNAGAR,GEN,WEST,10,68.32,0.08,yes,262,0.02,2.08,GEUP179504,Local Party,11332,TRUE,1,,,,,,0,FALSE,FALSE,FALSE,10th Pass,Agriculture,,,,Lok Sabha Election (GE)
Uttar_Pradesh,17,3,2019,4,0,4,9,Mangeram Kashyap,M,MKUP,687,GEN,1160071,1698003,MUZAFFARNAGAR,GEN,WEST,10,68.32,0.06,yes,130,0.01,2.08,AEUP65994,Local Party,5279,TRUE,2,MKUP,5279,MUZAFFARNAGAR,TRUE,TRUE,0,FALSE,FALSE,TRUE,Graduate Professional,Liberal Profession or Professional,Lawyer,,,Lok Sabha Election (GE)
Uttar_Pradesh,17,3,2019,4,0,4,10,Ankit,M,IND,557,,1160071,1698003,MUZAFFARNAGAR,GEN,WEST,10,68.32,0.05,yes,99,0.01,2.08,GEUP179505,Independents,10809,TRUE,1,,,,,,0,FALSE,FALSE,FALSE,Graduate,Agricultural Labour,,Social Work,,Lok Sabha Election (GE)
Uttar_Pradesh,17,3,2019,4,0,4,11,Ashok,M,IND,458,SC,1160071,1698003,MUZAFFARNAGAR,GEN,WEST,10,68.32,0.04,yes,0,0,2.08,AEUP202848,Independents,10809,TRUE,3,IND,10809,MIRZAPUR,FALSE,TRUE,0,FALSE,FALSE,TRUE,12th Pass,Business,Agricultural Business,,,Lok Sabha Election (GE)
Uttar_Pradesh,17,4,2019,4,0,4,1,MALOOK NAGAR,M,BSP,561045,GEN,1100763,1664125,BIJNOR,GEN,RUHELKHAND,13,66.15,50.97,no,69941,6.35,2.17,GEUP78333,State-based Party,16651,TRUE,4,BSP,16651,BIJNOR,TRUE,TRUE,1,FALSE,FALSE,TRUE,Graduate,Business,,,,Lok Sabha Election (GE)
Uttar_Pradesh,17,4,2019,4,0,4,2,RAJA BHARATENDRA SINGH,M,BJP,491104,GEN,1100763,1664125,BIJNOR,GEN,RUHELKHAND,13,66.15,44.61,no,465271,42.27,2.17,AEUP54247,National Party,1605,TRUE,2,BJP,1605,BIJNOR,TRUE,TRUE,1,FALSE,TRUE,TRUE,Graduate,Business,Rent,Politics,MP,Lok Sabha Election (GE)
Uttar_Pradesh,17,4,2019,4,0,4,3,NASIMUDDIN SIDDIQUI,M,INC,25833,GEN,1100763,1664125,BIJNOR,GEN,RUHELKHAND,13,66.15,2.35,yes,21429,1.95,2.17,AEUP136370,National Party,3482,TRUE,1,,,,,,0,FALSE,FALSE,FALSE,Graduate Professional,Salaried Work or Employed,,Agriculture,,Lok Sabha Election (GE)
Uttar_Pradesh,17,4,2019,4,0,4,4,NOTA,,NOTA,4404,,1100763,1664125,BIJNOR,GEN,RUHELKHAND,13,66.15,0.4,,425,0.04,2.17,,NOTA,5897,TRUE,,,,,,,,,,,,,,,,Lok Sabha Election (GE)
Uttar_Pradesh,17,4,2019,4,0,4,5,ILAMSINGH,M,PSPL,3979,GEN,1100763,1664125,BIJNOR,GEN,RUHELKHAND,13,66.15,0.36,yes,741,0.07,2.17,GEUP179508,Local Party,17283,TRUE,1,,,,,,0,FALSE,FALSE,FALSE,12th Pass,Agriculture,,,,Lok Sabha Election (GE)
Uttar_Pradesh,17,4,2019,4,0,4,6,MOHD. ZAHID,M,IND,3238,,1100763,1664125,BIJNOR,GEN,RUHELKHAND,13,66.15,0.29,yes,421,0.04,2.17,GEUP2024447,Independents,10809,TRUE,1,,,,,,0,FALSE,FALSE,FALSE,,,,,,Lok Sabha Election (GE)
Uttar_Pradesh,17,4,2019,4,0,4,7,MUKESH KUMAR,M,AIFB,2817,,1100763,1664125,BIJNOR,GEN,RUHELKHAND,13,66.15,0.26,yes,557,0.05,2.17,GEUP179510,State-based Party (Other State),3040,TRUE,1,,,,,,0,FALSE,FALSE,FALSE,8th Pass,Business,,,,Lok Sabha Election (GE)
Uttar_Pradesh,17,4,2019,4,0,4,8,MAHAK SINGH,M,IND,2260,,1100763,1664125,BIJNOR,GEN,RUHELKHAND,13,66.15,0.21,yes,725,0.07,2.17,GEUP2024414,Independents,10809,TRUE,1,,,,,,0,FALSE,FALSE,FALSE,Graduate,Other,,,,Lok Sabha Election (GE)
Uttar_Pradesh,17,4,2019,4,0,4,9,SONU,M,JSP,1535,,1100763,1664125,BIJNOR,GEN,RUHELKHAND,13,66.15,0.14,yes,373,0.03,2.17,GEUP179512,Local Party,11332,TRUE,1,,,,,,0,FALSE,FALSE,FALSE,8th Pass,Labourer or Daily Wage,,,,Lok Sabha Election (GE)
Uttar_Pradesh,17,4,2019,4,0,4,10,ANSH CHAITANYA MAHARAJ,M,HND,1162,,1100763,1664125,BIJNOR,GEN,RUHELKHAND,13,66.15,0.11,yes,77,0.01,2.17,GEUP2024264,Local Party,3288,TRUE,1,,,,,,0,FALSE,FALSE,FALSE,12th Pass,Business,,Traditional Occupation,Astrologer,Lok Sabha Election (GE)
Uttar_Pradesh,17,4,2019,4,0,4,11,RAJIV CHOUDHARY,M,BKNP,1085,,1100763,1664125,BIJNOR,GEN,RUHELKHAND,13,66.15,0.1,yes,242,0.02,2.17,GEUP179513,Local Party,1979,TRUE,1,,,,,,0,FALSE,FALSE,FALSE,12th Pass,Business,,,,Lok Sabha Election (GE)
Uttar_Pradesh,17,4,2019,4,0,4,12,MANGERAM,M,PPID,843,,1100763,1664125,BIJNOR,GEN,RUHELKHAND,13,66.15,0.08,yes,14,0,2.17,GEUP2024425,Local Party,6054,TRUE,1,,,,,,0,FALSE,FALSE,FALSE,12th Pass,Agriculture,,,,Lok Sabha Election (GE)
Uttar_Pradesh,17,4,2019,4,0,4,13,BABLOO RAM,M,BSKP,829,,1100763,1664125,BIJNOR,GEN,RUHELKHAND,13,66.15,0.08,yes,200,0.02,2.17,GEUP179514,Local Party,1848,TRUE,1,,,,,,0,FALSE,FALSE,FALSE,10th Pass,Business,,Agriculture,,Lok Sabha Election (GE)
Uttar_Pradesh,17,4,2019,4,0,4,14,PARVEZ AKIL,M,AIMF,629,,1100763,1664125,BIJNOR,GEN,RUHELKHAND,13,66.15,0.06,yes,0,0,2.17,GEUP11266,Local Party,726,TRUE,2,AIMF,726,BIJNOR,TRUE,TRUE,0,FALSE,FALSE,TRUE,Graduate,Liberal Profession or Professional,"Doctor, Journalist or Editor",,,Lok Sabha Election (GE)
Uttar_Pradesh,17,5,2019,4,0,4,1,GIRISH CHANDRA,M,BSP,568378,SC,1009456,1586117,NAGINA,SC,RUHELKHAND,7,63.64,56.31,no,166832,16.53,2.08,AEUP105657,State-based Party,16651,TRUE,2,BSP,16651,NAGINA,TRUE,TRUE,1,FALSE,FALSE,TRUE,12th Pass,Business,Petrol Pumps,,,Lok Sabha Election (GE)
Uttar_Pradesh,17,5,2019,4,0,4,2,DR. YASHWANT SINGH,M,BJP,401546,SC,1009456,1586117,NAGINA,SC,RUHELKHAND,7,63.64,39.78,no,381500,37.79,2.08,GEUP11322,National Party,1605,TRUE,2,BJP,1605,NAGINA,TRUE,TRUE,1,FALSE,TRUE,TRUE,Post Graduate,Liberal Profession or Professional,Doctor,Politics,MP,Lok Sabha Election (GE)
Uttar_Pradesh,17,5,2019,4,0,4,3,OMVATI DEVI,F,INC,20046,SC,1009456,1586117,NAGINA,SC,RUHELKHAND,7,63.64,1.99,yes,13518,1.34,2.08,AEUP124721,National Party,3482,TRUE,3,SP,7425,BIJNOR,FALSE,FALSE,1,TRUE,FALSE,FALSE,10th Pass,Retired or Pension,,Agriculture,,Lok Sabha Election (GE)
Uttar_Pradesh,17,5,2019,4,0,4,4,NOTA,,NOTA,6528,,1009456,1586117,NAGINA,SC,RUHELKHAND,7,63.64,0.65,,372,0.04,2.08,,NOTA,5897,TRUE,,,,,,,,,,,,,,,,Lok Sabha Election (GE)
Uttar_Pradesh,17,5,2019,4,0,4,5,AMICHAND,M,RSMD,6156,SC,1009456,1586117,NAGINA,SC,RUHELKHAND,7,63.64,0.61,yes,3275,0.32,2.08,GEUP179516,Local Party,6825,TRUE,1,,,,,,0,FALSE,FALSE,FALSE,8th Pass,Labourer or Daily Wage,,,,Lok Sabha Election (GE)
Uttar_Pradesh,17,5,2019,4,0,4,6,CHARAN SINGH,M,IND,2881,SC,1009456,1586117,NAGINA,SC,RUHELKHAND,7,63.64,0.29,yes,712,0.07,2.08,GEUP2024313,Independents,10809,TRUE,1,,,,,,0,FALSE,FALSE,FALSE,Post Graduate,Small Business or Self-employed,,,,Lok Sabha Election (GE)
Uttar_Pradesh,17,5,2019,4,0,4,7,TEJ SINGH,M,ASP,2169,SC,1009456,1586117,NAGINA,SC,RUHELKHAND,7,63.64,0.21,yes,417,0.04,2.08,GEUP78270,Local Party,9011,TRUE,4,ASP,9011,NAGINA,TRUE,TRUE,0,FALSE,FALSE,TRUE,Graduate,Retired or Pension,,Agriculture,,Lok Sabha Election (GE)
Uttar_Pradesh,17,5,2019,4,0,4,8,KAMESH KUMAR,M,PPID,1752,SC,1009456,1586117,NAGINA,SC,RUHELKHAND,7,63.64,0.17,yes,0,0,2.08,GEUP2024387,Local Party,6054,TRUE,1,,,,,,0,FALSE,FALSE,FALSE,Graduate Professional,Liberal Profession or Professional,Lawyer,,,Lok Sabha Election (GE)
Uttar_Pradesh,17,6,2019,4,0,4,1,Dr. S.T. HASAN,M,SP,649416,GEN,1282206,1958939,MORADABAD,GEN,RUHELKHAND,13,65.45,50.65,no,97878,7.63,2.27,GEUP11364,State-based Party,7425,TRUE,2,SP,7425,MORADABAD,TRUE,TRUE,1,FALSE,FALSE,TRUE,Post Graduate,Liberal Profession or Professional,Doctor,Agriculture,,Lok Sabha Election (GE)
Uttar_Pradesh,17,6,2019,4,0,4,2,KUNWAR SARVESH KUMAR,M,BJP,551538,GEN,1282206,1958939,MORADABAD,GEN,RUHELKHAND,13,65.45,43.01,no,492340,38.4,2.27,GEUP11363,National Party,1605,TRUE,2,BJP,1605,MORADABAD,TRUE,TRUE,1,FALSE,TRUE,TRUE,10th Pass,Salaried Work or Employed,,Agriculture,,Lok Sabha Election (GE)
Uttar_Pradesh,17,6,2019,4,0,4,3,IMRAN PRATAPGARHI,M,INC,59198,,1282206,1958939,MORADABAD,GEN,RUHELKHAND,13,65.45,4.62,yes,53441,4.17,2.27,GEUP179523,National Party,3482,TRUE,1,,,,,,0,FALSE,FALSE,FALSE,Post Graduate,Liberal Profession or Professional,Author,,,Lok Sabha Election (GE)
Uttar_Pradesh,17,6,2019,4,0,4,4,NOTA,,NOTA,5757,,1282206,1958939,MORADABAD,GEN,RUHELKHAND,13,65.45,0.45,,1163,0.09,2.27,,NOTA,5897,TRUE,,,,,,,,,,,,,,,,Lok Sabha Election (GE)
Uttar_Pradesh,17,6,2019,4,0,4,5,MOHD. ASLAM URF PASHA,M,JaSD,4594,,1282206,1958939,MORADABAD,GEN,RUHELKHAND,13,65.45,0.36,yes,2177,0.17,2.27,GEUP11401,Local Party,4175,TRUE,2,RPI(A),12285,SAMBHAL,FALSE,FALSE,0,TRUE,FALSE,TRUE,Literate,Labourer or Daily Wage,,,,Lok Sabha Election (GE)
Uttar_Pradesh,17,6,2019,4,0,4,6,MUSARRAT HUSAIN,M,IND,2417,,1282206,1958939,MORADABAD,GEN,RUHELKHAND,13,65.45,0.19,yes,144,0.01,2.27,GEUP2024453,Independents,10809,TRUE,1,,,,,,0,FALSE,FALSE,FALSE,Graduate,Agriculture,,,,Lok Sabha Election (GE)
Uttar_Pradesh,17,6,2019,4,0,4,7,PRINCE KUMAR SHARMA,M,IND,2273,,1282206,1958939,MORADABAD,GEN,RUHELKHAND,13,65.45,0.18,yes,387,0.03,2.27,GEUP179525,Independents,10809,TRUE,1,,,,,,0,FALSE,FALSE,FALSE,Post Graduate,Labourer or Daily Wage,,,,Lok Sabha Election (GE)
Uttar_Pradesh,17,6,2019,4,0,4,8,DILERAM,M,BaHaP,1886,,1282206,1958939,MORADABAD,GEN,RUHELKHAND,13,65.45,0.15,yes,835,0.07,2.27,GEUP2024330,Local Party,1902,TRUE,1,,,,,,0,FALSE,FALSE,FALSE,12th Pass,Retired or Pension,,,,Lok Sabha Election (GE)
Uttar_Pradesh,17,6,2019,4,0,4,9,NADIR ALI MANSOORI,M,PECP,1051,,1282206,1958939,MORADABAD,GEN,RUHELKHAND,13,65.45,0.08,yes,103,0.01,2.27,GEUP179526,Local Party,5995,TRUE,1,,,,,,0,FALSE,FALSE,FALSE,10th Pass,Business,,,,Lok Sabha Election (GE)
Uttar_Pradesh,17,6,2019,4,0,4,10,ROOPCHAND SINGH,M,BhBSP,948,,1282206,1958939,MORADABAD,GEN,RUHELKHAND,13,65.45,0.07,yes,36,0,2.27,GEUP2024548,Local Party,24421,TRUE,1,,,,,,0,FALSE,FALSE,FALSE,12th Pass,Agriculture,,,,Lok Sabha Election (GE)
Uttar_Pradesh,17,6,2019,4,0,4,11,NARESH KUMAR SAINI,M,IND,912,GEN,1282206,1958939,MORADABAD,GEN,RUHELKHAND,13,65.45,0.07,yes,22,0,2.27,GEUP179527,Independents,10809,TRUE,1,,,,,,0,FALSE,FALSE,FALSE,Literate,Labourer or Daily Wage,,,,Lok Sabha Election (GE)
Uttar_Pradesh,17,6,2019,4,0,4,12,AKEEL,M,IND,890,,1282206,1958939,MORADABAD,GEN,RUHELKHAND,13,65.45,0.07,yes,128,0.01,2.27,GEUP2024249,Independents,10809,TRUE,1,,,,,,0,FALSE,FALSE,FALSE,Literate,Business,,,,Lok Sabha Election (GE)
Uttar_Pradesh,17,6,2019,4,0,4,13,Tej Singh Seny,M,RSMD,762,,1282206,1958939,MORADABAD,GEN,RUHELKHAND,13,65.45,0.06,yes,198,0.02,2.27,GEUP179528,Local Party,6825,TRUE,1,,,,,,0,FALSE,FALSE,FALSE,8th Pass,Agriculture,,,,Lok Sabha Election (GE)
Uttar_Pradesh,17,6,2019,4,0,4,14,BHISHM JIT SINGH,M,FJP,564,,1282206,1958939,MORADABAD,GEN,RUHELKHAND,13,65.45,0.04,yes,0,0,2.27,GEUP2024297,Local Party,3042,TRUE,1,,,,,,0,FALSE,FALSE,FALSE,Others,Labourer or Daily Wage,,,,Lok Sabha Election (GE)
Uttar_Pradesh,17,7,2019,4,0,4,1,Mohammad Azam Khan,M,SP,559177,,1060921,1679506,RAMPUR,GEN,RUHELKHAND,11,63.17,52.71,no,109997,10.37,2.17,AEUP147287,State-based Party,7425,TRUE,1,,,,,,1,FALSE,FALSE,FALSE,Graduate Professional,Business,,Social Work,,Lok Sabha Election (GE)
Uttar_Pradesh,17,7,2019,4,0,4,2,Jayaprada Nahata,F,BJP,449180,GEN,1060921,1679506,RAMPUR,GEN,RUHELKHAND,11,63.17,42.34,no,414171,39.04,2.17,GEUP77316,National Party,1605,TRUE,4,RLD,12169,BIJNOR,FALSE,FALSE,2,TRUE,FALSE,TRUE,12th Pass,Liberal Profession or Professional,Actor,Social Work,,Lok Sabha Election (GE)
Uttar_Pradesh,17,7,2019,4,0,4,3,Sanjay Kapoor,M,INC,35009,GEN,1060921,1679506,RAMPUR,GEN,RUHELKHAND,11,63.17,3.3,yes,28432,2.68,2.17,AEUP200107,National Party,3482,TRUE,2,INC,3482,PILIBHIT,FALSE,TRUE,0,FALSE,FALSE,TRUE,Graduate Professional,Business,,Agriculture,,Lok Sabha Election (GE)
Uttar_Pradesh,17,7,2019,4,0,4,4,NOTA,,NOTA,6577,,1060921,1679506,RAMPUR,GEN,RUHELKHAND,11,63.17,0.62,,3874,0.37,2.17,,NOTA,5897,TRUE,,,,,,,,,,,,,,,,Lok Sabha Election (GE)
Uttar_Pradesh,17,7,2019,4,0,4,5,Haneef Khan,M,IND,2703,,1060921,1679506,RAMPUR,GEN,RUHELKHAND,11,63.17,0.25,yes,581,0.05,2.17,GEUP179529,Independents,10809,TRUE,1,,,,,,0,FALSE,FALSE,FALSE,10th Pass,Labourer or Daily Wage,,,,Lok Sabha Election (GE)
Uttar_Pradesh,17,7,2019,4,0,4,6,Sameena Begum,F,IND,2122,,1060921,1679506,RAMPUR,GEN,RUHELKHAND,11,63.17,0.2,yes,159,0.01,2.17,GEUP2024555,Independents,10809,TRUE,1,,,,,,0,FALSE,FALSE,FALSE,Others,Salaried Work or Employed,Medical Professional,,,Lok Sabha Election (GE)
Uttar_Pradesh,17,7,2019,4,0,4,7,Javed Khan,M,IND,1963,,1060921,1679506,RAMPUR,GEN,RUHELKHAND,11,63.17,0.19,yes,445,0.04,2.17,GEUP179530,Independents,10809,TRUE,1,,,,,,0,FALSE,FALSE,FALSE,Illiterate,Other,,,,Lok Sabha Election (GE)
Uttar_Pradesh,17,7,2019,4,0,4,8,Naim,M,IND,1518,,1060921,1679506,RAMPUR,GEN,RUHELKHAND,11,63.17,0.14,yes,448,0.04,2.17,GEUP2024456,Independents,10809,TRUE,1,,,,,,0,FALSE,FALSE,FALSE,Illiterate,Labourer or Daily Wage,,,,Lok Sabha Election (GE)
Uttar_Pradesh,17,7,2019,4,0,4,9,Arshad Warsi,M,MNDP,1070,,1060921,1679506,RAMPUR,GEN,RUHELKHAND,11,63.17,0.1,yes,418,0.04,2.17,AEUP200105,Local Party,5421,TRUE,1,,,,,,0,FALSE,FALSE,FALSE,Literate,Other,,,,Lok Sabha Election (GE)
Uttar_Pradesh,17,7,2019,4,0,4,10,Saroj,F,PPID,652,,1060921,1679506,RAMPUR,GEN,RUHELKHAND,11,63.17,0.06,yes,153,0.01,2.17,GEUP2024571,Local Party,6054,TRUE,1,,,,,,0,FALSE,FALSE,FALSE,Post Graduate,Agriculture,,Education,School Teacher,Lok Sabha Election (GE)
Uttar_Pradesh,17,7,2019,4,0,4,11,Ishrat Khan,M,AIMF,499,,1060921,1679506,RAMPUR,GEN,RUHELKHAND,11,63.17,0.05,yes,48,0,2.17,GEUP179532,Local Party,726,TRUE,1,,,,,,0,FALSE,FALSE,FALSE,Post Graduate,Liberal Profession or Professional,Lawyer,,,Lok Sabha Election (GE)
Uttar_Pradesh,17,7,2019,4,0,4,12,Mohd. Khushi,M,UDFS,451,,1060921,1679506,RAMPUR,GEN,RUHELKHAND,11,63.17,0.04,yes,0,0,2.17,GEUP2024445,Local Party,8376,TRUE,1,,,,,,0,FALSE,FALSE,FALSE,10th Pass,Labourer or Daily Wage,,,,Lok Sabha Election (GE)
Uttar_Pradesh,17,8,2019,4,0,4,1,DR. SHAFIQUR REHMAN BARQ,M,SP,658006,GEN,1183469,1828764,SAMBHAL,GEN,RUHELKHAND,12,64.71,55.6,no,174826,14.77,2.08,AEUP118782,State-based Party,7425,TRUE,7,SP,7425,SAMBHAL,TRUE,TRUE,5,FALSE,FALSE,TRUE,Graduate,Retired or Pension,,,,Lok Sabha Election (GE)
Uttar_Pradesh,17,8,2019,4,0,4,2,PARAMESHVAR LAL SAINI,M,BJP,483180,GEN,1183469,1828764,SAMBHAL,GEN,RUHELKHAND,12,64.71,40.83,no,471075,39.8,2.08,GEUP2024473,National Party,1605,TRUE,1,,,,,,0,FALSE,FALSE,FALSE,10th Pass,Retired or Pension,,,,Lok Sabha Election (GE)
Uttar_Pradesh,17,8,2019,4,0,4,3,MAJOR JAGAT PAL SINGH,M,INC,12105,GEN,1183469,1828764,SAMBHAL,GEN,RUHELKHAND,12,64.71,1.02,yes,4875,0.41,2.08,GEUP179533,National Party,3482,TRUE,1,,,,,,0,FALSE,FALSE,FALSE,Graduate,Retired or Pension,,,,Lok Sabha Election (GE)
Uttar_Pradesh,17,8,2019,4,0,4,4,NOTA,,NOTA,7230,,1183469,1828764,SAMBHAL,GEN,RUHELKHAND,12,64.71,0.61,,2589,0.22,2.08,,NOTA,5897,TRUE,,,,,,,,,,,,,,,,Lok Sabha Election (GE)
Uttar_Pradesh,17,8,2019,4,0,4,5,VIRENDRA KUMAR PRAJAPATI,M,IND,4641,GEN,1183469,1828764,SAMBHAL,GEN,RUHELKHAND,12,64.71,0.39,yes,443,0.04,2.08,GEUP179534,Independents,10809,TRUE,1,,,,,,0,FALSE,FALSE,FALSE,,,,,,Lok Sabha Election (GE)
Uttar_Pradesh,17,8,2019,4,0,4,6,KARAN SINGH YADAV,M,PSPL,4198,GEN,1183469,1828764,SAMBHAL,GEN,RUHELKHAND,12,64.71,0.35,yes,117,0.01,2.08,GEUP2024393,Local Party,17283,TRUE,1,,,,,,0,FALSE,FALSE,FALSE,12th Pass,Business,Rent,Agriculture,,Lok Sabha Election (GE)
Uttar_Pradesh,17,8,2019,4,0,4,7,ILYAS,M,BHHF,4081,,1183469,1828764,SAMBHAL,GEN,RUHELKHAND,12,64.71,0.34,yes,453,0.04,2.08,GEUP179535,Local Party,24422,TRUE,1,,,,,,0,FALSE,FALSE,FALSE,Literate,Business,Contractor,,,Lok Sabha Election (GE)
Uttar_Pradesh,17,8,2019,4,0,4,8,MOHD. MASROOR,M,IND,3628,,1183469,1828764,SAMBHAL,GEN,RUHELKHAND,12,64.71,0.31,yes,894,0.08,2.08,GEUP2024446,Independents,10809,TRUE,1,,,,,,0,FALSE,FALSE,FALSE,,Labourer or Daily Wage,,,,Lok Sabha Election (GE)
Uttar_Pradesh,17,8,2019,4,0,4,9,FIROZ KHAN,M,IND,2734,,1183469,1828764,SAMBHAL,GEN,RUHELKHAND,12,64.71,0.23,yes,1507,0.13,2.08,GEUP179536,Independents,10809,TRUE,1,,,,,,0,FALSE,FALSE,FALSE,Literate,Salaried Work or Employed,Managerial Position,,,Lok Sabha Election (GE)
Uttar_Pradesh,17,8,2019,4,0,4,10,HASAN RAZA,M,RUC,1227,,1183469,1828764,SAMBHAL,GEN,RUHELKHAND,12,64.71,0.1,yes,179,0.02,2.08,GEUP2024364,Local Party,6870,TRUE,1,,,,,,0,FALSE,FALSE,FALSE,Graduate,Small Business or Self-employed,,,,Lok Sabha Election (GE)
Uttar_Pradesh,17,8,2019,4,0,4,11,SHAHLA WAJID,F,ASP,1048,,1183469,1828764,SAMBHAL,GEN,RUHELKHAND,12,64.71,0.09,yes,302,0.03,2.08,GEUP179537,Local Party,9011,TRUE,1,,,,,,0,FALSE,FALSE,FALSE,12th Pass,Social Work,,,,Lok Sabha Election (GE)
Uttar_Pradesh,17,8,2019,4,0,4,12,BHOJRAJ,M,SWAJANPA,746,,1183469,1828764,SAMBHAL,GEN,RUHELKHAND,12,64.71,0.06,yes,101,0.01,2.08,GEUP2024298,Local Party,8202,TRUE,1,,,,,,0,FALSE,FALSE,FALSE,Post Graduate,Retired or Pension,,Agriculture,,Lok Sabha Election (GE)
Uttar_Pradesh,17,8,2019,4,0,4,13,RAM CHANDRA,M,BHAPRAP,645,,1183469,1828764,SAMBHAL,GEN,RUHELKHAND,12,64.71,0.05,yes,0,0,2.08,GEUP179538,Local Party,18101,TRUE,1,,,,,,0,FALSE,FALSE,FALSE,Graduate,Labourer or Daily Wage,,,,Lok Sabha Election (GE)
Uttar_Pradesh,17,9,2019,4,0,4,1,KUNWAR DANISH ALI,M,BSP,601082,GEN,1169182,1646435,AMROHA,GEN,RUHELKHAND,10,71.01,51.41,no,63248,5.41,2.13,GEUP2024401,State-based Party,16651,TRUE,1,,,,,,1,FALSE,FALSE,FALSE,Graduate,Agriculture,,,,Lok Sabha Election (GE)
Uttar_Pradesh,17,9,2019,4,0,4,2,KANWAR SINGH TANWAR,M,BJP,537834,GEN,1169182,1646435,AMROHA,GEN,RUHELKHAND,10,71.01,46,no,525324,44.93,2.13,GEUP11445,National Party,1605,TRUE,2,BJP,1605,AMROHA,TRUE,TRUE,1,FALSE,TRUE,TRUE,8th Pass,Business,"Real Estate or Builder or Developer or Construction, Rent",,,Lok Sabha Election (GE)
Uttar_Pradesh,17,9,2019,4,0,4,3,SACHIN CHOUDHARY,M,INC,12510,GEN,1169182,1646435,AMROHA,GEN,RUHELKHAND,10,71.01,1.07,yes,5893,0.5,2.13,GEUP2024552,National Party,3482,TRUE,1,,,,,,0,FALSE,FALSE,FALSE,12th Pass,Agriculture,,,,Lok Sabha Election (GE)
Uttar_Pradesh,17,9,2019,4,0,4,4,NOTA,,NOTA,6617,,1169182,1646435,AMROHA,GEN,RUHELKHAND,10,71.01,0.57,,2968,0.25,2.13,,NOTA,5897,TRUE,,,,,,,,,,,,,,,,Lok Sabha Election (GE)
Uttar_Pradesh,17,9,2019,4,0,4,5,VIKAR AHMAD,M,IND,3649,,1169182,1646435,AMROHA,GEN,RUHELKHAND,10,71.01,0.31,yes,1593,0.14,2.13,GEUP2024640,Independents,10809,TRUE,1,,,,,,0,FALSE,FALSE,FALSE,Literate,Agriculture,,,,Lok Sabha Election (GE)
Uttar_Pradesh,17,9,2019,4,0,4,6,(KUNWAR) ROBIN TYAGI,M,IND,2056,GEN,1169182,1646435,AMROHA,GEN,RUHELKHAND,10,71.01,0.18,yes,664,0.06,2.13,GEUP179539,Independents,10809,TRUE,1,,,,,,0,FALSE,FALSE,FALSE,,,,,,Lok Sabha Election (GE)
Uttar_Pradesh,17,9,2019,4,0,4,7,RAJPAL SINGH,M,IND,1392,,1169182,1646435,AMROHA,GEN,RUHELKHAND,10,71.01,0.12,yes,228,0.02,2.13,GEUP2024515,Independents,10809,TRUE,1,,,,,,0,FALSE,FALSE,FALSE,Literate,Small Business or Self-employed,Shop Keeper,,,Lok Sabha Election (GE)
Uttar_Pradesh,17,9,2019,4,0,4,8,RAJPAL SINGH SAINI,M,JaSD,1164,GEN,1169182,1646435,AMROHA,GEN,RUHELKHAND,10,71.01,0.1,yes,185,0.02,2.13,GEUP179540,Local Party,4175,TRUE,1,,,,,,0,FALSE,FALSE,FALSE,Graduate Professional,Retired or Pension,,,,Lok Sabha Election (GE)
Uttar_Pradesh,17,9,2019,4,0,4,9,AKHTAR,M,IND,979,,1169182,1646435,AMROHA,GEN,RUHELKHAND,10,71.01,0.08,yes,25,0,2.13,GEUP2024250,Independents,10809,TRUE,1,,,,,,0,FALSE,FALSE,FALSE,Literate,Agriculture,,,,Lok Sabha Election (GE)
Uttar_Pradesh,17,9,2019,4,0,4,10,MATLOOB AHMAD,M,PSPL,954,GEN,1169182,1646435,AMROHA,GEN,RUHELKHAND,10,71.01,0.08,yes,9,0,2.13,GEUP179541,Local Party,17283,TRUE,1,,,,,,0,FALSE,FALSE,FALSE,8th Pass,Agriculture,,,,Lok Sabha Election (GE)
Uttar_Pradesh,17,9,2019,4,0,4,11,NARESH KUMAR,M,IND,945,GEN,1169182,1646435,AMROHA,GEN,RUHELKHAND,10,71.01,0.08,yes,0,0,2.13,GEUP11421,Independents,10809,TRUE,2,IND,10809,AMROHA,TRUE,TRUE,0,FALSE,FALSE,TRUE,Post Graduate,Agriculture,,,,Lok Sabha Election (GE)
Uttar_Pradesh,17,10,2019,4,0,4,1,RAJENDRA AGARWAL,M,BJP,586184,GEN,1216413,1892931,MEERUT,GEN,WEST,11,64.26,48.19,no,4729,0.39,2.17,GEUP77835,National Party,1605,TRUE,4,BJP,1605,MEERUT,TRUE,TRUE,3,FALSE,TRUE,TRUE,Post Graduate,Politics,MP,,,Lok Sabha Election (GE)
Uttar_Pradesh,17,10,2019,4,0,4,2,HAJI MOHAMMAD YAQOOB,M,BSP,581455,GEN,1216413,1892931,MEERUT,GEN,WEST,11,64.26,47.8,no,546976,44.97,2.17,GEUP2024358,State-based Party,16651,TRUE,1,,,,,,0,FALSE,FALSE,FALSE,8th Pass,Small Business or Self-employed,,,,Lok Sabha Election (GE)
Uttar_Pradesh,17,10,2019,4,0,4,3,HARENDRA AGARWAL,M,INC,34479,GEN,1216413,1892931,MEERUT,GEN,WEST,11,64.26,2.83,yes,28163,2.32,2.17,GEUP179542,National Party,3482,TRUE,1,,,,,,0,FALSE,FALSE,FALSE,Graduate,Liberal Profession or Professional,Lawyer,Education,College Professor or Lecturer,Lok Sabha Election (GE)
Uttar_Pradesh,17,10,2019,4,0,4,4,NOTA,,NOTA,6316,,1216413,1892931,MEERUT,GEN,WEST,11,64.26,0.52,,4101,0.34,2.17,,NOTA,5897,TRUE,,,,,,,,,,,,,,,,Lok Sabha Election (GE)
Uttar_Pradesh,17,10,2019,4,0,4,5,SAHANSAR PAL SINGH,M,IND,2215,,1216413,1892931,MEERUT,GEN,WEST,11,64.26,0.18,yes,1190,0.1,2.17,GEUP179543,Independents,10809,TRUE,1,,,,,,0,FALSE,FALSE,FALSE,Graduate Professional,Retired or Pension,,Liberal Profession or Professional,Author,Lok Sabha Election (GE)
Uttar_Pradesh,17,10,2019,4,0,4,6,SHRAVAN KUMAR AGARWAL,M,IND,1025,GEN,1216413,1892931,MEERUT,GEN,WEST,11,64.26,0.08,yes,47,0,2.17,GEUP2024596,Independents,10809,TRUE,1,,,,,,0,FALSE,FALSE,FALSE,10th Pass,Business,,,,Lok Sabha Election (GE)
Uttar_Pradesh,17,10,2019,4,0,4,7,RAJESH GIRI,M,SABHP,978,GEN,1216413,1892931,MEERUT,GEN,WEST,11,64.26,0.08,yes,21,0,2.17,AEUP200187,Local Party,7712,TRUE,1,,,,,,0,FALSE,FALSE,FALSE,10th Pass,Small Business or Self-employed,,,,Lok Sabha Election (GE)
Uttar_Pradesh,17,10,2019,4,0,4,8,ARTI AGARWAL,F,SHS,957,GEN,1216413,1892931,MEERUT,GEN,WEST,11,64.26,0.08,yes,36,0,2.17,GEUP2024269,State-based Party (Other State),18691,TRUE,1,,,,,,0,FALSE,FALSE,FALSE,Graduate,Salaried Work or Employed,,,,Lok Sabha Election (GE)
Uttar_Pradesh,17,10,2019,4,0,4,9,NASIR ALI KHAN,M,PSPL,921,,1216413,1892931,MEERUT,GEN,WEST,11,64.26,0.08,yes,39,0,2.17,GEUP179545,Local Party,17283,TRUE,1,,,,,,0,FALSE,FALSE,FALSE,Others,Liberal Profession or Professional,Doctor,,,Lok Sabha Election (GE)
Uttar_Pradesh,17,10,2019,4,0,4,10,AFZAL,M,BAHUMP,882,,1216413,1892931,MEERUT,GEN,WEST,11,64.26,0.07,yes,370,0.03,2.17,GEUP2024244,Local Party,1060,TRUE,1,,,,,,0,FALSE,FALSE,FALSE,8th Pass,Labourer or Daily Wage,Mechanic,,,Lok Sabha Election (GE)
Uttar_Pradesh,17,10,2019,4,0,4,11,KIRAN R. C. JATAV,F,KARASP,512,SC,1216413,1892931,MEERUT,GEN,WEST,11,64.26,0.04,yes,23,0,2.17,GEUP179546,Local Party,24423,TRUE,1,,,,,,0,FALSE,FALSE,FALSE,Graduate,Education,Home Teacher or Tuition,,,Lok Sabha Election (GE)
Uttar_Pradesh,17,10,2019,4,0,4,12,DHARMENDRA,M,BaJD,489,,1216413,1892931,MEERUT,GEN,WEST,11,64.26,0.04,yes,0,0,2.17,GEUP2024326,Local Party,1640,TRUE,1,,,,,,0,FALSE,FALSE,FALSE,Graduate Professional,Liberal Profession or Professional,Lawyer,,,Lok Sabha Election (GE)
Uttar_Pradesh,17,11,2019,4,0,4,1,Dr. SATYAPAL SINGH,M,BJP,525789,GEN,1044894,1616476,BAGHPAT,GEN,WEST,13,64.64,50.32,no,23502,2.25,2.08,GEUP11522,National Party,1605,TRUE,2,BJP,1605,BAGHPAT,TRUE,TRUE,2,FALSE,TRUE,TRUE,Post Graduate,Former Government,Ex Civil Service,,,Lok Sabha Election (GE)
Uttar_Pradesh,17,11,2019,4,0,4,2,JAYANT CHAUDHARY,M,RLD,502287,GEN,1044894,1616476,BAGHPAT,GEN,WEST,13,64.64,48.07,no,497246,47.59,2.08,GEUP11663,State-based Party,12169,TRUE,3,RLD,12169,MATHURA,FALSE,TRUE,1,FALSE,FALSE,TRUE,Post Graduate,Retired or Pension,,Salaried Work or Employed,Qualified Professional,Lok Sabha Election (GE)
Uttar_Pradesh,17,11,2019,4,0,4,3,NOTA,,NOTA,5041,,1044894,1616476,BAGHPAT,GEN,WEST,13,64.64,0.48,,2581,0.25,2.08,,NOTA,5897,TRUE,,,,,,,,,,,,,,,,Lok Sabha Election (GE)
Uttar_Pradesh,17,11,2019,4,0,4,4,SUBHASH,M,IND,2460,,1044894,1616476,BAGHPAT,GEN,WEST,13,64.64,0.24,yes,832,0.08,2.08,GEUP2024610,Independents,10809,TRUE,1,,,,,,0,FALSE,FALSE,FALSE,Literate,Small Business or Self-employed,Shop Keeper,,,Lok Sabha Election (GE)
Uttar_Pradesh,17,11,2019,4,0,4,5,ISTAKAR ALI,M,NaLP,1628,,1044894,1616476,BAGHPAT,GEN,WEST,13,64.64,0.16,yes,228,0.02,2.08,GEUP179547,Local Party,5625,TRUE,1,,,,,,0,FALSE,FALSE,FALSE,8th Pass,Labourer or Daily Wage,,,,Lok Sabha Election (GE)
Uttar_Pradesh,17,11,2019,4,0,4,6,JAFAR,M,IND,1400,,1044894,1616476,BAGHPAT,GEN,WEST,13,64.64,0.13,yes,150,0.01,2.08,GEUP2024375,Independents,10809,TRUE,1,,,,,,0,FALSE,FALSE,FALSE,5th Pass,Other,,,,Lok Sabha Election (GE)
Uttar_Pradesh,17,11,2019,4,0,4,7,RAMKUMAR,M,svjn,1250,,1044894,1616476,BAGHPAT,GEN,WEST,13,64.64,0.12,yes,203,0.02,2.08,GEUP179548,,24553,TRUE,1,,,,,,0,FALSE,FALSE,FALSE,8th Pass,Small Business or Self-employed,,,,Lok Sabha Election (GE)
Uttar_Pradesh,17,11,2019,4,0,4,8,PARVEEN YOGI,M,BND,1047,,1044894,1616476,BAGHPAT,GEN,WEST,13,64.64,0.1,yes,115,0.01,2.08,GEUP2024477,Local Party,9440,TRUE,1,,,,,,0,FALSE,FALSE,FALSE,12th Pass,Social Work,,,,Lok Sabha Election (GE)
Uttar_Pradesh,17,11,2019,4,0,4,9,UTTAR KUMAR JINDAL,M,BNIP,932,GEN,1044894,1616476,BAGHPAT,GEN,WEST,13,64.64,0.09,yes,225,0.02,2.08,GEUP179549,Local Party,1746,TRUE,1,,,,,,0,FALSE,FALSE,FALSE,Graduate,Business,,,,Lok Sabha Election (GE)
Uttar_Pradesh,17,11,2019,4,0,4,10,CHAUDHARY MOHKAM,M,PSPL,707,,1044894,1616476,BAGHPAT,GEN,WEST,13,64.64,0.07,yes,46,0,2.08,GEUP2024315,Local Party,17283,TRUE,1,,,,,,0,FALSE,FALSE,FALSE,10th Pass,Agriculture,,,,Lok Sabha Election (GE)
Uttar_Pradesh,17,11,2019,4,0,4,11,DEVENDER,M,AAPP,661,,1044894,1616476,BAGHPAT,GEN,WEST,13,64.64,0.06,yes,28,0,2.08,GEUP179550,Local Party,18403,TRUE,1,,,,,,0,FALSE,FALSE,FALSE,10th Pass,Small Business or Self-employed,Shop Keeper,,,Lok Sabha Election (GE)
Uttar_Pradesh,17,11,2019,4,0,4,12,RUBY KASHYAP,F,HND,633,GEN,1044894,1616476,BAGHPAT,GEN,WEST,13,64.64,0.06,yes,77,0.01,2.08,GEUP2024549,Local Party,3288,TRUE,1,,,,,,0,FALSE,FALSE,FALSE,Graduate,Small Business or Self-employed,,,,Lok Sabha Election (GE)
Uttar_Pradesh,17,11,2019,4,0,4,13,Dr. SALEEM AHMAD,M,SACP,556,,1044894,1616476,BAGHPAT,GEN,WEST,13,64.64,0.05,yes,53,0.01,2.08,GEUP179551,Local Party,24424,TRUE,1,,,,,,0,FALSE,FALSE,FALSE,Graduate,Liberal Profession or Professional,Doctor,Traditional Occupation,Traditional Medicine,Lok Sabha Election (GE)
Uttar_Pradesh,17,11,2019,4,0,4,14,MANOJ RANA,M,ABLP,503,,1044894,1616476,BAGHPAT,GEN,WEST,13,64.64,0.05,yes,0,0,2.08,GEUP2024435,Local Party,24425,TRUE,1,,,,,,0,FALSE,FALSE,FALSE,10th Pass,Business,Contractor,,,Lok Sabha Election (GE)
Uttar_Pradesh,17,12,2019,4,0,4,1,Vijay Kumar Singh,M,BJP,944503,GEN,1524456,2728978,GHAZIABAD,GEN,WEST,12,55.86,61.96,no,501500,32.9,2.13,GEBR1409,National Party,1605,TRUE,2,BJP,1605,MADHEPURA | GHAZIABAD,TRUE,TRUE,2,FALSE,TRUE,TRUE,Doctorate,Retired or Pension,,,,Lok Sabha Election (GE)
Uttar_Pradesh,17,12,2019,4,0,4,2,Suresh Bansal,M,SP,443003,GEN,1524456,2728978,GHAZIABAD,GEN,WEST,12,55.86,29.06,no,331059,21.72,2.13,AEUP200176,State-based Party,7425,TRUE,1,,,,,,0,FALSE,FALSE,FALSE,Post Graduate,Business,Rent,Retired or Pension,,Lok Sabha Election (GE)
Uttar_Pradesh,17,12,2019,4,0,4,3,Dolly Sharma,F,INC,111944,GEN,1524456,2728978,GHAZIABAD,GEN,WEST,12,55.86,7.34,yes,104449,6.85,2.13,GEUP179552,National Party,3482,TRUE,1,,,,,,0,FALSE,FALSE,FALSE,Post Graduate,Business,,,,Lok Sabha Election (GE)
Uttar_Pradesh,17,12,2019,4,0,4,4,NOTA,,NOTA,7495,,1524456,2728978,GHAZIABAD,GEN,WEST,12,55.86,0.49,,3115,0.2,2.13,,NOTA,5897,TRUE,,,,,,,,,,,,,,,,Lok Sabha Election (GE)
Uttar_Pradesh,17,12,2019,4,0,4,5,Sewa Ram Kasana,M,PSPL,4380,GEN,1524456,2728978,GHAZIABAD,GEN,WEST,12,55.86,0.29,yes,436,0.03,2.13,GEUP179553,Local Party,17283,TRUE,1,,,,,,0,FALSE,FALSE,FALSE,10th Pass,Business,Rent,Agriculture,,Lok Sabha Election (GE)
Uttar_Pradesh,17,12,2019,4,0,4,6,Sunil Nair,M,RASHLSP,3944,,1524456,2728978,GHAZIABAD,GEN,WEST,12,55.86,0.26,yes,1494,0.1,2.13,GEUP2024618,Local Party,24426,TRUE,1,,,,,,0,FALSE,FALSE,FALSE,Illiterate,Other,,,,Lok Sabha Election (GE)
Uttar_Pradesh,17,12,2019,4,0,4,7,Ashok Sharma,M,SBSPSP,2450,GEN,1524456,2728978,GHAZIABAD,GEN,WEST,12,55.86,0.16,yes,15,0,2.13,GEUP179554,Local Party,24995,TRUE,1,,,,,,0,FALSE,FALSE,FALSE,Post Graduate,Business,,,,Lok Sabha Election (GE)
Uttar_Pradesh,17,12,2019,4,0,4,8,Amit Sharma,M,IND,2435,GEN,1524456,2728978,GHAZIABAD,GEN,WEST,12,55.86,0.16,yes,1285,0.08,2.13,GEUP2024255,Independents,10809,TRUE,1,,,,,,0,FALSE,FALSE,FALSE,10th Pass,Small Business or Self-employed,,,,Lok Sabha Election (GE)
Uttar_Pradesh,17,12,2019,4,0,4,9,Mohan Lal,M,RPI(A),1150,,1524456,2728978,GHAZIABAD,GEN,WEST,12,55.86,0.08,yes,225,0.01,2.13,GEUP179555,State-based Party (Other State),12285,TRUE,1,,,,,,0,FALSE,FALSE,FALSE,Graduate Professional,Former Government,Ex Police,,,Lok Sabha Election (GE)
Uttar_Pradesh,17,12,2019,4,0,4,10,Divya Yog Maya Saraswati,F,RBJJP,925,GEN,1524456,2728978,GHAZIABAD,GEN,WEST,12,55.86,0.06,yes,121,0.01,2.13,GEUP2024339,Local Party,17314,TRUE,1,,,,,,0,FALSE,FALSE,FALSE,Illiterate,Other,,,,Lok Sabha Election (GE)
Uttar_Pradesh,17,12,2019,4,0,4,11,Mohd. Salim Ahmed,M,SACP,804,,1524456,2728978,GHAZIABAD,GEN,WEST,12,55.86,0.05,yes,90,0.01,2.13,GEUP179556,Local Party,24424,TRUE,1,,,,,,0,FALSE,FALSE,FALSE,Literate,Labourer or Daily Wage,Mechanic,,,Lok Sabha Election (GE)
Uttar_Pradesh,17,12,2019,4,0,4,12,Nagendra Kumar,M,SHS,714,,1524456,2728978,GHAZIABAD,GEN,WEST,12,55.86,0.05,yes,5,0,2.13,GEUP2024455,State-based Party (Other State),18691,TRUE,1,,,,,,0,FALSE,FALSE,FALSE,Graduate,Retired or Pension,,Former Government,Ex Govt Employee,Lok Sabha Election (GE)
Uttar_Pradesh,17,12,2019,4,0,4,13,Rakesh Suri,M,RTORP,709,,1524456,2728978,GHAZIABAD,GEN,WEST,12,55.86,0.05,yes,0,0,2.13,GEUP179557,Local Party,17316,TRUE,1,,,,,,0,FALSE,FALSE,FALSE,Graduate,Salaried Work or Employed,,,,Lok Sabha Election (GE)
Uttar_Pradesh,17,13,2019,4,0,4,1,Dr. MAHESH SHARMA,M,BJP,830812,GEN,1392952,2302960,GAUTAM BUDDHA NAGAR,GEN,WEST,13,60.49,59.64,no,336922,24.19,2.04,GEUP15874,National Party,1605,TRUE,2,BJP,1605,GAUTAM BUDDHA NAGAR,TRUE,TRUE,2,FALSE,TRUE,TRUE,Graduate Professional,Politics,Minister,,,Lok Sabha Election (GE)
Uttar_Pradesh,17,13,2019,4,0,4,2,SATVEER,M,BSP,493890,GEN,1392952,2302960,GAUTAM BUDDHA NAGAR,GEN,WEST,13,60.49,35.46,no,451813,32.44,2.04,GEUP179558,State-based Party,16651,TRUE,1,,,,,,0,FALSE,FALSE,FALSE,8th Pass,Business,,Agriculture,,Lok Sabha Election (GE)
Uttar_Pradesh,17,13,2019,4,0,4,3,Dr. ARVIND KUMAR SINGH,M,INC,42077,GEN,1392952,2302960,GAUTAM BUDDHA NAGAR,GEN,WEST,13,60.49,3.02,yes,33706,2.42,2.04,GEUP11599,National Party,3482,TRUE,2,BSP,16651,ALIGARH,FALSE,FALSE,0,TRUE,FALSE,TRUE,Doctorate,Business,Private Company,,,Lok Sabha Election (GE)
Uttar_Pradesh,17,13,2019,4,0,4,4,NOTA,,NOTA,8371,,1392952,2302960,GAUTAM BUDDHA NAGAR,GEN,WEST,13,60.49,0.6,,4432,0.32,2.04,,NOTA,5897,TRUE,,,,,,,,,,,,,,,,Lok Sabha Election (GE)
Uttar_Pradesh,17,13,2019,4,0,4,5,ASHOK KUMAR ADHANA,M,IND,3939,,1392952,2302960,GAUTAM BUDDHA NAGAR,GEN,WEST,13,60.49,0.28,yes,1045,0.08,2.04,GEUP2024277,Independents,10809,TRUE,1,,,,,,0,FALSE,FALSE,FALSE,10th Pass,Retired or Pension,,,,Lok Sabha Election (GE)
Uttar_Pradesh,17,13,2019,4,0,4,6,RODASH GUPTA,M,IND,2894,GEN,1392952,2302960,GAUTAM BUDDHA NAGAR,GEN,WEST,13,60.49,0.21,yes,169,0.01,2.04,GEUP179559,Independents,10809,TRUE,1,,,,,,0,FALSE,FALSE,FALSE,Post Graduate,Business,,Liberal Profession or Professional,Doctor,Lok Sabha Election (GE)
Uttar_Pradesh,17,13,2019,4,0,4,7,JAGDEEP SINGH,M,LOKJANP,2725,,1392952,2302960,GAUTAM BUDDHA NAGAR,GEN,WEST,13,60.49,0.2,yes,863,0.06,2.04,GEUP2024378,Local Party,17318,TRUE,1,,,,,,0,FALSE,FALSE,FALSE,Graduate Professional,Liberal Profession or Professional,Lawyer,,,Lok Sabha Election (GE)
Uttar_Pradesh,17,13,2019,4,0,4,8,JITENDRA SINGH,M,PSPL,1862,GEN,1392952,2302960,GAUTAM BUDDHA NAGAR,GEN,WEST,13,60.49,0.13,yes,496,0.04,2.04,GEUP179560,Local Party,17283,TRUE,1,,,,,,0,FALSE,FALSE,FALSE,12th Pass,Business,Contractor,,,Lok Sabha Election (GE)
Uttar_Pradesh,17,13,2019,4,0,4,9,VINOD KUMAR NAGAR,M,RBJJP,1366,,1392952,2302960,GAUTAM BUDDHA NAGAR,GEN,WEST,13,60.49,0.1,yes,72,0.01,2.04,GEUP2024645,Local Party,17314,TRUE,1,,,,,,0,FALSE,FALSE,FALSE,Post Graduate,Education,School Teacher,,,Lok Sabha Election (GE)
Uttar_Pradesh,17,13,2019,4,0,4,10,RAM PAL,M,RSPS,1294,,1392952,2302960,GAUTAM BUDDHA NAGAR,GEN,WEST,13,60.49,0.09,yes,12,0,2.04,GEUP179561,Local Party,6792,TRUE,1,,,,,,0,FALSE,FALSE,FALSE,Post Graduate,Education,Home Teacher or Tuition,,,Lok Sabha Election (GE)
Uttar_Pradesh,17,13,2019,4,0,4,11,VINOD SHARMA,M,AIRCP,1282,GEN,1392952,2302960,GAUTAM BUDDHA NAGAR,GEN,WEST,13,60.49,0.09,yes,18,0,2.04,GEUP2024646,Local Party,24427,TRUE,1,,,,,,0,FALSE,FALSE,FALSE,12th Pass,Business,,,,Lok Sabha Election (GE)
Uttar_Pradesh,17,13,2019,4,0,4,12,SHERSINGH UPADHAYA,M,RtrJP,1264,GEN,1392952,2302960,GAUTAM BUDDHA NAGAR,GEN,WEST,13,60.49,0.09,yes,633,0.05,2.04,GEUP179562,Local Party,6594,TRUE,1,,,,,,0,FALSE,FALSE,FALSE,8th Pass,Social Work,Trade Union,,,Lok Sabha Election (GE)
Uttar_Pradesh,17,13,2019,4,0,4,13,RAGHUVENDRA KUMAR,M,SBSPSP,631,,1392952,2302960,GAUTAM BUDDHA NAGAR,GEN,WEST,13,60.49,0.05,yes,86,0.01,2.04,GEUP2024503,Local Party,24995,TRUE,1,,,,,,0,FALSE,FALSE,FALSE,Post Graduate,Other,,,,Lok Sabha Election (GE)
Uttar_Pradesh,17,13,2019,4,0,4,14,DAYARAM,M,AAPP,545,,1392952,2302960,GAUTAM BUDDHA NAGAR,GEN,WEST,13,60.49,0.04,yes,0,0,2.04,GEUP179563,Local Party,18403,TRUE,1,,,,,,0,FALSE,FALSE,FALSE,10th Pass,Labourer or Daily Wage,,,,Lok Sabha Election (GE)
Uttar_Pradesh,17,14,2019,4,0,4,1,BHOLA SINGH,M,BJP,681321,SC,1123629,1787925,BULANDSHAHR,SC,WEST,9,62.85,60.64,no,290057,25.81,2.04,AEUP118046,National Party,1605,TRUE,2,BJP,1605,BULANDSHAHR,TRUE,TRUE,2,FALSE,TRUE,TRUE,Graduate,Business,Rent,Salaried Work or Employed,,Lok Sabha Election (GE)
Uttar_Pradesh,17,14,2019,4,0,4,2,YOGESH VERMA,M,BSP,391264,SC,1123629,1787925,BULANDSHAHR,SC,WEST,9,62.85,34.82,no,361799,32.2,2.04,AEUP102526,State-based Party,16651,TRUE,1,,,,,,0,FALSE,FALSE,FALSE,12th Pass,Retired or Pension,,,,Lok Sabha Election (GE)
Uttar_Pradesh,17,14,2019,4,0,4,3,BANSHI SINGH,M,INC,29465,SC,1123629,1787925,BULANDSHAHR,SC,WEST,9,62.85,2.62,yes,23746,2.11,2.04,AEUP100985,National Party,3482,TRUE,1,,,,,,0,FALSE,FALSE,FALSE,10th Pass,Agriculture,,,,Lok Sabha Election (GE)
Uttar_Pradesh,17,14,2019,4,0,4,4,NOTA,,NOTA,5719,,1123629,1787925,BULANDSHAHR,SC,WEST,9,62.85,0.51,,549,0.05,2.04,,NOTA,5897,TRUE,,,,,,,,,,,,,,,,Lok Sabha Election (GE)
Uttar_Pradesh,17,14,2019,4,0,4,5,RADHIKA DEVI,F,IND,5170,SC,1123629,1787925,BULANDSHAHR,SC,WEST,9,62.85,0.46,yes,1506,0.13,2.04,GEUP2024502,Independents,10809,TRUE,1,,,,,,0,FALSE,FALSE,FALSE,Doctorate,Education,College Professor or Lecturer,,,Lok Sabha Election (GE)
Uttar_Pradesh,17,14,2019,4,0,4,6,PRAMOD KUMAR,M,RSPS,3664,SC,1123629,1787925,BULANDSHAHR,SC,WEST,9,62.85,0.33,yes,276,0.02,2.04,GEUP179564,Local Party,6792,TRUE,1,,,,,,0,FALSE,FALSE,FALSE,Graduate,Salaried Work or Employed,,,,Lok Sabha Election (GE)
Uttar_Pradesh,17,14,2019,4,0,4,7,MANOJ KUMAR SINGH,M,IND,3388,SC,1123629,1787925,BULANDSHAHR,SC,WEST,9,62.85,0.3,yes,1935,0.17,2.04,GEUP2024434,Independents,10809,TRUE,1,,,,,,0,FALSE,FALSE,FALSE,Graduate,Labourer or Daily Wage,,,,Lok Sabha Election (GE)
Uttar_Pradesh,17,14,2019,4,0,4,8,REENA DEVI,F,NABMUP,1453,SC,1123629,1787925,BULANDSHAHR,SC,WEST,9,62.85,0.13,yes,185,0.02,2.04,GEUP179565,Local Party,24428,TRUE,1,,,,,,0,FALSE,FALSE,FALSE,8th Pass,Other,Household,,,Lok Sabha Election (GE)
Uttar_Pradesh,17,14,2019,4,0,4,9,SATISH,M,BBPP,1268,SC,1123629,1787925,BULANDSHAHR,SC,WEST,9,62.85,0.11,yes,351,0.03,2.04,GEUP2024573,Local Party,1357,TRUE,1,,,,,,0,FALSE,FALSE,FALSE,,Agriculture,,,,Lok Sabha Election (GE)
Uttar_Pradesh,17,14,2019,4,0,4,10,VINAY KUMAR SINGH,M,AAPP,917,SC,1123629,1787925,BULANDSHAHR,SC,WEST,9,62.85,0.08,yes,0,0,2.04,GEUP179566,Local Party,18403,TRUE,1,,,,,,0,FALSE,FALSE,FALSE,Graduate Professional,Other,,,,Lok Sabha Election (GE)
Uttar_Pradesh,17,15,2019,4,0,4,1,SATISH KUMAR GAUTAM,M,BJP,656215,GEN,1163184,1887127,ALIGARH,GEN,DOAB,14,61.64,56.42,no,229261,19.71,2.22,GEUP78267,National Party,1605,TRUE,3,BJP,1605,ALIGARH,TRUE,TRUE,2,FALSE,TRUE,TRUE,10th Pass,Business,,,,Lok Sabha Election (GE)
Uttar_Pradesh,17,15,2019,4,0,4,2,DR. AJEET BALIYAN,M,BSP,426954,GEN,1163184,1887127,ALIGARH,GEN,DOAB,14,61.64,36.71,no,376074,32.33,2.22,GEUP179567,State-based Party,16651,TRUE,1,,,,,,0,FALSE,FALSE,FALSE,Doctorate,Small Business or Self-employed,Self-employed,,,Lok Sabha Election (GE)
Uttar_Pradesh,17,15,2019,4,0,4,3,BIJENDRA SINGH CHAUDHARY,M,INC,50880,GEN,1163184,1887127,ALIGARH,GEN,DOAB,14,61.64,4.37,yes,44612,3.84,2.22,GEUP2024299,National Party,3482,TRUE,1,,,,,,0,FALSE,FALSE,FALSE,Graduate,Politics,Party Worker,Agriculture,,Lok Sabha Election (GE)
Uttar_Pradesh,17,15,2019,4,0,4,4,NOTA,,NOTA,6268,,1163184,1887127,ALIGARH,GEN,DOAB,14,61.64,0.54,,382,0.03,2.22,,NOTA,5897,TRUE,,,,,,,,,,,,,,,,Lok Sabha Election (GE)
Uttar_Pradesh,17,15,2019,4,0,4,5,LAXMI DHANGAR,F,IND,5886,,1163184,1887127,ALIGARH,GEN,DOAB,14,61.64,0.51,yes,933,0.08,2.22,GEUP2024407,Independents,10809,TRUE,1,,,,,,0,FALSE,FALSE,FALSE,,,,,,Lok Sabha Election (GE)
Uttar_Pradesh,17,15,2019,4,0,4,6,DEEPAK CHAUDHARY,M,PSPL,4953,GEN,1163184,1887127,ALIGARH,GEN,DOAB,14,61.64,0.43,yes,1272,0.11,2.22,GEUP179568,Local Party,17283,TRUE,1,,,,,,0,FALSE,FALSE,FALSE,Graduate,Agriculture,,,,Lok Sabha Election (GE)
Uttar_Pradesh,17,15,2019,4,0,4,7,AMAR SINGH MAHAUR,M,SWAJANPA,3681,,1163184,1887127,ALIGARH,GEN,DOAB,14,61.64,0.32,yes,2082,0.18,2.22,GEUP2024252,Local Party,8202,TRUE,1,,,,,,0,FALSE,FALSE,FALSE,Graduate Professional,Business,,,,Lok Sabha Election (GE)
Uttar_Pradesh,17,15,2019,4,0,4,8,SHAHEEN,F,IND,1599,,1163184,1887127,ALIGARH,GEN,DOAB,14,61.64,0.14,yes,374,0.03,2.22,GEUP179569,Independents,10809,TRUE,1,,,,,,0,FALSE,FALSE,FALSE,Others,Other,Household,,,Lok Sabha Election (GE)
Uttar_Pradesh,17,15,2019,4,0,4,9,THAKUR MANOJ SINGH,M,RPB,1225,,1163184,1887127,ALIGARH,GEN,DOAB,14,61.64,0.11,yes,50,0,2.22,GEUP2024629,Local Party,6373,TRUE,1,,,,,,0,FALSE,FALSE,FALSE,10th Pass,Business,,,,Lok Sabha Election (GE)
Uttar_Pradesh,17,15,2019,4,0,4,10,CHARAN SINGH,M,IND,1175,,1163184,1887127,ALIGARH,GEN,DOAB,14,61.64,0.1,yes,130,0.01,2.22,GEUP179570,Independents,10809,TRUE,1,,,,,,0,FALSE,FALSE,FALSE,12th Pass,Agriculture,,,,Lok Sabha Election (GE)
Uttar_Pradesh,17,15,2019,4,0,4,11,DILEEP SHARMA,M,PECP,1045,GEN,1163184,1887127,ALIGARH,GEN,DOAB,14,61.64,0.09,yes,204,0.02,2.22,GEUP2024328,Local Party,5995,TRUE,1,,,,,,0,FALSE,FALSE,FALSE,Graduate Professional,Business,,,,Lok Sabha Election (GE)
Uttar_Pradesh,17,15,2019,4,0,4,12,MOHD. SHAKEEL (ADV.),M,LD,841,,1163184,1887127,ALIGARH,GEN,DOAB,14,61.64,0.07,yes,5,0,2.22,GEUP179571,Local Party,4996,TRUE,1,,,,,,0,FALSE,FALSE,FALSE,Post Graduate,Business,,,,Lok Sabha Election (GE)
Uttar_Pradesh,17,15,2019,4,0,4,13,SANJAY BALMIKI,M,BHABHAPA,836,SC,1163184,1887127,ALIGARH,GEN,DOAB,14,61.64,0.07,yes,7,0,2.22,GEUP2024558,Local Party,1890,TRUE,1,,,,,,0,FALSE,FALSE,FALSE,5th Pass,Labourer or Daily Wage,Taxi Driver,,,Lok Sabha Election (GE)
Uttar_Pradesh,17,15,2019,4,0,4,14,SATISH CHANDRA SHARMA,M,AAAP,829,GEN,1163184,1887127,ALIGARH,GEN,DOAB,14,61.64,0.07,yes,32,0,2.22,GEUP179572,State-based Party (Other State),13,TRUE,1,,,,,,0,FALSE,FALSE,FALSE,Literate,Agriculture,,,,Lok Sabha Election (GE)
Uttar_Pradesh,17,15,2019,4,0,4,15,ASHOK KUMAR PANDEY,M,IND,797,GEN,1163184,1887127,ALIGARH,GEN,DOAB,14,61.64,0.07,yes,0,0,2.22,GEUP2024279,Independents,10809,TRUE,1,,,,,,0,FALSE,FALSE,FALSE,Post Graduate,Unemployed,,,,Lok Sabha Election (GE)
Uttar_Pradesh,17,16,2019,4,0,4,1,RAJVIR DILER,M,BJP,684299,SC,1150294,1864320,HATHRAS,SC,DOAB,8,61.7,59.49,no,260208,22.62,2.04,GEUP179573,National Party,1605,TRUE,1,,,,,,1,FALSE,FALSE,FALSE,12th Pass,Politics,MLA,,,Lok Sabha Election (GE)
Uttar_Pradesh,17,16,2019,4,0,4,2,RAMJI LAL SUMAN,M,SP,424091,SC,1150294,1864320,HATHRAS,SC,DOAB,8,61.7,36.87,no,400165,34.79,2.04,GEUP11692,State-based Party,7425,TRUE,12,SP,7425,HATHRAS,TRUE,TRUE,4,FALSE,FALSE,TRUE,Graduate Professional,Business,Rent,Retired or Pension,,Lok Sabha Election (GE)
Uttar_Pradesh,17,16,2019,4,0,4,3,TRILOKI RAM,M,INC,23926,SC,1150294,1864320,HATHRAS,SC,DOAB,8,61.7,2.08,yes,15358,1.34,2.04,GEUP179574,National Party,3482,TRUE,1,,,,,,0,FALSE,FALSE,FALSE,Graduate,Retired or Pension,,,,Lok Sabha Election (GE)
Uttar_Pradesh,17,16,2019,4,0,4,4,NOTA,,NOTA,8568,,1150294,1864320,HATHRAS,SC,DOAB,8,61.7,0.74,,5305,0.46,2.04,,NOTA,5897,TRUE,,,,,,,,,,,,,,,,Lok Sabha Election (GE)
Uttar_Pradesh,17,16,2019,4,0,4,5,HARSWAROOP,M,IND,3263,SC,1150294,1864320,HATHRAS,SC,DOAB,8,61.7,0.28,yes,958,0.08,2.04,GEUP179575,Independents,10809,TRUE,1,,,,,,0,FALSE,FALSE,FALSE,8th Pass,Labourer or Daily Wage,,,,Lok Sabha Election (GE)
Uttar_Pradesh,17,16,2019,4,0,4,6,RAJARAM,M,LD,2305,SC,1150294,1864320,HATHRAS,SC,DOAB,8,61.7,0.2,yes,740,0.06,2.04,GEUP2024506,Local Party,4996,TRUE,1,,,,,,0,FALSE,FALSE,FALSE,Graduate,Labourer or Daily Wage,,,,Lok Sabha Election (GE)
Uttar_Pradesh,17,16,2019,4,0,4,7,BHUPENDRA KUMAR,M,RSOSP,1565,SC,1150294,1864320,HATHRAS,SC,DOAB,8,61.7,0.14,yes,171,0.01,2.04,GEUP179576,Local Party,16454,TRUE,1,,,,,,0,FALSE,FALSE,FALSE,12th Pass,Small Business or Self-employed,,,,Lok Sabha Election (GE)
Uttar_Pradesh,17,16,2019,4,0,4,8,DINESH SAI,M,IND,1394,SC,1150294,1864320,HATHRAS,SC,DOAB,8,61.7,0.12,yes,511,0.04,2.04,GEUP2024338,Independents,10809,TRUE,1,,,,,,0,FALSE,FALSE,FALSE,Graduate,Labourer or Daily Wage,,,,Lok Sabha Election (GE)
Uttar_Pradesh,17,16,2019,4,0,4,9,TILAK SINGH,M,IND,883,SC,1150294,1864320,HATHRAS,SC,DOAB,8,61.7,0.08,yes,0,0,2.04,GEUP179577,Independents,10809,TRUE,1,,,,,,0,FALSE,FALSE,FALSE,10th Pass,Agriculture,,,,Lok Sabha Election (GE)
Uttar_Pradesh,17,17,2019,4,0,4,1,HEMA MALINI,F,BJP,671293,GEN,1102731,1807893,MATHURA,GEN,DOAB,13,61,60.88,no,293471,26.61,2.04,GEUP11651,National Party,1605,TRUE,2,BJP,1605,MATHURA,TRUE,TRUE,2,FALSE,TRUE,TRUE,Doctorate,Liberal Profession or Professional,Actor,,,Lok Sabha Election (GE)
Uttar_Pradesh,17,17,2019,4,0,4,2,KUNWAR NARENDRA SINGH,M,RLD,377822,GEN,1102731,1807893,MATHURA,GEN,DOAB,13,61,34.26,no,349738,31.72,2.04,GEUP2029185,State-based Party,12169,TRUE,1,,,,,,0,FALSE,FALSE,FALSE,Graduate,Business,Rent,Agriculture,,Lok Sabha Election (GE)
Uttar_Pradesh,17,17,2019,4,0,4,3,MAHESH PATHAK,M,INC,28084,GEN,1102731,1807893,MATHURA,GEN,DOAB,13,61,2.55,yes,22284,2.02,2.04,GEUP68057,National Party,3482,TRUE,2,INC,3482,MATHURA,TRUE,TRUE,0,FALSE,FALSE,FALSE,Graduate,Other,,,,Lok Sabha Election (GE)
Uttar_Pradesh,17,17,2019,4,0,4,4,NOTA,,NOTA,5800,,1102731,1807893,MATHURA,GEN,DOAB,13,61,0.53,,705,0.06,2.04,,NOTA,5897,TRUE,,,,,,,,,,,,,,,,Lok Sabha Election (GE)
Uttar_Pradesh,17,17,2019,4,0,4,5,OMPRAKASH,M,SWAJANPA,5095,,1102731,1807893,MATHURA,GEN,DOAB,13,61,0.46,yes,1009,0.09,2.04,GEUP2024469,Local Party,8202,TRUE,1,,,,,,0,FALSE,FALSE,FALSE,Graduate Professional,Other,,,,Lok Sabha Election (GE)
Uttar_Pradesh,17,17,2019,4,0,4,6,PHAKKAD BABA,M,IND,4086,,1102731,1807893,MATHURA,GEN,DOAB,13,61,0.37,yes,1723,0.16,2.04,AEUP101151,Independents,10809,TRUE,1,,,,,,0,FALSE,FALSE,FALSE,Literate,Other,,,,Lok Sabha Election (GE)
Uttar_Pradesh,17,17,2019,4,0,4,7,DINESH GAUTAM,M,BARP,2363,,1102731,1807893,MATHURA,GEN,DOAB,13,61,0.21,yes,733,0.07,2.04,GEUP2024333,Local Party,24429,TRUE,1,,,,,,0,FALSE,FALSE,FALSE,Post Graduate,Business,,Salaried Work or Employed,Insurance Agent,Lok Sabha Election (GE)
Uttar_Pradesh,17,17,2019,4,0,4,8,JASVEER SINGH,M,RND,1630,,1102731,1807893,MATHURA,GEN,DOAB,13,61,0.15,yes,140,0.01,2.04,GEUP179578,Local Party,12200,TRUE,1,,,,,,0,FALSE,FALSE,FALSE,12th Pass,Salaried Work or Employed,,,,Lok Sabha Election (GE)
Uttar_Pradesh,17,17,2019,4,0,4,9,PRAMOD KRISHNA,M,IND,1490,GEN,1102731,1807893,MATHURA,GEN,DOAB,13,61,0.14,yes,192,0.02,2.04,GEUP11658,Independents,10809,TRUE,2,IND,10809,MATHURA,TRUE,TRUE,0,FALSE,FALSE,TRUE,12th Pass,Other,,,,Lok Sabha Election (GE)
Uttar_Pradesh,17,17,2019,4,0,4,10,RAMDAS TYAGI,M,IND,1298,GEN,1102731,1807893,MATHURA,GEN,DOAB,13,61,0.12,yes,37,0,2.04,GEUP179579,Independents,10809,TRUE,1,,,,,,0,FALSE,FALSE,FALSE,Literate,Other,,,,Lok Sabha Election (GE)
Uttar_Pradesh,17,17,2019,4,0,4,11,RAMDEV GAUTAM,M,BLSD,1261,,1102731,1807893,MATHURA,GEN,DOAB,13,61,0.11,yes,16,0,2.04,GEUP2024528,Local Party,24397,TRUE,1,,,,,,0,FALSE,FALSE,FALSE,12th Pass,Salaried Work or Employed,,,,Lok Sabha Election (GE)
Uttar_Pradesh,17,17,2019,4,0,4,12,JASVANT SINGH BAGHEL,M,RSOSP,1245,GEN,1102731,1807893,MATHURA,GEN,DOAB,13,61,0.11,yes,451,0.04,2.04,GEUP179580,Local Party,16454,TRUE,1,,,,,,0,FALSE,FALSE,FALSE,10th Pass,Business,,,,Lok Sabha Election (GE)
Uttar_Pradesh,17,17,2019,4,0,4,13,CHATTAR alias CHATRAPAL SINGH NISHAD,M,BMUP,794,,1102731,1807893,MATHURA,GEN,DOAB,13,61,0.07,yes,324,0.03,2.04,GEUP2024314,Local Party,1074,TRUE,1,,,,,,0,FALSE,FALSE,FALSE,,Agriculture,,,,Lok Sabha Election (GE)
Uttar_Pradesh,17,17,2019,4,0,4,14,JAGVIR SINGH,M,PSPL,470,GEN,1102731,1807893,MATHURA,GEN,DOAB,13,61,0.04,yes,0,0,2.04,GEUP179581,Local Party,17283,TRUE,1,,,,,,0,FALSE,FALSE,FALSE,,Retired or Pension,,,,Lok Sabha Election (GE)
Uttar_Pradesh,17,18,2019,4,0,4,1,Satyapal Singh Baghel,M,BJP,646875,SC,1145323,1937690,AGRA,SC,DOAB,9,59.11,56.48,no,211546,18.47,2.17,GEUP62746,National Party,1605,TRUE,7,BJP,1605,FIROZABAD,FALSE,TRUE,4,FALSE,FALSE,TRUE,Doctorate,Politics,"MLA, Ex MP, Minister",Education,College Professor or Lecturer,Lok Sabha Election (GE)
Uttar_Pradesh,17,18,2019,4,0,4,2,Manoj Kumar Soni,M,BSP,435329,SC,1145323,1937690,AGRA,SC,DOAB,9,59.11,38.01,no,390180,34.07,2.17,GEUP11627,State-based Party,16651,TRUE,2,BSP,16651,HATHRAS,FALSE,TRUE,0,FALSE,FALSE,TRUE,Post Graduate,Business,,,,Lok Sabha Election (GE)
Uttar_Pradesh,17,18,2019,4,0,4,3,Preeta Harit,F,INC,45149,SC,1145323,1937690,AGRA,SC,DOAB,9,59.11,3.94,yes,39332,3.43,2.17,GEUP2024490,National Party,3482,TRUE,1,,,,,,0,FALSE,FALSE,FALSE,Post Graduate,Former Government,Ex Civil Service,Social Work,,Lok Sabha Election (GE)
Uttar_Pradesh,17,18,2019,4,0,4,4,NOTA,,NOTA,5817,,1145323,1937690,AGRA,SC,DOAB,9,59.11,0.51,,3015,0.26,2.17,,NOTA,5897,TRUE,,,,,,,,,,,,,,,,Lok Sabha Election (GE)
Uttar_Pradesh,17,18,2019,4,0,4,5,Chandra Pal,M,ADRSP,2802,SC,1145323,1937690,AGRA,SC,DOAB,9,59.11,0.24,yes,34,0,2.17,GEUP11707,Local Party,85,TRUE,2,A S P,85,AGRA,TRUE,TRUE,0,FALSE,FALSE,TRUE,,,,,,Lok Sabha Election (GE)
Uttar_Pradesh,17,18,2019,4,0,4,6,Ambedkari Hasnuram Ambedkari,M,IND,2768,SC,1145323,1937690,AGRA,SC,DOAB,9,59.11,0.24,yes,387,0.03,2.17,AEUP200326,Independents,10809,TRUE,3,IND,10809,FATEHPUR SIKRI,FALSE,TRUE,0,FALSE,FALSE,TRUE,Literate,Labourer or Daily Wage,,Agriculture,,Lok Sabha Election (GE)
Uttar_Pradesh,17,18,2019,4,0,4,7,Babu Lal,M,IND,2381,SC,1145323,1937690,AGRA,SC,DOAB,9,59.11,0.21,yes,913,0.08,2.17,GEUP2024286,Independents,10809,TRUE,1,,,,,,0,FALSE,FALSE,FALSE,Graduate,Retired or Pension,,,,Lok Sabha Election (GE)
Uttar_Pradesh,17,18,2019,4,0,4,8,Ramji Lal Vidhyarthi,M,PECP,1468,SC,1145323,1937690,AGRA,SC,DOAB,9,59.11,0.13,yes,60,0.01,2.17,GEUP179582,Local Party,5995,TRUE,1,,,,,,0,FALSE,FALSE,FALSE,10th Pass,Labourer or Daily Wage,,,,Lok Sabha Election (GE)
Uttar_Pradesh,17,18,2019,4,0,4,9,Himanshi,F,LOGAP,1408,SC,1145323,1937690,AGRA,SC,DOAB,9,59.11,0.12,yes,82,0.01,2.17,GEUP2024367,Local Party,5013,TRUE,1,,,,,,0,FALSE,FALSE,FALSE,Graduate,Education,Home Teacher or Tuition,,,Lok Sabha Election (GE)
Uttar_Pradesh,17,18,2019,4,0,4,10,Raja,M,RVyP,1326,SC,1145323,1937690,AGRA,SC,DOAB,9,59.11,0.12,yes,0,0,2.17,GEUP179583,Local Party,24430,TRUE,1,,,,,,0,FALSE,FALSE,FALSE,8th Pass,Labourer or Daily Wage,,,,Lok Sabha Election (GE)
Uttar_Pradesh,17,19,2019,4,0,4,1,RAJKUMAR CHAHAR,M,BJP,667147,GEN,1037151,1718837,FATEHPUR SIKRI,GEN,DOAB,15,60.34,64.32,no,495065,47.73,2.13,AEUP106662,National Party,1605,TRUE,1,,,,,,1,FALSE,FALSE,FALSE,Graduate,Liberal Profession or Professional,Doctor,Small Business or Self-employed,,Lok Sabha Election (GE)
Uttar_Pradesh,17,19,2019,4,0,4,2,RAJ BABBAR,M,INC,172082,GEN,1037151,1718837,FATEHPUR SIKRI,GEN,DOAB,15,60.34,16.59,yes,4039,0.39,2.13,GEUP60741,National Party,3482,TRUE,7,INC,3482,GHAZIABAD,FALSE,TRUE,3,FALSE,FALSE,TRUE,Graduate,Liberal Profession or Professional,"Actor, Film Director",,,Lok Sabha Election (GE)
Uttar_Pradesh,17,19,2019,4,0,4,3,SHREEBHAGWAN SHARMA,M,BSP,168043,GEN,1037151,1718837,FATEHPUR SIKRI,GEN,DOAB,15,60.34,16.2,yes,157351,15.17,2.13,GEUP2024598,State-based Party,16651,TRUE,1,,,,,,0,FALSE,FALSE,FALSE,10th Pass,Politics,Ex MLA,,,Lok Sabha Election (GE)
Uttar_Pradesh,17,19,2019,4,0,4,4,NOTA,,NOTA,10692,,1037151,1718837,FATEHPUR SIKRI,GEN,DOAB,15,60.34,1.03,,7263,0.7,2.13,,NOTA,5897,TRUE,,,,,,,,,,,,,,,,Lok Sabha Election (GE)
Uttar_Pradesh,17,19,2019,4,0,4,5,PURUSHOTTAM DAS (FAUZI BHAI),M,IND,3429,,1037151,1718837,FATEHPUR SIKRI,GEN,DOAB,15,60.34,0.33,yes,247,0.02,2.13,GEUP2024497,Independents,10809,TRUE,1,,,,,,0,FALSE,FALSE,FALSE,Graduate,Former Government,Ex Military,Salaried Work or Employed,Insurance Agent,Lok Sabha Election (GE)
Uttar_Pradesh,17,19,2019,4,0,4,6,RAM BAHORI,M,IND,3182,,1037151,1718837,FATEHPUR SIKRI,GEN,DOAB,15,60.34,0.31,yes,983,0.09,2.13,GEUP179584,Independents,10809,TRUE,1,,,,,,0,FALSE,FALSE,FALSE,5th Pass,Agriculture,,,,Lok Sabha Election (GE)
Uttar_Pradesh,17,19,2019,4,0,4,7,NAWAB GUL CHAMAN SHERWANI,M,VIP,2199,,1037151,1718837,FATEHPUR SIKRI,GEN,DOAB,15,60.34,0.21,yes,391,0.04,2.13,GEUP2024463,Local Party,8480,TRUE,1,,,,,,0,FALSE,FALSE,FALSE,8th Pass,Small Business or Self-employed,,,,Lok Sabha Election (GE)
Uttar_Pradesh,17,19,2019,4,0,4,8,VIJAY SINGH DHANGAR,M,RSOSP,1808,,1037151,1718837,FATEHPUR SIKRI,GEN,DOAB,15,60.34,0.17,yes,227,0.02,2.13,GEUP179585,Local Party,16454,TRUE,1,,,,,,0,FALSE,FALSE,FALSE,12th Pass,Retired or Pension,,Agriculture,,Lok Sabha Election (GE)
Uttar_Pradesh,17,19,2019,4,0,4,9,NARESH KUMAR,M,IND,1581,,1037151,1718837,FATEHPUR SIKRI,GEN,DOAB,15,60.34,0.15,yes,138,0.01,2.13,GEUP2024460,Independents,10809,TRUE,1,,,,,,0,FALSE,FALSE,FALSE,,Agriculture,,,,Lok Sabha Election (GE)
Uttar_Pradesh,17,19,2019,4,0,4,10,ANIL KUMAR KUSHWAHA,M,IND,1443,GEN,1037151,1718837,FATEHPUR SIKRI,GEN,DOAB,15,60.34,0.14,yes,340,0.03,2.13,GEUP179586,Independents,10809,TRUE,1,,,,,,0,FALSE,FALSE,FALSE,Graduate,Small Business or Self-employed,,,,Lok Sabha Election (GE)
Uttar_Pradesh,17,19,2019,4,0,4,11,PASTAR THOMSAN MASSY,M,IND,1103,,1037151,1718837,FATEHPUR SIKRI,GEN,DOAB,15,60.34,0.11,yes,63,0.01,2.13,GEUP2024479,Independents,10809,TRUE,1,,,,,,0,FALSE,FALSE,FALSE,8th Pass,Religious Occupation,Pastor,,,Lok Sabha Election (GE)
Uttar_Pradesh,17,19,2019,4,0,4,12,MANISHA SINGH,F,PSPL,1040,GEN,1037151,1718837,FATEHPUR SIKRI,GEN,DOAB,15,60.34,0.1,yes,46,0,2.13,GEUP179587,Local Party,17283,TRUE,1,,,,,,0,FALSE,FALSE,FALSE,12th Pass,Education,Home Teacher or Tuition,,,Lok Sabha Election (GE)
Uttar_Pradesh,17,19,2019,4,0,4,13,ARTI SHARMA,F,IND,994,,1037151,1718837,FATEHPUR SIKRI,GEN,DOAB,15,60.34,0.1,yes,29,0,2.13,GEUP2024270,Independents,10809,TRUE,1,,,,,,0,FALSE,FALSE,FALSE,12th Pass,Social Work,,,,Lok Sabha Election (GE)
Uttar_Pradesh,17,19,2019,4,0,4,14,SATYENDRA BAGHEL,M,AJPI,965,GEN,1037151,1718837,FATEHPUR SIKRI,GEN,DOAB,15,60.34,0.09,yes,143,0.01,2.13,GEUP179588,Local Party,17584,TRUE,1,,,,,,0,FALSE,FALSE,FALSE,Post Graduate,Small Business or Self-employed,,,,Lok Sabha Election (GE)
Uttar_Pradesh,17,19,2019,4,0,4,15,SARVESH KUMAR,M,BMJP,822,,1037151,1718837,FATEHPUR SIKRI,GEN,DOAB,15,60.34,0.08,yes,201,0.02,2.13,GEUP2024572,Local Party,24431,TRUE,1,,,,,,0,FALSE,FALSE,FALSE,Graduate Professional,Agricultural Labour,,,,Lok Sabha Election (GE)
Uttar_Pradesh,17,19,2019,4,0,4,16,SADAB NOOR,M,ADRSP,621,,1037151,1718837,FATEHPUR SIKRI,GEN,DOAB,15,60.34,0.06,yes,0,0,2.13,GEUP179589,Local Party,85,TRUE,1,,,,,,0,FALSE,FALSE,FALSE,,Small Business or Self-employed,,,,Lok Sabha Election (GE)
Uttar_Pradesh,17,20,2019,4,0,4,1,Dr. Chandra Sen Jadon,M,BJP,495819,GEN,1075866,1790510,FIROZABAD,GEN,DOAB,6,60.09,46.09,no,28781,2.68,2.44,GEUP2024342,National Party,1605,TRUE,1,,,,,,1,FALSE,FALSE,FALSE,Graduate Professional,Liberal Profession or Professional,Doctor,Agriculture,,Lok Sabha Election (GE)
Uttar_Pradesh,17,20,2019,4,0,4,2,Akshay Yadav,M,SP,467038,GEN,1075866,1790510,FIROZABAD,GEN,DOAB,6,60.09,43.41,no,375169,34.87,2.44,GEUP11730,State-based Party,7425,TRUE,2,SP,7425,FIROZABAD,TRUE,TRUE,1,FALSE,TRUE,TRUE,Graduate Professional,Business,,,,Lok Sabha Election (GE)
Uttar_Pradesh,17,20,2019,4,0,4,3,Shivpal Singh Yadav,M,PSPL,91869,GEN,1075866,1790510,FIROZABAD,GEN,DOAB,6,60.09,8.54,yes,82366,7.66,2.44,AEUP104327,Local Party,17283,TRUE,1,,,,,,0,FALSE,FALSE,FALSE,Graduate Professional,Agriculture,,Social Work,,Lok Sabha Election (GE)
Uttar_Pradesh,17,20,2019,4,0,4,4,Upendra Singh Rajput,M,BKPP,9503,GEN,1075866,1790510,FIROZABAD,GEN,DOAB,6,60.09,0.88,yes,2827,0.26,2.44,GEUP179590,Local Party,1684,TRUE,1,,,,,,0,FALSE,FALSE,FALSE,,,,,,Lok Sabha Election (GE)
Uttar_Pradesh,17,20,2019,4,0,4,5,NOTA,,NOTA,6676,,1075866,1790510,FIROZABAD,GEN,DOAB,6,60.09,0.62,,4131,0.38,2.44,,NOTA,5897,TRUE,,,,,,,,,,,,,,,,Lok Sabha Election (GE)
Uttar_Pradesh,17,20,2019,4,0,4,6,Chaudhary Basheer,M,IND,2545,,1075866,1790510,FIROZABAD,GEN,DOAB,6,60.09,0.24,yes,129,0.01,2.44,GEUP179591,Independents,10809,TRUE,1,,,,,,0,FALSE,FALSE,FALSE,8th Pass,Business,Trader,,,Lok Sabha Election (GE)
Uttar_Pradesh,17,20,2019,4,0,4,7,Rajveer,M,IND,2416,,1075866,1790510,FIROZABAD,GEN,DOAB,6,60.09,0.22,yes,0,0,2.44,GEUP2024517,Independents,10809,TRUE,2,IND,10809,FIROZABAD,TRUE,TRUE,0,FALSE,FALSE,TRUE,10th Pass,Labourer or Daily Wage,,,,Lok Sabha Election (GE)
Uttar_Pradesh,17,21,2019,4,0,4,1,MULAYAM SINGH YADAV,M,SP,524926,GEN,976518,1723236,MAINPURI,GEN,DOAB,12,56.67,53.75,no,94389,9.67,2.08,AEUP101085,State-based Party,7425,TRUE,7,SP,7425,MAINPURI | AZAMGARH,TRUE,TRUE,9,FALSE,TRUE,TRUE,Post Graduate,Politics,,Agriculture,,Lok Sabha Election (GE)
Uttar_Pradesh,17,21,2019,4,0,4,2,PREM SINGH SHAKYA,M,BJP,430537,GEN,976518,1723236,MAINPURI,GEN,DOAB,12,56.67,44.09,no,423826,43.4,2.08,GEUP2024493,National Party,1605,TRUE,1,,,,,,0,FALSE,FALSE,FALSE,Others,Agriculture,,,,Lok Sabha Election (GE)
Uttar_Pradesh,17,21,2019,4,0,4,3,NOTA,,NOTA,6711,,976518,1723236,MAINPURI,GEN,DOAB,12,56.67,0.69,,4080,0.42,2.08,,NOTA,5897,TRUE,,,,,,,,,,,,,,,,Lok Sabha Election (GE)
Uttar_Pradesh,17,21,2019,4,0,4,4,SAVENDRA SINGH,M,IND,2631,,976518,1723236,MAINPURI,GEN,DOAB,12,56.67,0.27,yes,51,0.01,2.08,GEUP2024577,Independents,10809,TRUE,1,,,,,,0,FALSE,FALSE,FALSE,Graduate Professional,Liberal Profession or Professional,Lawyer,,,Lok Sabha Election (GE)
Uttar_Pradesh,17,21,2019,4,0,4,5,OMBEER LODHI,M,JaSSP,2580,GEN,976518,1723236,MAINPURI,GEN,DOAB,12,56.67,0.26,yes,768,0.08,2.08,GEUP179592,Local Party,4171,TRUE,1,,,,,,0,FALSE,FALSE,FALSE,,,,,,Lok Sabha Election (GE)
Uttar_Pradesh,17,21,2019,4,0,4,6,CHAKRAPAN,M,JAAP,1812,,976518,1723236,MAINPURI,GEN,DOAB,12,56.67,0.19,yes,82,0.01,2.08,GEUP2024306,Local Party,24432,TRUE,1,,,,,,0,FALSE,FALSE,FALSE,12th Pass,Agriculture,,,,Lok Sabha Election (GE)
Uttar_Pradesh,17,21,2019,4,0,4,7,TEJ PRATAP SINGH JATAV,M,MADP,1730,SC,976518,1723236,MAINPURI,GEN,DOAB,12,56.67,0.18,yes,535,0.05,2.08,GEUP179593,Local Party,11563,TRUE,1,,,,,,0,FALSE,FALSE,FALSE,12th Pass,Agriculture,,,,Lok Sabha Election (GE)
Uttar_Pradesh,17,21,2019,4,0,4,8,KULDEEP KUMAR,M,BKNP,1195,,976518,1723236,MAINPURI,GEN,DOAB,12,56.67,0.12,yes,74,0.01,2.08,GEUP2024400,Local Party,1979,TRUE,1,,,,,,0,FALSE,FALSE,FALSE,Graduate,Labourer or Daily Wage,,,,Lok Sabha Election (GE)
Uttar_Pradesh,17,21,2019,4,0,4,9,HARIRAM SHAKYA,M,VPI,1121,GEN,976518,1723236,MAINPURI,GEN,DOAB,12,56.67,0.11,yes,68,0.01,2.08,GEUP67973,Local Party,8516,TRUE,2,BSP,16651,MAINPURI,TRUE,FALSE,0,TRUE,FALSE,FALSE,Post Graduate,Retired or Pension,,Politics,Ex MLA,Lok Sabha Election (GE)
Uttar_Pradesh,17,21,2019,4,0,4,10,SHYAM SINGH,M,SWAJANPA,1053,,976518,1723236,MAINPURI,GEN,DOAB,12,56.67,0.11,yes,73,0.01,2.08,GEUP2024602,Local Party,8202,TRUE,1,,,,,,0,FALSE,FALSE,FALSE,Post Graduate,Education,School Teacher,,,Lok Sabha Election (GE)
Uttar_Pradesh,17,21,2019,4,0,4,11,RAVINDRA SINGH YADAV,M,IND,980,GEN,976518,1723236,MAINPURI,GEN,DOAB,12,56.67,0.1,yes,357,0.04,2.08,GEUP179594,Independents,10809,TRUE,1,,,,,,0,FALSE,FALSE,FALSE,Post Graduate,Agriculture,,,,Lok Sabha Election (GE)
Uttar_Pradesh,17,21,2019,4,0,4,12,RAJAT KUMAR,M,BJNP,623,,976518,1723236,MAINPURI,GEN,DOAB,12,56.67,0.06,yes,4,0,2.08,GEUP2024507,Local Party,24944,TRUE,1,,,,,,0,FALSE,FALSE,FALSE,Graduate Professional,Agriculture,,,,Lok Sabha Election (GE)
Uttar_Pradesh,17,21,2019,4,0,4,13,RAVINDRA SINGH KATAR,M,BNavP,619,,976518,1723236,MAINPURI,GEN,DOAB,12,56.67,0.06,yes,0,0,2.08,GEUP179595,Local Party,2003,TRUE,1,,,,,,0,FALSE,FALSE,FALSE,Post Graduate,Other,,,,Lok Sabha Election (GE)
Uttar_Pradesh,17,22,2019,4,0,4,1,Rajveer Singh (Raju Bhaiya),M,BJP,545348,GEN,999607,1621295,ETAH,GEN,DOAB,14,61.65,54.56,no,122670,12.27,2.08,GEUP11778,National Party,1605,TRUE,2,BJP,1605,ETAH,TRUE,TRUE,2,FALSE,TRUE,TRUE,Graduate Professional,Business,,Agriculture,,Lok Sabha Election (GE)
Uttar_Pradesh,17,22,2019,4,0,4,2,Ku. Devendra Singh Yadav,M,SP,422678,GEN,999607,1621295,ETAH,GEN,DOAB,14,61.65,42.28,no,416339,41.65,2.08,AEUP128367,State-based Party,7425,TRUE,6,SP,7425,ETAH,TRUE,TRUE,2,FALSE,FALSE,TRUE,Doctorate,Business,,Agriculture,,Lok Sabha Election (GE)
Uttar_Pradesh,17,22,2019,4,0,4,3,Hari Om,M,IND,6339,,999607,1621295,ETAH,GEN,DOAB,14,61.65,0.63,yes,62,0.01,2.08,GEUP2024361,Independents,10809,TRUE,1,,,,,,0,FALSE,FALSE,FALSE,,,,,,Lok Sabha Election (GE)
Uttar_Pradesh,17,22,2019,4,0,4,4,NOTA,,NOTA,6277,,999607,1621295,ETAH,GEN,DOAB,14,61.65,0.63,,1151,0.12,2.08,,NOTA,5897,TRUE,,,,,,,,,,,,,,,,Lok Sabha Election (GE)
Uttar_Pradesh,17,22,2019,4,0,4,5,Suraj Singh,M,JANADIP,5126,,999607,1621295,ETAH,GEN,DOAB,14,61.65,0.51,yes,16,0,2.08,AEUP47824,Local Party,4117,TRUE,1,,,,,,0,FALSE,FALSE,FALSE,Post Graduate,Agriculture,,,,Lok Sabha Election (GE)
Uttar_Pradesh,17,22,2019,4,0,4,6,Atar Singh,M,RSOSP,5110,,999607,1621295,ETAH,GEN,DOAB,14,61.65,0.51,yes,3252,0.33,2.08,GEUP179596,Local Party,16454,TRUE,1,,,,,,0,FALSE,FALSE,FALSE,Post Graduate,Retired or Pension,Retired Teacher,Agriculture,,Lok Sabha Election (GE)
Uttar_Pradesh,17,22,2019,4,0,4,7,Parvati Nandan,M,IND,1858,,999607,1621295,ETAH,GEN,DOAB,14,61.65,0.19,yes,281,0.03,2.08,GEUP2024476,Independents,10809,TRUE,1,,,,,,0,FALSE,FALSE,FALSE,,,,,,Lok Sabha Election (GE)
Uttar_Pradesh,17,22,2019,4,0,4,8,Satendra Kumar Panda,M,IND,1577,,999607,1621295,ETAH,GEN,DOAB,14,61.65,0.16,yes,107,0.01,2.08,GEUP179597,Independents,10809,TRUE,1,,,,,,0,FALSE,FALSE,FALSE,12th Pass,Agriculture,,,,Lok Sabha Election (GE)
Uttar_Pradesh,17,22,2019,4,0,4,9,Rashmi Yadav,F,PSPL,1470,GEN,999607,1621295,ETAH,GEN,DOAB,14,61.65,0.15,yes,632,0.06,2.08,GEUP2024538,Local Party,17283,TRUE,1,,,,,,0,FALSE,FALSE,FALSE,Doctorate,Social Work,,,,Lok Sabha Election (GE)
Uttar_Pradesh,17,22,2019,4,0,4,10,Anuj Kumar,M,SBSPSP,838,,999607,1621295,ETAH,GEN,DOAB,14,61.65,0.08,yes,126,0.01,2.08,GEUP179598,Local Party,24995,TRUE,1,,,,,,0,FALSE,FALSE,FALSE,Post Graduate,Agriculture,,,,Lok Sabha Election (GE)
Uttar_Pradesh,17,22,2019,4,0,4,11,Indrapal,M,IND,712,,999607,1621295,ETAH,GEN,DOAB,14,61.65,0.07,yes,46,0,2.08,GEUP2024370,Independents,10809,TRUE,1,,,,,,0,FALSE,FALSE,FALSE,,,,,,Lok Sabha Election (GE)
Uttar_Pradesh,17,22,2019,4,0,4,12,Bharat Singh,M,RTKP,666,,999607,1621295,ETAH,GEN,DOAB,14,61.65,0.07,yes,82,0.01,2.08,GEUP179599,Local Party,6626,TRUE,1,,,,,,0,FALSE,FALSE,FALSE,Graduate,Education,School Teacher,,,Lok Sabha Election (GE)
Uttar_Pradesh,17,22,2019,4,0,4,13,Anand Prakash Singh Rajput,M,RBP,584,GEN,999607,1621295,ETAH,GEN,DOAB,14,61.65,0.06,yes,42,0,2.08,AEUP106889,Local Party,6430,TRUE,1,,,,,,0,FALSE,FALSE,FALSE,Post Graduate,Liberal Profession or Professional,Lawyer,Agriculture,,Lok Sabha Election (GE)
Uttar_Pradesh,17,22,2019,4,0,4,14,Ashok Kumar,M,IND,542,,999607,1621295,ETAH,GEN,DOAB,14,61.65,0.05,yes,60,0.01,2.08,GEUP179600,Independents,10809,TRUE,1,,,,,,0,FALSE,FALSE,FALSE,Graduate,Business,,Agriculture,,Lok Sabha Election (GE)
Uttar_Pradesh,17,22,2019,4,0,4,15,Naresh Chandra,M,BSCP,482,,999607,1621295,ETAH,GEN,DOAB,14,61.65,0.05,yes,0,0,2.08,GEUP2024459,Local Party,2047,TRUE,1,,,,,,0,FALSE,FALSE,FALSE,Post Graduate,Other,,,,Lok Sabha Election (GE)
Uttar_Pradesh,17,23,2019,4,0,4,1,Dr. Sanghmitra Maurya,F,BJP,511352,GEN,1081111,1891576,BADAUN,GEN,RUHELKHAND,9,57.15,47.3,no,18454,1.71,2.33,GEUP11769,National Party,1605,TRUE,2,BSP,16651,MAINPURI,FALSE,FALSE,1,TRUE,FALSE,FALSE,Graduate Professional,Politics,Party Worker,,,Lok Sabha Election (GE)
Uttar_Pradesh,17,23,2019,4,0,4,2,Dharmendra Yadav,M,SP,492898,GEN,1081111,1891576,BADAUN,GEN,RUHELKHAND,9,57.15,45.59,no,440951,40.79,2.33,GEUP78181,State-based Party,7425,TRUE,4,SP,7425,BADAUN,TRUE,TRUE,3,FALSE,TRUE,TRUE,Post Graduate,Agriculture,,,,Lok Sabha Election (GE)
Uttar_Pradesh,17,23,2019,4,0,4,3,Saleem Iqbal Shervani,M,INC,51947,GEN,1081111,1891576,BADAUN,GEN,RUHELKHAND,9,57.15,4.8,yes,43338,4.01,2.33,GEUP11847,National Party,3482,TRUE,10,INC,3482,AONLA,FALSE,TRUE,5,FALSE,FALSE,TRUE,Graduate,Business,Industrialist,,,Lok Sabha Election (GE)
Uttar_Pradesh,17,23,2019,4,0,4,4,NOTA,,NOTA,8609,,1081111,1891576,BADAUN,GEN,RUHELKHAND,9,57.15,0.8,,4262,0.39,2.33,,NOTA,5897,TRUE,,,,,,,,,,,,,,,,Lok Sabha Election (GE)
Uttar_Pradesh,17,23,2019,4,0,4,5,Kailash Kumar Mishra,M,AIFB,4347,GEN,1081111,1891576,BADAUN,GEN,RUHELKHAND,9,57.15,0.4,yes,262,0.02,2.33,GEUP179601,State-based Party (Other State),3040,TRUE,1,,,,,,0,FALSE,FALSE,FALSE,,,,,,Lok Sabha Election (GE)
Uttar_Pradesh,17,23,2019,4,0,4,6,Swami Paglanand,M,IND,4085,,1081111,1891576,BADAUN,GEN,RUHELKHAND,9,57.15,0.38,yes,1448,0.13,2.33,GEUP2024626,Independents,10809,TRUE,1,,,,,,0,FALSE,FALSE,FALSE,,,,,,Lok Sabha Election (GE)
Uttar_Pradesh,17,23,2019,4,0,4,7,Hari Singh,M,IND,2637,,1081111,1891576,BADAUN,GEN,RUHELKHAND,9,57.15,0.24,yes,418,0.04,2.33,GEUP179602,Independents,10809,TRUE,1,,,,,,0,FALSE,FALSE,FALSE,12th Pass,Retired or Pension,,Agriculture,,Lok Sabha Election (GE)
Uttar_Pradesh,17,23,2019,4,0,4,8,Kirpa Shankar Shakya,M,IND,2219,GEN,1081111,1891576,BADAUN,GEN,RUHELKHAND,9,57.15,0.21,yes,538,0.05,2.33,GEUP2024396,Independents,10809,TRUE,1,,,,,,0,FALSE,FALSE,FALSE,,Agriculture,,,,Lok Sabha Election (GE)
Uttar_Pradesh,17,23,2019,4,0,4,9,Atul Kumar,M,IND,1681,GEN,1081111,1891576,BADAUN,GEN,RUHELKHAND,9,57.15,0.16,yes,345,0.03,2.33,GEUP11806,Independents,10809,TRUE,2,IND,10809,BADAUN,TRUE,TRUE,0,FALSE,FALSE,TRUE,Graduate,Business,,,,Lok Sabha Election (GE)
Uttar_Pradesh,17,23,2019,4,0,4,10,Mahesh Shrivastav,M,kajp,1336,GEN,1081111,1891576,BADAUN,GEN,RUHELKHAND,9,57.15,0.12,yes,0,0,2.33,GEUP2024422,Local Party,4746,TRUE,1,,,,,,0,FALSE,FALSE,FALSE,10th Pass,Agriculture,,,,Lok Sabha Election (GE)
Uttar_Pradesh,17,24,2019,4,0,4,1,DHARMENDRA KASHYAP,M,BJP,537675,GEN,1052795,1785605,AONLA,GEN,RUHELKHAND,14,58.96,51.07,no,113743,10.8,2.38,AEUP67739,National Party,1605,TRUE,3,BJP,1605,AONLA,TRUE,TRUE,2,FALSE,TRUE,TRUE,10th Pass,Social Work,,,,Lok Sabha Election (GE)
Uttar_Pradesh,17,24,2019,4,0,4,2,RUCHIVIRA,F,BSP,423932,GEN,1052795,1785605,AONLA,GEN,RUHELKHAND,14,58.96,40.27,no,361384,34.33,2.38,AEUP100480,State-based Party,16651,TRUE,1,,,,,,0,FALSE,FALSE,FALSE,Graduate,Retired or Pension,,Agriculture,,Lok Sabha Election (GE)
Uttar_Pradesh,17,24,2019,4,0,4,3,KUNWAR SARVARAJ SINGH,M,INC,62548,GEN,1052795,1785605,AONLA,GEN,RUHELKHAND,14,58.96,5.94,yes,53350,5.07,2.38,GEUP84238,National Party,3482,TRUE,7,SP,7425,AONLA,TRUE,FALSE,3,TRUE,FALSE,TRUE,Graduate Professional,Agriculture,,,,Lok Sabha Election (GE)
Uttar_Pradesh,17,24,2019,4,0,4,4,NOTA,,NOTA,9198,,1052795,1785605,AONLA,GEN,RUHELKHAND,14,58.96,0.87,,5523,0.52,2.38,,NOTA,5897,TRUE,,,,,,,,,,,,,,,,Lok Sabha Election (GE)
Uttar_Pradesh,17,24,2019,4,0,4,5,HEMENDRA PAL SINGH,M,IND,3675,,1052795,1785605,AONLA,GEN,RUHELKHAND,14,58.96,0.35,yes,578,0.05,2.38,GEUP179603,Independents,10809,TRUE,1,,,,,,0,FALSE,FALSE,FALSE,Post Graduate,Salaried Work or Employed,,,,Lok Sabha Election (GE)
Uttar_Pradesh,17,24,2019,4,0,4,6,LAKSHMI,F,IND,3097,,1052795,1785605,AONLA,GEN,RUHELKHAND,14,58.96,0.29,yes,980,0.09,2.38,GEUP2024403,Independents,10809,TRUE,1,,,,,,0,FALSE,FALSE,FALSE,12th Pass,Other,Household,,,Lok Sabha Election (GE)
Uttar_Pradesh,17,24,2019,4,0,4,7,SUNIL KUMAR,M,PSPL,2117,GEN,1052795,1785605,AONLA,GEN,RUHELKHAND,14,58.96,0.2,yes,378,0.04,2.38,GEUP179604,Local Party,17283,TRUE,1,,,,,,0,FALSE,FALSE,FALSE,Graduate,Business,Private Company,,,Lok Sabha Election (GE)
Uttar_Pradesh,17,24,2019,4,0,4,8,PRITI KASHYAP,F,RMEP,1739,GEN,1052795,1785605,AONLA,GEN,RUHELKHAND,14,58.96,0.17,yes,79,0.01,2.38,AEUP103330,Local Party,6747,TRUE,1,,,,,,0,FALSE,FALSE,FALSE,Illiterate,Business,Transport,,,Lok Sabha Election (GE)
Uttar_Pradesh,17,24,2019,4,0,4,9,RAMPHAL SHAKYA,M,BMUP,1660,GEN,1052795,1785605,AONLA,GEN,RUHELKHAND,14,58.96,0.16,yes,103,0.01,2.38,GEUP11545,Local Party,1074,TRUE,2,IND,10809,GHAZIABAD,FALSE,FALSE,0,FALSE,FALSE,TRUE,10th Pass,Retired or Pension,,,,Lok Sabha Election (GE)
Uttar_Pradesh,17,24,2019,4,0,4,10,RISHIPAL,M,JSEP,1557,,1052795,1785605,AONLA,GEN,RUHELKHAND,14,58.96,0.15,yes,179,0.02,2.38,GEUP2024546,Local Party,16155,TRUE,1,,,,,,0,FALSE,FALSE,FALSE,10th Pass,Labourer or Daily Wage,,,,Lok Sabha Election (GE)
Uttar_Pradesh,17,24,2019,4,0,4,11,DHARMENDRA KUMAR,M,SHS,1378,GEN,1052795,1785605,AONLA,GEN,RUHELKHAND,14,58.96,0.13,yes,70,0.01,2.38,GEUP179605,State-based Party (Other State),18691,TRUE,1,,,,,,0,FALSE,FALSE,FALSE,Post Graduate,Business,,,,Lok Sabha Election (GE)
Uttar_Pradesh,17,24,2019,4,0,4,12,MO. ATEEQ,M,NFFF,1308,,1052795,1785605,AONLA,GEN,RUHELKHAND,14,58.96,0.12,yes,252,0.02,2.38,GEUP2024440,Local Party,24433,TRUE,1,,,,,,0,FALSE,FALSE,FALSE,Graduate,Retired or Pension,,,,Lok Sabha Election (GE)
Uttar_Pradesh,17,24,2019,4,0,4,13,DINESH KUMAR,M,HND,1056,,1052795,1785605,AONLA,GEN,RUHELKHAND,14,58.96,0.1,yes,113,0.01,2.38,GEUP179606,Local Party,3288,TRUE,1,,,,,,0,FALSE,FALSE,FALSE,12th Pass,Labourer or Daily Wage,Taxi Driver,,,Lok Sabha Election (GE)
Uttar_Pradesh,17,24,2019,4,0,4,14,PRAMOD KUMAR YADAV,M,BKrD,943,GEN,1052795,1785605,AONLA,GEN,RUHELKHAND,14,58.96,0.09,yes,31,0,2.38,GEUP11846,Local Party,1982,TRUE,3,BKrD,1982,AONLA,TRUE,TRUE,0,FALSE,FALSE,TRUE,Post Graduate,Education,School Teacher,,,Lok Sabha Election (GE)
Uttar_Pradesh,17,24,2019,4,0,4,15,IRSHAD ANSARI ADVOCATE,M,VIP,912,GEN,1052795,1785605,AONLA,GEN,RUHELKHAND,14,58.96,0.09,yes,0,0,2.38,GEUP11833,Local Party,8480,TRUE,2,PECP,5995,AONLA,TRUE,FALSE,0,TRUE,FALSE,TRUE,Post Graduate,Liberal Profession or Professional,Lawyer,,,Lok Sabha Election (GE)
Uttar_Pradesh,17,25,2019,4,0,4,1,SANTOSH KUMAR GANGWAR,M,BJP,565270,GEN,1068342,1797655,BAREILLY,GEN,RUHELKHAND,16,59.43,52.91,no,167282,15.66,2.38,AEUP153597,National Party,1605,TRUE,10,BJP,1605,BAREILLY,TRUE,TRUE,8,FALSE,TRUE,TRUE,Graduate Professional,Business,,Retired or Pension,,Lok Sabha Election (GE)
Uttar_Pradesh,17,25,2019,4,0,4,2,BHAGWAT SARAN GANGWAR,M,SP,397988,GEN,1068342,1797655,BAREILLY,GEN,RUHELKHAND,16,59.43,37.25,no,323782,30.31,2.38,AEUP33268,State-based Party,7425,TRUE,2,SP,7425,BAREILLY,TRUE,TRUE,0,FALSE,FALSE,FALSE,12th Pass,Retired or Pension,,Agriculture,,Lok Sabha Election (GE)
Uttar_Pradesh,17,25,2019,4,0,4,3,PRAVEEN SINGH ARON,M,INC,74206,GEN,1068342,1797655,BAREILLY,GEN,RUHELKHAND,16,59.43,6.95,yes,66687,6.24,2.38,AEUP112718,National Party,3482,TRUE,5,INC,3482,BAREILLY,TRUE,TRUE,1,FALSE,FALSE,TRUE,Graduate Professional,Liberal Profession or Professional,Lawyer,,,Lok Sabha Election (GE)
Uttar_Pradesh,17,25,2019,4,0,4,4,SATISH KUMAR,M,CPI,7519,,1068342,1797655,BAREILLY,GEN,RUHELKHAND,16,59.43,0.7,yes,3532,0.33,2.38,GEUP179607,State-based Party (Other State),2444,TRUE,1,,,,,,0,FALSE,FALSE,FALSE,Graduate,Salaried Work or Employed,Insurance Agent,,,Lok Sabha Election (GE)
Uttar_Pradesh,17,25,2019,4,0,4,5,SYED RASHID ALI CHAMAN,M,IND,3987,,1068342,1797655,BAREILLY,GEN,RUHELKHAND,16,59.43,0.37,yes,163,0.02,2.38,GEUP2024627,Independents,10809,TRUE,1,,,,,,0,FALSE,FALSE,FALSE,,,,,,Lok Sabha Election (GE)
Uttar_Pradesh,17,25,2019,4,0,4,6,NOTA,,NOTA,3824,,1068342,1797655,BAREILLY,GEN,RUHELKHAND,16,59.43,0.36,,1035,0.1,2.38,,NOTA,5897,TRUE,,,,,,,,,,,,,,,,Lok Sabha Election (GE)
Uttar_Pradesh,17,25,2019,4,0,4,7,ZAVED KHAN,M,IND,2789,,1068342,1797655,BAREILLY,GEN,RUHELKHAND,16,59.43,0.26,yes,134,0.01,2.38,GEUP2024652,Independents,10809,TRUE,1,,,,,,0,FALSE,FALSE,FALSE,,,,,,Lok Sabha Election (GE)
Uttar_Pradesh,17,25,2019,4,0,4,8,JAGPAL SINGH YADAV,M,AKSP,2655,GEN,1068342,1797655,BAREILLY,GEN,RUHELKHAND,16,59.43,0.25,yes,167,0.02,2.38,GEUP179608,Local Party,18126,TRUE,1,,,,,,0,FALSE,FALSE,FALSE,8th Pass,Business,Contractor,,,Lok Sabha Election (GE)
Uttar_Pradesh,17,25,2019,4,0,4,9,SAMAN TAHIR,F,PSPL,2488,,1068342,1797655,BAREILLY,GEN,RUHELKHAND,16,59.43,0.23,yes,502,0.05,2.38,GEUP2024554,Local Party,17283,TRUE,1,,,,,,0,FALSE,FALSE,FALSE,Post Graduate,Business,Agricultural Business,,,Lok Sabha Election (GE)
Uttar_Pradesh,17,25,2019,4,0,4,10,RAKESH AGARWAL ADVOCATE,M,IND,1986,GEN,1068342,1797655,BAREILLY,GEN,RUHELKHAND,16,59.43,0.19,yes,793,0.07,2.38,AEUP112754,Independents,10809,TRUE,2,IND,10809,BAREILLY,TRUE,TRUE,0,FALSE,FALSE,FALSE,Post Graduate,Liberal Profession or Professional,Lawyer,,,Lok Sabha Election (GE)
Uttar_Pradesh,17,25,2019,4,0,4,11,NITIN MOHAN,M,IND,1193,,1068342,1797655,BAREILLY,GEN,RUHELKHAND,16,59.43,0.11,yes,121,0.01,2.38,GEUP2024465,Independents,10809,TRUE,1,,,,,,0,FALSE,FALSE,FALSE,Post Graduate,Social Work,Trade Union,,,Lok Sabha Election (GE)
Uttar_Pradesh,17,25,2019,4,0,4,12,USHA AGARWAL,F,IND,1072,GEN,1068342,1797655,BAREILLY,GEN,RUHELKHAND,16,59.43,0.1,yes,221,0.02,2.38,GEUP179609,Independents,10809,TRUE,1,,,,,,0,FALSE,FALSE,FALSE,Post Graduate,Other,Household,,,Lok Sabha Election (GE)
Uttar_Pradesh,17,25,2019,4,0,4,13,LAEEK AHMAD MANSOORI,M,NAP,851,,1068342,1797655,BAREILLY,GEN,RUHELKHAND,16,59.43,0.08,yes,164,0.02,2.38,AEUP103365,Local Party,5560,TRUE,1,,,,,,0,FALSE,FALSE,FALSE,Literate,Labourer or Daily Wage,,Agriculture,,Lok Sabha Election (GE)
Uttar_Pradesh,17,25,2019,4,0,4,14,RABIYA AKHTAR,F,KHSNP,687,,1068342,1797655,BAREILLY,GEN,RUHELKHAND,16,59.43,0.06,yes,6,0,2.38,GEUP179610,Local Party,24434,TRUE,1,,,,,,0,FALSE,FALSE,FALSE,Literate,Liberal Profession or Professional,Musician or Artist,,,Lok Sabha Election (GE)
Uttar_Pradesh,17,25,2019,4,0,4,15,MANOJ VIKAT,M,BNDl,681,GEN,1068342,1797655,BAREILLY,GEN,RUHELKHAND,16,59.43,0.06,yes,36,0,2.38,GEUP11880,Local Party,1087,TRUE,2,IND,10809,BAREILLY,TRUE,FALSE,0,FALSE,FALSE,TRUE,12th Pass,Other,,,,Lok Sabha Election (GE)
Uttar_Pradesh,17,25,2019,4,0,4,16,RAHEESH MIYA,M,VIP,645,,1068342,1797655,BAREILLY,GEN,RUHELKHAND,16,59.43,0.06,yes,144,0.01,2.38,GEUP179611,Local Party,8480,TRUE,1,,,,,,0,FALSE,FALSE,FALSE,Literate,Liberal Profession or Professional,Musician or Artist,,,Lok Sabha Election (GE)
Uttar_Pradesh,17,25,2019,4,0,4,17,YATENDRA SINGH,M,BSPM,501,,1068342,1797655,BAREILLY,GEN,RUHELKHAND,16,59.43,0.05,yes,0,0,2.38,GEUP2024651,Local Party,24435,TRUE,1,,,,,,0,FALSE,FALSE,FALSE,Literate,Agriculture,,,,Lok Sabha Election (GE)
Uttar_Pradesh,17,26,2019,4,0,4,1,Feroze Varun Gandhi,M,BJP,704549,GEN,1186589,1761207,PILIBHIT,GEN,RUHELKHAND,13,67.37,59.38,no,255627,21.54,2.04,GEUP11888,National Party,1605,TRUE,3,BJP,1605,SULTANPUR,FALSE,TRUE,3,FALSE,TRUE,TRUE,Post Graduate,Business,Rent,Salaried Work or Employed,,Lok Sabha Election (GE)
Uttar_Pradesh,17,26,2019,4,0,4,2,Hemraj Verma,M,SP,448922,GEN,1186589,1761207,PILIBHIT,GEN,RUHELKHAND,13,67.37,37.83,no,438949,36.99,2.04,AEUP101644,State-based Party,7425,TRUE,1,,,,,,0,FALSE,FALSE,FALSE,Graduate,Agriculture,,,,Lok Sabha Election (GE)
Uttar_Pradesh,17,26,2019,4,0,4,3,NOTA,,NOTA,9973,,1186589,1761207,PILIBHIT,GEN,RUHELKHAND,13,67.37,0.84,,5490,0.46,2.04,,NOTA,5897,TRUE,,,,,,,,,,,,,,,,Lok Sabha Election (GE)
Uttar_Pradesh,17,26,2019,4,0,4,4,Varun Gandhi,M,IND,4483,,1186589,1761207,PILIBHIT,GEN,RUHELKHAND,13,67.37,0.38,yes,41,0,2.04,GEUP2024636,Independents,10809,TRUE,1,,,,,,0,FALSE,FALSE,FALSE,Graduate,Business,,,,Lok Sabha Election (GE)
Uttar_Pradesh,17,26,2019,4,0,4,5,Surendra Kumar Gupta,M,IND,4442,GEN,1186589,1761207,PILIBHIT,GEN,RUHELKHAND,13,67.37,0.37,yes,468,0.04,2.04,GEUP179612,Independents,10809,TRUE,1,,,,,,0,FALSE,FALSE,FALSE,Graduate,Business,Rent,,,Lok Sabha Election (GE)
Uttar_Pradesh,17,26,2019,4,0,4,6,Anita Tripathi,F,SHS,3974,GEN,1186589,1761207,PILIBHIT,GEN,RUHELKHAND,13,67.37,0.33,yes,1845,0.16,2.04,GEUP2024262,State-based Party (Other State),18691,TRUE,1,,,,,,0,FALSE,FALSE,FALSE,12th Pass,Business,Rent,Retired or Pension,,Lok Sabha Election (GE)
Uttar_Pradesh,17,26,2019,4,0,4,7,Munesh Singh,M,IND,2129,GEN,1186589,1761207,PILIBHIT,GEN,RUHELKHAND,13,67.37,0.18,yes,496,0.04,2.04,GEUP11901,Independents,10809,TRUE,2,IND,10809,PILIBHIT,TRUE,TRUE,0,FALSE,FALSE,TRUE,8th Pass,Agriculture,,,,Lok Sabha Election (GE)
Uttar_Pradesh,17,26,2019,4,0,4,8,Jafri Begum,F,IND,1633,,1186589,1761207,PILIBHIT,GEN,RUHELKHAND,13,67.37,0.14,yes,9,0,2.04,GEUP2024376,Independents,10809,TRUE,1,,,,,,0,FALSE,FALSE,FALSE,8th Pass,Business,,,,Lok Sabha Election (GE)
Uttar_Pradesh,17,26,2019,4,0,4,9,Dr. Bharat,M,JD(U),1624,,1186589,1761207,PILIBHIT,GEN,RUHELKHAND,13,67.37,0.14,yes,348,0.03,2.04,GEUP179613,State-based Party (Other State),11002,TRUE,1,,,,,,0,FALSE,FALSE,FALSE,Graduate Professional,Liberal Profession or Professional,Doctor,,,Lok Sabha Election (GE)
Uttar_Pradesh,17,26,2019,4,0,4,10,Md. Hanif,M,PSPL,1276,,1186589,1761207,PILIBHIT,GEN,RUHELKHAND,13,67.37,0.11,yes,178,0.02,2.04,GEUP2024438,Local Party,17283,TRUE,1,,,,,,0,FALSE,FALSE,FALSE,12th Pass,Agriculture,,,,Lok Sabha Election (GE)
Uttar_Pradesh,17,26,2019,4,0,4,11,Dr. Sita Ram Rajput,M,SDU,1098,GEN,1186589,1761207,PILIBHIT,GEN,RUHELKHAND,13,67.37,0.09,yes,172,0.01,2.04,GEUP179614,Local Party,7293,TRUE,1,,,,,,0,FALSE,FALSE,FALSE,Doctorate,Education,School Teacher,,,Lok Sabha Election (GE)
Uttar_Pradesh,17,26,2019,4,0,4,12,Kaif Raza Khan,M,IND,926,,1186589,1761207,PILIBHIT,GEN,RUHELKHAND,13,67.37,0.08,yes,62,0.01,2.04,GEUP2024382,Independents,10809,TRUE,1,,,,,,0,FALSE,FALSE,FALSE,Graduate,Labourer or Daily Wage,,,,Lok Sabha Election (GE)
Uttar_Pradesh,17,26,2019,4,0,4,13,Urvashi Singh,F,IND,864,,1186589,1761207,PILIBHIT,GEN,RUHELKHAND,13,67.37,0.07,yes,168,0.01,2.04,GEUP179615,Independents,10809,TRUE,1,,,,,,0,FALSE,FALSE,FALSE,Graduate Professional,Liberal Profession or Professional,Lawyer,,,Lok Sabha Election (GE)
Uttar_Pradesh,17,26,2019,4,0,4,14,Sanjay Kumar Bharti,M,NAP,696,GEN,1186589,1761207,PILIBHIT,GEN,RUHELKHAND,13,67.37,0.06,yes,0,0,2.04,GEUP2024561,Local Party,5560,TRUE,1,,,,,,0,FALSE,FALSE,FALSE,8th Pass,Labourer or Daily Wage,,Agriculture,,Lok Sabha Election (GE)
Uttar_Pradesh,17,27,2019,4,0,4,1,Arun Kumar Sagar,M,BJP,688990,SC,1186157,2114201,SHAHJAHANPUR,SC,RUHELKHAND,14,56.1,58.09,no,268418,22.63,2.13,AEUP67942,National Party,1605,TRUE,1,,,,,,1,FALSE,FALSE,FALSE,12th Pass,Business,,Agriculture,,Lok Sabha Election (GE)
Uttar_Pradesh,17,27,2019,4,0,4,2,Amar Chandra Jauhar,M,BSP,420572,SC,1186157,2114201,SHAHJAHANPUR,SC,RUHELKHAND,14,56.1,35.46,no,385289,32.48,2.13,GEUP2024251,State-based Party,16651,TRUE,1,,,,,,0,FALSE,FALSE,FALSE,Post Graduate,Retired or Pension,Retired Teacher,,,Lok Sabha Election (GE)
Uttar_Pradesh,17,27,2019,4,0,4,3,Brahm Swaroop Sagar,M,INC,35283,SC,1186157,2114201,SHAHJAHANPUR,SC,RUHELKHAND,14,56.1,2.97,yes,25819,2.18,2.13,GEUP179617,National Party,3482,TRUE,1,,,,,,0,FALSE,FALSE,FALSE,Graduate,Business,Private Company,,,Lok Sabha Election (GE)
Uttar_Pradesh,17,27,2019,4,0,4,4,Manish Chandra Kori,M,CPI,9464,SC,1186157,2114201,SHAHJAHANPUR,SC,RUHELKHAND,14,56.1,0.8,yes,427,0.04,2.13,AEUP200473,State-based Party (Other State),2444,TRUE,1,,,,,,0,FALSE,FALSE,FALSE,Graduate,Salaried Work or Employed,,Labourer or Daily Wage,,Lok Sabha Election (GE)
Uttar_Pradesh,17,27,2019,4,0,4,5,NOTA,,NOTA,9037,,1186157,2114201,SHAHJAHANPUR,SC,RUHELKHAND,14,56.1,0.76,,3729,0.31,2.13,,NOTA,5897,TRUE,,,,,,,,,,,,,,,,Lok Sabha Election (GE)
Uttar_Pradesh,17,27,2019,4,0,4,6,Shyamacharan,M,IND,5308,SC,1186157,2114201,SHAHJAHANPUR,SC,RUHELKHAND,14,56.1,0.45,yes,2471,0.21,2.13,GEUP2024605,Independents,10809,TRUE,1,,,,,,0,FALSE,FALSE,FALSE,12th Pass,Salaried Work or Employed,,Labourer or Daily Wage,,Lok Sabha Election (GE)
Uttar_Pradesh,17,27,2019,4,0,4,7,Arun Kumar,M,IND,2837,SC,1186157,2114201,SHAHJAHANPUR,SC,RUHELKHAND,14,56.1,0.24,yes,233,0.02,2.13,GEUP179618,Independents,10809,TRUE,1,,,,,,0,FALSE,FALSE,FALSE,10th Pass,Salaried Work or Employed,,Labourer or Daily Wage,,Lok Sabha Election (GE)
Uttar_Pradesh,17,27,2019,4,0,4,8,Vineet,M,IND,2604,SC,1186157,2114201,SHAHJAHANPUR,SC,RUHELKHAND,14,56.1,0.22,yes,262,0.02,2.13,GEUP2024641,Independents,10809,TRUE,1,,,,,,0,FALSE,FALSE,FALSE,12th Pass,Labourer or Daily Wage,,,,Lok Sabha Election (GE)
Uttar_Pradesh,17,27,2019,4,0,4,9,Manohar Lal Saroj,M,NSCBRAP,2342,SC,1186157,2114201,SHAHJAHANPUR,SC,RUHELKHAND,14,56.1,0.2,yes,92,0.01,2.13,GEUP179619,Local Party,18275,TRUE,1,,,,,,0,FALSE,FALSE,FALSE,10th Pass,Agriculture,,,,Lok Sabha Election (GE)
Uttar_Pradesh,17,27,2019,4,0,4,10,Kishan Lal,M,SANVP,2250,SC,1186157,2114201,SHAHJAHANPUR,SC,RUHELKHAND,14,56.1,0.19,yes,146,0.01,2.13,GEUP11925,Local Party,7674,TRUE,2,LD,4996,SHAHJAHANPUR,TRUE,FALSE,0,TRUE,FALSE,TRUE,8th Pass,Business,Trader,,,Lok Sabha Election (GE)
Uttar_Pradesh,17,27,2019,4,0,4,11,Narveer Fauji,M,PSPL,2104,SC,1186157,2114201,SHAHJAHANPUR,SC,RUHELKHAND,14,56.1,0.18,yes,392,0.03,2.13,GEUP179620,Local Party,17283,TRUE,1,,,,,,0,FALSE,FALSE,FALSE,Graduate,Retired or Pension,,,,Lok Sabha Election (GE)
Uttar_Pradesh,17,27,2019,4,0,4,12,Sohan Pal alias Sonpal,M,BKrD,1712,SC,1186157,2114201,SHAHJAHANPUR,SC,RUHELKHAND,14,56.1,0.14,yes,368,0.03,2.13,GEUP2024608,Local Party,1982,TRUE,1,,,,,,0,FALSE,FALSE,FALSE,8th Pass,Retired or Pension,,Agriculture,,Lok Sabha Election (GE)
Uttar_Pradesh,17,27,2019,4,0,4,13,Ramesh Chandra Verma,M,ManKP,1344,SC,1186157,2114201,SHAHJAHANPUR,SC,RUHELKHAND,14,56.1,0.11,yes,185,0.02,2.13,GEUP179621,Local Party,5307,TRUE,1,,,,,,0,FALSE,FALSE,FALSE,,,,,,Lok Sabha Election (GE)
Uttar_Pradesh,17,27,2019,4,0,4,14,Dharmvir Balmiki,M,BHABHAPA,1159,SC,1186157,2114201,SHAHJAHANPUR,SC,RUHELKHAND,14,56.1,0.1,yes,8,0,2.13,GEUP2024327,Local Party,1890,TRUE,1,,,,,,0,FALSE,FALSE,FALSE,12th Pass,Other,,,,Lok Sabha Election (GE)
Uttar_Pradesh,17,27,2019,4,0,4,15,Kuwar Pal Singh Gautam,M,JaSSP,1151,SC,1186157,2114201,SHAHJAHANPUR,SC,RUHELKHAND,14,56.1,0.1,yes,0,0,2.13,GEUP179622,Local Party,4171,TRUE,1,,,,,,0,FALSE,FALSE,FALSE,12th Pass,Labourer or Daily Wage,,Education,Home Teacher or Tuition,Lok Sabha Election (GE)
Uttar_Pradesh,17,28,2019,4,0,4,1,Ajay Kumar,M,BJP,609589,GEN,1136660,1770699,KHERI,GEN,AVADH,15,64.19,53.63,no,218807,19.25,2.38,GEUP11952,National Party,1605,TRUE,3,BJP,1605,KHERI,TRUE,TRUE,2,FALSE,TRUE,TRUE,Graduate Professional,Business,,Agriculture,,Lok Sabha Election (GE)
Uttar_Pradesh,17,28,2019,4,0,4,2,Dr. Purvi Verma,F,SP,390782,GEN,1136660,1770699,KHERI,GEN,AVADH,15,64.19,34.38,no,298627,26.27,2.38,GEUP179623,State-based Party,7425,TRUE,1,,,,,,0,FALSE,FALSE,FALSE,Post Graduate,Student,,,,Lok Sabha Election (GE)
Uttar_Pradesh,17,28,2019,4,0,4,3,Zafar Ali Naqvi,M,INC,92155,GEN,1136660,1770699,KHERI,GEN,AVADH,15,64.19,8.11,yes,80298,7.06,2.38,GEUP11962,National Party,3482,TRUE,3,INC,3482,KHERI,TRUE,TRUE,1,FALSE,FALSE,TRUE,Graduate Professional,Social Work,,,,Lok Sabha Election (GE)
Uttar_Pradesh,17,28,2019,4,0,4,4,Vipnesh Shukla,M,CPI,11857,GEN,1136660,1770699,KHERI,GEN,AVADH,15,64.19,1.04,yes,3107,0.27,2.38,GEUP179624,State-based Party (Other State),2444,TRUE,1,,,,,,0,FALSE,FALSE,FALSE,Graduate Professional,Other,,,,Lok Sabha Election (GE)
Uttar_Pradesh,17,28,2019,4,0,4,5,NOTA,,NOTA,8750,,1136660,1770699,KHERI,GEN,AVADH,15,64.19,0.77,,3430,0.3,2.38,,NOTA,5897,TRUE,,,,,,,,,,,,,,,,Lok Sabha Election (GE)
Uttar_Pradesh,17,28,2019,4,0,4,6,Manoj Kumar Singh,M,IND,5320,,1136660,1770699,KHERI,GEN,AVADH,15,64.19,0.47,yes,5,0,2.38,GEUP179625,Independents,10809,TRUE,1,,,,,,0,FALSE,FALSE,FALSE,8th Pass,Small Business or Self-employed,Self-employed,,,Lok Sabha Election (GE)
Uttar_Pradesh,17,28,2019,4,0,4,7,Paro Kinner,O,IND,5315,,1136660,1770699,KHERI,GEN,AVADH,15,64.19,0.47,yes,2819,0.25,2.38,GEUP2024475,Independents,10809,TRUE,1,,,,,,0,FALSE,FALSE,FALSE,,,,,,Lok Sabha Election (GE)
Uttar_Pradesh,17,28,2019,4,0,4,8,Krishna Kumar,M,IND,2496,,1136660,1770699,KHERI,GEN,AVADH,15,64.19,0.22,yes,505,0.04,2.38,GEUP179626,Independents,10809,TRUE,1,,,,,,0,FALSE,FALSE,FALSE,,,,,,Lok Sabha Election (GE)
Uttar_Pradesh,17,28,2019,4,0,4,9,Shrikrishna Verma,M,PECP,1991,,1136660,1770699,KHERI,GEN,AVADH,15,64.19,0.18,yes,337,0.03,2.38,GEUP2024600,Local Party,5995,TRUE,1,,,,,,0,FALSE,FALSE,FALSE,8th Pass,Agriculture,,,,Lok Sabha Election (GE)
Uttar_Pradesh,17,28,2019,4,0,4,10,Ajay Kumar Dixit,M,IND,1654,,1136660,1770699,KHERI,GEN,AVADH,15,64.19,0.15,yes,28,0,2.38,GEUP179627,Independents,10809,TRUE,1,,,,,,0,FALSE,FALSE,FALSE,Graduate,Agriculture,,Traditional Occupation,Astrologer,Lok Sabha Election (GE)
Uttar_Pradesh,17,28,2019,4,0,4,11,Asif Khan,M,BKNP,1626,,1136660,1770699,KHERI,GEN,AVADH,15,64.19,0.14,yes,548,0.05,2.38,GEUP2024283,Local Party,1979,TRUE,1,,,,,,0,FALSE,FALSE,FALSE,10th Pass,Business,,,,Lok Sabha Election (GE)
Uttar_Pradesh,17,28,2019,4,0,4,12,Ram Jeevan,M,BAWPA,1078,,1136660,1770699,KHERI,GEN,AVADH,15,64.19,0.09,yes,18,0,2.38,GEUP179628,Local Party,18340,TRUE,1,,,,,,0,FALSE,FALSE,FALSE,Graduate Professional,Liberal Profession or Professional,Lawyer,,,Lok Sabha Election (GE)
Uttar_Pradesh,17,28,2019,4,0,4,13,Moh. Mumtaz Raza,M,RTJPS,1060,,1136660,1770699,KHERI,GEN,AVADH,15,64.19,0.09,yes,43,0,2.38,GEUP2024442,Local Party,24983,TRUE,1,,,,,,0,FALSE,FALSE,FALSE,10th Pass,Education,School Teacher,,,Lok Sabha Election (GE)
Uttar_Pradesh,17,28,2019,4,0,4,14,Bandana Gupta,F,BSCP,1017,GEN,1136660,1770699,KHERI,GEN,AVADH,15,64.19,0.09,yes,15,0,2.38,GEUP179629,Local Party,2047,TRUE,1,,,,,,0,FALSE,FALSE,FALSE,10th Pass,Small Business or Self-employed,,,,Lok Sabha Election (GE)
Uttar_Pradesh,17,28,2019,4,0,4,15,Mahesh Chandra Verma Advocate,M,HND,1002,,1136660,1770699,KHERI,GEN,AVADH,15,64.19,0.09,yes,34,0,2.38,GEUP2024421,Local Party,3288,TRUE,1,,,,,,0,FALSE,FALSE,FALSE,,,,,,Lok Sabha Election (GE)
Uttar_Pradesh,17,28,2019,4,0,4,16,Krishna Kumar Yadav,M,LJSPty,968,GEN,1136660,1770699,KHERI,GEN,AVADH,15,64.19,0.09,yes,0,0,2.38,GEUP179630,Local Party,24436,TRUE,1,,,,,,0,FALSE,FALSE,FALSE,Literate,Agriculture,,,,Lok Sabha Election (GE)
Uttar_Pradesh,17,29,2019,4,0,4,1,REKHA VERMA,F,BJP,512905,GEN,1063840,1644674,DHAURAHRA,GEN,AVADH,8,64.68,48.21,no,160611,15.1,2.78,GEUP11980,National Party,1605,TRUE,2,BJP,1605,DHAURAHRA,TRUE,TRUE,2,FALSE,TRUE,TRUE,12th Pass,Business,,Agriculture,,Lok Sabha Election (GE)
Uttar_Pradesh,17,29,2019,4,0,4,2,ARSHAD ILIYAS SIDDIQUI,M,BSP,352294,GEN,1063840,1644674,DHAURAHRA,GEN,AVADH,8,64.68,33.12,no,189438,17.81,2.78,GEUP179631,State-based Party,16651,TRUE,1,,,,,,0,FALSE,FALSE,FALSE,10th Pass,Business,,,,Lok Sabha Election (GE)
Uttar_Pradesh,17,29,2019,4,0,4,3,KUNWAR JITIN PRASADA,M,INC,162856,GEN,1063840,1644674,DHAURAHRA,GEN,AVADH,8,64.68,15.31,yes,152058,14.29,2.78,GEUP11974,National Party,3482,TRUE,4,INC,3482,DHAURAHRA,TRUE,TRUE,2,FALSE,FALSE,TRUE,Post Graduate,Business,"Trader, Rent",Retired or Pension,,Lok Sabha Election (GE)
Uttar_Pradesh,17,29,2019,4,0,4,4,NOTA,,NOTA,10798,,1063840,1644674,DHAURAHRA,GEN,AVADH,8,64.68,1.02,,1510,0.14,2.78,,NOTA,5897,TRUE,,,,,,,,,,,,,,,,Lok Sabha Election (GE)
Uttar_Pradesh,17,29,2019,4,0,4,5,ANIL KUMAR ' RAJVANSHI',M,BAWPA,9288,GEN,1063840,1644674,DHAURAHRA,GEN,AVADH,8,64.68,0.87,yes,4599,0.43,2.78,GEUP2024260,Local Party,18340,TRUE,1,,,,,,0,FALSE,FALSE,FALSE,Post Graduate,Liberal Profession or Professional,Lawyer,,,Lok Sabha Election (GE)
Uttar_Pradesh,17,29,2019,4,0,4,6,REETU VERMA 'DIDI',F,IND,4689,,1063840,1644674,DHAURAHRA,GEN,AVADH,8,64.68,0.44,yes,401,0.04,2.78,GEUP179632,Independents,10809,TRUE,1,,,,,,0,FALSE,FALSE,FALSE,,,,,,Lok Sabha Election (GE)
Uttar_Pradesh,17,29,2019,4,0,4,7,MALKHAN SINGH RAJPOOT,M,PSPL,4288,GEN,1063840,1644674,DHAURAHRA,GEN,AVADH,8,64.68,0.4,yes,732,0.07,2.78,GEUP2024424,Local Party,17283,TRUE,1,,,,,,0,FALSE,FALSE,FALSE,5th Pass,Agriculture,,,,Lok Sabha Election (GE)
Uttar_Pradesh,17,29,2019,4,0,4,8,MUKESH KUMAR,M,SHS,3556,,1063840,1644674,DHAURAHRA,GEN,AVADH,8,64.68,0.33,yes,390,0.04,2.78,GEUP179633,State-based Party (Other State),18691,TRUE,1,,,,,,0,FALSE,FALSE,FALSE,12th Pass,Agriculture,,,,Lok Sabha Election (GE)
Uttar_Pradesh,17,29,2019,4,0,4,9,BALJEET KAUR,F,HND,3166,,1063840,1644674,DHAURAHRA,GEN,AVADH,8,64.68,0.3,yes,0,0,2.78,GEUP2024287,Local Party,3288,TRUE,1,,,,,,0,FALSE,FALSE,FALSE,Literate,Agriculture,,,,Lok Sabha Election (GE)
Uttar_Pradesh,17,30,2019,4,0,4,1,Rajesh Verma,M,BJP,514528,GEN,1064521,1666126,SITAPUR,GEN,AVADH,12,63.89,48.33,no,100833,9.47,2.56,GEUP71828,National Party,1605,TRUE,4,BJP,1605,SITAPUR,TRUE,TRUE,4,FALSE,TRUE,TRUE,Post Graduate,Business,,Politics,MP,Lok Sabha Election (GE)
Uttar_Pradesh,17,30,2019,4,0,4,2,Nakul Dubey,M,BSP,413695,GEN,1064521,1666126,SITAPUR,GEN,AVADH,12,63.89,38.86,no,317677,29.84,2.56,GEMP101592,State-based Party,16651,TRUE,1,,,,,,0,FALSE,FALSE,FALSE,Graduate Professional,Liberal Profession or Professional,Lawyer,,,Lok Sabha Election (GE)
Uttar_Pradesh,17,30,2019,4,0,4,3,Qaiser Jahan,F,INC,96018,GEN,1064521,1666126,SITAPUR,GEN,AVADH,12,63.89,9.02,yes,87145,8.19,2.56,GEUP12024,National Party,3482,TRUE,3,BSP,16651,SITAPUR,TRUE,FALSE,1,TRUE,FALSE,TRUE,8th Pass,Social Work,,,,Lok Sabha Election (GE)
Uttar_Pradesh,17,30,2019,4,0,4,4,NOTA,,NOTA,8873,,1064521,1666126,SITAPUR,GEN,AVADH,12,63.89,0.83,,1341,0.13,2.56,,NOTA,5897,TRUE,,,,,,,,,,,,,,,,Lok Sabha Election (GE)
Uttar_Pradesh,17,30,2019,4,0,4,5,Anil Singh,M,AJPI,7532,GEN,1064521,1666126,SITAPUR,GEN,AVADH,12,63.89,0.71,yes,3024,0.28,2.56,GEUP179634,Local Party,17584,TRUE,1,,,,,,0,FALSE,FALSE,FALSE,Literate,Agriculture,,,,Lok Sabha Election (GE)
Uttar_Pradesh,17,30,2019,4,0,4,6,Turab Ali,M,IND,4508,,1064521,1666126,SITAPUR,GEN,AVADH,12,63.89,0.42,yes,60,0.01,2.56,GEUP2024632,Independents,10809,TRUE,1,,,,,,0,FALSE,FALSE,FALSE,Literate,Agricultural Labour,,,,Lok Sabha Election (GE)
Uttar_Pradesh,17,30,2019,4,0,4,7,Pyare Lal Bhargva,M,IND,4448,GEN,1064521,1666126,SITAPUR,GEN,AVADH,12,63.89,0.42,yes,365,0.03,2.56,GEUP179635,Independents,10809,TRUE,1,,,,,,0,FALSE,FALSE,FALSE,,,,,,Lok Sabha Election (GE)
Uttar_Pradesh,17,30,2019,4,0,4,8,Vinod Kumar,M,IND,4083,,1064521,1666126,SITAPUR,GEN,AVADH,12,63.89,0.38,yes,590,0.06,2.56,GEUP2024643,Independents,10809,TRUE,1,,,,,,0,FALSE,FALSE,FALSE,Post Graduate,Agriculture,,,,Lok Sabha Election (GE)
Uttar_Pradesh,17,30,2019,4,0,4,9,Shuchita Kumar,F,IND,3493,,1064521,1666126,SITAPUR,GEN,AVADH,12,63.89,0.33,yes,1161,0.11,2.56,GEUP179636,Independents,10809,TRUE,1,,,,,,0,FALSE,FALSE,FALSE,Doctorate,Small Business or Self-employed,,,,Lok Sabha Election (GE)
Uttar_Pradesh,17,30,2019,4,0,4,10,Mahendra Kumar,M,ASaP,2332,,1064521,1666126,SITAPUR,GEN,AVADH,12,63.89,0.22,yes,504,0.05,2.56,GEUP2024416,Local Party,15725,TRUE,1,,,,,,0,FALSE,FALSE,FALSE,12th Pass,Social Work,,,,Lok Sabha Election (GE)
Uttar_Pradesh,17,30,2019,4,0,4,11,Abu bakar,M,BHAPRAP,1828,GEN,1064521,1666126,SITAPUR,GEN,AVADH,12,63.89,0.17,yes,86,0.01,2.56,GEUP179637,Local Party,18101,TRUE,1,,,,,,0,FALSE,FALSE,FALSE,Graduate,Education,Home Teacher or Tuition,,,Lok Sabha Election (GE)
Uttar_Pradesh,17,30,2019,4,0,4,12,Vijay Kumar Mishra,M,PSPL,1742,GEN,1064521,1666126,SITAPUR,GEN,AVADH,12,63.89,0.16,yes,301,0.03,2.56,GEUP2024639,Local Party,17283,TRUE,1,,,,,,0,FALSE,FALSE,FALSE,8th Pass,Business,Contractor,,,Lok Sabha Election (GE)
Uttar_Pradesh,17,30,2019,4,0,4,13,Geeta Devi,F,BAWPA,1441,,1064521,1666126,SITAPUR,GEN,AVADH,12,63.89,0.14,yes,0,0,2.56,GEUP179638,Local Party,18340,TRUE,1,,,,,,0,FALSE,FALSE,FALSE,5th Pass,Other,,,,Lok Sabha Election (GE)
Uttar_Pradesh,17,31,2019,4,0,4,1,Jai Prakash,M,BJP,568143,SC,1057558,1807119,HARDOI,SC,AVADH,11,58.52,53.72,no,132474,12.53,2.17,GEUP48013,National Party,1605,TRUE,8,SP,7425,MISRIKH,FALSE,FALSE,5,TRUE,FALSE,TRUE,Graduate,Business,Distributors,,,Lok Sabha Election (GE)
Uttar_Pradesh,17,31,2019,4,0,4,2,Usha Verma,F,SP,435669,SC,1057558,1807119,HARDOI,SC,AVADH,11,58.52,41.2,no,415697,39.31,2.17,GEUP84234,State-based Party,7425,TRUE,10,SP,7425,HARDOI,TRUE,TRUE,6,FALSE,FALSE,TRUE,Post Graduate,Business,Petrol Pumps,Small Business or Self-employed,Shop Keeper,Lok Sabha Election (GE)
Uttar_Pradesh,17,31,2019,4,0,4,3,Virendra Kumar,M,INC,19972,SC,1057558,1807119,HARDOI,SC,AVADH,11,58.52,1.89,yes,8948,0.85,2.17,AEUP60695,National Party,3482,TRUE,1,,,,,,0,FALSE,FALSE,FALSE,Graduate,Business,,Retired or Pension,,Lok Sabha Election (GE)
Uttar_Pradesh,17,31,2019,4,0,4,4,NOTA,,NOTA,11024,,1057558,1807119,HARDOI,SC,AVADH,11,58.52,1.04,,3113,0.29,2.17,,NOTA,5897,TRUE,,,,,,,,,,,,,,,,Lok Sabha Election (GE)
Uttar_Pradesh,17,31,2019,4,0,4,5,Bhaiya Lal,M,IND,7911,SC,1057558,1807119,HARDOI,SC,AVADH,11,58.52,0.75,yes,2868,0.27,2.17,GEUP2024294,Independents,10809,TRUE,1,,,,,,0,FALSE,FALSE,FALSE,10th Pass,Agriculture,,,,Lok Sabha Election (GE)
Uttar_Pradesh,17,31,2019,4,0,4,6,Shive Kumar,M,IND,5043,SC,1057558,1807119,HARDOI,SC,AVADH,11,58.52,0.48,yes,2790,0.26,2.17,GEUP179639,Independents,10809,TRUE,1,,,,,,0,FALSE,FALSE,FALSE,12th Pass,Agriculture,,,,Lok Sabha Election (GE)
Uttar_Pradesh,17,31,2019,4,0,4,7,Mahendra Pal Verma,M,BAWPA,2253,SC,1057558,1807119,HARDOI,SC,AVADH,11,58.52,0.21,yes,212,0.02,2.17,GEUP2024417,Local Party,18340,TRUE,1,,,,,,0,FALSE,FALSE,FALSE,12th Pass,Former Government,Ex Govt Employee,,,Lok Sabha Election (GE)
Uttar_Pradesh,17,31,2019,4,0,4,8,Chotte Lal,M,IND,2041,SC,1057558,1807119,HARDOI,SC,AVADH,11,58.52,0.19,yes,239,0.02,2.17,GEUP179640,Independents,10809,TRUE,1,,,,,,0,FALSE,FALSE,FALSE,5th Pass,Agriculture,,,,Lok Sabha Election (GE)
Uttar_Pradesh,17,31,2019,4,0,4,9,Sanjay Bharatiya,M,PSPL,1802,SC,1057558,1807119,HARDOI,SC,AVADH,11,58.52,0.17,yes,429,0.04,2.17,GEUP2024559,Local Party,17283,TRUE,1,,,,,,0,FALSE,FALSE,FALSE,Post Graduate,Education,College Professor or Lecturer,,,Lok Sabha Election (GE)
Uttar_Pradesh,17,31,2019,4,0,4,10,Avdhesh Kumar,M,IND,1373,SC,1057558,1807119,HARDOI,SC,AVADH,11,58.52,0.13,yes,176,0.02,2.17,GEUP179641,Independents,10809,TRUE,1,,,,,,0,FALSE,FALSE,FALSE,Post Graduate,Agriculture,,,,Lok Sabha Election (GE)
Uttar_Pradesh,17,31,2019,4,0,4,11,Sahab Singh,M,PPID,1197,SC,1057558,1807119,HARDOI,SC,AVADH,11,58.52,0.11,yes,67,0.01,2.17,GEUP2024553,Local Party,6054,TRUE,1,,,,,,0,FALSE,FALSE,FALSE,Graduate,Agriculture,,,,Lok Sabha Election (GE)
Uttar_Pradesh,17,31,2019,4,0,4,12,Ram Chandra,M,BKrD,1130,SC,1057558,1807119,HARDOI,SC,AVADH,11,58.52,0.11,yes,0,0,2.17,GEUP179642,Local Party,1982,TRUE,1,,,,,,0,FALSE,FALSE,FALSE,Post Graduate,Small Business or Self-employed,Self-employed,Agriculture,,Lok Sabha Election (GE)
Uttar_Pradesh,17,32,2019,4,0,4,1,Ashok Kumar Rawat,M,BJP,534429,SC,1026668,1796932,MISRIKH,SC,AVADH,13,57.13,52.05,no,100672,9.81,2.22,GEUP77482,National Party,1605,TRUE,4,BSP,16651,MISRIKH,TRUE,FALSE,3,TRUE,FALSE,TRUE,Post Graduate,Business,Rent,Retired or Pension,,Lok Sabha Election (GE)
Uttar_Pradesh,17,32,2019,4,0,4,2,Dr Neelu Satyarthi,F,BSP,433757,SC,1026668,1796932,MISRIKH,SC,AVADH,13,57.13,42.25,no,407252,39.67,2.22,AEUP101997,State-based Party,16651,TRUE,1,,,,,,0,FALSE,FALSE,FALSE,Doctorate,Liberal Profession or Professional,Musician or Artist,Labourer or Daily Wage,,Lok Sabha Election (GE)
Uttar_Pradesh,17,32,2019,4,0,4,3,Manjari Rahi,F,INC,26505,SC,1026668,1796932,MISRIKH,SC,AVADH,13,57.13,2.58,yes,16324,1.59,2.22,GEUP2024427,National Party,3482,TRUE,1,,,,,,0,FALSE,FALSE,FALSE,Post Graduate,Business,Rent,Small Business or Self-employed,Shop Keeper,Lok Sabha Election (GE)
Uttar_Pradesh,17,32,2019,4,0,4,4,NOTA,,NOTA,10181,,1026668,1796932,MISRIKH,SC,AVADH,13,57.13,0.99,,2247,0.22,2.22,,NOTA,5897,TRUE,,,,,,,,,,,,,,,,Lok Sabha Election (GE)
Uttar_Pradesh,17,32,2019,4,0,4,5,Shripal Verma,M,IND,7934,SC,1026668,1796932,MISRIKH,SC,AVADH,13,57.13,0.77,yes,5492,0.53,2.22,GEUP2024601,Independents,10809,TRUE,1,,,,,,0,FALSE,FALSE,FALSE,12th Pass,Former Government,Ex Govt Employee,Agriculture,,Lok Sabha Election (GE)
Uttar_Pradesh,17,32,2019,4,0,4,6,Arun Kumari Kori,F,PSPL,2442,SC,1026668,1796932,MISRIKH,SC,AVADH,13,57.13,0.24,yes,221,0.02,2.22,AEUP200805,Local Party,17283,TRUE,2,SP,7425,GHATAMPUR,FALSE,FALSE,0,TRUE,FALSE,FALSE,Post Graduate,Social Work,,,,Lok Sabha Election (GE)
Uttar_Pradesh,17,32,2019,4,0,4,7,Rampal,M,IND,2221,SC,1026668,1796932,MISRIKH,SC,AVADH,13,57.13,0.22,yes,282,0.03,2.22,GEUP2024532,Independents,10809,TRUE,1,,,,,,0,FALSE,FALSE,FALSE,12th Pass,Salaried Work or Employed,,,,Lok Sabha Election (GE)
Uttar_Pradesh,17,32,2019,4,0,4,8,Akash Niraj,M,IND,1939,SC,1026668,1796932,MISRIKH,SC,AVADH,13,57.13,0.19,yes,382,0.04,2.22,GEUP179644,Independents,10809,TRUE,1,,,,,,0,FALSE,FALSE,FALSE,Post Graduate,Agriculture,,,,Lok Sabha Election (GE)
Uttar_Pradesh,17,32,2019,4,0,4,9,Beerendra Kanaujiya,M,HND,1557,SC,1026668,1796932,MISRIKH,SC,AVADH,13,57.13,0.15,yes,9,0,2.22,GEUP2024292,Local Party,3288,TRUE,1,,,,,,0,FALSE,FALSE,FALSE,Graduate,Business,Real Estate or Builder or Developer or Construction,,,Lok Sabha Election (GE)
Uttar_Pradesh,17,32,2019,4,0,4,10,Nagendra Kumar,M,RSDal,1548,SC,1026668,1796932,MISRIKH,SC,AVADH,13,57.13,0.15,yes,245,0.02,2.22,GEUP179645,Local Party,24437,TRUE,1,,,,,,0,FALSE,FALSE,FALSE,12th Pass,Other,,,,Lok Sabha Election (GE)
Uttar_Pradesh,17,32,2019,4,0,4,11,Raju Verma,M,IND,1303,SC,1026668,1796932,MISRIKH,SC,AVADH,13,57.13,0.13,yes,301,0.03,2.22,GEUP2024516,Independents,10809,TRUE,1,,,,,,0,FALSE,FALSE,FALSE,12th Pass,Business,,,,Lok Sabha Election (GE)
Uttar_Pradesh,17,32,2019,4,0,4,12,Arpit,M,IND,1002,SC,1026668,1796932,MISRIKH,SC,AVADH,13,57.13,0.1,yes,63,0.01,2.22,GEUP179646,Independents,10809,TRUE,1,,,,,,0,FALSE,FALSE,FALSE,Graduate,Education,School Teacher,,,Lok Sabha Election (GE)
Uttar_Pradesh,17,32,2019,4,0,4,13,Arvind Kumar,M,IND,939,SC,1026668,1796932,MISRIKH,SC,AVADH,13,57.13,0.09,yes,28,0,2.22,GEUP2024272,Independents,10809,TRUE,1,,,,,,0,FALSE,FALSE,FALSE,Graduate,Education,School Teacher,,,Lok Sabha Election (GE)
Uttar_Pradesh,17,32,2019,4,0,4,14,Rahul Kumar,M,BKrD,911,SC,1026668,1796932,MISRIKH,SC,AVADH,13,57.13,0.09,yes,0,0,2.22,GEUP179647,Local Party,1982,TRUE,1,,,,,,0,FALSE,FALSE,FALSE,Graduate,Labourer or Daily Wage,,,,Lok Sabha Election (GE)
Uttar_Pradesh,17,33,2019,4,0,4,1,Swami Sakshi Ji Maharaj,M,BJP,703507,GEN,1237076,2191465,UNNAO,GEN,AVADH,9,56.45,56.87,no,400956,32.41,2.5,GEUP49099,National Party,1605,TRUE,6,BJP,1605,UNNAO,TRUE,TRUE,5,FALSE,TRUE,TRUE,Doctorate,Retired or Pension,,Agriculture,,Lok Sabha Election (GE)
Uttar_Pradesh,17,33,2019,4,0,4,2,Arun Shanker Shukla,M,SP,302551,GEN,1237076,2191465,UNNAO,GEN,AVADH,9,56.45,24.46,no,116917,9.45,2.5,GEUP12120,State-based Party,7425,TRUE,3,SP,7425,UNNAO,TRUE,TRUE,0,FALSE,FALSE,TRUE,10th Pass,Business,,,,Lok Sabha Election (GE)
Uttar_Pradesh,17,33,2019,4,0,4,3,Annu Tandon,F,INC,185634,GEN,1237076,2191465,UNNAO,GEN,AVADH,9,56.45,15.01,yes,174444,14.1,2.5,GEUP12081,National Party,3482,TRUE,3,INC,3482,UNNAO,TRUE,TRUE,1,FALSE,FALSE,TRUE,Graduate,Politics,Party Worker,Social Work,,Lok Sabha Election (GE)
Uttar_Pradesh,17,33,2019,4,0,4,4,NOTA,,NOTA,11190,,1237076,2191465,UNNAO,GEN,AVADH,9,56.45,0.9,,67,0.01,2.5,,NOTA,5897,TRUE,,,,,,,,,,,,,,,,Lok Sabha Election (GE)
Uttar_Pradesh,17,33,2019,4,0,4,5,Umar Khan,M,NEP,11123,,1237076,2191465,UNNAO,GEN,AVADH,9,56.45,0.9,yes,4412,0.36,2.5,GEUP2024633,Local Party,16280,TRUE,1,,,,,,0,FALSE,FALSE,FALSE,Post Graduate,Agriculture,,,,Lok Sabha Election (GE)
Uttar_Pradesh,17,33,2019,4,0,4,6,Satish Kumar Shukla,M,PSPL,6711,GEN,1237076,2191465,UNNAO,GEN,AVADH,9,56.45,0.54,yes,996,0.08,2.5,GEUP179648,Local Party,17283,TRUE,1,,,,,,0,FALSE,FALSE,FALSE,Post Graduate,Liberal Profession or Professional,Lawyer,Agriculture,,Lok Sabha Election (GE)
Uttar_Pradesh,17,33,2019,4,0,4,7,Deepak Chaurasia,M,JKiP,5715,,1237076,2191465,UNNAO,GEN,AVADH,9,56.45,0.46,yes,1710,0.14,2.5,GEUP2024321,Local Party,4534,TRUE,1,,,,,,0,FALSE,FALSE,FALSE,12th Pass,Business,,,,Lok Sabha Election (GE)
Uttar_Pradesh,17,33,2019,4,0,4,8,Satyendra Nath Gaur,M,IND,4005,,1237076,2191465,UNNAO,GEN,AVADH,9,56.45,0.32,yes,455,0.04,2.5,GEUP179649,Independents,10809,TRUE,1,,,,,,0,FALSE,FALSE,FALSE,12th Pass,Business,Agricultural Business,Retired or Pension,,Lok Sabha Election (GE)
Uttar_Pradesh,17,33,2019,4,0,4,9,Shailesh Kushwaha,M,AABHAP,3550,GEN,1237076,2191465,UNNAO,GEN,AVADH,9,56.45,0.29,yes,460,0.04,2.5,GEUP2024581,Local Party,11,TRUE,1,,,,,,0,FALSE,FALSE,FALSE,12th Pass,Small Business or Self-employed,Shop Keeper,,,Lok Sabha Election (GE)
Uttar_Pradesh,17,33,2019,4,0,4,10,Chedi Lal,M,BHAPRAP,3090,,1237076,2191465,UNNAO,GEN,AVADH,9,56.45,0.25,yes,0,0,2.5,GEUP179650,Local Party,18101,TRUE,1,,,,,,0,FALSE,FALSE,FALSE,12th Pass,Other,,,,Lok Sabha Election (GE)
Uttar_Pradesh,17,34,2019,4,0,4,1,Kaushal Kishore,M,BJP,629999,SC,1269594,2023431,MOHANLALGANJ,SC,AVADH,12,62.74,49.62,no,90204,7.1,2.33,AEUP107870,National Party,1605,TRUE,4,BJP,1605,MOHANLALGANJ,TRUE,TRUE,2,FALSE,TRUE,TRUE,Graduate,Politics,MP,Agriculture,,Lok Sabha Election (GE)
Uttar_Pradesh,17,34,2019,4,0,4,2,C. L. Verma,M,BSP,539795,SC,1269594,2023431,MOHANLALGANJ,SC,AVADH,12,62.74,42.52,no,479726,37.79,2.33,GEUP179651,State-based Party,16651,TRUE,1,,,,,,0,FALSE,FALSE,FALSE,Post Graduate,Retired or Pension,,,,Lok Sabha Election (GE)
Uttar_Pradesh,17,34,2019,4,0,4,3,R. K. Chaudhary,M,INC,60069,SC,1269594,2023431,MOHANLALGANJ,SC,AVADH,12,62.74,4.73,yes,49274,3.88,2.33,AEUP102204,National Party,3482,TRUE,3,BSP,16651,MOHANLALGANJ,TRUE,FALSE,0,TRUE,FALSE,TRUE,Graduate Professional,Politics,Ex MLA,,,Lok Sabha Election (GE)
Uttar_Pradesh,17,34,2019,4,0,4,4,NOTA,,NOTA,10795,,1269594,2023431,MOHANLALGANJ,SC,AVADH,12,62.74,0.85,,2819,0.22,2.33,,NOTA,5897,TRUE,,,,,,,,,,,,,,,,Lok Sabha Election (GE)
Uttar_Pradesh,17,34,2019,4,0,4,5,Ganesh Rawat,M,PSPL,7976,SC,1269594,2023431,MOHANLALGANJ,SC,AVADH,12,62.74,0.63,yes,3641,0.29,2.33,GEUP2024352,Local Party,17283,TRUE,1,,,,,,0,FALSE,FALSE,FALSE,12th Pass,Business,,Agriculture,,Lok Sabha Election (GE)
Uttar_Pradesh,17,34,2019,4,0,4,6,Prabhawati Devi,F,IND,4335,SC,1269594,2023431,MOHANLALGANJ,SC,AVADH,12,62.74,0.34,yes,52,0,2.33,GEUP179652,Independents,10809,TRUE,1,,,,,,0,FALSE,FALSE,FALSE,Literate,Other,Household,,,Lok Sabha Election (GE)
Uttar_Pradesh,17,34,2019,4,0,4,7,Sushil Kumar,M,ASGP,4283,SC,1269594,2023431,MOHANLALGANJ,SC,AVADH,12,62.74,0.34,yes,1219,0.1,2.33,GEUP2024624,Local Party,24438,TRUE,1,,,,,,0,FALSE,FALSE,FALSE,12th Pass,Other,,,,Lok Sabha Election (GE)
Uttar_Pradesh,17,34,2019,4,0,4,8,Jagdish Rawat,M,IND,3064,SC,1269594,2023431,MOHANLALGANJ,SC,AVADH,12,62.74,0.24,yes,428,0.03,2.33,GEUP179653,Independents,10809,TRUE,1,,,,,,0,FALSE,FALSE,FALSE,12th Pass,Agriculture,,,,Lok Sabha Election (GE)
Uttar_Pradesh,17,34,2019,4,0,4,9,Shatrohan Lal Rawat,M,LD,2636,SC,1269594,2023431,MOHANLALGANJ,SC,AVADH,12,62.74,0.21,yes,172,0.01,2.33,AEUP103862,Local Party,4996,TRUE,1,,,,,,0,FALSE,FALSE,FALSE,10th Pass,Business,"Real Estate or Builder or Developer or Construction, Trader",,,Lok Sabha Election (GE)
Uttar_Pradesh,17,34,2019,4,0,4,10,Ramesh Kumar,M,IND,2464,SC,1269594,2023431,MOHANLALGANJ,SC,AVADH,12,62.74,0.19,yes,949,0.07,2.33,AEUP103904,Independents,10809,TRUE,1,,,,,,0,FALSE,FALSE,FALSE,Post Graduate,Labourer or Daily Wage,,Unemployed,,Lok Sabha Election (GE)
Uttar_Pradesh,17,34,2019,4,0,4,11,Ram Sagar Paasi,M,SDSP,1515,SC,1269594,2023431,MOHANLALGANJ,SC,AVADH,12,62.74,0.12,yes,72,0.01,2.33,GEUP2024521,Local Party,24439,TRUE,1,,,,,,0,FALSE,FALSE,FALSE,Graduate,Business,,,,Lok Sabha Election (GE)
Uttar_Pradesh,17,34,2019,4,0,4,12,Jagdish Prasad Gautam,M,MwSP,1443,SC,1269594,2023431,MOHANLALGANJ,SC,AVADH,12,62.74,0.11,yes,223,0.02,2.33,AEUP68496,Local Party,5325,TRUE,2,MwSP,5325,MOHANLALGANJ,TRUE,TRUE,0,FALSE,FALSE,TRUE,Graduate,Salaried Work or Employed,,,,Lok Sabha Election (GE)
Uttar_Pradesh,17,34,2019,4,0,4,13,Radha Ambedkar,F,PPID,1220,SC,1269594,2023431,MOHANLALGANJ,SC,AVADH,12,62.74,0.1,yes,0,0,2.33,GEUP2024500,Local Party,6054,TRUE,1,,,,,,0,FALSE,FALSE,FALSE,8th Pass,Labourer or Daily Wage,,,,Lok Sabha Election (GE)
Uttar_Pradesh,17,35,2019,4,0,4,1,Rajnath Singh,M,BJP,633026,GEN,1116445,2040367,LUCKNOW,GEN,AVADH,15,54.72,56.7,no,347302,31.11,2.38,AEUP156645,National Party,1605,TRUE,3,BJP,1605,LUCKNOW,TRUE,TRUE,3,FALSE,TRUE,TRUE,Post Graduate,Retired or Pension,,Politics,MP,Lok Sabha Election (GE)
Uttar_Pradesh,17,35,2019,4,0,4,2,Poonam Shatrughan Sinha,F,SP,285724,GEN,1116445,2040367,LUCKNOW,GEN,AVADH,15,54.72,25.59,no,105713,9.47,2.38,GEUP2024483,State-based Party,7425,TRUE,1,,,,,,0,FALSE,FALSE,FALSE,Graduate,Business,,,,Lok Sabha Election (GE)
Uttar_Pradesh,17,35,2019,4,0,4,3,Acharya Pramod Krishnam,M,INC,180011,GEN,1116445,2040367,LUCKNOW,GEN,AVADH,15,54.72,16.12,yes,172595,15.46,2.38,GEUP11417,National Party,3482,TRUE,2,INC,3482,SAMBHAL,FALSE,TRUE,0,FALSE,FALSE,TRUE,Post Graduate,Other,,,,Lok Sabha Election (GE)
Uttar_Pradesh,17,35,2019,4,0,4,4,NOTA,,NOTA,7416,,1116445,2040367,LUCKNOW,GEN,AVADH,15,54.72,0.66,,5312,0.48,2.38,,NOTA,5897,TRUE,,,,,,,,,,,,,,,,Lok Sabha Election (GE)
Uttar_Pradesh,17,35,2019,4,0,4,5,Amar Kumar Raizada,M,ABJS,2104,GEN,1116445,2040367,LUCKNOW,GEN,AVADH,15,54.72,0.19,yes,853,0.08,2.38,GEUP179655,Local Party,9325,TRUE,1,,,,,,0,FALSE,FALSE,FALSE,,,,,,Lok Sabha Election (GE)
Uttar_Pradesh,17,35,2019,4,0,4,6,Ram Sagar Pal,M,ASaP,1251,,1116445,2040367,LUCKNOW,GEN,AVADH,15,54.72,0.11,yes,270,0.02,2.38,GEUP2024522,Local Party,15725,TRUE,1,,,,,,0,FALSE,FALSE,FALSE,Graduate,Social Work,,,,Lok Sabha Election (GE)
Uttar_Pradesh,17,35,2019,4,0,4,7,Sanjay Singh Rana,M,IND,981,,1116445,2040367,LUCKNOW,GEN,AVADH,15,54.72,0.09,yes,46,0,2.38,AEUP102144,Independents,10809,TRUE,1,,,,,,0,FALSE,FALSE,FALSE,Graduate,Business,,,,Lok Sabha Election (GE)
Uttar_Pradesh,17,35,2019,4,0,4,8,Shamim Khan,M,NEP,935,,1116445,2040367,LUCKNOW,GEN,AVADH,15,54.72,0.08,yes,76,0.01,2.38,GEUP2024582,Local Party,16280,TRUE,1,,,,,,0,FALSE,FALSE,FALSE,8th Pass,Business,,,,Lok Sabha Election (GE)
Uttar_Pradesh,17,35,2019,4,0,4,9,Jimidar Singh Yadav,M,IND,859,GEN,1116445,2040367,LUCKNOW,GEN,AVADH,15,54.72,0.08,yes,120,0.01,2.38,GEUP179657,Independents,10809,TRUE,1,,,,,,0,FALSE,FALSE,FALSE,Literate,Labourer or Daily Wage,,,,Lok Sabha Election (GE)
Uttar_Pradesh,17,35,2019,4,0,4,10,Ramesh,M,AIFB,739,,1116445,2040367,LUCKNOW,GEN,AVADH,15,54.72,0.07,yes,64,0.01,2.38,GEUP2024529,State-based Party (Other State),3040,TRUE,1,,,,,,0,FALSE,FALSE,FALSE,Literate,Labourer or Daily Wage,Taxi Driver,,,Lok Sabha Election (GE)
Uttar_Pradesh,17,35,2019,4,0,4,11,Professor D.N.N.S. Yadav,M,PPID,675,,1116445,2040367,LUCKNOW,GEN,AVADH,15,54.72,0.06,yes,81,0.01,2.38,GEUP179658,Local Party,6054,TRUE,1,,,,,,0,FALSE,FALSE,FALSE,Post Graduate,Education,College Professor or Lecturer,,,Lok Sabha Election (GE)
Uttar_Pradesh,17,35,2019,4,0,4,12,Avinash Chandra Jain,M,IND,594,GEN,1116445,2040367,LUCKNOW,GEN,AVADH,15,54.72,0.05,yes,22,0,2.38,AEUP108027,Independents,10809,TRUE,1,,,,,,0,FALSE,FALSE,FALSE,Graduate,Business,,,,Lok Sabha Election (GE)
Uttar_Pradesh,17,35,2019,4,0,4,13,Haji Faheem Siddiqui,M,INL,572,,1116445,2040367,LUCKNOW,GEN,AVADH,15,54.72,0.05,yes,3,0,2.38,GEUP179659,Local Party,3842,TRUE,1,,,,,,0,FALSE,FALSE,FALSE,10th Pass,Social Work,,,,Lok Sabha Election (GE)
Uttar_Pradesh,17,35,2019,4,0,4,14,Girish Narain Pande,M,SABHP,569,GEN,1116445,2040367,LUCKNOW,GEN,AVADH,15,54.72,0.05,yes,54,0,2.38,GEUP2024355,Local Party,7712,TRUE,1,,,,,,0,FALSE,FALSE,FALSE,Post Graduate,Retired or Pension,,Liberal Profession or Professional,Lawyer,Lok Sabha Election (GE)
Uttar_Pradesh,17,35,2019,4,0,4,15,Ganesh Chaudhari,M,SFP,515,,1116445,2040367,LUCKNOW,GEN,AVADH,15,54.72,0.05,yes,41,0,2.38,GEUP179660,Local Party,24440,TRUE,1,,,,,,0,FALSE,FALSE,FALSE,Graduate Professional,Business,,Salaried Work or Employed,Insurance Agent,Lok Sabha Election (GE)
Uttar_Pradesh,17,35,2019,4,0,4,16,Kapil Mohan,M,MARD,474,GEN,1116445,2040367,LUCKNOW,GEN,AVADH,15,54.72,0.04,yes,0,0,2.38,GEUP2024392,Local Party,24441,TRUE,1,,,,,,0,FALSE,FALSE,FALSE,,,,,,Lok Sabha Election (GE)
Uttar_Pradesh,17,36,2019,4,0,4,1,SONIA GANDHI,F,INC,534918,GEN,958556,1702248,RAE BARELI,GEN,AVADH,15,56.31,55.8,no,167178,17.44,2.17,GEKA16390,National Party,3482,TRUE,6,INC,3482,RAE BARELI,TRUE,TRUE,7,FALSE,TRUE,TRUE,Others,Politics,MP,,,Lok Sabha Election (GE)
Uttar_Pradesh,17,36,2019,4,0,4,2,DINESH PRATAP SINGH,M,BJP,367740,GEN,958556,1702248,RAE BARELI,GEN,AVADH,15,56.31,38.36,no,357488,37.29,2.17,GEUP2024337,National Party,1605,TRUE,1,,,,,,0,FALSE,FALSE,FALSE,Graduate,Business,,Politics,MLA,Lok Sabha Election (GE)
Uttar_Pradesh,17,36,2019,4,0,4,3,NOTA,,NOTA,10252,,958556,1702248,RAE BARELI,GEN,AVADH,15,56.31,1.07,,793,0.08,2.17,,NOTA,5897,TRUE,,,,,,,,,,,,,,,,Lok Sabha Election (GE)
Uttar_Pradesh,17,36,2019,4,0,4,4,ASHOK PRATAP MAURYA,M,AABHAP,9459,GEN,958556,1702248,RAE BARELI,GEN,AVADH,15,56.31,0.99,yes,1401,0.15,2.17,GEUP2024280,Local Party,11,TRUE,1,,,,,,0,FALSE,FALSE,FALSE,Post Graduate,Liberal Profession or Professional,Lawyer,Agriculture,,Lok Sabha Election (GE)
Uttar_Pradesh,17,36,2019,4,0,4,5,SURENDRA BAHADUR SINGH,M,IND,8058,,958556,1702248,RAE BARELI,GEN,AVADH,15,56.31,0.84,yes,4599,0.48,2.17,GEUP41672,Independents,10809,TRUE,3,SP,7425,RAE BARELI,TRUE,FALSE,0,FALSE,FALSE,FALSE,Post Graduate,Agriculture,,,,Lok Sabha Election (GE)
Uttar_Pradesh,17,36,2019,4,0,4,6,PRAMOD KUREEL,M,IND,3459,GEN,958556,1702248,RAE BARELI,GEN,AVADH,15,56.31,0.36,yes,126,0.01,2.17,GEUP15924,Independents,10809,TRUE,2,IND,10809,RAE BARELI,TRUE,TRUE,0,FALSE,FALSE,TRUE,Post Graduate,Politics,Ex MP,,,Lok Sabha Election (GE)
Uttar_Pradesh,17,36,2019,4,0,4,7,SARTAJ KHAN,M,IND,3333,,958556,1702248,RAE BARELI,GEN,AVADH,15,56.31,0.35,yes,37,0,2.17,GEUP179662,Independents,10809,TRUE,1,,,,,,0,FALSE,FALSE,FALSE,8th Pass,Business,,Agriculture,,Lok Sabha Election (GE)
Uttar_Pradesh,17,36,2019,4,0,4,8,HORI LAL,M,PGSP,3296,,958556,1702248,RAE BARELI,GEN,AVADH,15,56.31,0.34,yes,408,0.04,2.17,AEUP102282,Local Party,16357,TRUE,1,,,,,,0,FALSE,FALSE,FALSE,Graduate Professional,Agriculture,,,,Lok Sabha Election (GE)
Uttar_Pradesh,17,36,2019,4,0,4,9,PRAMENDRA KUMAR,M,IND,2888,,958556,1702248,RAE BARELI,GEN,AVADH,15,56.31,0.3,yes,74,0.01,2.17,GEUP179663,Independents,10809,TRUE,1,,,,,,0,FALSE,FALSE,FALSE,Post Graduate,Business,,Agriculture,,Lok Sabha Election (GE)
Uttar_Pradesh,17,36,2019,4,0,4,10,VIJAY BAHADUR SINGH,M,IND,2814,,958556,1702248,RAE BARELI,GEN,AVADH,15,56.31,0.29,yes,163,0.02,2.17,GEUP2024638,Independents,10809,TRUE,1,,,,,,0,FALSE,FALSE,FALSE,12th Pass,Business,,Agriculture,,Lok Sabha Election (GE)
Uttar_Pradesh,17,36,2019,4,0,4,11,KIRAN CHAUDHARY,F,BMUP,2651,GEN,958556,1702248,RAE BARELI,GEN,AVADH,15,56.31,0.28,yes,346,0.04,2.17,GEUP15930,Local Party,1074,TRUE,2,BMUP,1074,RAE BARELI,TRUE,TRUE,0,FALSE,FALSE,TRUE,Graduate,Other,Household,,,Lok Sabha Election (GE)
Uttar_Pradesh,17,36,2019,4,0,4,12,RAM SINGH YADAV,M,PSPL,2305,GEN,958556,1702248,RAE BARELI,GEN,AVADH,15,56.31,0.24,yes,186,0.02,2.17,GEUP2024525,Local Party,17283,TRUE,1,,,,,,0,FALSE,FALSE,FALSE,Graduate,Business,Agricultural Business,Agriculture,,Lok Sabha Election (GE)
Uttar_Pradesh,17,36,2019,4,0,4,13,RAMESHVAR LODHI,M,SDU,2119,GEN,958556,1702248,RAE BARELI,GEN,AVADH,15,56.31,0.22,yes,348,0.04,2.17,GEUP179664,Local Party,7293,TRUE,1,,,,,,0,FALSE,FALSE,FALSE,8th Pass,Agriculture,,,,Lok Sabha Election (GE)
Uttar_Pradesh,17,36,2019,4,0,4,14,SUNEEL KUMAR,M,PECP,1771,,958556,1702248,RAE BARELI,GEN,AVADH,15,56.31,0.18,yes,6,0,2.17,GEUP2024614,Local Party,5995,TRUE,1,,,,,,0,FALSE,FALSE,FALSE,Post Graduate,Business,,,,Lok Sabha Election (GE)
Uttar_Pradesh,17,36,2019,4,0,4,15,NAIMISH PRATAP NARAYAN SINGH,M,IND,1765,,958556,1702248,RAE BARELI,GEN,AVADH,15,56.31,0.18,yes,37,0,2.17,GEUP179665,Independents,10809,TRUE,1,,,,,,0,FALSE,FALSE,FALSE,Graduate,Liberal Profession or Professional,Journalist or Editor,Agriculture,,Lok Sabha Election (GE)
Uttar_Pradesh,17,36,2019,4,0,4,16,RAM NARAYAN,M,VPI,1728,,958556,1702248,RAE BARELI,GEN,AVADH,15,56.31,0.18,yes,0,0,2.17,GEUP2024519,Local Party,8516,TRUE,1,,,,,,0,FALSE,FALSE,FALSE,Graduate,Agriculture,,,,Lok Sabha Election (GE)
Uttar_Pradesh,17,37,2019,4,0,4,1,Smriti Irani,F,BJP,468514,GEN,942453,1743515,AMETHI,GEN,AVADH,27,54.05,49.71,no,55120,5.85,2.27,GEDL74461,National Party,1605,TRUE,3,BJP,1605,AMETHI,TRUE,TRUE,1,FALSE,FALSE,TRUE,12th Pass,Politics,,,,Lok Sabha Election (GE)
Uttar_Pradesh,17,37,2019,4,0,4,2,Rahul Gandhi,M,INC,413394,GEN,942453,1743515,AMETHI,GEN,AVADH,27,54.05,43.86,no,405578,43.03,2.27,GEUP77584,National Party,3482,TRUE,4,INC,3482,AMETHI,TRUE,TRUE,3,FALSE,TRUE,TRUE,Post Graduate,Politics,MP,,,Lok Sabha Election (GE)
Uttar_Pradesh,17,37,2019,4,0,4,3,Dhurv lal,M,IND,7816,,942453,1743515,AMETHI,GEN,AVADH,27,54.05,0.83,yes,1633,0.17,2.27,GEUP179666,Independents,10809,TRUE,1,,,,,,0,FALSE,FALSE,FALSE,8th Pass,Agriculture,,,,Lok Sabha Election (GE)
Uttar_Pradesh,17,37,2019,4,0,4,4,Afajal Varis,M,BMUP,6183,GEN,942453,1743515,AMETHI,GEN,AVADH,27,54.05,0.66,yes,567,0.06,2.27,GEUP2024243,Local Party,1074,TRUE,1,,,,,,0,FALSE,FALSE,FALSE,8th Pass,Labourer or Daily Wage,,Agriculture,,Lok Sabha Election (GE)
Uttar_Pradesh,17,37,2019,4,0,4,5,Ram Sajiwan,M,IND,5616,SC,942453,1743515,AMETHI,GEN,AVADH,27,54.05,0.6,yes,1315,0.14,2.27,GEUP12269,Independents,10809,TRUE,2,IND,10809,AMETHI,TRUE,TRUE,0,FALSE,FALSE,TRUE,10th Pass,Other,,,,Lok Sabha Election (GE)
Uttar_Pradesh,17,37,2019,4,0,4,6,Dinesh Kumar,M,IND,4301,,942453,1743515,AMETHI,GEN,AVADH,27,54.05,0.46,yes,361,0.04,2.27,GEUP2024334,Independents,10809,TRUE,1,,,,,,0,FALSE,FALSE,FALSE,,,,,,Lok Sabha Election (GE)
Uttar_Pradesh,17,37,2019,4,0,4,7,NOTA,,NOTA,3940,,942453,1743515,AMETHI,GEN,AVADH,27,54.05,0.42,,80,0.01,2.27,,NOTA,5897,TRUE,,,,,,,,,,,,,,,,Lok Sabha Election (GE)
Uttar_Pradesh,17,37,2019,4,0,4,8,Bhagwandeen,M,IND,3860,,942453,1743515,AMETHI,GEN,AVADH,27,54.05,0.41,yes,683,0.07,2.27,AEUP104143,Independents,10809,TRUE,1,,,,,,0,FALSE,FALSE,FALSE,8th Pass,Agriculture,,,,Lok Sabha Election (GE)
Uttar_Pradesh,17,37,2019,4,0,4,9,Gopal Prasad,M,IND,3177,,942453,1743515,AMETHI,GEN,AVADH,27,54.05,0.34,yes,122,0.01,2.27,GEUP179667,Independents,10809,TRUE,1,,,,,,0,FALSE,FALSE,FALSE,12th Pass,Business,Private Company,,,Lok Sabha Election (GE)
Uttar_Pradesh,17,37,2019,4,0,4,10,Ram Sidh Yadav,M,MwSP,3055,GEN,942453,1743515,AMETHI,GEN,AVADH,27,54.05,0.32,yes,737,0.08,2.27,GEUP12253,Local Party,5325,TRUE,2,MwSP,5325,AMETHI,TRUE,TRUE,0,FALSE,FALSE,TRUE,Graduate,Retired or Pension,,,,Lok Sabha Election (GE)
Uttar_Pradesh,17,37,2019,4,0,4,11,Lal Babu,M,IND,2318,,942453,1743515,AMETHI,GEN,AVADH,27,54.05,0.25,yes,233,0.02,2.27,GEUP179668,Independents,10809,TRUE,1,,,,,,0,FALSE,FALSE,FALSE,Illiterate,Agriculture,,,,Lok Sabha Election (GE)
Uttar_Pradesh,17,37,2019,4,0,4,12,Harun Rasheed,M,IND,2085,,942453,1743515,AMETHI,GEN,AVADH,27,54.05,0.22,yes,137,0.01,2.27,GEUP2024363,Independents,10809,TRUE,1,,,,,,0,FALSE,FALSE,FALSE,Graduate,Business,Petrol Pumps,,,Lok Sabha Election (GE)
Uttar_Pradesh,17,37,2019,4,0,4,13,SHIV Nandan Singh,M,BSKRP,1948,GEN,942453,1743515,AMETHI,GEN,AVADH,27,54.05,0.21,yes,219,0.02,2.27,GEUP179669,Local Party,1832,TRUE,1,,,,,,0,FALSE,FALSE,FALSE,Graduate,Business,Agricultural Business,,,Lok Sabha Election (GE)
Uttar_Pradesh,17,37,2019,4,0,4,14,Prem Shankar,M,MADP,1729,,942453,1743515,AMETHI,GEN,AVADH,27,54.05,0.18,yes,13,0,2.27,GEUP2024492,Local Party,11563,TRUE,1,,,,,,0,FALSE,FALSE,FALSE,10th Pass,Labourer or Daily Wage,,,,Lok Sabha Election (GE)
Uttar_Pradesh,17,37,2019,4,0,4,15,Shatrunjai Pratap Singh,M,LOGAP,1716,,942453,1743515,AMETHI,GEN,AVADH,27,54.05,0.18,yes,136,0.01,2.27,GEUP179670,Local Party,5013,TRUE,1,,,,,,0,FALSE,FALSE,FALSE,Graduate Professional,Agriculture,,Education,School Teacher,Lok Sabha Election (GE)
Uttar_Pradesh,17,37,2019,4,0,4,16,Hemant Kumar,M,IND,1580,,942453,1743515,AMETHI,GEN,AVADH,27,54.05,0.17,yes,6,0,2.27,GEUP2024365,Independents,10809,TRUE,1,,,,,,0,FALSE,FALSE,FALSE,Post Graduate,Liberal Profession or Professional,Lawyer,,,Lok Sabha Election (GE)
Uttar_Pradesh,17,37,2019,4,0,4,17,Gopal Swaroop Gandhi,M,KMBS,1574,GEN,942453,1743515,AMETHI,GEN,AVADH,27,54.05,0.17,yes,350,0.04,2.27,GEUP12259,Local Party,4853,TRUE,2,KMBS,4853,AMETHI,TRUE,TRUE,0,FALSE,FALSE,TRUE,Post Graduate,Other,,,,Lok Sabha Election (GE)
Uttar_Pradesh,17,37,2019,4,0,4,18,Mo. Hasan Lahari,M,IND,1224,,942453,1743515,AMETHI,GEN,AVADH,27,54.05,0.13,yes,80,0.01,2.27,GEUP2024441,Independents,10809,TRUE,1,,,,,,0,FALSE,FALSE,FALSE,,,,,,Lok Sabha Election (GE)
Uttar_Pradesh,17,37,2019,4,0,4,19,Ram Milan,M,RsAD,1144,,942453,1743515,AMETHI,GEN,AVADH,27,54.05,0.12,yes,87,0.01,2.27,GEUP179671,Local Party,6418,TRUE,1,,,,,,0,FALSE,FALSE,FALSE,12th Pass,Liberal Profession or Professional,Lawyer,Salaried Work or Employed,Accountant,Lok Sabha Election (GE)
Uttar_Pradesh,17,37,2019,4,0,4,20,Pankaj Ramkumar Sing,M,ARK,1057,,942453,1743515,AMETHI,GEN,AVADH,27,54.05,0.11,yes,18,0,2.27,GEUP2024472,Local Party,142,TRUE,1,,,,,,0,FALSE,FALSE,FALSE,10th Pass,Business,,,,Lok Sabha Election (GE)
Uttar_Pradesh,17,37,2019,4,0,4,21,Vipin Yadav,M,IND,1039,SC,942453,1743515,AMETHI,GEN,AVADH,27,54.05,0.11,yes,51,0.01,2.27,GEUP179672,Independents,10809,TRUE,1,,,,,,0,FALSE,FALSE,FALSE,Graduate,Other,,,,Lok Sabha Election (GE)
Uttar_Pradesh,17,37,2019,4,0,4,22,Bas Deo Maurya,M,CPIM,988,GEN,942453,1743515,AMETHI,GEN,AVADH,27,54.05,0.1,yes,30,0,2.27,GEUP2024291,Local Party,2560,TRUE,1,,,,,,0,FALSE,FALSE,FALSE,Graduate Professional,Liberal Profession or Professional,Lawyer,Agriculture,,Lok Sabha Election (GE)
Uttar_Pradesh,17,37,2019,4,0,4,23,Durgesh Singh,M,BHAPRAP,958,,942453,1743515,AMETHI,GEN,AVADH,27,54.05,0.1,yes,111,0.01,2.27,GEUP179673,Local Party,18101,TRUE,1,,,,,,0,FALSE,FALSE,FALSE,Graduate,Business,Real Estate or Builder or Developer or Construction,,,Lok Sabha Election (GE)
Uttar_Pradesh,17,37,2019,4,0,4,24,Nathu Ram,M,JPS,847,GEN,942453,1743515,AMETHI,GEN,AVADH,27,54.05,0.09,yes,68,0.01,2.27,GEUP2024462,Local Party,4612,TRUE,1,,,,,,0,FALSE,FALSE,FALSE,12th Pass,Agriculture,,,,Lok Sabha Election (GE)
Uttar_Pradesh,17,37,2019,4,0,4,25,Suresh Kumar Shukla,M,IND,779,GEN,942453,1743515,AMETHI,GEN,AVADH,27,54.05,0.08,yes,210,0.02,2.27,GEUP179674,Independents,10809,TRUE,1,,,,,,0,FALSE,FALSE,FALSE,12th Pass,Small Business or Self-employed,,,,Lok Sabha Election (GE)
Uttar_Pradesh,17,37,2019,4,0,4,26,Saritha S. Nair,F,IND,569,,942453,1743515,AMETHI,GEN,AVADH,27,54.05,0.06,yes,22,0,2.27,GEUP2024569,Independents,10809,TRUE,1,,,,,,0,FALSE,FALSE,FALSE,Others,Business,,Salaried Work or Employed,Qualified Professional,Lok Sabha Election (GE)
Uttar_Pradesh,17,37,2019,4,0,4,27,Dr. U.P. Shivananda,M,IND,547,,942453,1743515,AMETHI,GEN,AVADH,27,54.05,0.06,yes,52,0.01,2.27,GEUP179675,Independents,10809,TRUE,1,,,,,,0,FALSE,FALSE,FALSE,Graduate Professional,Liberal Profession or Professional,Journalist or Editor,,,Lok Sabha Election (GE)
Uttar_Pradesh,17,37,2019,4,0,4,28,Shiv Kumar,M,IND,495,,942453,1743515,AMETHI,GEN,AVADH,27,54.05,0.05,yes,0,0,2.27,GEUP2024588,Independents,10809,TRUE,1,,,,,,0,FALSE,FALSE,FALSE,8th Pass,Other,,,,Lok Sabha Election (GE)
Uttar_Pradesh,17,38,2019,4,0,4,1,MANEKA SANJAI GANDHI,F,BJP,459196,GEN,1000316,1775196,SULTANPUR,GEN,AVADH,15,56.35,45.91,no,14526,1.45,2.44,GEUP33488,National Party,1605,TRUE,10,BJP,1605,PILIBHIT,FALSE,TRUE,8,FALSE,TRUE,TRUE,12th Pass,Business,Rent,Politics,Minister,Lok Sabha Election (GE)
Uttar_Pradesh,17,38,2019,4,0,4,2,CHANDRA BHADRA SINGH (SSONU),M,BSP,444670,GEN,1000316,1775196,SULTANPUR,GEN,AVADH,15,56.35,44.45,no,402989,40.29,2.44,GEUP2024308,State-based Party,16651,TRUE,1,,,,,,0,FALSE,FALSE,FALSE,Post Graduate,Business,,,,Lok Sabha Election (GE)
Uttar_Pradesh,17,38,2019,4,0,4,3,Dr. SANJAY SINH,M,INC,41681,GEN,1000316,1775196,SULTANPUR,GEN,AVADH,15,56.35,4.17,yes,30187,3.02,2.44,GEUP67448,National Party,3482,TRUE,4,INC,3482,SULTANPUR,TRUE,TRUE,2,FALSE,FALSE,FALSE,Doctorate,Business,Rent,Politics,MP,Lok Sabha Election (GE)
Uttar_Pradesh,17,38,2019,4,0,4,4,KAMLA DEVI,F,PSPL,11494,GEN,1000316,1775196,SULTANPUR,GEN,AVADH,15,56.35,1.15,yes,1723,0.17,2.44,GEUP2024388,Local Party,17283,TRUE,1,,,,,,0,FALSE,FALSE,FALSE,12th Pass,Retired or Pension,,Salaried Work or Employed,Insurance Agent,Lok Sabha Election (GE)
Uttar_Pradesh,17,38,2019,4,0,4,5,NOTA,,NOTA,9771,,1000316,1775196,SULTANPUR,GEN,AVADH,15,56.35,0.98,,2603,0.26,2.44,,NOTA,5897,TRUE,,,,,,,,,,,,,,,,Lok Sabha Election (GE)
Uttar_Pradesh,17,38,2019,4,0,4,6,VIRENDRA,M,IND,7168,,1000316,1775196,SULTANPUR,GEN,AVADH,15,56.35,0.72,yes,1412,0.14,2.44,GEUP2024647,Independents,10809,TRUE,1,,,,,,0,FALSE,FALSE,FALSE,Literate,Agricultural Labour,,,,Lok Sabha Election (GE)
Uttar_Pradesh,17,38,2019,4,0,4,7,RAJ KUMAR,M,IND,5756,,1000316,1775196,SULTANPUR,GEN,AVADH,15,56.35,0.58,yes,1485,0.15,2.44,GEUP179676,Independents,10809,TRUE,1,,,,,,0,FALSE,FALSE,FALSE,,,,,,Lok Sabha Election (GE)
Uttar_Pradesh,17,38,2019,4,0,4,8,SUNITA RAJBHAR,F,SBSP,4271,,1000316,1775196,SULTANPUR,GEN,AVADH,15,56.35,0.43,yes,1006,0.1,2.44,GEUP2024619,Local Party,18721,TRUE,1,,,,,,0,FALSE,FALSE,FALSE,5th Pass,Other,Household,,,Lok Sabha Election (GE)
Uttar_Pradesh,17,38,2019,4,0,4,9,HARI LAL,M,RaIP,3265,SC,1000316,1775196,SULTANPUR,GEN,AVADH,15,56.35,0.33,yes,838,0.08,2.44,GEUP13536,Local Party,6892,TRUE,2,RaIP,6892,VARANASI,FALSE,TRUE,0,FALSE,FALSE,TRUE,10th Pass,Labourer or Daily Wage,,,,Lok Sabha Election (GE)
Uttar_Pradesh,17,38,2019,4,0,4,10,RISHABH SHRIVASTAVA,M,BHHF,2427,,1000316,1775196,SULTANPUR,GEN,AVADH,15,56.35,0.24,yes,201,0.02,2.44,GEUP2024545,Local Party,24422,TRUE,1,,,,,,0,FALSE,FALSE,FALSE,Graduate,Liberal Profession or Professional,Journalist or Editor,,,Lok Sabha Election (GE)
Uttar_Pradesh,17,38,2019,4,0,4,11,MATHURA,M,IND,2226,,1000316,1775196,SULTANPUR,GEN,AVADH,15,56.35,0.22,yes,78,0.01,2.44,GEUP179677,Independents,10809,TRUE,1,,,,,,0,FALSE,FALSE,FALSE,12th Pass,Agriculture,,,,Lok Sabha Election (GE)
Uttar_Pradesh,17,38,2019,4,0,4,12,MANJU LATA PAL,F,AJPI,2148,,1000316,1775196,SULTANPUR,GEN,AVADH,15,56.35,0.21,yes,320,0.03,2.44,GEUP2024428,Local Party,17584,TRUE,1,,,,,,0,FALSE,FALSE,FALSE,10th Pass,Social Work,,,,Lok Sabha Election (GE)
Uttar_Pradesh,17,38,2019,4,0,4,13,AKHILESH,M,IND,1828,,1000316,1775196,SULTANPUR,GEN,AVADH,15,56.35,0.18,yes,236,0.02,2.44,GEUP179678,Independents,10809,TRUE,1,,,,,,0,FALSE,FALSE,FALSE,Graduate,Salaried Work or Employed,,,,Lok Sabha Election (GE)
Uttar_Pradesh,17,38,2019,4,0,4,14,FIROJ AHAMAD,M,KBD,1592,,1000316,1775196,SULTANPUR,GEN,AVADH,15,56.35,0.16,yes,15,0,2.44,GEUP2024349,Local Party,24442,TRUE,1,,,,,,0,FALSE,FALSE,FALSE,8th Pass,Unemployed,,,,Lok Sabha Election (GE)
Uttar_Pradesh,17,38,2019,4,0,4,15,ABU UMAIMA,M,IND,1577,,1000316,1775196,SULTANPUR,GEN,AVADH,15,56.35,0.16,yes,331,0.03,2.44,GEUP179679,Independents,10809,TRUE,1,,,,,,0,FALSE,FALSE,FALSE,Graduate Professional,Liberal Profession or Professional,Doctor,,,Lok Sabha Election (GE)
Uttar_Pradesh,17,38,2019,4,0,4,16,NASIR ALI,M,BHAPRAP,1246,,1000316,1775196,SULTANPUR,GEN,AVADH,15,56.35,0.12,yes,0,0,2.44,GEUP2024461,Local Party,18101,TRUE,1,,,,,,0,FALSE,FALSE,FALSE,12th Pass,Business,,Agriculture,,Lok Sabha Election (GE)
Uttar_Pradesh,17,39,2019,4,0,4,1,SANGAM LAL GUPTA,M,BJP,436291,GEN,914665,1708759,PRATAPGARH,GEN,AVADH,8,53.53,47.7,no,117752,12.87,2.78,AEUP104885,National Party,1605,TRUE,1,,,,,,1,FALSE,FALSE,FALSE,8th Pass,Business,,Politics,MLA,Lok Sabha Election (GE)
Uttar_Pradesh,17,39,2019,4,0,4,2,ASHOK TRIPATHI,M,BSP,318539,GEN,914665,1708759,PRATAPGARH,GEN,AVADH,8,53.53,34.83,no,241443,26.4,2.78,AEUP104887,State-based Party,16651,TRUE,1,,,,,,0,FALSE,FALSE,FALSE,Graduate,Business,,,,Lok Sabha Election (GE)
Uttar_Pradesh,17,39,2019,4,0,4,3,RAJKUMARI RATNA SINGH,F,INC,77096,GEN,914665,1708759,PRATAPGARH,GEN,AVADH,8,53.53,8.43,yes,30133,3.29,2.78,GEUP60872,National Party,3482,TRUE,7,INC,3482,PRATAPGARH,TRUE,TRUE,3,FALSE,FALSE,TRUE,Graduate,Retired or Pension,,Agriculture,,Lok Sabha Election (GE)
Uttar_Pradesh,17,39,2019,4,0,4,4,AKSHAY PRATAP SINGH ALIAS GOPAL JI,M,JDL,46963,GEN,914665,1708759,PRATAPGARH,GEN,AVADH,8,53.53,5.13,yes,34804,3.81,2.78,GEUP77570,Local Party,24443,TRUE,2,SP,7425,PRATAPGARH,TRUE,FALSE,1,TRUE,FALSE,FALSE,8th Pass,Business,,Agriculture,,Lok Sabha Election (GE)
Uttar_Pradesh,17,39,2019,4,0,4,5,NOTA,,NOTA,12159,,914665,1708759,PRATAPGARH,GEN,AVADH,8,53.53,1.33,,4207,0.46,2.78,,NOTA,5897,TRUE,,,,,,,,,,,,,,,,Lok Sabha Election (GE)
Uttar_Pradesh,17,39,2019,4,0,4,6,DR. B. L. VERMA,M,IND,7952,,914665,1708759,PRATAPGARH,GEN,AVADH,8,53.53,0.87,yes,2374,0.26,2.78,GEUP2024341,Independents,10809,TRUE,1,,,,,,0,FALSE,FALSE,FALSE,Graduate Professional,Liberal Profession or Professional,Doctor,,,Lok Sabha Election (GE)
Uttar_Pradesh,17,39,2019,4,0,4,7,RAM BAHADUR SHARMA,M,MADP,5578,,914665,1708759,PRATAPGARH,GEN,AVADH,8,53.53,0.61,yes,19,0,2.78,GEUP179681,Local Party,11563,TRUE,1,,,,,,0,FALSE,FALSE,FALSE,Post Graduate,Retired or Pension,,Agriculture,,Lok Sabha Election (GE)
Uttar_Pradesh,17,39,2019,4,0,4,8,M. IRSHAD,M,SABHP,5559,,914665,1708759,PRATAPGARH,GEN,AVADH,8,53.53,0.61,yes,1031,0.11,2.78,GEUP2024410,Local Party,7712,TRUE,1,,,,,,0,FALSE,FALSE,FALSE,,,,,,Lok Sabha Election (GE)
Uttar_Pradesh,17,39,2019,4,0,4,9,SHESHNATH TIWARI,M,SUCI(C),4528,,914665,1708759,PRATAPGARH,GEN,AVADH,8,53.53,0.5,yes,0,0,2.78,GEUP179682,State-based Party (Other State),8082,TRUE,1,,,,,,0,FALSE,FALSE,FALSE,5th Pass,Agriculture,,,,Lok Sabha Election (GE)
Uttar_Pradesh,17,40,2019,4,0,4,1,Mukesh Rajput,M,BJP,569880,GEN,1002953,1708585,FARRUKHABAD,GEN,DOAB,9,58.7,56.82,no,221702,22.1,2.27,GEUP78162,National Party,1605,TRUE,3,BJP,1605,FARRUKHABAD,TRUE,TRUE,2,FALSE,TRUE,TRUE,Graduate,Agriculture,,,,Lok Sabha Election (GE)
Uttar_Pradesh,17,40,2019,4,0,4,2,Manoj Agarwal,M,BSP,348178,GEN,1002953,1708585,FARRUKHABAD,GEN,DOAB,9,58.7,34.72,no,292920,29.21,2.27,AEUP102442,State-based Party,16651,TRUE,1,,,,,,0,FALSE,FALSE,FALSE,Graduate,Business,,,,Lok Sabha Election (GE)
Uttar_Pradesh,17,40,2019,4,0,4,3,Salman Khurshid,M,INC,55258,GEN,1002953,1708585,FARRUKHABAD,GEN,DOAB,9,58.7,5.51,yes,45557,4.54,2.27,GEUP41160,National Party,3482,TRUE,7,INC,3482,FARRUKHABAD,TRUE,TRUE,2,FALSE,FALSE,TRUE,Post Graduate,Liberal Profession or Professional,Lawyer,Social Work,,Lok Sabha Election (GE)
Uttar_Pradesh,17,40,2019,4,0,4,4,Uday pal Singh,M,PSPL,9701,GEN,1002953,1708585,FARRUKHABAD,GEN,DOAB,9,58.7,0.97,yes,2264,0.23,2.27,GEUP179684,Local Party,17283,TRUE,1,,,,,,0,FALSE,FALSE,FALSE,Graduate,Agriculture,,,,Lok Sabha Election (GE)
Uttar_Pradesh,17,40,2019,4,0,4,5,NOTA,,NOTA,7437,,1002953,1708585,FARRUKHABAD,GEN,DOAB,9,58.7,0.74,,3474,0.35,2.27,,NOTA,5897,TRUE,,,,,,,,,,,,,,,,Lok Sabha Election (GE)
Uttar_Pradesh,17,40,2019,4,0,4,6,Sanjay Kumar,M,IND,3963,,1002953,1708585,FARRUKHABAD,GEN,DOAB,9,58.7,0.4,yes,301,0.03,2.27,GEUP179685,Independents,10809,TRUE,1,,,,,,0,FALSE,FALSE,FALSE,10th Pass,Business,,,,Lok Sabha Election (GE)
Uttar_Pradesh,17,40,2019,4,0,4,7,Rahul Kumar,M,IND,3662,,1002953,1708585,FARRUKHABAD,GEN,DOAB,9,58.7,0.37,yes,1769,0.18,2.27,GEUP2024504,Independents,10809,TRUE,1,,,,,,0,FALSE,FALSE,FALSE,Post Graduate,Small Business or Self-employed,Shop Keeper,,,Lok Sabha Election (GE)
Uttar_Pradesh,17,40,2019,4,0,4,8,Luxman,M,SHS,1893,,1002953,1708585,FARRUKHABAD,GEN,DOAB,9,58.7,0.19,yes,224,0.02,2.27,GEUP179686,State-based Party (Other State),18691,TRUE,1,,,,,,0,FALSE,FALSE,FALSE,Graduate Professional,Business,,Agriculture,,Lok Sabha Election (GE)
Uttar_Pradesh,17,40,2019,4,0,4,9,Shri Krishna,M,MDKMGPH,1669,,1002953,1708585,FARRUKHABAD,GEN,DOAB,9,58.7,0.17,yes,357,0.04,2.27,GEUP2024599,Local Party,24444,TRUE,1,,,,,,0,FALSE,FALSE,FALSE,12th Pass,Business,Private Company,,,Lok Sabha Election (GE)
Uttar_Pradesh,17,40,2019,4,0,4,10,Vipin Kumar Mishra,M,BSCP,1312,GEN,1002953,1708585,FARRUKHABAD,GEN,DOAB,9,58.7,0.13,yes,0,0,2.27,GEUP179687,Local Party,2047,TRUE,1,,,,,,0,FALSE,FALSE,FALSE,12th Pass,Small Business or Self-employed,Self-employed,,,Lok Sabha Election (GE)
Uttar_Pradesh,17,41,2019,4,0,4,1,Dr RAM SHANKAR KATHERIA,M,BJP,522119,SC,1027815,1757984,ETAWAH,SC,DOAB,13,58.47,50.8,no,64437,6.27,2.17,GEUP11688,National Party,1605,TRUE,3,BJP,1605,AGRA,FALSE,TRUE,3,FALSE,TRUE,TRUE,Doctorate,Education,Principal or Administrator,,,Lok Sabha Election (GE)
Uttar_Pradesh,17,41,2019,4,0,4,2,KAMLESH KUMAR,M,SP,457682,SC,1027815,1757984,ETAWAH,SC,DOAB,13,58.47,44.53,no,441112,42.92,2.17,GEUP179688,State-based Party,7425,TRUE,1,,,,,,0,FALSE,FALSE,FALSE,Graduate,Agriculture,,,,Lok Sabha Election (GE)
Uttar_Pradesh,17,41,2019,4,0,4,3,ASHOK KUMAR DOHARE,M,INC,16570,SC,1027815,1757984,ETAWAH,SC,DOAB,13,58.47,1.61,yes,7895,0.77,2.17,AEUP122849,National Party,3482,TRUE,2,BJP,1605,ETAWAH,TRUE,FALSE,1,TRUE,TRUE,TRUE,Graduate,Politics,MP,Agriculture,,Lok Sabha Election (GE)
Uttar_Pradesh,17,41,2019,4,0,4,4,SHAMBHU DAYAL DOHARE,M,PSPL,8675,SC,1027815,1757984,ETAWAH,SC,DOAB,13,58.47,0.84,yes,3065,0.3,2.17,GEUP179689,Local Party,17283,TRUE,1,,,,,,0,FALSE,FALSE,FALSE,Graduate,Former Government,Ex Govt Employee,,,Lok Sabha Election (GE)
Uttar_Pradesh,17,41,2019,4,0,4,5,NOTA,,NOTA,5610,,1027815,1757984,ETAWAH,SC,DOAB,13,58.47,0.55,,1537,0.15,2.17,,NOTA,5897,TRUE,,,,,,,,,,,,,,,,Lok Sabha Election (GE)
Uttar_Pradesh,17,41,2019,4,0,4,6,AKSHASH KRISHNA,M,PHSP,4073,SC,1027815,1757984,ETAWAH,SC,DOAB,13,58.47,0.4,yes,1215,0.12,2.17,GEUP179690,Local Party,11887,TRUE,1,,,,,,0,FALSE,FALSE,FALSE,Graduate,Business,,Social Work,,Lok Sabha Election (GE)
Uttar_Pradesh,17,41,2019,4,0,4,7,SANJAY KUMAR,M,IND,2858,SC,1027815,1757984,ETAWAH,SC,DOAB,13,58.47,0.28,yes,350,0.03,2.17,GEUP2024560,Independents,10809,TRUE,1,,,,,,0,FALSE,FALSE,FALSE,Graduate Professional,Agriculture,,,,Lok Sabha Election (GE)
Uttar_Pradesh,17,41,2019,4,0,4,8,POOJA,F,IND,2508,SC,1027815,1757984,ETAWAH,SC,DOAB,13,58.47,0.24,yes,396,0.04,2.17,GEUP179691,Independents,10809,TRUE,1,,,,,,0,FALSE,FALSE,FALSE,Graduate,Politics,Panchayat Member,Social Work,,Lok Sabha Election (GE)
Uttar_Pradesh,17,41,2019,4,0,4,9,DALVEER SINGH,M,IND,2112,SC,1027815,1757984,ETAWAH,SC,DOAB,13,58.47,0.21,yes,619,0.06,2.17,GEUP2024319,Independents,10809,TRUE,1,,,,,,0,FALSE,FALSE,FALSE,Graduate,Student,,,,Lok Sabha Election (GE)
Uttar_Pradesh,17,41,2019,4,0,4,10,ARTI DEVI,F,MSJP,1493,SC,1027815,1757984,ETAWAH,SC,DOAB,13,58.47,0.15,yes,227,0.02,2.17,GEUP179692,Local Party,24420,TRUE,1,,,,,,0,FALSE,FALSE,FALSE,12th Pass,Other,Household,,,Lok Sabha Election (GE)
Uttar_Pradesh,17,41,2019,4,0,4,11,LALTA PRASAD,M,VPI,1266,SC,1027815,1757984,ETAWAH,SC,DOAB,13,58.47,0.12,yes,112,0.01,2.17,GEUP2024406,Local Party,8516,TRUE,1,,,,,,0,FALSE,FALSE,FALSE,5th Pass,Labourer or Daily Wage,,Agriculture,,Lok Sabha Election (GE)
Uttar_Pradesh,17,41,2019,4,0,4,12,SITA,F,BSCP,1154,SC,1027815,1757984,ETAWAH,SC,DOAB,13,58.47,0.11,yes,299,0.03,2.17,GEUP179693,Local Party,2047,TRUE,1,,,,,,0,FALSE,FALSE,FALSE,,,,,,Lok Sabha Election (GE)
Uttar_Pradesh,17,41,2019,4,0,4,13,AJAY KUMAR,M,BJNP,855,SC,1027815,1757984,ETAWAH,SC,DOAB,13,58.47,0.08,yes,15,0,2.17,GEUP2024245,Local Party,24944,TRUE,1,,,,,,0,FALSE,FALSE,FALSE,Post Graduate,Agriculture,,,,Lok Sabha Election (GE)
Uttar_Pradesh,17,41,2019,4,0,4,14,ARUN KUMAR,M,JNSMP,840,SC,1027815,1757984,ETAWAH,SC,DOAB,13,58.47,0.08,yes,0,0,2.17,GEUP179694,Local Party,4148,TRUE,1,,,,,,0,FALSE,FALSE,FALSE,,,,,,Lok Sabha Election (GE)
Uttar_Pradesh,17,42,2019,4,0,4,1,SUBRAT PATHAK,M,BJP,563087,GEN,1140496,1874824,KANNAUJ,GEN,DOAB,10,60.83,49.37,no,12353,1.08,2.13,GEUP12417,National Party,1605,TRUE,3,BJP,1605,KANNAUJ,TRUE,TRUE,1,FALSE,FALSE,TRUE,Graduate,Business,,,,Lok Sabha Election (GE)
Uttar_Pradesh,17,42,2019,4,0,4,2,DIMPLE YADAV,F,SP,550734,GEN,1140496,1874824,KANNAUJ,GEN,DOAB,10,60.83,48.29,no,542569,47.57,2.13,GEUP12412,State-based Party,7425,TRUE,3,SP,7425,KANNAUJ,TRUE,TRUE,2,FALSE,TRUE,TRUE,Graduate,Other,Household,,,Lok Sabha Election (GE)
Uttar_Pradesh,17,42,2019,4,0,4,3,NOTA,,NOTA,8165,,1140496,1874824,KANNAUJ,GEN,DOAB,10,60.83,0.72,,3243,0.28,2.13,,NOTA,5897,TRUE,,,,,,,,,,,,,,,,Lok Sabha Election (GE)
Uttar_Pradesh,17,42,2019,4,0,4,4,ANAND VIKRAM SINGH,M,SHS,4922,,1140496,1874824,KANNAUJ,GEN,DOAB,10,60.83,0.43,yes,779,0.07,2.13,GEUP179695,State-based Party (Other State),18691,TRUE,1,,,,,,0,FALSE,FALSE,FALSE,Graduate,Salaried Work or Employed,Managerial Position,,,Lok Sabha Election (GE)
Uttar_Pradesh,17,42,2019,4,0,4,5,SUNIL BHARTI,M,IND,4143,,1140496,1874824,KANNAUJ,GEN,DOAB,10,60.83,0.36,yes,260,0.02,2.13,GEUP2024615,Independents,10809,TRUE,1,,,,,,0,FALSE,FALSE,FALSE,,,,,,Lok Sabha Election (GE)
Uttar_Pradesh,17,42,2019,4,0,4,6,PRATYUSH PATHAK,M,IND,3883,GEN,1140496,1874824,KANNAUJ,GEN,DOAB,10,60.83,0.34,yes,2546,0.22,2.13,GEUP179696,Independents,10809,TRUE,1,,,,,,0,FALSE,FALSE,FALSE,Graduate,Business,,,,Lok Sabha Election (GE)
Uttar_Pradesh,17,42,2019,4,0,4,7,SUBHASH CHANDRA DOHRE,M,AIFB,1337,,1140496,1874824,KANNAUJ,GEN,DOAB,10,60.83,0.12,yes,134,0.01,2.13,GEUP2024611,State-based Party (Other State),3040,TRUE,1,,,,,,0,FALSE,FALSE,FALSE,12th Pass,Salaried Work or Employed,Insurance Agent,Agriculture,,Lok Sabha Election (GE)
Uttar_Pradesh,17,42,2019,4,0,4,8,SANJEEV KUMAR,M,RSPS,1203,,1140496,1874824,KANNAUJ,GEN,DOAB,10,60.83,0.11,yes,40,0,2.13,GEUP179697,Local Party,6792,TRUE,1,,,,,,0,FALSE,FALSE,FALSE,Post Graduate,Agriculture,,,,Lok Sabha Election (GE)
Uttar_Pradesh,17,42,2019,4,0,4,9,ANKIT SINGH,M,IND,1163,,1140496,1874824,KANNAUJ,GEN,DOAB,10,60.83,0.1,yes,179,0.02,2.13,GEUP2024263,Independents,10809,TRUE,1,,,,,,0,FALSE,FALSE,FALSE,12th Pass,Agriculture,,,,Lok Sabha Election (GE)
Uttar_Pradesh,17,42,2019,4,0,4,10,RAMA DEVI,F,BaVaP,984,,1140496,1874824,KANNAUJ,GEN,DOAB,10,60.83,0.09,yes,109,0.01,2.13,GEUP179698,Local Party,1862,TRUE,1,,,,,,0,FALSE,FALSE,FALSE,10th Pass,Other,Household,,,Lok Sabha Election (GE)
Uttar_Pradesh,17,42,2019,4,0,4,11,SATYA RAM,M,RTKP,875,,1140496,1874824,KANNAUJ,GEN,DOAB,10,60.83,0.08,yes,0,0,2.13,GEUP2024574,Local Party,6626,TRUE,1,,,,,,0,FALSE,FALSE,FALSE,8th Pass,Business,Transport,Small Business or Self-employed,Workshop or Small Manufacturer,Lok Sabha Election (GE)
Uttar_Pradesh,17,43,2019,4,0,4,1,Satyadev Pachauri,M,BJP,468937,GEN,842994,1632983,KANPUR,GEN,DOAB,14,51.62,55.63,no,155934,18.5,2.22,AEUP104479,National Party,1605,TRUE,2,BJP,1605,KANPUR,TRUE,TRUE,1,FALSE,FALSE,FALSE,Post Graduate,Business,,,,Lok Sabha Election (GE)
Uttar_Pradesh,17,43,2019,4,0,4,2,Sriprakash Jaiswal,M,INC,313003,GEN,842994,1632983,KANPUR,GEN,DOAB,14,51.62,37.13,no,264728,31.4,2.22,GEUP67940,National Party,3482,TRUE,6,INC,3482,KANPUR,TRUE,TRUE,3,FALSE,FALSE,TRUE,12th Pass,Business,Rent,Retired or Pension,,Lok Sabha Election (GE)
Uttar_Pradesh,17,43,2019,4,0,4,3,Ram Kumar,M,SP,48275,GEN,842994,1632983,KANPUR,GEN,DOAB,14,51.62,5.73,yes,44218,5.25,2.22,GEUP179699,State-based Party,7425,TRUE,1,,,,,,0,FALSE,FALSE,FALSE,Post Graduate,Agriculture,,,,Lok Sabha Election (GE)
Uttar_Pradesh,17,43,2019,4,0,4,4,NOTA,,NOTA,4057,,842994,1632983,KANPUR,GEN,DOAB,14,51.62,0.48,,2172,0.26,2.22,,NOTA,5897,TRUE,,,,,,,,,,,,,,,,Lok Sabha Election (GE)
Uttar_Pradesh,17,43,2019,4,0,4,5,Alok Kumar,M,SABJANP,1885,,842994,1632983,KANPUR,GEN,DOAB,14,51.62,0.22,yes,755,0.09,2.22,GEUP179700,Local Party,24445,TRUE,1,,,,,,0,FALSE,FALSE,FALSE,Post Graduate,Liberal Profession or Professional,Journalist or Editor,,,Lok Sabha Election (GE)
Uttar_Pradesh,17,43,2019,4,0,4,6,Poonam Shukla,F,BSCP,1130,GEN,842994,1632983,KANPUR,GEN,DOAB,14,51.62,0.13,yes,52,0.01,2.22,GEUP2024484,Local Party,2047,TRUE,1,,,,,,0,FALSE,FALSE,FALSE,Graduate,Other,Household,,,Lok Sabha Election (GE)
Uttar_Pradesh,17,43,2019,4,0,4,7,Ram Gopal Uttam,M,IND,1078,,842994,1632983,KANPUR,GEN,DOAB,14,51.62,0.13,yes,80,0.01,2.22,GEUP179701,Independents,10809,TRUE,1,,,,,,0,FALSE,FALSE,FALSE,Post Graduate,Business,Contractor,,,Lok Sabha Election (GE)
Uttar_Pradesh,17,43,2019,4,0,4,8,Shivam Kushwaha,M,IND,998,GEN,842994,1632983,KANPUR,GEN,DOAB,14,51.62,0.12,yes,302,0.04,2.22,GEUP2024591,Independents,10809,TRUE,1,,,,,,0,FALSE,FALSE,FALSE,Graduate,Salaried Work or Employed,Insurance Agent,Small Business or Self-employed,,Lok Sabha Election (GE)
Uttar_Pradesh,17,43,2019,4,0,4,9,Javed Mohammad Khan,M,IND,696,,842994,1632983,KANPUR,GEN,DOAB,14,51.62,0.08,yes,101,0.01,2.22,GEUP179702,Independents,10809,TRUE,1,,,,,,0,FALSE,FALSE,FALSE,12th Pass,Salaried Work or Employed,,Small Business or Self-employed,Shop Keeper,Lok Sabha Election (GE)
Uttar_Pradesh,17,43,2019,4,0,4,10,Chandra Bhan Sankhwar,M,IND,595,,842994,1632983,KANPUR,GEN,DOAB,14,51.62,0.07,yes,4,0,2.22,GEUP2024309,Independents,10809,TRUE,1,,,,,,0,FALSE,FALSE,FALSE,Graduate Professional,Liberal Profession or Professional,Lawyer,,,Lok Sabha Election (GE)
Uttar_Pradesh,17,43,2019,4,0,4,11,Balveer Singh Chandel,M,SHS,591,GEN,842994,1632983,KANPUR,GEN,DOAB,14,51.62,0.07,yes,11,0,2.22,GEUP179703,State-based Party (Other State),18691,TRUE,1,,,,,,0,FALSE,FALSE,FALSE,Graduate Professional,Business,,Retired or Pension,,Lok Sabha Election (GE)
Uttar_Pradesh,17,43,2019,4,0,4,12,Dilshad Ahmad,M,IND,580,,842994,1632983,KANPUR,GEN,DOAB,14,51.62,0.07,yes,94,0.01,2.22,GEUP2024332,Independents,10809,TRUE,1,,,,,,0,FALSE,FALSE,FALSE,8th Pass,Salaried Work or Employed,Managerial Position,,,Lok Sabha Election (GE)
Uttar_Pradesh,17,43,2019,4,0,4,13,Triveni Narayan Jaiswal,M,IND,486,GEN,842994,1632983,KANPUR,GEN,DOAB,14,51.62,0.06,yes,119,0.01,2.22,GEUP179704,Independents,10809,TRUE,1,,,,,,0,FALSE,FALSE,FALSE,Post Graduate,Business,Private Company,Salaried Work or Employed,Medical Professional,Lok Sabha Election (GE)
Uttar_Pradesh,17,43,2019,4,0,4,14,Reena Urf Renu,F,SFP,367,,842994,1632983,KANPUR,GEN,DOAB,14,51.62,0.04,yes,51,0.01,2.22,GEUP2024541,Local Party,24440,TRUE,1,,,,,,0,FALSE,FALSE,FALSE,5th Pass,Other,Household,,,Lok Sabha Election (GE)
Uttar_Pradesh,17,43,2019,4,0,4,15,Mukti Yadav,F,BRM,316,GEN,842994,1632983,KANPUR,GEN,DOAB,14,51.62,0.04,yes,0,0,2.22,GEUP179705,Local Party,1792,TRUE,1,,,,,,0,FALSE,FALSE,FALSE,Post Graduate,Small Business or Self-employed,,,,Lok Sabha Election (GE)
Uttar_Pradesh,17,44,2019,4,0,4,1,Devendra Singh 'Bhole',M,BJP,581282,GEN,1025314,1766121,AKBARPUR,GEN,EAST,14,58.05,56.69,no,275142,26.83,2.38,AEUP64049,National Party,1605,TRUE,2,BJP,1605,AKBARPUR,TRUE,TRUE,2,FALSE,TRUE,TRUE,,Other,,,,Lok Sabha Election (GE)
Uttar_Pradesh,17,44,2019,4,0,4,2,Nisha Sachan,F,BSP,306140,GEN,1025314,1766121,AKBARPUR,GEN,EAST,14,58.05,29.86,no,197799,19.29,2.38,GEUP179706,State-based Party,16651,TRUE,1,,,,,,0,FALSE,FALSE,FALSE,Post Graduate,Business,Real Estate or Builder or Developer or Construction,,,Lok Sabha Election (GE)
Uttar_Pradesh,17,44,2019,4,0,4,3,Rajaram Pal,M,INC,108341,GEN,1025314,1766121,AKBARPUR,GEN,EAST,14,58.05,10.57,yes,100347,9.79,2.38,GEUP62508,National Party,3482,TRUE,8,INC,3482,AKBARPUR,TRUE,TRUE,2,FALSE,FALSE,TRUE,Graduate Professional,Retired or Pension,,Liberal Profession or Professional,Lawyer,Lok Sabha Election (GE)
Uttar_Pradesh,17,44,2019,4,0,4,4,NOTA,,NOTA,7994,,1025314,1766121,AKBARPUR,GEN,EAST,14,58.05,0.78,,4724,0.46,2.38,,NOTA,5897,TRUE,,,,,,,,,,,,,,,,Lok Sabha Election (GE)
Uttar_Pradesh,17,44,2019,4,0,4,5,Manoj Gupta,M,IND,3270,GEN,1025314,1766121,AKBARPUR,GEN,EAST,14,58.05,0.32,yes,55,0.01,2.38,GEUP2024430,Independents,10809,TRUE,1,,,,,,0,FALSE,FALSE,FALSE,10th Pass,Business,,,,Lok Sabha Election (GE)
Uttar_Pradesh,17,44,2019,4,0,4,6,Sunil Kumar,M,IND,3215,,1025314,1766121,AKBARPUR,GEN,EAST,14,58.05,0.31,yes,275,0.03,2.38,GEUP179707,Independents,10809,TRUE,1,,,,,,0,FALSE,FALSE,FALSE,Post Graduate,Small Business or Self-employed,Shop Keeper,,,Lok Sabha Election (GE)
Uttar_Pradesh,17,44,2019,4,0,4,7,Saurabh Mishra,M,BSCP,2940,GEN,1025314,1766121,AKBARPUR,GEN,EAST,14,58.05,0.29,yes,706,0.07,2.38,GEUP2024576,Local Party,2047,TRUE,1,,,,,,0,FALSE,FALSE,FALSE,Post Graduate,Education,Home Teacher or Tuition,,,Lok Sabha Election (GE)
Uttar_Pradesh,17,44,2019,4,0,4,8,Vikas Tripathi,M,IND,2234,GEN,1025314,1766121,AKBARPUR,GEN,EAST,14,58.05,0.22,yes,187,0.02,2.38,GEUP179708,Independents,10809,TRUE,1,,,,,,0,FALSE,FALSE,FALSE,Illiterate,Salaried Work or Employed,,,,Lok Sabha Election (GE)
Uttar_Pradesh,17,44,2019,4,0,4,9,Mahendra Singh Yadav,M,PSPL,2047,GEN,1025314,1766121,AKBARPUR,GEN,EAST,14,58.05,0.2,yes,71,0.01,2.38,GEUP2024419,Local Party,17283,TRUE,1,,,,,,0,FALSE,FALSE,FALSE,Graduate,Business,,,,Lok Sabha Election (GE)
Uttar_Pradesh,17,44,2019,4,0,4,10,Amit Tripathi,M,ABHP,1976,GEN,1025314,1766121,AKBARPUR,GEN,EAST,14,58.05,0.19,yes,349,0.03,2.38,GEUP179709,Local Party,24446,TRUE,1,,,,,,0,FALSE,FALSE,FALSE,Graduate,Business,Private Company,,,Lok Sabha Election (GE)
Uttar_Pradesh,17,44,2019,4,0,4,11,Niraj Kumar Pasi Advocate,M,IND,1627,SC,1025314,1766121,AKBARPUR,GEN,EAST,14,58.05,0.16,yes,49,0,2.38,GEUP2024464,Independents,10809,TRUE,1,,,,,,0,FALSE,FALSE,FALSE,Graduate Professional,Liberal Profession or Professional,Lawyer,,,Lok Sabha Election (GE)
Uttar_Pradesh,17,44,2019,4,0,4,12,Arun Kumar,M,IND,1578,,1025314,1766121,AKBARPUR,GEN,EAST,14,58.05,0.15,yes,550,0.05,2.38,GEUP179710,Independents,10809,TRUE,1,,,,,,0,FALSE,FALSE,FALSE,12th Pass,Salaried Work or Employed,,,,Lok Sabha Election (GE)
Uttar_Pradesh,17,44,2019,4,0,4,13,Ravi Sachan,M,JD(U),1028,GEN,1025314,1766121,AKBARPUR,GEN,EAST,14,58.05,0.1,yes,162,0.02,2.38,GEUP2024539,State-based Party (Other State),11002,TRUE,1,,,,,,0,FALSE,FALSE,FALSE,,,,,,Lok Sabha Election (GE)
Uttar_Pradesh,17,44,2019,4,0,4,14,Ashok Paswan,M,SABJANP,866,SC,1025314,1766121,AKBARPUR,GEN,EAST,14,58.05,0.08,yes,90,0.01,2.38,GEUP12468,Local Party,24445,TRUE,2,IND,10809,KANPUR,FALSE,FALSE,0,FALSE,FALSE,TRUE,Post Graduate,Liberal Profession or Professional,Lawyer,Salaried Work or Employed,Insurance Agent,Lok Sabha Election (GE)
Uttar_Pradesh,17,44,2019,4,0,4,15,Prof. Ramgopal Sankhwar,M,RAJUP,776,,1025314,1766121,AKBARPUR,GEN,EAST,14,58.05,0.08,yes,0,0,2.38,GEUP2024496,Local Party,12030,TRUE,1,,,,,,0,FALSE,FALSE,FALSE,Post Graduate,Labourer or Daily Wage,,Agriculture,,Lok Sabha Election (GE)
Uttar_Pradesh,17,45,2019,4,0,4,1,BHANU PRATAP SINGH VERMA,M,BJP,581763,SC,1129955,1933358,JALAUN,SC,BUNDELKHAND,5,58.45,51.49,no,158377,14.02,2.38,GEUP84121,National Party,1605,TRUE,7,BJP,1605,JALAUN,TRUE,TRUE,5,FALSE,TRUE,TRUE,Post Graduate,Politics,MP,Agriculture,,Lok Sabha Election (GE)
Uttar_Pradesh,17,45,2019,4,0,4,2,AJAY SINGH (PANKAJ),M,BSP,423386,SC,1129955,1933358,JALAUN,SC,BUNDELKHAND,5,58.45,37.47,no,333780,29.54,2.38,GEUP2024246,State-based Party,16651,TRUE,1,,,,,,0,FALSE,FALSE,FALSE,12th Pass,Business,Petrol Pumps,,,Lok Sabha Election (GE)
Uttar_Pradesh,17,45,2019,4,0,4,3,BRIJLAL KHABRI,M,INC,89606,SC,1129955,1933358,JALAUN,SC,BUNDELKHAND,5,58.45,7.93,yes,75712,6.7,2.38,GEUP72496,National Party,3482,TRUE,4,BSP,16651,JALAUN,TRUE,FALSE,1,TRUE,FALSE,TRUE,Post Graduate,Business,,Agriculture,,Lok Sabha Election (GE)
Uttar_Pradesh,17,45,2019,4,0,4,4,SHRAVAN KUMAR PAL,M,RSOSP,13894,SC,1129955,1933358,JALAUN,SC,BUNDELKHAND,5,58.45,1.23,yes,1380,0.12,2.38,GEUP2024597,Local Party,16454,TRUE,1,,,,,,0,FALSE,FALSE,FALSE,12th Pass,Business,,Agriculture,,Lok Sabha Election (GE)
Uttar_Pradesh,17,45,2019,4,0,4,5,NOTA,,NOTA,12514,,1129955,1933358,JALAUN,SC,BUNDELKHAND,5,58.45,1.11,,3722,0.33,2.38,,NOTA,5897,TRUE,,,,,,,,,,,,,,,,Lok Sabha Election (GE)
Uttar_Pradesh,17,45,2019,4,0,4,6,RAMSINGH,M,CPI(ML)(L),8792,SC,1129955,1933358,JALAUN,SC,BUNDELKHAND,5,58.45,0.78,yes,0,0,2.38,GEUP2024535,Local Party,2472,TRUE,1,,,,,,0,FALSE,FALSE,FALSE,8th Pass,Politics,,,,Lok Sabha Election (GE)
Uttar_Pradesh,17,46,2019,4,0,4,1,Anurag Sharma,M,BJP,809272,GEN,1380890,2040739,JHANSI,GEN,BUNDELKHAND,11,67.67,58.61,no,365683,26.48,2.27,GEUP179712,National Party,1605,TRUE,1,,,,,,1,FALSE,FALSE,FALSE,Post Graduate,Business,,Salaried Work or Employed,,Lok Sabha Election (GE)
Uttar_Pradesh,17,46,2019,4,0,4,2,Shyam Sundar Singh,M,SP,443589,GEN,1380890,2040739,JHANSI,GEN,BUNDELKHAND,11,67.67,32.12,no,357450,25.89,2.27,GEUP2024604,State-based Party,7425,TRUE,1,,,,,,0,FALSE,FALSE,FALSE,Graduate,Business,,,,Lok Sabha Election (GE)
Uttar_Pradesh,17,46,2019,4,0,4,3,Shivsharan,M,INC,86139,GEN,1380890,2040739,JHANSI,GEN,BUNDELKHAND,11,67.67,6.24,yes,67900,4.92,2.27,GEUP179713,National Party,3482,TRUE,1,,,,,,0,FALSE,FALSE,FALSE,Post Graduate,Agriculture,,,,Lok Sabha Election (GE)
Uttar_Pradesh,17,46,2019,4,0,4,4,NOTA,,NOTA,18239,,1380890,2040739,JHANSI,GEN,BUNDELKHAND,11,67.67,1.32,,12528,0.91,2.27,,NOTA,5897,TRUE,,,,,,,,,,,,,,,,Lok Sabha Election (GE)
Uttar_Pradesh,17,46,2019,4,0,4,5,Sunil Prajapati,M,IND,5711,GEN,1380890,2040739,JHANSI,GEN,BUNDELKHAND,11,67.67,0.41,yes,1904,0.14,2.27,GEUP179714,Independents,10809,TRUE,1,,,,,,0,FALSE,FALSE,FALSE,Graduate Professional,Business,Transport,,,Lok Sabha Election (GE)
Uttar_Pradesh,17,46,2019,4,0,4,6,Ramgopal,M,IND,3807,,1380890,2040739,JHANSI,GEN,BUNDELKHAND,11,67.67,0.28,yes,504,0.04,2.27,AEUP102815,Independents,10809,TRUE,1,,,,,,0,FALSE,FALSE,FALSE,12th Pass,Retired or Pension,,Former Government,Ex Govt Employee,Lok Sabha Election (GE)
Uttar_Pradesh,17,46,2019,4,0,4,7,Gaurishankar,M,KSRSP,3303,,1380890,2040739,JHANSI,GEN,BUNDELKHAND,11,67.67,0.24,yes,606,0.04,2.27,GEUP179715,Local Party,24447,TRUE,1,,,,,,0,FALSE,FALSE,FALSE,12th Pass,Other,,,,Lok Sabha Election (GE)
Uttar_Pradesh,17,46,2019,4,0,4,8,Jagat Vikram Singh,M,PSPL,2697,GEN,1380890,2040739,JHANSI,GEN,BUNDELKHAND,11,67.67,0.2,yes,433,0.03,2.27,GEUP12570,Local Party,17283,TRUE,2,IND,10809,JHANSI,TRUE,FALSE,0,FALSE,FALSE,FALSE,Post Graduate,Business,Contractor,Agriculture,,Lok Sabha Election (GE)
Uttar_Pradesh,17,46,2019,4,0,4,9,Dilshad Ahmed Siddique,M,SWAJANPA,2264,,1380890,2040739,JHANSI,GEN,BUNDELKHAND,11,67.67,0.16,yes,14,0,2.27,GEUP179716,Local Party,8202,TRUE,1,,,,,,0,FALSE,FALSE,FALSE,Post Graduate,Liberal Profession or Professional,Lawyer,,,Lok Sabha Election (GE)
Uttar_Pradesh,17,46,2019,4,0,4,10,Raja Khateek,M,IND,2250,SC,1380890,2040739,JHANSI,GEN,BUNDELKHAND,11,67.67,0.16,yes,401,0.03,2.27,GEUP2024505,Independents,10809,TRUE,1,,,,,,0,FALSE,FALSE,FALSE,Graduate,Small Business or Self-employed,Shop Keeper,,,Lok Sabha Election (GE)
Uttar_Pradesh,17,46,2019,4,0,4,11,Shruti Agrawal,F,BUNKD,1849,GEN,1380890,2040739,JHANSI,GEN,BUNDELKHAND,11,67.67,0.13,yes,79,0.01,2.27,GEUP179717,Local Party,2117,TRUE,1,,,,,,0,FALSE,FALSE,FALSE,Graduate,Liberal Profession or Professional,Lawyer,,,Lok Sabha Election (GE)
Uttar_Pradesh,17,46,2019,4,0,4,12,Kalpana Khard,F,IND,1770,,1380890,2040739,JHANSI,GEN,BUNDELKHAND,11,67.67,0.13,yes,0,0,2.27,GEUP2024385,Independents,10809,TRUE,1,,,,,,0,FALSE,FALSE,FALSE,Literate,Salaried Work or Employed,Medical Professional,,,Lok Sabha Election (GE)
Uttar_Pradesh,17,47,2019,4,0,4,1,KUNWAR PUSHPENDRA SINGH CHANDEL,M,BJP,575122,GEN,1089778,1749100,HAMIRPUR,GEN,BUNDELKHAND,14,62.31,52.77,no,248652,22.82,2.63,GEUP12578,National Party,1605,TRUE,2,BJP,1605,HAMIRPUR,TRUE,TRUE,2,FALSE,TRUE,TRUE,Post Graduate,Business,,Agriculture,,Lok Sabha Election (GE)
Uttar_Pradesh,17,47,2019,4,0,4,2,DILIP KUMAR SINGH,M,BSP,326470,GEN,1089778,1749100,HAMIRPUR,GEN,BUNDELKHAND,14,62.31,29.96,no,211936,19.45,2.63,GEUP2024331,State-based Party,16651,TRUE,1,,,,,,0,FALSE,FALSE,FALSE,Graduate,Business,,,,Lok Sabha Election (GE)
Uttar_Pradesh,17,47,2019,4,0,4,3,PRITAM SINGH LODHI KISAAN,M,INC,114534,GEN,1089778,1749100,HAMIRPUR,GEN,BUNDELKHAND,14,62.31,10.51,yes,89733,8.23,2.63,GEUP12594,National Party,3482,TRUE,3,INC,3482,HAMIRPUR,TRUE,TRUE,0,FALSE,FALSE,TRUE,Post Graduate,Business,,Agriculture,,Lok Sabha Election (GE)
Uttar_Pradesh,17,47,2019,4,0,4,4,SANJAY KUMAR SAHU,M,IND,24801,,1089778,1749100,HAMIRPUR,GEN,BUNDELKHAND,14,62.31,2.28,yes,9646,0.89,2.63,GEUP2024563,Independents,10809,TRUE,1,,,,,,0,FALSE,FALSE,FALSE,Graduate,Business,,Agriculture,,Lok Sabha Election (GE)
Uttar_Pradesh,17,47,2019,4,0,4,5,NOTA,,NOTA,15155,,1089778,1749100,HAMIRPUR,GEN,BUNDELKHAND,14,62.31,1.39,,9949,0.91,2.63,,NOTA,5897,TRUE,,,,,,,,,,,,,,,,Lok Sabha Election (GE)
Uttar_Pradesh,17,47,2019,4,0,4,6,SARJOOLAL,M,IND,5206,,1089778,1749100,HAMIRPUR,GEN,BUNDELKHAND,14,62.31,0.48,yes,289,0.03,2.63,GEUP2024570,Independents,10809,TRUE,1,,,,,,0,FALSE,FALSE,FALSE,,,,,,Lok Sabha Election (GE)
Uttar_Pradesh,17,47,2019,4,0,4,7,RAJESH,M,IND,4917,,1089778,1749100,HAMIRPUR,GEN,BUNDELKHAND,14,62.31,0.45,yes,666,0.06,2.63,GEUP179718,Independents,10809,TRUE,1,,,,,,0,FALSE,FALSE,FALSE,10th Pass,Agriculture,,,,Lok Sabha Election (GE)
Uttar_Pradesh,17,47,2019,4,0,4,8,ARVIND KUMAR PRAJAPATI,M,PSPL,4251,GEN,1089778,1749100,HAMIRPUR,GEN,BUNDELKHAND,14,62.31,0.39,yes,45,0,2.63,GEUP2024274,Local Party,17283,TRUE,1,,,,,,0,FALSE,FALSE,FALSE,,,,,,Lok Sabha Election (GE)
Uttar_Pradesh,17,47,2019,4,0,4,9,RAM GOPAL,M,IND,4206,,1089778,1749100,HAMIRPUR,GEN,BUNDELKHAND,14,62.31,0.39,yes,1355,0.12,2.63,GEUP179719,Independents,10809,TRUE,1,,,,,,0,FALSE,FALSE,FALSE,Graduate,Small Business or Self-employed,Shop Keeper,Agriculture,,Lok Sabha Election (GE)
Uttar_Pradesh,17,47,2019,4,0,4,10,ER. KEDARNATH VISHWAKARMA,M,BMUP,2851,,1089778,1749100,HAMIRPUR,GEN,BUNDELKHAND,14,62.31,0.26,yes,16,0,2.63,GEUP2024348,Local Party,1074,TRUE,1,,,,,,0,FALSE,FALSE,FALSE,Graduate Professional,Retired or Pension,,,,Lok Sabha Election (GE)
Uttar_Pradesh,17,47,2019,4,0,4,11,SHRIRAM SINGH GAUR,M,BSCP,2835,,1089778,1749100,HAMIRPUR,GEN,BUNDELKHAND,14,62.31,0.26,yes,138,0.01,2.63,GEUP179720,Local Party,2047,TRUE,1,,,,,,0,FALSE,FALSE,FALSE,,,,,,Lok Sabha Election (GE)
Uttar_Pradesh,17,47,2019,4,0,4,12,KAMTA PRASAD PRAJAPATI,M,IND,2697,GEN,1089778,1749100,HAMIRPUR,GEN,BUNDELKHAND,14,62.31,0.25,yes,253,0.02,2.63,GEUP2024390,Independents,10809,TRUE,1,,,,,,0,FALSE,FALSE,FALSE,,,,,,Lok Sabha Election (GE)
Uttar_Pradesh,17,47,2019,4,0,4,13,KAMLESH KUMAR,M,IND,2444,,1089778,1749100,HAMIRPUR,GEN,BUNDELKHAND,14,62.31,0.22,yes,138,0.01,2.63,GEUP179721,Independents,10809,TRUE,1,,,,,,0,FALSE,FALSE,FALSE,Graduate,Labourer or Daily Wage,,Agriculture,,Lok Sabha Election (GE)
Uttar_Pradesh,17,47,2019,4,0,4,14,MADHURAJ,M,IND,2306,,1089778,1749100,HAMIRPUR,GEN,BUNDELKHAND,14,62.31,0.21,yes,323,0.03,2.63,GEUP2024412,Independents,10809,TRUE,1,,,,,,0,FALSE,FALSE,FALSE,12th Pass,Agriculture,,,,Lok Sabha Election (GE)
Uttar_Pradesh,17,47,2019,4,0,4,15,SURESH CHANDRA RAJPUT,M,RTKP,1983,GEN,1089778,1749100,HAMIRPUR,GEN,BUNDELKHAND,14,62.31,0.18,yes,0,0,2.63,GEUP179722,Local Party,6626,TRUE,1,,,,,,0,FALSE,FALSE,FALSE,8th Pass,Agriculture,,,,Lok Sabha Election (GE)
Uttar_Pradesh,17,48,2019,4,0,4,1,R.K. SINGH PATEL,M,BJP,477926,GEN,1034549,1702024,BANDA,GEN,BUNDELKHAND,8,60.78,46.2,no,58938,5.7,2.63,AEUP104757,National Party,1605,TRUE,4,BSP,16651,BANDA,TRUE,FALSE,2,TRUE,FALSE,TRUE,Graduate,Politics,Party Worker,Agriculture,,Lok Sabha Election (GE)
Uttar_Pradesh,17,48,2019,4,0,4,2,SHYAMA CHARAN GUPTA,M,SP,418988,GEN,1034549,1702024,BANDA,GEN,BUNDELKHAND,8,60.78,40.5,no,343550,33.21,2.63,GEUP48662,State-based Party,7425,TRUE,5,BJP,1605,ALLAHABAD,FALSE,FALSE,2,TRUE,TRUE,TRUE,Graduate Professional,Business,Industrialist,,,Lok Sabha Election (GE)
Uttar_Pradesh,17,48,2019,4,0,4,3,BALKUMAR PATEL,M,INC,75438,GEN,1034549,1702024,BANDA,GEN,BUNDELKHAND,8,60.78,7.29,yes,56188,5.43,2.63,GEUP2024288,National Party,3482,TRUE,1,,,,,,0,FALSE,FALSE,FALSE,12th Pass,Business,,Retired or Pension,,Lok Sabha Election (GE)
Uttar_Pradesh,17,48,2019,4,0,4,4,NOTA,,NOTA,19250,,1034549,1702024,BANDA,GEN,BUNDELKHAND,8,60.78,1.86,,6503,0.63,2.63,,NOTA,5897,TRUE,,,,,,,,,,,,,,,,Lok Sabha Election (GE)
Uttar_Pradesh,17,48,2019,4,0,4,5,CHHOTELAL,M,PSPL,12747,GEN,1034549,1702024,BANDA,GEN,BUNDELKHAND,8,60.78,1.23,yes,2398,0.23,2.63,GEUP2024317,Local Party,17283,TRUE,1,,,,,,0,FALSE,FALSE,FALSE,12th Pass,Business,,Small Business or Self-employed,Shop Keeper,Lok Sabha Election (GE)
Uttar_Pradesh,17,48,2019,4,0,4,6,MAHENDRA,M,CPI,10349,,1034549,1702024,BANDA,GEN,BUNDELKHAND,8,60.78,1,yes,2476,0.24,2.63,GEUP179723,State-based Party (Other State),2444,TRUE,1,,,,,,0,FALSE,FALSE,FALSE,Graduate,Retired or Pension,,Agriculture,,Lok Sabha Election (GE)
Uttar_Pradesh,17,48,2019,4,0,4,7,SHIRAZ RAHAT KHAN,M,ASP,7873,,1034549,1702024,BANDA,GEN,BUNDELKHAND,8,60.78,0.76,yes,1328,0.13,2.63,GEUP2024586,Local Party,9011,TRUE,1,,,,,,0,FALSE,FALSE,FALSE,Graduate,Politics,Party Worker,Social Work,,Lok Sabha Election (GE)
Uttar_Pradesh,17,48,2019,4,0,4,8,MIRA DEVI,F,SWAJANPA,6545,GEN,1034549,1702024,BANDA,GEN,BUNDELKHAND,8,60.78,0.63,yes,1112,0.11,2.63,GEUP179724,Local Party,8202,TRUE,1,,,,,,0,FALSE,FALSE,FALSE,Graduate,Small Business or Self-employed,Self-employed,,,Lok Sabha Election (GE)
Uttar_Pradesh,17,48,2019,4,0,4,9,RAMPRATAP,M,IND,5433,,1034549,1702024,BANDA,GEN,BUNDELKHAND,8,60.78,0.53,yes,0,0,2.63,GEUP2024533,Independents,10809,TRUE,1,,,,,,0,FALSE,FALSE,FALSE,Graduate Professional,Liberal Profession or Professional,Lawyer,,,Lok Sabha Election (GE)
Uttar_Pradesh,17,49,2019,4,0,4,1,NIRANJAN JYOTI,F,BJP,566040,GEN,1043655,1839312,FATEHPUR,GEN,DOAB,10,56.74,54.24,no,198205,18.99,2.44,GEUP12655,National Party,1605,TRUE,2,BJP,1605,FATEHPUR,TRUE,TRUE,2,FALSE,TRUE,TRUE,12th Pass,Liberal Profession or Professional,Musician or Artist,,,Lok Sabha Election (GE)
Uttar_Pradesh,17,49,2019,4,0,4,2,SUKHDEV PRASAD VERMA,M,BSP,367835,GEN,1043655,1839312,FATEHPUR,GEN,DOAB,10,56.74,35.24,no,301758,28.91,2.44,AEUP104788,State-based Party,16651,TRUE,1,,,,,,0,FALSE,FALSE,FALSE,8th Pass,Business,Rent,Politics,Ex MLA,Lok Sabha Election (GE)
Uttar_Pradesh,17,49,2019,4,0,4,3,RAKESH SACHAN,M,INC,66077,GEN,1043655,1839312,FATEHPUR,GEN,DOAB,10,56.74,6.33,yes,51385,4.92,2.44,AEUP116691,National Party,3482,TRUE,3,SP,7425,FATEHPUR,TRUE,FALSE,1,TRUE,FALSE,TRUE,Post Graduate,Business,,Retired or Pension,,Lok Sabha Election (GE)
Uttar_Pradesh,17,49,2019,4,0,4,4,NOTA,,NOTA,14692,,1043655,1839312,FATEHPUR,GEN,DOAB,10,56.74,1.41,,7616,0.73,2.44,,NOTA,5897,TRUE,,,,,,,,,,,,,,,,Lok Sabha Election (GE)
Uttar_Pradesh,17,49,2019,4,0,4,5,BENI PRASAD,M,IND,7076,,1043655,1839312,FATEHPUR,GEN,DOAB,10,56.74,0.68,yes,1798,0.17,2.44,GEUP179725,Independents,10809,TRUE,1,,,,,,0,FALSE,FALSE,FALSE,Graduate,Retired or Pension,,,,Lok Sabha Election (GE)
Uttar_Pradesh,17,49,2019,4,0,4,6,ASHOK KUMAR MISHRA,M,JHBHP,5278,GEN,1043655,1839312,FATEHPUR,GEN,DOAB,10,56.74,0.51,yes,372,0.04,2.44,GEUP2024278,Local Party,24449,TRUE,1,,,,,,0,FALSE,FALSE,FALSE,12th Pass,Social Work,,,,Lok Sabha Election (GE)
Uttar_Pradesh,17,49,2019,4,0,4,7,JUBER AHMAD,M,IND,4906,,1043655,1839312,FATEHPUR,GEN,DOAB,10,56.74,0.47,yes,1110,0.11,2.44,GEUP179726,Independents,10809,TRUE,1,,,,,,0,FALSE,FALSE,FALSE,12th Pass,Agriculture,,,,Lok Sabha Election (GE)
Uttar_Pradesh,17,49,2019,4,0,4,8,KAMTA PRASAD,M,IND,3796,,1043655,1839312,FATEHPUR,GEN,DOAB,10,56.74,0.36,yes,1016,0.1,2.44,GEUP2024389,Independents,10809,TRUE,1,,,,,,0,FALSE,FALSE,FALSE,12th Pass,Religious Occupation,Priest,,,Lok Sabha Election (GE)
Uttar_Pradesh,17,49,2019,4,0,4,9,RAMKUMAR,M,PPID,2780,,1043655,1839312,FATEHPUR,GEN,DOAB,10,56.74,0.27,yes,62,0.01,2.44,GEUP179727,Local Party,6054,TRUE,1,,,,,,0,FALSE,FALSE,FALSE,Graduate,Retired or Pension,,Agriculture,,Lok Sabha Election (GE)
Uttar_Pradesh,17,49,2019,4,0,4,10,MAHESH CHANDRA SAHU,M,PSPL,2718,GEN,1043655,1839312,FATEHPUR,GEN,DOAB,10,56.74,0.26,yes,261,0.03,2.44,GEUP2024420,Local Party,17283,TRUE,1,,,,,,0,FALSE,FALSE,FALSE,Graduate,Business,,,,Lok Sabha Election (GE)
Uttar_Pradesh,17,49,2019,4,0,4,11,RAJKUMAR LODHI,M,VIPty,2457,GEN,1043655,1839312,FATEHPUR,GEN,DOAB,10,56.74,0.24,yes,0,0,2.44,GEUP179728,Local Party,24448,TRUE,1,,,,,,0,FALSE,FALSE,FALSE,Graduate,Labourer or Daily Wage,,,,Lok Sabha Election (GE)
Uttar_Pradesh,17,50,2019,4,0,4,1,VINOD KUMAR SONKAR,M,BJP,383009,SC,974438,1787120,KAUSHAMBI,SC,EAST,12,54.53,39.31,no,38722,3.97,3.33,GEUP12675,National Party,1605,TRUE,2,BJP,1605,KAUSHAMBI,TRUE,TRUE,2,FALSE,TRUE,TRUE,Graduate,Business,,,,Lok Sabha Election (GE)
Uttar_Pradesh,17,50,2019,4,0,4,2,INDRAJEET SAROJ,M,SP,344287,SC,974438,1787120,KAUSHAMBI,SC,EAST,12,54.53,35.33,no,187881,19.28,3.33,AEUP104947,State-based Party,7425,TRUE,1,,,,,,0,FALSE,FALSE,FALSE,Graduate,Politics,Ex MLA,Agriculture,,Lok Sabha Election (GE)
Uttar_Pradesh,17,50,2019,4,0,4,3,SHAILENDRA KUMAR PASI,M,JDL,156406,SC,974438,1787120,KAUSHAMBI,SC,EAST,12,54.53,16.05,yes,129439,13.28,3.33,GEUP2024580,Local Party,24443,TRUE,1,,,,,,0,FALSE,FALSE,FALSE,Graduate,Business,,Social Work,,Lok Sabha Election (GE)
Uttar_Pradesh,17,50,2019,4,0,4,4,SHAILENDRA KUMAR,M,IND,26967,SC,974438,1787120,KAUSHAMBI,SC,EAST,12,54.53,2.77,yes,10525,1.08,3.33,GEUP179730,Independents,10809,TRUE,1,,,,,,0,FALSE,FALSE,FALSE,,,,,,Lok Sabha Election (GE)
Uttar_Pradesh,17,50,2019,4,0,4,5,GIRISH PASI,M,INC,16442,SC,974438,1787120,KAUSHAMBI,SC,EAST,12,54.53,1.69,yes,1673,0.17,3.33,GEUP2024356,National Party,3482,TRUE,1,,,,,,0,FALSE,FALSE,FALSE,12th Pass,Business,,Social Work,,Lok Sabha Election (GE)
Uttar_Pradesh,17,50,2019,4,0,4,6,NOTA,,NOTA,14769,,974438,1787120,KAUSHAMBI,SC,EAST,12,54.53,1.52,,6758,0.69,3.33,,NOTA,5897,TRUE,,,,,,,,,,,,,,,,Lok Sabha Election (GE)
Uttar_Pradesh,17,50,2019,4,0,4,7,SHAILENDRA KUMAR,M,IND,8011,SC,974438,1787120,KAUSHAMBI,SC,EAST,12,54.53,0.82,yes,1800,0.18,3.33,GEUP2024579,Independents,10809,TRUE,1,,,,,,0,FALSE,FALSE,FALSE,,,,,,Lok Sabha Election (GE)
Uttar_Pradesh,17,50,2019,4,0,4,8,BACHACHA LAL,M,BSCP,6211,SC,974438,1787120,KAUSHAMBI,SC,EAST,12,54.53,0.64,yes,1225,0.13,3.33,GEUP179731,Local Party,2047,TRUE,1,,,,,,0,FALSE,FALSE,FALSE,8th Pass,Labourer or Daily Wage,,,,Lok Sabha Election (GE)
Uttar_Pradesh,17,50,2019,4,0,4,9,RAJDEV,M,PSPL,4986,SC,974438,1787120,KAUSHAMBI,SC,EAST,12,54.53,0.51,yes,762,0.08,3.33,GEUP2024508,Local Party,17283,TRUE,1,,,,,,0,FALSE,FALSE,FALSE,Post Graduate,Liberal Profession or Professional,Lawyer,,,Lok Sabha Election (GE)
Uttar_Pradesh,17,50,2019,4,0,4,10,RAM SUMER,M,IND,4224,SC,974438,1787120,KAUSHAMBI,SC,EAST,12,54.53,0.43,yes,658,0.07,3.33,GEUP179732,Independents,10809,TRUE,1,,,,,,0,FALSE,FALSE,FALSE,8th Pass,Agriculture,,,,Lok Sabha Election (GE)
Uttar_Pradesh,17,50,2019,4,0,4,11,CHHEDDU,M,IND,3566,SC,974438,1787120,KAUSHAMBI,SC,EAST,12,54.53,0.37,yes,383,0.04,3.33,GEUP2024316,Independents,10809,TRUE,1,,,,,,0,FALSE,FALSE,FALSE,,,,,,Lok Sabha Election (GE)
Uttar_Pradesh,17,50,2019,4,0,4,12,MISHRI LAL,M,SWAJANPA,3183,SC,974438,1787120,KAUSHAMBI,SC,EAST,12,54.53,0.33,yes,806,0.08,3.33,GEUP179733,Local Party,8202,TRUE,1,,,,,,0,FALSE,FALSE,FALSE,Graduate,Agriculture,,,,Lok Sabha Election (GE)
Uttar_Pradesh,17,50,2019,4,0,4,13,PRADEEP KUMAR,M,IND,2377,SC,974438,1787120,KAUSHAMBI,SC,EAST,12,54.53,0.24,yes,0,0,3.33,GEUP2024486,Independents,10809,TRUE,1,,,,,,0,FALSE,FALSE,FALSE,Graduate,Agriculture,,,,Lok Sabha Election (GE)
Uttar_Pradesh,17,51,2019,4,0,4,1,Keshari Devi Patel,F,BJP,544701,GEN,978236,2010477,PHULPUR,GEN,EAST,14,48.66,55.68,no,171968,17.58,2.17,GEUP77996,National Party,1605,TRUE,2,BSP,16651,PHULPUR,TRUE,FALSE,1,TRUE,FALSE,FALSE,Post Graduate,Salaried Work or Employed,Qualified Professional,Agriculture,,Lok Sabha Election (GE)
Uttar_Pradesh,17,51,2019,4,0,4,2,Pandhari Yadav,M,SP,372733,GEN,978236,2010477,PHULPUR,GEN,EAST,14,48.66,38.1,no,339972,34.75,2.17,GEUP2024470,State-based Party,7425,TRUE,1,,,,,,0,FALSE,FALSE,FALSE,Graduate,Agriculture,,,,Lok Sabha Election (GE)
Uttar_Pradesh,17,51,2019,4,0,4,3,Pankaj Patel,M,INC,32761,GEN,978236,2010477,PHULPUR,GEN,EAST,14,48.66,3.35,yes,24879,2.54,2.17,GEUP179734,National Party,3482,TRUE,1,,,,,,0,FALSE,FALSE,FALSE,Graduate,Salaried Work or Employed,Qualified Professional,,,Lok Sabha Election (GE)
Uttar_Pradesh,17,51,2019,4,0,4,4,NOTA,,NOTA,7882,,978236,2010477,PHULPUR,GEN,EAST,14,48.66,0.81,,4910,0.5,2.17,,NOTA,5897,TRUE,,,,,,,,,,,,,,,,Lok Sabha Election (GE)
Uttar_Pradesh,17,51,2019,4,0,4,5,Dr. Neeraj,M,IND,2972,,978236,2010477,PHULPUR,GEN,EAST,14,48.66,0.3,yes,114,0.01,2.17,GEUP72387,Independents,10809,TRUE,5,IND,10809,PHULPUR,TRUE,TRUE,0,FALSE,FALSE,FALSE,Graduate Professional,Business,Rent,Social Work,,Lok Sabha Election (GE)
Uttar_Pradesh,17,51,2019,4,0,4,6,Sanjeev Kumar Mishra,M,YVP,2858,GEN,978236,2010477,PHULPUR,GEN,EAST,14,48.66,0.29,yes,669,0.07,2.17,GEUP77979,Local Party,8610,TRUE,3,YVP,8610,PHULPUR,TRUE,TRUE,0,FALSE,FALSE,FALSE,Post Graduate,Business,,,,Lok Sabha Election (GE)
Uttar_Pradesh,17,51,2019,4,0,4,7,Sunil Kumar Maurya,M,PGSP,2189,,978236,2010477,PHULPUR,GEN,EAST,14,48.66,0.22,yes,131,0.01,2.17,GEUP179736,Local Party,16357,TRUE,1,,,,,,0,FALSE,FALSE,FALSE,12th Pass,Politics,Party Worker,Social Work,,Lok Sabha Election (GE)
Uttar_Pradesh,17,51,2019,4,0,4,8,Ramnath Priydarshi Suman,M,rajpt,2058,,978236,2010477,PHULPUR,GEN,EAST,14,48.66,0.21,yes,92,0.01,2.17,GEUP69215,Local Party,24450,TRUE,3,RPI,6911,PHULPUR,TRUE,FALSE,0,TRUE,FALSE,FALSE,Post Graduate,Retired or Pension,,,,Lok Sabha Election (GE)
Uttar_Pradesh,17,51,2019,4,0,4,9,Dr. Ramlakhan Chaurasiya,M,MADP,1966,,978236,2010477,PHULPUR,GEN,EAST,14,48.66,0.2,yes,21,0,2.17,GEUP179737,Local Party,11563,TRUE,1,,,,,,0,FALSE,FALSE,FALSE,Literate,Liberal Profession or Professional,Author,Politics,Party Worker,Lok Sabha Election (GE)
Uttar_Pradesh,17,51,2019,4,0,4,10,Rishabh Pandey,M,IND,1945,GEN,978236,2010477,PHULPUR,GEN,EAST,14,48.66,0.2,yes,338,0.03,2.17,GEUP2024544,Independents,10809,TRUE,1,,,,,,0,FALSE,FALSE,FALSE,Graduate Professional,Business,,,,Lok Sabha Election (GE)
Uttar_Pradesh,17,51,2019,4,0,4,11,Priya Singh Paul Alias Priyadarshini Gandhi,F,PSPL,1607,,978236,2010477,PHULPUR,GEN,EAST,14,48.66,0.16,yes,201,0.02,2.17,GEUP179738,Local Party,17283,TRUE,1,,,,,,0,FALSE,FALSE,FALSE,Post Graduate,Other,Household,,,Lok Sabha Election (GE)
Uttar_Pradesh,17,51,2019,4,0,4,12,Atul Kumar Dwivedi,M,LOGAP,1406,GEN,978236,2010477,PHULPUR,GEN,EAST,14,48.66,0.14,yes,144,0.01,2.17,GEUP2024284,Local Party,5013,TRUE,1,,,,,,0,FALSE,FALSE,FALSE,Graduate Professional,Business,,,,Lok Sabha Election (GE)
Uttar_Pradesh,17,51,2019,4,0,4,13,Srichandra Kesarwani (Advocate),M,BALP,1262,,978236,2010477,PHULPUR,GEN,EAST,14,48.66,0.13,yes,287,0.03,2.17,GEUP179739,Local Party,18015,TRUE,1,,,,,,0,FALSE,FALSE,FALSE,Graduate Professional,Liberal Profession or Professional,Lawyer,,,Lok Sabha Election (GE)
Uttar_Pradesh,17,51,2019,4,0,4,14,Dakkhini Prasad Kushwaha,M,RGD,975,GEN,978236,2010477,PHULPUR,GEN,EAST,14,48.66,0.1,yes,54,0.01,2.17,GEUP12704,Local Party,12084,TRUE,2,RGD,12084,PHULPUR,TRUE,TRUE,0,FALSE,FALSE,FALSE,Graduate,Retired or Pension,,Salaried Work or Employed,,Lok Sabha Election (GE)
Uttar_Pradesh,17,51,2019,4,0,4,15,Kamala Prasad,M,AYP,921,,978236,2010477,PHULPUR,GEN,EAST,14,48.66,0.09,yes,0,0,2.17,GEUP179740,Local Party,871,TRUE,1,,,,,,0,FALSE,FALSE,FALSE,Graduate Professional,Liberal Profession or Professional,Lawyer,,,Lok Sabha Election (GE)
Uttar_Pradesh,17,52,2019,4,0,4,1,Rita Bahuguna Joshi,F,BJP,494454,GEN,889056,1716160,ALLAHABAD,GEN,EAST,14,51.8,55.62,no,184275,20.73,2.33,GEUP67459,National Party,1605,TRUE,5,INC,3482,LUCKNOW,FALSE,FALSE,1,TRUE,FALSE,TRUE,Doctorate,Retired or Pension,Retired Teacher,Salaried Work or Employed,,Lok Sabha Election (GE)
Uttar_Pradesh,17,52,2019,4,0,4,2,Rajendra Singh Patel,M,SP,310179,,889056,1716160,ALLAHABAD,GEN,EAST,14,51.8,34.89,no,278226,31.29,2.33,AEUP202144,State-based Party,7425,TRUE,1,,,,,,0,FALSE,FALSE,FALSE,Graduate,Business,,,,Lok Sabha Election (GE)
Uttar_Pradesh,17,52,2019,4,0,4,3,Yogesh Shukla,M,INC,31953,GEN,889056,1716160,ALLAHABAD,GEN,EAST,14,51.8,3.59,yes,21550,2.42,2.33,GEUP12751,National Party,3482,TRUE,2,BJP,1605,ALLAHABAD,TRUE,FALSE,0,TRUE,FALSE,FALSE,12th Pass,Business,,,,Lok Sabha Election (GE)
Uttar_Pradesh,17,52,2019,4,0,4,4,Girdhar Gopal Tripathi,M,CPI,10403,GEN,889056,1716160,ALLAHABAD,GEN,EAST,14,51.8,1.17,yes,2778,0.31,2.33,AEUP156719,State-based Party (Other State),2444,TRUE,1,,,,,,0,FALSE,FALSE,FALSE,Post Graduate,Liberal Profession or Professional,Lawyer,Agriculture,,Lok Sabha Election (GE)
Uttar_Pradesh,17,52,2019,4,0,4,5,NOTA,,NOTA,7625,,889056,1716160,ALLAHABAD,GEN,EAST,14,51.8,0.86,,1358,0.15,2.33,,NOTA,5897,TRUE,,,,,,,,,,,,,,,,Lok Sabha Election (GE)
Uttar_Pradesh,17,52,2019,4,0,4,6,Ajeet Kumar Patel,M,PGSP,6267,,889056,1716160,ALLAHABAD,GEN,EAST,14,51.8,0.7,yes,1120,0.13,2.33,AEUP201015,Local Party,16357,TRUE,1,,,,,,0,FALSE,FALSE,FALSE,12th Pass,Small Business or Self-employed,,,,Lok Sabha Election (GE)
Uttar_Pradesh,17,52,2019,4,0,4,7,Shiv Dutt Shukla,M,ANNADATA,5147,GEN,889056,1716160,ALLAHABAD,GEN,EAST,14,51.8,0.58,yes,416,0.05,2.33,GEUP2024587,Local Party,24451,TRUE,1,,,,,,0,FALSE,FALSE,FALSE,12th Pass,Business,,,,Lok Sabha Election (GE)
Uttar_Pradesh,17,52,2019,4,0,4,8,Ajay Sharma,M,IND,4731,,889056,1716160,ALLAHABAD,GEN,EAST,14,51.8,0.53,yes,613,0.07,2.33,GEUP179742,Independents,10809,TRUE,1,,,,,,0,FALSE,FALSE,FALSE,,,,,,Lok Sabha Election (GE)
Uttar_Pradesh,17,52,2019,4,0,4,9,Shiv Prasad,M,LOGAP,4118,,889056,1716160,ALLAHABAD,GEN,EAST,14,51.8,0.46,yes,750,0.08,2.33,GEUP2024590,Local Party,5013,TRUE,1,,,,,,0,FALSE,FALSE,FALSE,12th Pass,Retired or Pension,,,,Lok Sabha Election (GE)
Uttar_Pradesh,17,52,2019,4,0,4,10,Ram Pal Gupta,M,PSJP,3368,,889056,1716160,ALLAHABAD,GEN,EAST,14,51.8,0.38,yes,414,0.05,2.33,GEUP179743,Local Party,16964,TRUE,1,,,,,,0,FALSE,FALSE,FALSE,10th Pass,Labourer or Daily Wage,Mechanic,,,Lok Sabha Election (GE)
Uttar_Pradesh,17,52,2019,4,0,4,11,Rabindra Kumar Shrivastav,M,IND,2954,,889056,1716160,ALLAHABAD,GEN,EAST,14,51.8,0.33,yes,676,0.08,2.33,GEUP2024499,Independents,10809,TRUE,1,,,,,,0,FALSE,FALSE,FALSE,Graduate Professional,Liberal Profession or Professional,Lawyer,,,Lok Sabha Election (GE)
Uttar_Pradesh,17,52,2019,4,0,4,12,Om Guru Charandas,M,ssrd,2278,,889056,1716160,ALLAHABAD,GEN,EAST,14,51.8,0.26,yes,61,0.01,2.33,GEUP179744,,7644,TRUE,1,,,,,,0,FALSE,FALSE,FALSE,10th Pass,Agriculture,,Religious Occupation,Priest,Lok Sabha Election (GE)
Uttar_Pradesh,17,52,2019,4,0,4,13,Abhimanyu Singh Patel,M,PSPL,2217,,889056,1716160,ALLAHABAD,GEN,EAST,14,51.8,0.25,yes,372,0.04,2.33,GEUP2024239,Local Party,17283,TRUE,1,,,,,,0,FALSE,FALSE,FALSE,Graduate Professional,Liberal Profession or Professional,Lawyer,,,Lok Sabha Election (GE)
Uttar_Pradesh,17,52,2019,4,0,4,14,Bhawani Singh,O,AAAP,1845,,889056,1716160,ALLAHABAD,GEN,EAST,14,51.8,0.21,yes,328,0.04,2.33,GEUP179745,State-based Party (Other State),13,TRUE,1,,,,,,0,FALSE,FALSE,FALSE,Illiterate,Other,,,,Lok Sabha Election (GE)
Uttar_Pradesh,17,52,2019,4,0,4,15,Gayatri Prasad,M,BSCP,1517,GEN,889056,1716160,ALLAHABAD,GEN,EAST,14,51.8,0.17,yes,0,0,2.33,GEUP12782,Local Party,2047,TRUE,2,BSCP,2047,ALLAHABAD,TRUE,TRUE,0,FALSE,FALSE,TRUE,,,,,,Lok Sabha Election (GE)
Uttar_Pradesh,17,53,2019,4,0,4,1,Upendra Singh Rawat,M,BJP,535917,SC,1155341,1816830,BARABANKI,SC,AVADH,13,63.59,46.39,no,110140,9.53,2.63,GEUP179746,National Party,1605,TRUE,1,,,,,,1,FALSE,FALSE,FALSE,Post Graduate,Business,Rent,Politics,MLA,Lok Sabha Election (GE)
Uttar_Pradesh,17,53,2019,4,0,4,2,Ram Sagar Rawat,M,SP,425777,SC,1155341,1816830,BARABANKI,SC,AVADH,13,63.59,36.85,no,266166,23.04,2.63,GEUP2024523,State-based Party,7425,TRUE,1,,,,,,0,FALSE,FALSE,FALSE,10th Pass,Retired or Pension,,Agriculture,,Lok Sabha Election (GE)
Uttar_Pradesh,17,53,2019,4,0,4,3,Tanuj Punia,M,INC,159611,SC,1155341,1816830,BARABANKI,SC,AVADH,13,63.59,13.82,yes,150826,13.05,2.63,AEUP201680,National Party,3482,TRUE,1,,,,,,0,FALSE,FALSE,FALSE,Graduate Professional,Politics,Party Worker,,,Lok Sabha Election (GE)
Uttar_Pradesh,17,53,2019,4,0,4,4,NOTA,,NOTA,8785,,1155341,1816830,BARABANKI,SC,AVADH,13,63.59,0.76,,3023,0.26,2.63,,NOTA,5897,TRUE,,,,,,,,,,,,,,,,Lok Sabha Election (GE)
Uttar_Pradesh,17,53,2019,4,0,4,5,Asha Devi,F,LD,5762,SC,1155341,1816830,BARABANKI,SC,AVADH,13,63.59,0.5,yes,1381,0.12,2.63,GEUP179748,Local Party,4996,TRUE,1,,,,,,0,FALSE,FALSE,FALSE,8th Pass,Social Work,,,,Lok Sabha Election (GE)
Uttar_Pradesh,17,53,2019,4,0,4,6,Molhey Ram Rawat,M,IND,4381,SC,1155341,1816830,BARABANKI,SC,AVADH,13,63.59,0.38,yes,698,0.06,2.63,GEUP2024449,Independents,10809,TRUE,1,,,,,,0,FALSE,FALSE,FALSE,10th Pass,Retired or Pension,,,,Lok Sabha Election (GE)
Uttar_Pradesh,17,53,2019,4,0,4,7,Manju Devi,F,IND,3683,SC,1155341,1816830,BARABANKI,SC,AVADH,13,63.59,0.32,yes,1394,0.12,2.63,GEUP179749,Independents,10809,TRUE,1,,,,,,0,FALSE,FALSE,FALSE,Literate,Labourer or Daily Wage,,,,Lok Sabha Election (GE)
Uttar_Pradesh,17,53,2019,4,0,4,8,Kishan Lal,M,IND,2289,SC,1155341,1816830,BARABANKI,SC,AVADH,13,63.59,0.2,yes,368,0.03,2.63,GEUP2024398,Independents,10809,TRUE,1,,,,,,0,FALSE,FALSE,FALSE,5th Pass,Small Business or Self-employed,Shop Keeper,,,Lok Sabha Election (GE)
Uttar_Pradesh,17,53,2019,4,0,4,9,Tarawati,F,ASaP,1921,SC,1155341,1816830,BARABANKI,SC,AVADH,13,63.59,0.17,yes,297,0.03,2.63,GEUP179750,Local Party,15725,TRUE,1,,,,,,0,FALSE,FALSE,FALSE,5th Pass,Other,Household,,,Lok Sabha Election (GE)
Uttar_Pradesh,17,53,2019,4,0,4,10,Fool Dulari,F,SDSP,1624,SC,1155341,1816830,BARABANKI,SC,AVADH,13,63.59,0.14,yes,2,0,2.63,GEUP2024350,Local Party,24439,TRUE,1,,,,,,0,FALSE,FALSE,FALSE,Illiterate,Other,Household,,,Lok Sabha Election (GE)
Uttar_Pradesh,17,53,2019,4,0,4,11,Vinod Kumar,M,AJPI,1622,SC,1155341,1816830,BARABANKI,SC,AVADH,13,63.59,0.14,yes,73,0.01,2.63,GEUP179751,Local Party,17584,TRUE,1,,,,,,0,FALSE,FALSE,FALSE,8th Pass,Agriculture,,,,Lok Sabha Election (GE)
Uttar_Pradesh,17,53,2019,4,0,4,12,Santosh Kumari,F,bmd,1549,SC,1155341,1816830,BARABANKI,SC,AVADH,13,63.59,0.13,yes,178,0.02,2.63,GEUP2024568,Local Party,2993,TRUE,1,,,,,,0,FALSE,FALSE,FALSE,Graduate,Agriculture,,,,Lok Sabha Election (GE)
Uttar_Pradesh,17,53,2019,4,0,4,13,Om kar,M,BMUP,1371,SC,1155341,1816830,BARABANKI,SC,AVADH,13,63.59,0.12,yes,322,0.03,2.63,GEUP179752,Local Party,1074,TRUE,1,,,,,,0,FALSE,FALSE,FALSE,10th Pass,Agriculture,,,,Lok Sabha Election (GE)
Uttar_Pradesh,17,53,2019,4,0,4,14,Kalpana Rawat,F,BHAPRAP,1049,SC,1155341,1816830,BARABANKI,SC,AVADH,13,63.59,0.09,yes,0,0,2.63,GEUP2024386,Local Party,18101,TRUE,1,,,,,,0,FALSE,FALSE,FALSE,Graduate Professional,Business,,,,Lok Sabha Election (GE)
Uttar_Pradesh,17,54,2019,4,0,4,1,LALLU SINGH,M,BJP,529021,GEN,1087121,1821785,FAIZABAD,GEN,AVADH,13,59.67,48.66,no,65477,6.02,2.38,GEUP77635,National Party,1605,TRUE,4,BJP,1605,FAIZABAD,TRUE,TRUE,2,FALSE,TRUE,TRUE,Post Graduate,Former Government,Ex Military,Politics,"MP, Ex MLA",Lok Sabha Election (GE)
Uttar_Pradesh,17,54,2019,4,0,4,2,ANAND SEN,M,SP,463544,GEN,1087121,1821785,FAIZABAD,GEN,AVADH,13,59.67,42.64,no,410158,37.73,2.38,AEUP105242,State-based Party,7425,TRUE,1,,,,,,0,FALSE,FALSE,FALSE,12th Pass,Agriculture,,Social Work,,Lok Sabha Election (GE)
Uttar_Pradesh,17,54,2019,4,0,4,3,NIRMAL KHATRI,M,INC,53386,GEN,1087121,1821785,FAIZABAD,GEN,AVADH,13,59.67,4.91,yes,43998,4.05,2.38,AEUP164721,National Party,3482,TRUE,8,INC,3482,FAIZABAD,TRUE,TRUE,2,FALSE,FALSE,TRUE,Doctorate,Liberal Profession or Professional,Lawyer,Agriculture,,Lok Sabha Election (GE)
Uttar_Pradesh,17,54,2019,4,0,4,4,NOTA,,NOTA,9388,,1087121,1821785,FAIZABAD,GEN,AVADH,13,59.67,0.86,,2041,0.19,2.38,,NOTA,5897,TRUE,,,,,,,,,,,,,,,,Lok Sabha Election (GE)
Uttar_Pradesh,17,54,2019,4,0,4,5,RAJBAHADUR URF RAJAN PANDEY,M,IND,7347,GEN,1087121,1821785,FAIZABAD,GEN,AVADH,13,59.67,0.68,yes,673,0.06,2.38,GEUP179753,Independents,10809,TRUE,1,,,,,,0,FALSE,FALSE,FALSE,12th Pass,Agriculture,,,,Lok Sabha Election (GE)
Uttar_Pradesh,17,54,2019,4,0,4,6,ASHA DEVI,F,LD,6674,,1087121,1821785,FAIZABAD,GEN,AVADH,13,59.67,0.61,yes,3372,0.31,2.38,GEUP2024275,Local Party,4996,TRUE,1,,,,,,0,FALSE,FALSE,FALSE,12th Pass,Business,Private Company,,,Lok Sabha Election (GE)
Uttar_Pradesh,17,54,2019,4,0,4,7,LAL MANI TRIPATHI (BHAI SAHAB),M,IND,3302,GEN,1087121,1821785,FAIZABAD,GEN,AVADH,13,59.67,0.3,yes,534,0.05,2.38,GEUP179754,Independents,10809,TRUE,1,,,,,,0,FALSE,FALSE,FALSE,Post Graduate,Education,School Teacher,Social Work,,Lok Sabha Election (GE)
Uttar_Pradesh,17,54,2019,4,0,4,8,KANCHAN YADAV,F,MADP,2768,GEN,1087121,1821785,FAIZABAD,GEN,AVADH,13,59.67,0.25,yes,29,0,2.38,GEUP2024391,Local Party,11563,TRUE,1,,,,,,0,FALSE,FALSE,FALSE,Post Graduate,Politics,Party Worker,Social Work,,Lok Sabha Election (GE)
Uttar_Pradesh,17,54,2019,4,0,4,9,KAMLESH TIWARI,M,IND,2739,GEN,1087121,1821785,FAIZABAD,GEN,AVADH,13,59.67,0.25,yes,247,0.02,2.38,GEUP179755,Independents,10809,TRUE,1,,,,,,0,FALSE,FALSE,FALSE,Graduate,Social Work,,,,Lok Sabha Election (GE)
Uttar_Pradesh,17,54,2019,4,0,4,10,SHARAD KUMAR,M,IND,2492,,1087121,1821785,FAIZABAD,GEN,AVADH,13,59.67,0.23,yes,436,0.04,2.38,GEUP2024584,Independents,10809,TRUE,1,,,,,,0,FALSE,FALSE,FALSE,Graduate,Agriculture,,,,Lok Sabha Election (GE)
Uttar_Pradesh,17,54,2019,4,0,4,11,VIJAY SHANKAR PANDEY,M,LOGAP,2056,GEN,1087121,1821785,FAIZABAD,GEN,AVADH,13,59.67,0.19,yes,234,0.02,2.38,GEUP179756,Local Party,5013,TRUE,1,,,,,,0,FALSE,FALSE,FALSE,Post Graduate,Retired or Pension,,,,Lok Sabha Election (GE)
Uttar_Pradesh,17,54,2019,4,0,4,12,MANOJ KUMAR MISHRA,M,IND,1822,GEN,1087121,1821785,FAIZABAD,GEN,AVADH,13,59.67,0.17,yes,485,0.04,2.38,GEUP2024432,Independents,10809,TRUE,1,,,,,,0,FALSE,FALSE,FALSE,12th Pass,Liberal Profession or Professional,Author,,,Lok Sabha Election (GE)
Uttar_Pradesh,17,54,2019,4,0,4,13,SHER AFGAN,M,BHAPRAP,1337,,1087121,1821785,FAIZABAD,GEN,AVADH,13,59.67,0.12,yes,92,0.01,2.38,GEUP179757,Local Party,18101,TRUE,1,,,,,,0,FALSE,FALSE,FALSE,10th Pass,Agriculture,,,,Lok Sabha Election (GE)
Uttar_Pradesh,17,54,2019,4,0,4,14,MAHESH TIWARI,M,SHS,1245,GEN,1087121,1821785,FAIZABAD,GEN,AVADH,13,59.67,0.11,yes,0,0,2.38,GEUP2024423,State-based Party (Other State),18691,TRUE,1,,,,,,0,FALSE,FALSE,FALSE,Post Graduate,Liberal Profession or Professional,Lawyer,Social Work,,Lok Sabha Election (GE)
Uttar_Pradesh,17,55,2019,4,0,4,1,Ritesh Pandey,M,BSP,564118,GEN,1090152,1785657,AMBEDKAR NAGAR,GEN,EAST,11,61.05,51.75,no,95880,8.8,2.22,GEUP2029168,State-based Party,16651,TRUE,1,,,,,,1,FALSE,FALSE,FALSE,Graduate,Business,,Salaried Work or Employed,,Lok Sabha Election (GE)
Uttar_Pradesh,17,55,2019,4,0,4,2,Mukut Bihari,M,BJP,468238,GEN,1090152,1785657,AMBEDKAR NAGAR,GEN,EAST,11,61.05,42.95,no,453071,41.56,2.22,GEUP2024451,National Party,1605,TRUE,1,,,,,,0,FALSE,FALSE,FALSE,Graduate Professional,Liberal Profession or Professional,Lawyer,Agriculture,,Lok Sabha Election (GE)
Uttar_Pradesh,17,55,2019,4,0,4,3,Rakesh,M,SBSP,15167,,1090152,1785657,AMBEDKAR NAGAR,GEN,EAST,11,61.05,1.39,yes,3823,0.35,2.22,GEUP179758,Local Party,18721,TRUE,1,,,,,,0,FALSE,FALSE,FALSE,12th Pass,Agriculture,,,,Lok Sabha Election (GE)
Uttar_Pradesh,17,55,2019,4,0,4,4,NOTA,,NOTA,11344,,1090152,1785657,AMBEDKAR NAGAR,GEN,EAST,11,61.05,1.04,,4775,0.44,2.22,,NOTA,5897,TRUE,,,,,,,,,,,,,,,,Lok Sabha Election (GE)
Uttar_Pradesh,17,55,2019,4,0,4,5,Taigar Ramnihor Patel 'Ratnashah',M,IND,6569,,1090152,1785657,AMBEDKAR NAGAR,GEN,EAST,11,61.05,0.6,yes,504,0.05,2.22,GEUP179759,Independents,10809,TRUE,1,,,,,,0,FALSE,FALSE,FALSE,8th Pass,Agriculture,,,,Lok Sabha Election (GE)
Uttar_Pradesh,17,55,2019,4,0,4,6,Sushila Dinkar,F,BMUP,6065,,1090152,1785657,AMBEDKAR NAGAR,GEN,EAST,11,61.05,0.56,yes,593,0.05,2.22,GEUP2024625,Local Party,1074,TRUE,1,,,,,,0,FALSE,FALSE,FALSE,Post Graduate,Other,Household,,,Lok Sabha Election (GE)
Uttar_Pradesh,17,55,2019,4,0,4,7,Ayodhya,M,BHAPRAP,5472,,1090152,1785657,AMBEDKAR NAGAR,GEN,EAST,11,61.05,0.5,yes,1309,0.12,2.22,GEUP179760,Local Party,18101,TRUE,1,,,,,,0,FALSE,FALSE,FALSE,Post Graduate,Agriculture,,,,Lok Sabha Election (GE)
Uttar_Pradesh,17,55,2019,4,0,4,8,Ashutosh,M,MADP,4163,,1090152,1785657,AMBEDKAR NAGAR,GEN,EAST,11,61.05,0.38,yes,1720,0.16,2.22,GEUP2024281,Local Party,11563,TRUE,1,,,,,,0,FALSE,FALSE,FALSE,Post Graduate,Agriculture,,,,Lok Sabha Election (GE)
Uttar_Pradesh,17,55,2019,4,0,4,9,Parshuram Patel,M,HND,2443,,1090152,1785657,AMBEDKAR NAGAR,GEN,EAST,11,61.05,0.22,yes,53,0,2.22,GEUP179761,Local Party,3288,TRUE,1,,,,,,0,FALSE,FALSE,FALSE,Post Graduate,Agriculture,,,,Lok Sabha Election (GE)
Uttar_Pradesh,17,55,2019,4,0,4,10,Premnath Nishad,M,PSPL,2390,GEN,1090152,1785657,AMBEDKAR NAGAR,GEN,EAST,11,61.05,0.22,yes,166,0.02,2.22,GEUP2024494,Local Party,17283,TRUE,1,,,,,,0,FALSE,FALSE,FALSE,Graduate,Business,Transport,,,Lok Sabha Election (GE)
Uttar_Pradesh,17,55,2019,4,0,4,11,Ram Singar,M,VPI,2224,,1090152,1785657,AMBEDKAR NAGAR,GEN,EAST,11,61.05,0.2,yes,265,0.02,2.22,GEUP179762,Local Party,8516,TRUE,1,,,,,,0,FALSE,FALSE,FALSE,5th Pass,Labourer or Daily Wage,,Agriculture,,Lok Sabha Election (GE)
Uttar_Pradesh,17,55,2019,4,0,4,12,Mastram Kori,M,SWAJANPA,1959,,1090152,1785657,AMBEDKAR NAGAR,GEN,EAST,11,61.05,0.18,yes,0,0,2.22,GEUP2024436,Local Party,8202,TRUE,1,,,,,,0,FALSE,FALSE,FALSE,12th Pass,Agriculture,,,,Lok Sabha Election (GE)
Uttar_Pradesh,17,56,2019,4,0,4,1,AKSHAIBAR LAL,M,BJP,525982,SC,989848,1729908,BAHRAICH,SC,NORTH-EAST,10,57.22,53.14,no,128752,13.01,2.27,AEUP101926,National Party,1605,TRUE,2,BJP,1605,BAHRAICH,TRUE,TRUE,1,FALSE,FALSE,FALSE,10th Pass,Business,Rent,Agriculture,,Lok Sabha Election (GE)
Uttar_Pradesh,17,56,2019,4,0,4,2,SHABBIR BALMIKI,M,SP,397230,SC,989848,1729908,BAHRAICH,SC,NORTH-EAST,10,57.22,40.13,no,362776,36.65,2.27,GEUP2024578,State-based Party,7425,TRUE,1,,,,,,0,FALSE,FALSE,FALSE,12th Pass,Agriculture,,,,Lok Sabha Election (GE)
Uttar_Pradesh,17,56,2019,4,0,4,3,SAVITRI BAI PHULE,F,INC,34454,SC,989848,1729908,BAHRAICH,SC,NORTH-EAST,10,57.22,3.48,yes,21265,2.15,2.27,AEUP109986,National Party,3482,TRUE,2,BJP,1605,BAHRAICH,TRUE,FALSE,1,TRUE,TRUE,TRUE,Graduate,Social Work,,,,Lok Sabha Election (GE)
Uttar_Pradesh,17,56,2019,4,0,4,4,NOTA,,NOTA,13189,,989848,1729908,BAHRAICH,SC,NORTH-EAST,10,57.22,1.33,,8010,0.81,2.27,,NOTA,5897,TRUE,,,,,,,,,,,,,,,,Lok Sabha Election (GE)
Uttar_Pradesh,17,56,2019,4,0,4,5,JANARDAN GOND,M,IND,5179,SC,989848,1729908,BAHRAICH,SC,NORTH-EAST,10,57.22,0.52,yes,1655,0.17,2.27,GEUP179763,Independents,10809,TRUE,1,,,,,,0,FALSE,FALSE,FALSE,12th Pass,Agriculture,,,,Lok Sabha Election (GE)
Uttar_Pradesh,17,56,2019,4,0,4,6,SHIVNANDAN,M,IND,3524,SC,989848,1729908,BAHRAICH,SC,NORTH-EAST,10,57.22,0.36,yes,1035,0.1,2.27,GEUP2024593,Independents,10809,TRUE,1,,,,,,0,FALSE,FALSE,FALSE,Graduate Professional,Business,,Agriculture,,Lok Sabha Election (GE)
Uttar_Pradesh,17,56,2019,4,0,4,7,JAGDISH KUMAR SINGH,M,PSPL,2489,SC,989848,1729908,BAHRAICH,SC,NORTH-EAST,10,57.22,0.25,yes,62,0.01,2.27,GEUP179764,Local Party,17283,TRUE,1,,,,,,0,FALSE,FALSE,FALSE,Post Graduate,Education,Principal or Administrator,,,Lok Sabha Election (GE)
Uttar_Pradesh,17,56,2019,4,0,4,8,RINKU SAHANI,F,SHS,2427,SC,989848,1729908,BAHRAICH,SC,NORTH-EAST,10,57.22,0.25,yes,296,0.03,2.27,GEUP2024543,State-based Party (Other State),18691,TRUE,1,,,,,,0,FALSE,FALSE,FALSE,Graduate,Other,,,,Lok Sabha Election (GE)
Uttar_Pradesh,17,56,2019,4,0,4,9,GUR PRASAD,M,IND,2131,SC,989848,1729908,BAHRAICH,SC,NORTH-EAST,10,57.22,0.22,yes,469,0.05,2.27,GEUP179765,Independents,10809,TRUE,1,,,,,,0,FALSE,FALSE,FALSE,10th Pass,Agriculture,,,,Lok Sabha Election (GE)
Uttar_Pradesh,17,56,2019,4,0,4,10,MAUJILAL,M,RJAPU,1662,SC,989848,1729908,BAHRAICH,SC,NORTH-EAST,10,57.22,0.17,yes,81,0.01,2.27,GEUP2024437,Local Party,24452,TRUE,1,,,,,,0,FALSE,FALSE,FALSE,,,,,,Lok Sabha Election (GE)
Uttar_Pradesh,17,56,2019,4,0,4,11,RAM SAGAR,M,RTKP,1581,SC,989848,1729908,BAHRAICH,SC,NORTH-EAST,10,57.22,0.16,yes,0,0,2.27,GEUP179766,Local Party,6626,TRUE,1,,,,,,0,FALSE,FALSE,FALSE,Literate,Agriculture,,,,Lok Sabha Election (GE)
Uttar_Pradesh,17,57,2019,4,0,4,1,Brijbhusan Sharan Singh,M,BJP,581358,GEN,981400,1805946,KAISERGANJ,GEN,NORTH-EAST,12,54.34,59.24,no,261601,26.66,2.17,GEUP48277,National Party,1605,TRUE,6,BJP,1605,KAISERGANJ,TRUE,TRUE,6,FALSE,TRUE,TRUE,Graduate Professional,Agriculture,,,,Lok Sabha Election (GE)
Uttar_Pradesh,17,57,2019,4,0,4,2,Chandradev Ram Yadav,M,BSP,319757,GEN,981400,1805946,KAISERGANJ,GEN,NORTH-EAST,12,54.34,32.58,no,282625,28.8,2.17,GEUP179767,State-based Party,16651,TRUE,1,,,,,,0,FALSE,FALSE,FALSE,Post Graduate,Business,Agricultural Business,Agriculture,,Lok Sabha Election (GE)
Uttar_Pradesh,17,57,2019,4,0,4,3,Vinay Kumar Pandey 'Vinnu',M,INC,37132,GEN,981400,1805946,KAISERGANJ,GEN,NORTH-EAST,12,54.34,3.78,yes,23964,2.44,2.17,AEUP114393,National Party,3482,TRUE,2,INC,3482,SHRAWASTI,FALSE,TRUE,0,FALSE,FALSE,TRUE,,,,,,Lok Sabha Election (GE)
Uttar_Pradesh,17,57,2019,4,0,4,4,NOTA,,NOTA,13168,,981400,1805946,KAISERGANJ,GEN,NORTH-EAST,12,54.34,1.34,,7269,0.74,2.17,,NOTA,5897,TRUE,,,,,,,,,,,,,,,,Lok Sabha Election (GE)
Uttar_Pradesh,17,57,2019,4,0,4,5,Umesh Kumar,M,RJAPU,5899,,981400,1805946,KAISERGANJ,GEN,NORTH-EAST,12,54.34,0.6,yes,1001,0.1,2.17,GEUP2024634,Local Party,24452,TRUE,1,,,,,,0,FALSE,FALSE,FALSE,,,,,,Lok Sabha Election (GE)
Uttar_Pradesh,17,57,2019,4,0,4,6,Shiv Narayan,M,IND,4898,GEN,981400,1805946,KAISERGANJ,GEN,NORTH-EAST,12,54.34,0.5,yes,333,0.03,2.17,GEUP179768,Independents,10809,TRUE,1,,,,,,0,FALSE,FALSE,FALSE,12th Pass,Small Business or Self-employed,Self-employed,Agriculture,,Lok Sabha Election (GE)
Uttar_Pradesh,17,57,2019,4,0,4,7,Munni,F,IND,4565,,981400,1805946,KAISERGANJ,GEN,NORTH-EAST,12,54.34,0.47,yes,1448,0.15,2.17,GEUP2024452,Independents,10809,TRUE,1,,,,,,0,FALSE,FALSE,FALSE,Illiterate,Labourer or Daily Wage,,,,Lok Sabha Election (GE)
Uttar_Pradesh,17,57,2019,4,0,4,8,Chandra Prakash Pandey,M,NAP,3117,GEN,981400,1805946,KAISERGANJ,GEN,NORTH-EAST,12,54.34,0.32,yes,28,0,2.17,GEUP179769,Local Party,5560,TRUE,1,,,,,,0,FALSE,FALSE,FALSE,,,,,,Lok Sabha Election (GE)
Uttar_Pradesh,17,57,2019,4,0,4,9,Om Prakash Mishra,M,IND,3089,GEN,981400,1805946,KAISERGANJ,GEN,NORTH-EAST,12,54.34,0.31,yes,875,0.09,2.17,GEUP2024467,Independents,10809,TRUE,1,,,,,,0,FALSE,FALSE,FALSE,Graduate,Other,,,,Lok Sabha Election (GE)
Uttar_Pradesh,17,57,2019,4,0,4,10,Pramod Kumar,M,SAKSP,2214,GEN,981400,1805946,KAISERGANJ,GEN,NORTH-EAST,12,54.34,0.23,yes,48,0,2.17,GEUP179770,Local Party,24453,TRUE,1,,,,,,0,FALSE,FALSE,FALSE,10th Pass,Labourer or Daily Wage,,,,Lok Sabha Election (GE)
Uttar_Pradesh,17,57,2019,4,0,4,11,Santosh,M,BHAPRAP,2166,,981400,1805946,KAISERGANJ,GEN,NORTH-EAST,12,54.34,0.22,yes,130,0.01,2.17,GEUP2024564,Local Party,18101,TRUE,1,,,,,,0,FALSE,FALSE,FALSE,Graduate Professional,Labourer or Daily Wage,,,,Lok Sabha Election (GE)
Uttar_Pradesh,17,57,2019,4,0,4,12,Vajid,M,AJPI,2036,,981400,1805946,KAISERGANJ,GEN,NORTH-EAST,12,54.34,0.21,yes,35,0,2.17,GEUP179771,Local Party,17584,TRUE,1,,,,,,0,FALSE,FALSE,FALSE,Graduate,Labourer or Daily Wage,Mechanic,,,Lok Sabha Election (GE)
Uttar_Pradesh,17,57,2019,4,0,4,13,Dhananjay Sharma,M,PSPL,2001,GEN,981400,1805946,KAISERGANJ,GEN,NORTH-EAST,12,54.34,0.2,yes,0,0,2.17,GEUP2024324,Local Party,17283,TRUE,1,,,,,,0,FALSE,FALSE,FALSE,Graduate,Agriculture,,,,Lok Sabha Election (GE)
Uttar_Pradesh,17,58,2019,4,0,4,1,RAM SHIROMANI,M,BSP,441771,,997007,1914739,SHRAWASTI,GEN,NORTH-EAST,10,52.07,44.31,no,5320,0.53,2.56,GEUP179772,State-based Party,16651,TRUE,1,,,,,,1,FALSE,FALSE,FALSE,Graduate Professional,Business,,Agriculture,,Lok Sabha Election (GE)
Uttar_Pradesh,17,58,2019,4,0,4,2,DADDAN MISHRA,M,BJP,436451,GEN,997007,1914739,SHRAWASTI,GEN,NORTH-EAST,10,52.07,43.78,no,378409,37.95,2.56,GEUP12933,National Party,1605,TRUE,2,BJP,1605,SHRAWASTI,TRUE,TRUE,1,FALSE,TRUE,TRUE,Post Graduate,Business,"Real Estate or Builder or Developer or Construction, Private Company",Agriculture,,Lok Sabha Election (GE)
Uttar_Pradesh,17,58,2019,4,0,4,3,DHIRENDRA PRATAP SINGH,M,INC,58042,,997007,1914739,SHRAWASTI,GEN,NORTH-EAST,10,52.07,5.82,yes,40934,4.11,2.56,AEUP144437,National Party,3482,TRUE,2,RLD,12169,AZAMGARH,FALSE,FALSE,0,TRUE,FALSE,FALSE,Post Graduate,Business,Rent,Retired or Pension,,Lok Sabha Election (GE)
Uttar_Pradesh,17,58,2019,4,0,4,4,NOTA,,NOTA,17108,,997007,1914739,SHRAWASTI,GEN,NORTH-EAST,10,52.07,1.72,,4446,0.45,2.56,,NOTA,5897,TRUE,,,,,,,,,,,,,,,,Lok Sabha Election (GE)
Uttar_Pradesh,17,58,2019,4,0,4,5,NABBAN KHAN,M,CPI,12662,,997007,1914739,SHRAWASTI,GEN,NORTH-EAST,10,52.07,1.27,yes,5183,0.52,2.56,GEUP179773,State-based Party (Other State),2444,TRUE,1,,,,,,0,FALSE,FALSE,FALSE,Literate,Agriculture,,,,Lok Sabha Election (GE)
Uttar_Pradesh,17,58,2019,4,0,4,6,RAJWANT SINGH,M,SHS,7479,,997007,1914739,SHRAWASTI,GEN,NORTH-EAST,10,52.07,0.75,yes,415,0.04,2.56,GEUP2024518,State-based Party (Other State),18691,TRUE,1,,,,,,0,FALSE,FALSE,FALSE,Graduate Professional,Liberal Profession or Professional,Lawyer,Agriculture,,Lok Sabha Election (GE)
Uttar_Pradesh,17,58,2019,4,0,4,7,UGRASEN SINGH,M,IND,7064,,997007,1914739,SHRAWASTI,GEN,NORTH-EAST,10,52.07,0.71,yes,1633,0.16,2.56,GEUP179774,Independents,10809,TRUE,1,,,,,,0,FALSE,FALSE,FALSE,12th Pass,Agriculture,,,,Lok Sabha Election (GE)
Uttar_Pradesh,17,58,2019,4,0,4,8,BALMUKUND,M,IND,5431,,997007,1914739,SHRAWASTI,GEN,NORTH-EAST,10,52.07,0.54,yes,1106,0.11,2.56,GEUP2024289,Independents,10809,TRUE,1,,,,,,0,FALSE,FALSE,FALSE,Graduate,Agriculture,,,,Lok Sabha Election (GE)
Uttar_Pradesh,17,58,2019,4,0,4,9,RAM KUMAR PANDEY,M,HND,4325,,997007,1914739,SHRAWASTI,GEN,NORTH-EAST,10,52.07,0.43,yes,816,0.08,2.56,GEUP179775,Local Party,3288,TRUE,1,,,,,,0,FALSE,FALSE,FALSE,Graduate Professional,Liberal Profession or Professional,Lawyer,,,Lok Sabha Election (GE)
Uttar_Pradesh,17,58,2019,4,0,4,10,ARJUN,M,IND,3509,,997007,1914739,SHRAWASTI,GEN,NORTH-EAST,10,52.07,0.35,yes,344,0.03,2.56,GEUP2024267,Independents,10809,TRUE,1,,,,,,0,FALSE,FALSE,FALSE,8th Pass,Small Business or Self-employed,,,,Lok Sabha Election (GE)
Uttar_Pradesh,17,58,2019,4,0,4,11,HANOMAN PRASAD MISHRA,M,KMSP,3165,,997007,1914739,SHRAWASTI,GEN,NORTH-EAST,10,52.07,0.32,yes,0,0,2.56,GEUP179776,Local Party,4862,TRUE,1,,,,,,0,FALSE,FALSE,FALSE,12th Pass,Labourer or Daily Wage,,,,Lok Sabha Election (GE)
Uttar_Pradesh,17,59,2019,4,0,4,1,KIRTI VARDHAN SINGH ALIAS RAJA BHAIYA,M,BJP,508190,GEN,923816,1770248,GONDA,GEN,NORTH-EAST,15,52.19,55.01,no,166360,18.01,2.27,GEUP67554,National Party,1605,TRUE,6,BJP,1605,GONDA,TRUE,TRUE,4,FALSE,TRUE,TRUE,Post Graduate,Politics,Party Worker,Agriculture,,Lok Sabha Election (GE)
Uttar_Pradesh,17,59,2019,4,0,4,2,VINOD KUMAR ALIAS PANDIT SINGH,M,SP,341830,GEN,923816,1770248,GONDA,GEN,NORTH-EAST,15,52.19,37,no,316144,34.22,2.27,AEUP51385,State-based Party,7425,TRUE,3,SP,7425,KAISERGANJ,FALSE,TRUE,0,FALSE,FALSE,TRUE,12th Pass,Business,Rent,Retired or Pension,,Lok Sabha Election (GE)
Uttar_Pradesh,17,59,2019,4,0,4,3,SMT KRISHNA PATEL,F,INC,25686,GEN,923816,1770248,GONDA,GEN,NORTH-EAST,15,52.19,2.78,yes,17268,1.87,2.27,AEUP104816,National Party,3482,TRUE,1,,,,,,0,FALSE,FALSE,FALSE,12th Pass,Business,,Agriculture,,Lok Sabha Election (GE)
Uttar_Pradesh,17,59,2019,4,0,4,4,NOTA,,NOTA,8418,,923816,1770248,GONDA,GEN,NORTH-EAST,15,52.19,0.91,,2206,0.24,2.27,,NOTA,5897,TRUE,,,,,,,,,,,,,,,,Lok Sabha Election (GE)
Uttar_Pradesh,17,59,2019,4,0,4,5,QUTUBUDDIN KHAN (DIMOND),M,PSPL,6212,GEN,923816,1770248,GONDA,GEN,NORTH-EAST,15,52.19,0.67,yes,737,0.08,2.27,GEUP2024498,Local Party,17283,TRUE,1,,,,,,0,FALSE,FALSE,FALSE,12th Pass,Business,,Agriculture,,Lok Sabha Election (GE)
Uttar_Pradesh,17,59,2019,4,0,4,6,MAHESH SINGH,M,IND,5475,,923816,1770248,GONDA,GEN,NORTH-EAST,15,52.19,0.59,yes,1619,0.18,2.27,GEUP179777,Independents,10809,TRUE,1,,,,,,0,FALSE,FALSE,FALSE,10th Pass,Agriculture,,,,Lok Sabha Election (GE)
Uttar_Pradesh,17,59,2019,4,0,4,7,RADHEY SHYAM ALIAS PAPPU RAJBHAR,M,SBSP,3856,GEN,923816,1770248,GONDA,GEN,NORTH-EAST,15,52.19,0.42,yes,122,0.01,2.27,GEUP2024501,Local Party,18721,TRUE,1,,,,,,0,FALSE,FALSE,FALSE,8th Pass,Agricultural Labour,,,,Lok Sabha Election (GE)
Uttar_Pradesh,17,59,2019,4,0,4,8,ASMAN DATT MISHRA,M,BHAPRAP,3734,GEN,923816,1770248,GONDA,GEN,NORTH-EAST,15,52.19,0.4,yes,194,0.02,2.27,GEUP179778,Local Party,18101,TRUE,1,,,,,,0,FALSE,FALSE,FALSE,12th Pass,Agriculture,,,,Lok Sabha Election (GE)
Uttar_Pradesh,17,59,2019,4,0,4,9,DHANI RAM CHAUDHRI,M,RJBP,3540,GEN,923816,1770248,GONDA,GEN,NORTH-EAST,15,52.19,0.38,yes,275,0.03,2.27,GEUP2024325,Local Party,6582,TRUE,1,,,,,,0,FALSE,FALSE,FALSE,Illiterate,Other,,,,Lok Sabha Election (GE)
Uttar_Pradesh,17,59,2019,4,0,4,10,NARENDRA SINGH,M,IND,3265,GEN,923816,1770248,GONDA,GEN,NORTH-EAST,15,52.19,0.35,yes,435,0.05,2.27,GEUP12952,Independents,10809,TRUE,2,IND,10809,GONDA,TRUE,TRUE,0,FALSE,FALSE,FALSE,Graduate,Business,,Agriculture,,Lok Sabha Election (GE)
Uttar_Pradesh,17,59,2019,4,0,4,11,MUBARAK ALI,M,AIFB,2830,,923816,1770248,GONDA,GEN,NORTH-EAST,15,52.19,0.31,yes,187,0.02,2.27,GEUP2024450,State-based Party (Other State),3040,TRUE,1,,,,,,0,FALSE,FALSE,FALSE,Graduate,Social Work,,,,Lok Sabha Election (GE)
Uttar_Pradesh,17,59,2019,4,0,4,12,VINOD KUMAR SINGH,M,IND,2643,,923816,1770248,GONDA,GEN,NORTH-EAST,15,52.19,0.29,yes,75,0.01,2.27,GEUP179779,Independents,10809,TRUE,1,,,,,,0,FALSE,FALSE,FALSE,Graduate Professional,Liberal Profession or Professional,Lawyer,Agriculture,,Lok Sabha Election (GE)
Uttar_Pradesh,17,59,2019,4,0,4,13,MO. ARBI,M,IND,2568,,923816,1770248,GONDA,GEN,NORTH-EAST,15,52.19,0.28,yes,464,0.05,2.27,GEUP2024439,Independents,10809,TRUE,1,,,,,,0,FALSE,FALSE,FALSE,,,,,,Lok Sabha Election (GE)
Uttar_Pradesh,17,59,2019,4,0,4,14,HAFIZ ALI,M,PECP,2104,,923816,1770248,GONDA,GEN,NORTH-EAST,15,52.19,0.23,yes,168,0.02,2.27,GEUP179780,Local Party,5995,TRUE,1,,,,,,0,FALSE,FALSE,FALSE,Graduate,Business,,Agriculture,,Lok Sabha Election (GE)
Uttar_Pradesh,17,59,2019,4,0,4,15,PEER ALI KHAN,M,KMSP,1936,,923816,1770248,GONDA,GEN,NORTH-EAST,15,52.19,0.21,yes,407,0.04,2.27,GEUP2024482,Local Party,4862,TRUE,1,,,,,,0,FALSE,FALSE,FALSE,8th Pass,Salaried Work or Employed,,,,Lok Sabha Election (GE)
Uttar_Pradesh,17,59,2019,4,0,4,16,MOHD. JAVED ANSARI,M,VMSKP,1529,,923816,1770248,GONDA,GEN,NORTH-EAST,15,52.19,0.17,yes,0,0,2.27,GEUP179781,Local Party,24454,TRUE,1,,,,,,0,FALSE,FALSE,FALSE,5th Pass,Small Business or Self-employed,Shop Keeper,,,Lok Sabha Election (GE)
Uttar_Pradesh,17,60,2019,4,0,4,1,JAGDAMBIKA PAL,M,BJP,492253,GEN,985269,1885433,DOMARIYAGANJ,GEN,NORTH-EAST,10,52.26,49.96,no,105321,10.69,2.5,AEUP149105,National Party,1605,TRUE,5,BJP,1605,DOMARIYAGANJ,TRUE,TRUE,3,FALSE,TRUE,TRUE,Post Graduate,Politics,MP,,,Lok Sabha Election (GE)
Uttar_Pradesh,17,60,2019,4,0,4,2,AFTAB ALAM,M,BSP,386932,GEN,985269,1885433,DOMARIYAGANJ,GEN,NORTH-EAST,10,52.26,39.27,no,326383,33.13,2.5,GEMP6272,State-based Party,16651,TRUE,2,BSP,16651,JABALPUR,FALSE,TRUE,0,FALSE,FALSE,TRUE,Graduate,Business,,,,Lok Sabha Election (GE)
Uttar_Pradesh,17,60,2019,4,0,4,3,CHANDRASH ALIAS CHANDRESH KUMAR UPADHYAY,M,INC,60549,GEN,985269,1885433,DOMARIYAGANJ,GEN,NORTH-EAST,10,52.26,6.15,yes,48792,4.95,2.5,GEUP2024310,National Party,3482,TRUE,1,,,,,,0,FALSE,FALSE,FALSE,Post Graduate,Liberal Profession or Professional,Doctor,,,Lok Sabha Election (GE)
Uttar_Pradesh,17,60,2019,4,0,4,4,NOTA,,NOTA,11757,,985269,1885433,DOMARIYAGANJ,GEN,NORTH-EAST,10,52.26,1.19,,3492,0.35,2.5,,NOTA,5897,TRUE,,,,,,,,,,,,,,,,Lok Sabha Election (GE)
Uttar_Pradesh,17,60,2019,4,0,4,5,ARJUN SINGH LODHI,M,BMUP,8265,,985269,1885433,DOMARIYAGANJ,GEN,NORTH-EAST,10,52.26,0.84,yes,2500,0.25,2.5,GEUP2024268,Local Party,1074,TRUE,1,,,,,,0,FALSE,FALSE,FALSE,Post Graduate,Agriculture,,,,Lok Sabha Election (GE)
Uttar_Pradesh,17,60,2019,4,0,4,6,MOHAMMAD IRFAN,M,PECP,5765,,985269,1885433,DOMARIYAGANJ,GEN,NORTH-EAST,10,52.26,0.59,yes,735,0.07,2.5,GEUP179782,Local Party,5995,TRUE,1,,,,,,0,FALSE,FALSE,FALSE,,,,,,Lok Sabha Election (GE)
Uttar_Pradesh,17,60,2019,4,0,4,7,SANJAY KUMAR CHAUHAN,M,NEP,5030,,985269,1885433,DOMARIYAGANJ,GEN,NORTH-EAST,10,52.26,0.51,yes,933,0.09,2.5,GEUP2024562,Local Party,16280,TRUE,1,,,,,,0,FALSE,FALSE,FALSE,Graduate,Other,,,,Lok Sabha Election (GE)
Uttar_Pradesh,17,60,2019,4,0,4,8,BRIJESH KUMAR,M,JKiP,4097,,985269,1885433,DOMARIYAGANJ,GEN,NORTH-EAST,10,52.26,0.42,yes,288,0.03,2.5,GEUP179783,Local Party,4534,TRUE,1,,,,,,0,FALSE,FALSE,FALSE,Literate,Business,,,,Lok Sabha Election (GE)
Uttar_Pradesh,17,60,2019,4,0,4,9,KESHAV RAJBHAR,M,SBSP,3809,,985269,1885433,DOMARIYAGANJ,GEN,NORTH-EAST,10,52.26,0.39,yes,63,0.01,2.5,GEUP2024395,Local Party,18721,TRUE,1,,,,,,0,FALSE,FALSE,FALSE,8th Pass,Agriculture,,,,Lok Sabha Election (GE)
Uttar_Pradesh,17,60,2019,4,0,4,10,SHARWAN KUMAR,M,IND,3746,,985269,1885433,DOMARIYAGANJ,GEN,NORTH-EAST,10,52.26,0.38,yes,680,0.07,2.5,GEUP179784,Independents,10809,TRUE,1,,,,,,0,FALSE,FALSE,FALSE,12th Pass,Agriculture,,,,Lok Sabha Election (GE)
Uttar_Pradesh,17,60,2019,4,0,4,11,KESHARI NANDAN,M,SDU,3066,,985269,1885433,DOMARIYAGANJ,GEN,NORTH-EAST,10,52.26,0.31,yes,0,0,2.5,GEUP2024394,Local Party,7293,TRUE,1,,,,,,0,FALSE,FALSE,FALSE,8th Pass,Agriculture,,,,Lok Sabha Election (GE)
Uttar_Pradesh,17,61,2019,4,0,4,1,HARISH CHANDRA ALIAS HARISH DWIVEDI,M,BJP,471162,GEN,1054539,1845223,BASTI,GEN,NORTH-EAST,11,57.15,44.68,no,30354,2.88,2.63,AEUP110423,National Party,1605,TRUE,2,BJP,1605,BASTI,TRUE,TRUE,2,FALSE,TRUE,TRUE,Post Graduate,Agriculture,,,,Lok Sabha Election (GE)
Uttar_Pradesh,17,61,2019,4,0,4,2,RAM PRASAD CHAUDHARY,M,BSP,440808,GEN,1054539,1845223,BASTI,GEN,NORTH-EAST,11,57.15,41.8,no,353888,33.56,2.63,GEUP13027,State-based Party,16651,TRUE,8,BSP,16651,BASTI,TRUE,TRUE,1,FALSE,FALSE,TRUE,Others,Business,Rent,Retired or Pension,,Lok Sabha Election (GE)
Uttar_Pradesh,17,61,2019,4,0,4,3,RAJ KISHOR SINGH,M,INC,86920,GEN,1054539,1845223,BASTI,GEN,NORTH-EAST,11,57.15,8.24,yes,74949,7.11,2.63,AEUP105610,National Party,3482,TRUE,2,SP,7425,BASTI,TRUE,FALSE,0,TRUE,FALSE,FALSE,Graduate,Agriculture,,Social Work,,Lok Sabha Election (GE)
Uttar_Pradesh,17,61,2019,4,0,4,4,VINOD KUMAR RAJBHAR,M,SBSP,11971,GEN,1054539,1845223,BASTI,GEN,NORTH-EAST,11,57.15,1.14,yes,1636,0.16,2.63,GEUP13013,Local Party,18721,TRUE,2,SBSP,18721,BASTI,TRUE,TRUE,0,FALSE,FALSE,FALSE,12th Pass,Agriculture,,,,Lok Sabha Election (GE)
Uttar_Pradesh,17,61,2019,4,0,4,5,NOTA,,NOTA,10335,,1054539,1845223,BASTI,GEN,NORTH-EAST,11,57.15,0.98,,2696,0.26,2.63,,NOTA,5897,TRUE,,,,,,,,,,,,,,,,Lok Sabha Election (GE)
Uttar_Pradesh,17,61,2019,4,0,4,6,RANGI LAL YADAV,M,IND,7639,GEN,1054539,1845223,BASTI,GEN,NORTH-EAST,11,57.15,0.72,yes,294,0.03,2.63,GEUP2024536,Independents,10809,TRUE,1,,,,,,0,FALSE,FALSE,FALSE,8th Pass,Labourer or Daily Wage,Taxi Driver,,,Lok Sabha Election (GE)
Uttar_Pradesh,17,61,2019,4,0,4,7,PANKAJ DUBEY,M,LOGAP,7345,GEN,1054539,1845223,BASTI,GEN,NORTH-EAST,11,57.15,0.7,yes,1755,0.17,2.63,GEUP179786,Local Party,5013,TRUE,1,,,,,,0,FALSE,FALSE,FALSE,Post Graduate,Agriculture,,,,Lok Sabha Election (GE)
Uttar_Pradesh,17,61,2019,4,0,4,8,BHAGWANDAS,M,IND,5590,,1054539,1845223,BASTI,GEN,NORTH-EAST,11,57.15,0.53,yes,1853,0.18,2.63,GEUP2024293,Independents,10809,TRUE,1,,,,,,0,FALSE,FALSE,FALSE,8th Pass,Agriculture,,,,Lok Sabha Election (GE)
Uttar_Pradesh,17,61,2019,4,0,4,9,RAM PRASAD CHAURASIYA,M,JKiP,3737,,1054539,1845223,BASTI,GEN,NORTH-EAST,11,57.15,0.35,yes,555,0.05,2.63,GEUP179787,Local Party,4534,TRUE,1,,,,,,0,FALSE,FALSE,FALSE,Graduate Professional,Liberal Profession or Professional,Lawyer,,,Lok Sabha Election (GE)
Uttar_Pradesh,17,61,2019,4,0,4,10,ROHIT KUMAR PATHAK,M,HND,3182,,1054539,1845223,BASTI,GEN,NORTH-EAST,11,57.15,0.3,yes,12,0,2.63,GEUP2024547,Local Party,3288,TRUE,1,,,,,,0,FALSE,FALSE,FALSE,12th Pass,Agriculture,,Social Work,,Lok Sabha Election (GE)
Uttar_Pradesh,17,61,2019,4,0,4,11,CHANDRA MANI PANDEY,M,IND,3170,GEN,1054539,1845223,BASTI,GEN,NORTH-EAST,11,57.15,0.3,yes,490,0.05,2.63,AEUP201231,Independents,10809,TRUE,1,,,,,,0,FALSE,FALSE,FALSE,Post Graduate,Agriculture,,,,Lok Sabha Election (GE)
Uttar_Pradesh,17,61,2019,4,0,4,12,PRAMOD SHUKLA,M,RAPI,2680,,1054539,1845223,BASTI,GEN,NORTH-EAST,11,57.15,0.25,yes,0,0,2.63,GEUP2024488,Local Party,24455,TRUE,1,,,,,,0,FALSE,FALSE,FALSE,8th Pass,Unemployed,,,,Lok Sabha Election (GE)
Uttar_Pradesh,17,62,2019,4,0,4,1,PRAVEEN KUMAR NISHAD,M,BJP,467543,GEN,1063390,1962903,SANT KABIR NAGAR,GEN,NORTH-EAST,7,54.17,43.97,no,35749,3.36,2.78,GEUP84076,National Party,1605,TRUE,2,SP,7425,GORAKHPUR,FALSE,FALSE,2,TRUE,TRUE,TRUE,Graduate Professional,Agriculture,,,,Lok Sabha Election (GE)
Uttar_Pradesh,17,62,2019,4,0,4,2,BHEESHMA SHANKAR,M,BSP,431794,GEN,1063390,1962903,SANT KABIR NAGAR,GEN,NORTH-EAST,7,54.17,40.61,no,303288,28.52,2.78,GEUP2024296,State-based Party,16651,TRUE,1,,,,,,0,FALSE,FALSE,FALSE,12th Pass,Business,,Agriculture,,Lok Sabha Election (GE)
Uttar_Pradesh,17,62,2019,4,0,4,3,BHAL CHANDRA YADAV,M,INC,128506,GEN,1063390,1962903,SANT KABIR NAGAR,GEN,NORTH-EAST,7,54.17,12.08,yes,115875,10.9,2.78,GEUP67588,National Party,3482,TRUE,7,SP,7425,SANT KABIR NAGAR,TRUE,FALSE,2,TRUE,FALSE,TRUE,Graduate,Business,Agricultural Business,Agriculture,,Lok Sabha Election (GE)
Uttar_Pradesh,17,62,2019,4,0,4,4,NOTA,,NOTA,12631,,1063390,1962903,SANT KABIR NAGAR,GEN,NORTH-EAST,7,54.17,1.19,,4606,0.43,2.78,,NOTA,5897,TRUE,,,,,,,,,,,,,,,,Lok Sabha Election (GE)
Uttar_Pradesh,17,62,2019,4,0,4,5,AKHILESH KUMAR,M,MADP,8025,,1063390,1962903,SANT KABIR NAGAR,GEN,NORTH-EAST,7,54.17,0.75,yes,1093,0.1,2.78,GEUP179788,Local Party,11563,TRUE,1,,,,,,0,FALSE,FALSE,FALSE,Graduate,Business,,,,Lok Sabha Election (GE)
Uttar_Pradesh,17,62,2019,4,0,4,6,RAJENDRA YADAV,M,IND,6932,GEN,1063390,1962903,SANT KABIR NAGAR,GEN,NORTH-EAST,7,54.17,0.65,yes,2945,0.28,2.78,GEUP2024509,Independents,10809,TRUE,1,,,,,,0,FALSE,FALSE,FALSE,Post Graduate,Former Government,Ex Military,,,Lok Sabha Election (GE)
Uttar_Pradesh,17,62,2019,4,0,4,7,ANAND KUMAR GAUTAM,M,BMUP,3987,,1063390,1962903,SANT KABIR NAGAR,GEN,NORTH-EAST,7,54.17,0.37,yes,15,0,2.78,GEUP179789,Local Party,1074,TRUE,1,,,,,,0,FALSE,FALSE,FALSE,Graduate,Agriculture,,,,Lok Sabha Election (GE)
Uttar_Pradesh,17,62,2019,4,0,4,8,LOTAN,M,IND,3972,,1063390,1962903,SANT KABIR NAGAR,GEN,NORTH-EAST,7,54.17,0.37,yes,0,0,2.78,GEUP2024409,Independents,10809,TRUE,1,,,,,,0,FALSE,FALSE,FALSE,Graduate,Agriculture,,,,Lok Sabha Election (GE)
Uttar_Pradesh,17,63,2019,4,0,4,1,PANKAJ CHOUDHARY,M,BJP,726349,GEN,1226916,1915408,MAHARAJGANJ,GEN,DOAB,14,64.06,59.2,no,340424,27.75,2.22,GEUP48371,National Party,1605,TRUE,8,BJP,1605,MAHARAJGANJ,TRUE,TRUE,6,FALSE,TRUE,TRUE,12th Pass,Business,Private Company,,,Lok Sabha Election (GE)
Uttar_Pradesh,17,63,2019,4,0,4,2,AKHILESH,M,SP,385925,GEN,1226916,1915408,MAHARAJGANJ,GEN,DOAB,14,64.06,31.45,no,313409,25.54,2.22,GEUP61536,State-based Party,7425,TRUE,4,SP,7425,MAHARAJGANJ,TRUE,TRUE,0,FALSE,FALSE,TRUE,Graduate,Retired or Pension,,Agriculture,,Lok Sabha Election (GE)
Uttar_Pradesh,17,63,2019,4,0,4,3,SUPRIYA SHRINATE,F,INC,72516,,1226916,1915408,MAHARAJGANJ,GEN,DOAB,14,64.06,5.91,yes,62038,5.06,2.22,GEUP179790,National Party,3482,TRUE,1,,,,,,0,FALSE,FALSE,FALSE,Post Graduate,Liberal Profession or Professional,Journalist or Editor,Politics,,Lok Sabha Election (GE)
Uttar_Pradesh,17,63,2019,4,0,4,4,NOTA,,NOTA,10478,,1226916,1915408,MAHARAJGANJ,GEN,DOAB,14,64.06,0.85,,5091,0.41,2.22,,NOTA,5897,TRUE,,,,,,,,,,,,,,,,Lok Sabha Election (GE)
Uttar_Pradesh,17,63,2019,4,0,4,5,LALDHARI YADAV,M,IND,5387,GEN,1226916,1915408,MAHARAJGANJ,GEN,DOAB,14,64.06,0.44,yes,204,0.02,2.22,GEUP179791,Independents,10809,TRUE,1,,,,,,0,FALSE,FALSE,FALSE,Post Graduate,Agriculture,,,,Lok Sabha Election (GE)
Uttar_Pradesh,17,63,2019,4,0,4,6,SUMIT,M,JKiP,5183,,1226916,1915408,MAHARAJGANJ,GEN,DOAB,14,64.06,0.42,yes,1311,0.11,2.22,GEUP2024613,Local Party,4534,TRUE,1,,,,,,0,FALSE,FALSE,FALSE,Graduate,Agriculture,,,,Lok Sabha Election (GE)
Uttar_Pradesh,17,63,2019,4,0,4,7,PANNELAL,M,IND,3872,,1226916,1915408,MAHARAJGANJ,GEN,DOAB,14,64.06,0.32,yes,806,0.07,2.22,GEUP179792,Independents,10809,TRUE,1,,,,,,0,FALSE,FALSE,FALSE,8th Pass,Agriculture,,,,Lok Sabha Election (GE)
Uttar_Pradesh,17,63,2019,4,0,4,8,MOHANKUMAR,M,IND,3066,,1226916,1915408,MAHARAJGANJ,GEN,DOAB,14,64.06,0.25,yes,209,0.02,2.22,GEUP2024443,Independents,10809,TRUE,1,,,,,,0,FALSE,FALSE,FALSE,,,,,,Lok Sabha Election (GE)
Uttar_Pradesh,17,63,2019,4,0,4,9,PAPPU CHAUHAN,M,SATKP,2857,,1226916,1915408,MAHARAJGANJ,GEN,DOAB,14,64.06,0.23,yes,603,0.05,2.22,GEUP179793,Local Party,18882,TRUE,1,,,,,,0,FALSE,FALSE,FALSE,12th Pass,Other,,,,Lok Sabha Election (GE)
Uttar_Pradesh,17,63,2019,4,0,4,10,AMARJEET,M,IND,2254,,1226916,1915408,MAHARAJGANJ,GEN,DOAB,14,64.06,0.18,yes,18,0,2.22,GEUP2024253,Independents,10809,TRUE,1,,,,,,0,FALSE,FALSE,FALSE,12th Pass,Agriculture,,,,Lok Sabha Election (GE)
Uttar_Pradesh,17,63,2019,4,0,4,11,PRAMOD KUMAR,M,IND,2236,,1226916,1915408,MAHARAJGANJ,GEN,DOAB,14,64.06,0.18,yes,194,0.02,2.22,GEUP179794,Independents,10809,TRUE,1,,,,,,0,FALSE,FALSE,FALSE,Graduate,Agriculture,,,,Lok Sabha Election (GE)
Uttar_Pradesh,17,63,2019,4,0,4,12,ANEEL KUMAR,M,IND,2042,,1226916,1915408,MAHARAJGANJ,GEN,DOAB,14,64.06,0.17,yes,256,0.02,2.22,GEUP2024259,Independents,10809,TRUE,1,,,,,,0,FALSE,FALSE,FALSE,Post Graduate,Business,,Agriculture,,Lok Sabha Election (GE)
Uttar_Pradesh,17,63,2019,4,0,4,13,MANOJ KUMAR RANA,M,BSUSP,1786,,1226916,1915408,MAHARAJGANJ,GEN,DOAB,14,64.06,0.15,yes,252,0.02,2.22,GEUP179795,Local Party,24456,TRUE,1,,,,,,0,FALSE,FALSE,FALSE,12th Pass,Retired or Pension,,,,Lok Sabha Election (GE)
Uttar_Pradesh,17,63,2019,4,0,4,14,MANISH,M,BMUP,1534,,1226916,1915408,MAHARAJGANJ,GEN,DOAB,14,64.06,0.13,yes,103,0.01,2.22,GEUP2024426,Local Party,1074,TRUE,1,,,,,,0,FALSE,FALSE,FALSE,Graduate Professional,Agriculture,,,,Lok Sabha Election (GE)
Uttar_Pradesh,17,63,2019,4,0,4,15,SHIV CHARAN,M,jhspt,1431,,1226916,1915408,MAHARAJGANJ,GEN,DOAB,14,64.06,0.12,yes,0,0,2.22,GEUP13044,Local Party,16127,TRUE,2,jhspt,16127,MAHARAJGANJ,TRUE,TRUE,0,FALSE,FALSE,TRUE,Post Graduate,Other,,,,Lok Sabha Election (GE)
Uttar_Pradesh,17,64,2019,4,0,4,1,Ravindra Shyamnarayan Shukla alias Ravi Kishan,M,BJP,717122,,1184635,1981197,GORAKHPUR,GEN,NORTH-EAST,10,59.79,60.54,no,301664,25.46,2.04,GEUP2024540,National Party,1605,TRUE,1,,,,,,1,FALSE,FALSE,FALSE,12th Pass,Liberal Profession or Professional,Actor,,,Lok Sabha Election (GE)
Uttar_Pradesh,17,64,2019,4,0,4,2,Rambhual Nishad,M,SP,415458,GEN,1184635,1981197,GORAKHPUR,GEN,NORTH-EAST,10,59.79,35.07,no,392486,33.13,2.04,AEUP105885,State-based Party,7425,TRUE,2,BSP,16651,GORAKHPUR,TRUE,FALSE,0,TRUE,FALSE,FALSE,Graduate,Politics,Ex MLA,Agriculture,,Lok Sabha Election (GE)
Uttar_Pradesh,17,64,2019,4,0,4,3,Madhusudan Tripathi,M,INC,22972,,1184635,1981197,GORAKHPUR,GEN,NORTH-EAST,10,59.79,1.94,yes,14800,1.25,2.04,GEUP2024413,National Party,3482,TRUE,1,,,,,,0,FALSE,FALSE,FALSE,Graduate Professional,Liberal Profession or Professional,Lawyer,,,Lok Sabha Election (GE)
Uttar_Pradesh,17,64,2019,4,0,4,4,Dr. Ashish Kumar Singh,M,CPI,8172,,1184635,1981197,GORAKHPUR,GEN,NORTH-EAST,10,59.79,0.69,yes,484,0.04,2.04,GEUP179797,State-based Party (Other State),2444,TRUE,1,,,,,,0,FALSE,FALSE,FALSE,Graduate Professional,Liberal Profession or Professional,Doctor,,,Lok Sabha Election (GE)
Uttar_Pradesh,17,64,2019,4,0,4,5,NOTA,,NOTA,7688,,1184635,1981197,GORAKHPUR,GEN,NORTH-EAST,10,59.79,0.65,,3369,0.28,2.04,,NOTA,5897,TRUE,,,,,,,,,,,,,,,,Lok Sabha Election (GE)
Uttar_Pradesh,17,64,2019,4,0,4,6,Abhishek Chand,M,SBSP,4319,,1184635,1981197,GORAKHPUR,GEN,NORTH-EAST,10,59.79,0.36,yes,1611,0.14,2.04,GEUP179798,Local Party,18721,TRUE,1,,,,,,0,FALSE,FALSE,FALSE,Post Graduate,Business,,,,Lok Sabha Election (GE)
Uttar_Pradesh,17,64,2019,4,0,4,7,Shyamnarayan Yadav,M,PSPL,2708,GEN,1184635,1981197,GORAKHPUR,GEN,NORTH-EAST,10,59.79,0.23,yes,726,0.06,2.04,GEUP2024606,Local Party,17283,TRUE,1,,,,,,0,FALSE,FALSE,FALSE,12th Pass,Agriculture,,,,Lok Sabha Election (GE)
Uttar_Pradesh,17,64,2019,4,0,4,8,Subhash Chandra Dubey,M,SP(I),1982,,1184635,1981197,GORAKHPUR,GEN,NORTH-EAST,10,59.79,0.17,yes,410,0.03,2.04,GEUP179799,Local Party,8030,TRUE,1,,,,,,0,FALSE,FALSE,FALSE,Post Graduate,Social Work,,,,Lok Sabha Election (GE)
Uttar_Pradesh,17,64,2019,4,0,4,9,Jitendra Kumar,M,JD,1572,,1184635,1981197,GORAKHPUR,GEN,NORTH-EAST,10,59.79,0.13,yes,236,0.02,2.04,GEUP2024381,Local Party,18892,TRUE,1,,,,,,0,FALSE,FALSE,FALSE,12th Pass,Labourer or Daily Wage,,,,Lok Sabha Election (GE)
Uttar_Pradesh,17,64,2019,4,0,4,10,Jai Prakash Mishra,M,RAPI,1336,,1184635,1981197,GORAKHPUR,GEN,NORTH-EAST,10,59.79,0.11,yes,30,0,2.04,GEUP179800,Local Party,24455,TRUE,1,,,,,,0,FALSE,FALSE,FALSE,Graduate,Education,School Teacher,,,Lok Sabha Election (GE)
Uttar_Pradesh,17,64,2019,4,0,4,11,Awadhesh Kumar Singh,M,SHF,1306,,1184635,1981197,GORAKHPUR,GEN,NORTH-EAST,10,59.79,0.11,yes,0,0,2.04,GEUP2024285,Local Party,24457,TRUE,1,,,,,,0,FALSE,FALSE,FALSE,Doctorate,Liberal Profession or Professional,Doctor,,,Lok Sabha Election (GE)
Uttar_Pradesh,17,65,2019,4,0,4,1,VIJAY KUMAR DUBEY,M,BJP,597039,,1053117,1761564,KUSHI NAGAR,GEN,NORTH-EAST,14,59.78,56.69,no,337560,32.05,2.5,GEUP179801,National Party,1605,TRUE,1,,,,,,1,FALSE,FALSE,FALSE,12th Pass,Retired or Pension,,Agriculture,,Lok Sabha Election (GE)
Uttar_Pradesh,17,65,2019,4,0,4,2,N.P. KUSHWAHA ALIAS NATHUNI PRASAD KUSHWAHA,M,SP,259479,,1053117,1761564,KUSHI NAGAR,GEN,NORTH-EAST,14,59.78,24.64,no,113328,10.76,2.5,AEUP62492,State-based Party,7425,TRUE,1,,,,,,0,FALSE,FALSE,FALSE,Post Graduate,Business,,Agriculture,,Lok Sabha Election (GE)
Uttar_Pradesh,17,65,2019,4,0,4,3,KUNWER RATANJIT PRATAP NARAYAN SINGH,M,INC,146151,,1053117,1761564,KUSHI NAGAR,GEN,NORTH-EAST,14,59.78,13.88,yes,137610,13.07,2.5,AEUP62463,National Party,3482,TRUE,10,INC,3482,KUSHI NAGAR,TRUE,TRUE,3,FALSE,FALSE,TRUE,Graduate,Agriculture,,,,Lok Sabha Election (GE)
Uttar_Pradesh,17,65,2019,4,0,4,4,AMIRUDDIN,M,ADUP,8541,,1053117,1761564,KUSHI NAGAR,GEN,NORTH-EAST,14,59.78,0.81,yes,87,0.01,2.5,GEUP13151,Local Party,15711,TRUE,3,ADUP,15711,KUSHI NAGAR,TRUE,TRUE,0,FALSE,FALSE,TRUE,Graduate,Agriculture,,,,Lok Sabha Election (GE)
Uttar_Pradesh,17,65,2019,4,0,4,5,RAJIV,M,SBSP,8454,,1053117,1761564,KUSHI NAGAR,GEN,NORTH-EAST,14,59.78,0.8,yes,157,0.01,2.5,GEUP179802,Local Party,18721,TRUE,1,,,,,,0,FALSE,FALSE,FALSE,Graduate,Agricultural Labour,,,,Lok Sabha Election (GE)
Uttar_Pradesh,17,65,2019,4,0,4,6,NOTA,,NOTA,8297,,1053117,1761564,KUSHI NAGAR,GEN,NORTH-EAST,14,59.78,0.79,,2416,0.23,2.5,,NOTA,5897,TRUE,,,,,,,,,,,,,,,,Lok Sabha Election (GE)
Uttar_Pradesh,17,65,2019,4,0,4,7,GUDDI KINNAR,O,IND,5881,,1053117,1761564,KUSHI NAGAR,GEN,NORTH-EAST,14,59.78,0.56,yes,2363,0.22,2.5,GEUP179803,Independents,10809,TRUE,1,,,,,,0,FALSE,FALSE,FALSE,Literate,Liberal Profession or Professional,Musician or Artist,,,Lok Sabha Election (GE)
Uttar_Pradesh,17,65,2019,4,0,4,8,SHIV KUMAR,M,IND,3518,,1053117,1761564,KUSHI NAGAR,GEN,NORTH-EAST,14,59.78,0.33,yes,446,0.04,2.5,GEUP2024589,Independents,10809,TRUE,1,,,,,,0,FALSE,FALSE,FALSE,10th Pass,Business,,,,Lok Sabha Election (GE)
Uttar_Pradesh,17,65,2019,4,0,4,9,P.C. KUREEL,M,INL,3072,SC,1053117,1761564,KUSHI NAGAR,GEN,NORTH-EAST,14,59.78,0.29,yes,313,0.03,2.5,GEUP14883,Local Party,3842,TRUE,2,INL,3842,BARABANKI,FALSE,TRUE,0,FALSE,FALSE,TRUE,12th Pass,Retired or Pension,,,,Lok Sabha Election (GE)
Uttar_Pradesh,17,65,2019,4,0,4,10,LALITA,F,ABNNP,2759,,1053117,1761564,KUSHI NAGAR,GEN,NORTH-EAST,14,59.78,0.26,yes,44,0,2.5,GEUP2024405,Local Party,24458,TRUE,1,,,,,,0,FALSE,FALSE,FALSE,Post Graduate,Agriculture,,,,Lok Sabha Election (GE)
Uttar_Pradesh,17,65,2019,4,0,4,11,USMAN,M,PECP,2715,,1053117,1761564,KUSHI NAGAR,GEN,NORTH-EAST,14,59.78,0.26,yes,346,0.03,2.5,GEUP179804,Local Party,5995,TRUE,1,,,,,,0,FALSE,FALSE,FALSE,Literate,Agriculture,,,,Lok Sabha Election (GE)
Uttar_Pradesh,17,65,2019,4,0,4,12,RAM PRATAP,M,PMPT,2369,,1053117,1761564,KUSHI NAGAR,GEN,NORTH-EAST,14,59.78,0.22,yes,538,0.05,2.5,GEUP2024520,Local Party,6283,TRUE,1,,,,,,0,FALSE,FALSE,FALSE,8th Pass,Religious Occupation,Priest,,,Lok Sabha Election (GE)
Uttar_Pradesh,17,65,2019,4,0,4,13,DR GANESH,M,ABGP,1831,,1053117,1761564,KUSHI NAGAR,GEN,NORTH-EAST,14,59.78,0.17,yes,226,0.02,2.5,GEUP179805,Local Party,399,TRUE,1,,,,,,0,FALSE,FALSE,FALSE,Graduate Professional,Business,,,,Lok Sabha Election (GE)
Uttar_Pradesh,17,65,2019,4,0,4,14,UMESH SINGH,M,BSCP,1605,,1053117,1761564,KUSHI NAGAR,GEN,NORTH-EAST,14,59.78,0.15,yes,199,0.02,2.5,GEUP2024635,Local Party,2047,TRUE,1,,,,,,0,FALSE,FALSE,FALSE,10th Pass,Business,Real Estate or Builder or Developer or Construction,,,Lok Sabha Election (GE)
Uttar_Pradesh,17,65,2019,4,0,4,15,ARVIND YADAV,M,CPIM,1406,GEN,1053117,1761564,KUSHI NAGAR,GEN,NORTH-EAST,14,59.78,0.13,yes,0,0,2.5,GEUP179806,Local Party,2560,TRUE,1,,,,,,0,FALSE,FALSE,FALSE,Graduate,Small Business or Self-employed,,,,Lok Sabha Election (GE)
Uttar_Pradesh,17,66,2019,4,0,4,1,RAMAPATI RAM TRIPATHI,M,BJP,580644,,1015363,1754195,DEORIA,GEN,NORTH-EAST,11,57.88,57.19,no,249931,24.61,2.27,AEUP71034,National Party,1605,TRUE,1,,,,,,1,FALSE,FALSE,FALSE,Graduate Professional,Liberal Profession or Professional,Doctor,,,Lok Sabha Election (GE)
Uttar_Pradesh,17,66,2019,4,0,4,2,BINOD KUMAR JAISWAL,M,BSP,330713,,1015363,1754195,DEORIA,GEN,NORTH-EAST,11,57.88,32.57,no,279657,27.54,2.27,GEUP179807,State-based Party,16651,TRUE,1,,,,,,0,FALSE,FALSE,FALSE,,,,,,Lok Sabha Election (GE)
Uttar_Pradesh,17,66,2019,4,0,4,3,NIYAZ AHMED,M,INC,51056,,1015363,1754195,DEORIA,GEN,NORTH-EAST,11,57.88,5.03,yes,37635,3.71,2.27,GEUP2024466,National Party,3482,TRUE,1,,,,,,0,FALSE,FALSE,FALSE,,,,,,Lok Sabha Election (GE)
Uttar_Pradesh,17,66,2019,4,0,4,4,NOTA,,NOTA,13421,,1015363,1754195,DEORIA,GEN,NORTH-EAST,11,57.88,1.32,,5257,0.52,2.27,,NOTA,5897,TRUE,,,,,,,,,,,,,,,,Lok Sabha Election (GE)
Uttar_Pradesh,17,66,2019,4,0,4,5,ISRAR AHAMAD,M,BAEP,8164,,1015363,1754195,DEORIA,GEN,NORTH-EAST,11,57.88,0.8,yes,262,0.03,2.27,GEUP2024374,Local Party,24459,TRUE,1,,,,,,0,FALSE,FALSE,FALSE,Graduate,Agriculture,,,,Lok Sabha Election (GE)
Uttar_Pradesh,17,66,2019,4,0,4,6,RAMASHISH RAI,M,IND,7902,,1015363,1754195,DEORIA,GEN,NORTH-EAST,11,57.88,0.78,yes,2200,0.22,2.27,GEUP179808,Independents,10809,TRUE,1,,,,,,0,FALSE,FALSE,FALSE,Post Graduate,Agriculture,,,,Lok Sabha Election (GE)
Uttar_Pradesh,17,66,2019,4,0,4,7,BRIJENDRA MANI TRIPATHI,M,IND,5702,,1015363,1754195,DEORIA,GEN,NORTH-EAST,11,57.88,0.56,yes,834,0.08,2.27,GEUP2024304,Independents,10809,TRUE,1,,,,,,0,FALSE,FALSE,FALSE,Graduate,Politics,Panchayat Member,Agriculture,,Lok Sabha Election (GE)
Uttar_Pradesh,17,66,2019,4,0,4,8,JITENDRA,M,SBSP,4868,,1015363,1754195,DEORIA,GEN,NORTH-EAST,11,57.88,0.48,yes,906,0.09,2.27,GEUP179809,Local Party,18721,TRUE,1,,,,,,0,FALSE,FALSE,FALSE,Literate,Agriculture,,,,Lok Sabha Election (GE)
Uttar_Pradesh,17,66,2019,4,0,4,9,MANOJ KUMAR MISHRA,M,MNVP,3962,,1015363,1754195,DEORIA,GEN,NORTH-EAST,11,57.88,0.39,yes,657,0.06,2.27,GEUP2024433,Local Party,5351,TRUE,1,,,,,,0,FALSE,FALSE,FALSE,Graduate,Agriculture,,,,Lok Sabha Election (GE)
Uttar_Pradesh,17,66,2019,4,0,4,10,CHANDAN KUMAR YADAV,M,RUC,3305,GEN,1015363,1754195,DEORIA,GEN,NORTH-EAST,11,57.88,0.33,yes,96,0.01,2.27,GEUP179810,Local Party,6870,TRUE,1,,,,,,0,FALSE,FALSE,FALSE,Graduate,Labourer or Daily Wage,,Agriculture,,Lok Sabha Election (GE)
Uttar_Pradesh,17,66,2019,4,0,4,11,BIRJA,M,PECP,3209,,1015363,1754195,DEORIA,GEN,NORTH-EAST,11,57.88,0.32,yes,792,0.08,2.27,AEUP105942,Local Party,5995,TRUE,1,,,,,,0,FALSE,FALSE,FALSE,Literate,Agriculture,,,,Lok Sabha Election (GE)
Uttar_Pradesh,17,66,2019,4,0,4,12,ONKAR SINGH,M,SaSaP,2417,,1015363,1754195,DEORIA,GEN,NORTH-EAST,11,57.88,0.24,yes,0,0,2.27,GEUP179811,Local Party,16526,TRUE,2,SaSaP,16526,SALEMPUR,FALSE,TRUE,0,FALSE,FALSE,TRUE,Post Graduate,Liberal Profession or Professional,Lawyer,,,Lok Sabha Election (GE)
Uttar_Pradesh,17,67,2019,4,0,4,1,Kamlesh Paswan,M,BJP,546673,SC,969136,1751258,BANSGAON,SC,NORTH-EAST,4,55.34,56.41,no,153468,15.84,2.08,AEUP114951,National Party,1605,TRUE,3,BJP,1605,BANSGAON,TRUE,TRUE,3,FALSE,TRUE,TRUE,Graduate,Business,Real Estate or Builder or Developer or Construction,Politics,MP,Lok Sabha Election (GE)
Uttar_Pradesh,17,67,2019,4,0,4,2,Sadal Prasad,M,BSP,393205,SC,969136,1751258,BANSGAON,SC,NORTH-EAST,4,55.34,40.57,no,379112,39.12,2.08,AEUP114830,State-based Party,16651,TRUE,3,BSP,16651,BANSGAON,TRUE,TRUE,0,FALSE,FALSE,TRUE,Post Graduate,Retired or Pension,,Salaried Work or Employed,,Lok Sabha Election (GE)
Uttar_Pradesh,17,67,2019,4,0,4,3,NOTA,,NOTA,14093,,969136,1751258,BANSGAON,SC,NORTH-EAST,4,55.34,1.45,,5376,0.55,2.08,,NOTA,5897,TRUE,,,,,,,,,,,,,,,,Lok Sabha Election (GE)
Uttar_Pradesh,17,67,2019,4,0,4,4,Surendra Prasad,M,PSPL,8717,SC,969136,1751258,BANSGAON,SC,NORTH-EAST,4,55.34,0.9,yes,2269,0.23,2.08,GEUP179812,Local Party,17283,TRUE,1,,,,,,0,FALSE,FALSE,FALSE,8th Pass,Small Business or Self-employed,,,,Lok Sabha Election (GE)
Uttar_Pradesh,17,67,2019,4,0,4,5,Lalchand Prasad,M,IND,6448,SC,969136,1751258,BANSGAON,SC,NORTH-EAST,4,55.34,0.67,yes,0,0,2.08,GEUP2024404,Independents,10809,TRUE,1,,,,,,0,FALSE,FALSE,FALSE,,,,,,Lok Sabha Election (GE)
Uttar_Pradesh,17,68,2019,4,0,4,1,Sangeeta Azad,F,BSP,518820,SC,960568,1751980,LALGANJ,SC,EAST,15,54.83,54.01,no,161597,16.82,2.33,GEUP179813,State-based Party,16651,TRUE,1,,,,,,1,FALSE,FALSE,FALSE,Graduate Professional,Business,,Agriculture,,Lok Sabha Election (GE)
Uttar_Pradesh,17,68,2019,4,0,4,2,Neelam Sonker,F,BJP,357223,SC,960568,1751980,LALGANJ,SC,EAST,15,54.83,37.19,no,339296,35.32,2.33,GEUP13213,National Party,1605,TRUE,3,BJP,1605,LALGANJ,TRUE,TRUE,1,FALSE,TRUE,TRUE,Post Graduate,Politics,MP,,,Lok Sabha Election (GE)
Uttar_Pradesh,17,68,2019,4,0,4,3,Dr. Deelip Kumar Saroj,M,SBSP,17927,SC,960568,1751980,LALGANJ,SC,EAST,15,54.83,1.87,yes,297,0.03,2.33,GEUP179814,Local Party,18721,TRUE,1,,,,,,0,FALSE,FALSE,FALSE,Doctorate,Education,School Teacher,,,Lok Sabha Election (GE)
Uttar_Pradesh,17,68,2019,4,0,4,4,Pankaj Mohan Sonkar,M,INC,17630,SC,960568,1751980,LALGANJ,SC,EAST,15,54.83,1.84,yes,8787,0.91,2.33,GEUP2024471,National Party,3482,TRUE,1,,,,,,0,FALSE,FALSE,FALSE,Graduate,Business,,,,Lok Sabha Election (GE)
Uttar_Pradesh,17,68,2019,4,0,4,5,Trilokinath,M,CPI,8843,SC,960568,1751980,LALGANJ,SC,EAST,15,54.83,0.92,yes,1518,0.16,2.33,GEUP179815,State-based Party (Other State),2444,TRUE,1,,,,,,0,FALSE,FALSE,FALSE,12th Pass,Agriculture,,,,Lok Sabha Election (GE)
Uttar_Pradesh,17,68,2019,4,0,4,6,Ramchandar,M,IND,7325,SC,960568,1751980,LALGANJ,SC,EAST,15,54.83,0.76,yes,1232,0.13,2.33,GEUP2024527,Independents,10809,TRUE,1,,,,,,0,FALSE,FALSE,FALSE,5th Pass,Agriculture,,,,Lok Sabha Election (GE)
Uttar_Pradesh,17,68,2019,4,0,4,7,Radheshyam Gautam,M,RUC,6093,SC,960568,1751980,LALGANJ,SC,EAST,15,54.83,0.63,yes,1033,0.11,2.33,GEUP179816,Local Party,6870,TRUE,1,,,,,,0,FALSE,FALSE,FALSE,8th Pass,Agriculture,,,,Lok Sabha Election (GE)
Uttar_Pradesh,17,68,2019,4,0,4,8,NOTA,,NOTA,5060,,960568,1751980,LALGANJ,SC,EAST,15,54.83,0.53,,540,0.06,2.33,,NOTA,5897,TRUE,,,,,,,,,,,,,,,,Lok Sabha Election (GE)
Uttar_Pradesh,17,68,2019,4,0,4,9,Engineer Ajeet Sonkar,M,AAAP,4520,SC,960568,1751980,LALGANJ,SC,EAST,15,54.83,0.47,yes,1238,0.13,2.33,GEUP179817,State-based Party (Other State),13,TRUE,1,,,,,,0,FALSE,FALSE,FALSE,Post Graduate,Other,,,,Lok Sabha Election (GE)
Uttar_Pradesh,17,68,2019,4,0,4,10,Subash Saroj,M,IND,3282,SC,960568,1751980,LALGANJ,SC,EAST,15,54.83,0.34,yes,50,0.01,2.33,GEUP2024609,Independents,10809,TRUE,1,,,,,,0,FALSE,FALSE,FALSE,10th Pass,Agriculture,,,,Lok Sabha Election (GE)
Uttar_Pradesh,17,68,2019,4,0,4,11,Akhilesh,M,IND,3232,SC,960568,1751980,LALGANJ,SC,EAST,15,54.83,0.34,yes,69,0.01,2.33,GEUP179818,Independents,10809,TRUE,1,,,,,,0,FALSE,FALSE,FALSE,12th Pass,Agricultural Labour,,,,Lok Sabha Election (GE)
Uttar_Pradesh,17,68,2019,4,0,4,12,Santosh Kumar,M,IND,3163,SC,960568,1751980,LALGANJ,SC,EAST,15,54.83,0.33,yes,843,0.09,2.33,GEUP2024566,Independents,10809,TRUE,1,,,,,,0,FALSE,FALSE,FALSE,Graduate Professional,Agriculture,,,,Lok Sabha Election (GE)
Uttar_Pradesh,17,68,2019,4,0,4,13,Hemraj Paswan,M,PSPL,2320,SC,960568,1751980,LALGANJ,SC,EAST,15,54.83,0.24,yes,440,0.05,2.33,GEUP179819,Local Party,17283,TRUE,1,,,,,,0,FALSE,FALSE,FALSE,Post Graduate,Agriculture,,,,Lok Sabha Election (GE)
Uttar_Pradesh,17,68,2019,4,0,4,14,Lcchiman Kannooizya,M,PRJP,1880,SC,960568,1751980,LALGANJ,SC,EAST,15,54.83,0.2,yes,238,0.02,2.33,GEUP2024408,Local Party,24460,TRUE,1,,,,,,0,FALSE,FALSE,FALSE,Literate,Agriculture,,,,Lok Sabha Election (GE)
Uttar_Pradesh,17,68,2019,4,0,4,15,Pintoo,M,KBD,1642,SC,960568,1751980,LALGANJ,SC,EAST,15,54.83,0.17,yes,34,0,2.33,GEUP179820,Local Party,24442,TRUE,1,,,,,,0,FALSE,FALSE,FALSE,10th Pass,Agriculture,,,,Lok Sabha Election (GE)
Uttar_Pradesh,17,68,2019,4,0,4,16,Chandrashekhar,M,BHAPRAP,1608,SC,960568,1751980,LALGANJ,SC,EAST,15,54.83,0.17,yes,0,0,2.33,GEUP2024311,Local Party,18101,TRUE,1,,,,,,0,FALSE,FALSE,FALSE,Post Graduate,Social Work,,,,Lok Sabha Election (GE)
Uttar_Pradesh,17,69,2019,4,0,4,1,Akhilesh Yadav,M,SP,621578,GEN,1029112,1789168,AZAMGARH,GEN,EAST,15,57.52,60.4,no,259874,25.25,2.08,GEUP84124,State-based Party,7425,TRUE,4,SP,7425,FIROZABAD | KANNAUJ,FALSE,TRUE,5,FALSE,FALSE,FALSE,Graduate Professional,Agriculture,,Social Work,,Lok Sabha Election (GE)
Uttar_Pradesh,17,69,2019,4,0,4,2,Dinesh Lal Yadav Nirahua,M,BJP,361704,GEN,1029112,1789168,AZAMGARH,GEN,EAST,15,57.52,35.15,no,351626,34.17,2.08,GEUP2024336,National Party,1605,TRUE,1,,,,,,0,FALSE,FALSE,FALSE,12th Pass,Liberal Profession or Professional,Actor,,,Lok Sabha Election (GE)
Uttar_Pradesh,17,69,2019,4,0,4,3,Abhimanyu Singh Sunny,M,SBSP,10078,,1029112,1789168,AZAMGARH,GEN,EAST,15,57.52,0.98,yes,2823,0.27,2.08,GEUP179821,Local Party,18721,TRUE,1,,,,,,0,FALSE,FALSE,FALSE,Post Graduate,Agriculture,,,,Lok Sabha Election (GE)
Uttar_Pradesh,17,69,2019,4,0,4,4,NOTA,,NOTA,7255,,1029112,1789168,AZAMGARH,GEN,EAST,15,57.52,0.7,,492,0.05,2.08,,NOTA,5897,TRUE,,,,,,,,,,,,,,,,Lok Sabha Election (GE)
Uttar_Pradesh,17,69,2019,4,0,4,5,Anil Singh,M,RUC,6763,,1029112,1789168,AZAMGARH,GEN,EAST,15,57.52,0.66,yes,3024,0.29,2.08,GEUP179822,Local Party,6870,TRUE,1,,,,,,0,FALSE,FALSE,FALSE,12th Pass,Agriculture,,,,Lok Sabha Election (GE)
Uttar_Pradesh,17,69,2019,4,0,4,6,Dr. Rajeev Pandey,M,IND,3739,GEN,1029112,1789168,AZAMGARH,GEN,EAST,15,57.52,0.36,yes,591,0.06,2.08,GEUP2024343,Independents,10809,TRUE,1,,,,,,0,FALSE,FALSE,FALSE,Post Graduate,Salaried Work or Employed,"Insurance Agent, Qualified Professional",,,Lok Sabha Election (GE)
Uttar_Pradesh,17,69,2019,4,0,4,7,Pramod Tiwari,M,JKiP,3148,,1029112,1789168,AZAMGARH,GEN,EAST,15,57.52,0.31,yes,247,0.02,2.08,GEUP179823,Local Party,4534,TRUE,1,,,,,,0,FALSE,FALSE,FALSE,8th Pass,Agriculture,,,,Lok Sabha Election (GE)
Uttar_Pradesh,17,69,2019,4,0,4,8,Mohinder Kumar,M,SaDa,2901,,1029112,1789168,AZAMGARH,GEN,EAST,15,57.52,0.28,yes,697,0.07,2.08,GEUP2024448,Local Party,16546,TRUE,1,,,,,,0,FALSE,FALSE,FALSE,12th Pass,Business,,Salaried Work or Employed,Insurance Agent,Lok Sabha Election (GE)
Uttar_Pradesh,17,69,2019,4,0,4,9,Rajiv Talwar,M,IND,2204,,1029112,1789168,AZAMGARH,GEN,EAST,15,57.52,0.21,yes,106,0.01,2.08,GEUP179824,Independents,10809,TRUE,1,,,,,,0,FALSE,FALSE,FALSE,Graduate,Agriculture,,Education,Home Teacher or Tuition,Lok Sabha Election (GE)
Uttar_Pradesh,17,69,2019,4,0,4,10,Budhi Ram,M,IND,2098,,1029112,1789168,AZAMGARH,GEN,EAST,15,57.52,0.2,yes,167,0.02,2.08,GEUP2024305,Independents,10809,TRUE,1,,,,,,0,FALSE,FALSE,FALSE,Graduate,Politics,,Agriculture,,Lok Sabha Election (GE)
Uttar_Pradesh,17,69,2019,4,0,4,11,Rajaram Gond,M,IND,1931,,1029112,1789168,AZAMGARH,GEN,EAST,15,57.52,0.19,yes,499,0.05,2.08,GEUP179825,Independents,10809,TRUE,1,,,,,,0,FALSE,FALSE,FALSE,8th Pass,Other,,,,Lok Sabha Election (GE)
Uttar_Pradesh,17,69,2019,4,0,4,12,Gaurav Singh,M,IND,1432,,1029112,1789168,AZAMGARH,GEN,EAST,15,57.52,0.14,yes,182,0.02,2.08,GEUP2024354,Independents,10809,TRUE,1,,,,,,0,FALSE,FALSE,FALSE,Graduate,Agriculture,,,,Lok Sabha Election (GE)
Uttar_Pradesh,17,69,2019,4,0,4,13,Gorakhram Nishad,M,IND,1250,GEN,1029112,1789168,AZAMGARH,GEN,EAST,15,57.52,0.12,yes,144,0.01,2.08,GEUP179826,Independents,10809,TRUE,1,,,,,,0,FALSE,FALSE,FALSE,,,,,,Lok Sabha Election (GE)
Uttar_Pradesh,17,69,2019,4,0,4,14,Pawan Singh Samrat,M,AJPI,1106,,1029112,1789168,AZAMGARH,GEN,EAST,15,57.52,0.11,yes,130,0.01,2.08,GEUP2024481,Local Party,17584,TRUE,1,,,,,,0,FALSE,FALSE,FALSE,Graduate,Agriculture,,,,Lok Sabha Election (GE)
Uttar_Pradesh,17,69,2019,4,0,4,15,Ehsan Ahmed,M,NAP,976,,1029112,1789168,AZAMGARH,GEN,EAST,15,57.52,0.09,yes,27,0,2.08,GEUP179827,Local Party,5560,TRUE,1,,,,,,0,FALSE,FALSE,FALSE,8th Pass,Business,,,,Lok Sabha Election (GE)
Uttar_Pradesh,17,69,2019,4,0,4,16,Arvind Kumar Pandey,M,NEP,949,GEN,1029112,1789168,AZAMGARH,GEN,EAST,15,57.52,0.09,yes,0,0,2.08,GEUP2024273,Local Party,16280,TRUE,1,,,,,,0,FALSE,FALSE,FALSE,Post Graduate,Business,,,,Lok Sabha Election (GE)
Uttar_Pradesh,17,70,2019,4,0,4,1,ATUL KUMAR SINGH,M,BSP,573829,,1140781,1991651,GHOSI,GEN,EAST,15,57.28,50.3,no,122568,10.74,2.44,GEUP179828,State-based Party,16651,TRUE,1,,,,,,1,FALSE,FALSE,FALSE,Graduate,Business,Private Company,,,Lok Sabha Election (GE)
Uttar_Pradesh,17,70,2019,4,0,4,2,HARINARAYAN,M,BJP,451261,GEN,1140781,1991651,GHOSI,GEN,EAST,15,57.28,39.56,no,411401,36.06,2.44,AEUP62882,National Party,1605,TRUE,2,BJP,1605,GHOSI,TRUE,TRUE,1,FALSE,TRUE,TRUE,Literate,Agriculture,,,,Lok Sabha Election (GE)
Uttar_Pradesh,17,70,2019,4,0,4,3,MAHENDRA,M,SBSP,39860,,1140781,1991651,GHOSI,GEN,EAST,15,57.28,3.49,yes,16048,1.41,2.44,GEUP179829,Local Party,18721,TRUE,1,,,,,,0,FALSE,FALSE,FALSE,10th Pass,Agriculture,,,,Lok Sabha Election (GE)
Uttar_Pradesh,17,70,2019,4,0,4,4,BALKRISHNA,M,INC,23812,GEN,1140781,1991651,GHOSI,GEN,EAST,15,57.28,2.09,yes,9168,0.8,2.44,GEUP67679,National Party,3482,TRUE,4,BSP,16651,GHOSI,TRUE,FALSE,1,TRUE,FALSE,FALSE,Post Graduate,Agriculture,,,,Lok Sabha Election (GE)
Uttar_Pradesh,17,70,2019,4,0,4,5,ATUL KUMAR SINGH,M,CPI,14644,,1140781,1991651,GHOSI,GEN,EAST,15,57.28,1.28,yes,7905,0.69,2.44,GEUP77824,State-based Party (Other State),2444,TRUE,4,CPI,2444,GHOSI,TRUE,TRUE,0,FALSE,FALSE,TRUE,Graduate Professional,Liberal Profession or Professional,Author,Agriculture,,Lok Sabha Election (GE)
Uttar_Pradesh,17,70,2019,4,0,4,6,SANTOSH,M,IND,6739,,1140781,1991651,GHOSI,GEN,EAST,15,57.28,0.59,yes,1415,0.12,2.44,GEUP2024565,Independents,10809,TRUE,1,,,,,,0,FALSE,FALSE,FALSE,Post Graduate,Small Business or Self-employed,Shop Keeper,,,Lok Sabha Election (GE)
Uttar_Pradesh,17,70,2019,4,0,4,7,NOTA,,NOTA,5324,,1140781,1991651,GHOSI,GEN,EAST,15,57.28,0.47,,410,0.04,2.44,,NOTA,5897,TRUE,,,,,,,,,,,,,,,,Lok Sabha Election (GE)
Uttar_Pradesh,17,70,2019,4,0,4,8,ABUSHAD,M,AKSP,4914,,1140781,1991651,GHOSI,GEN,EAST,15,57.28,0.43,yes,954,0.08,2.44,GEUP2024240,Local Party,18126,TRUE,1,,,,,,0,FALSE,FALSE,FALSE,Literate,Agriculture,,,,Lok Sabha Election (GE)
Uttar_Pradesh,17,70,2019,4,0,4,9,SHEFKAT TAKI,M,PECP,3960,,1140781,1991651,GHOSI,GEN,EAST,15,57.28,0.35,yes,299,0.03,2.44,GEUP179831,Local Party,5995,TRUE,1,,,,,,0,FALSE,FALSE,FALSE,Graduate,Labourer or Daily Wage,Artisan,,,Lok Sabha Election (GE)
Uttar_Pradesh,17,70,2019,4,0,4,10,RAJESH,M,IND,3661,,1140781,1991651,GHOSI,GEN,EAST,15,57.28,0.32,yes,126,0.01,2.44,GEUP2024510,Independents,10809,TRUE,1,,,,,,0,FALSE,FALSE,FALSE,10th Pass,Agriculture,,,,Lok Sabha Election (GE)
Uttar_Pradesh,17,70,2019,4,0,4,11,KISHAN LAL,M,RKSP,3535,,1140781,1991651,GHOSI,GEN,EAST,15,57.28,0.31,yes,649,0.06,2.44,GEUP179832,Local Party,12157,TRUE,1,,,,,,0,FALSE,FALSE,FALSE,12th Pass,Retired or Pension,,Agriculture,,Lok Sabha Election (GE)
Uttar_Pradesh,17,70,2019,4,0,4,12,SURJEET KUMAR,M,IND,2886,,1140781,1991651,GHOSI,GEN,EAST,15,57.28,0.25,yes,727,0.06,2.44,GEUP2024622,Independents,10809,TRUE,1,,,,,,0,FALSE,FALSE,FALSE,,,,,,Lok Sabha Election (GE)
Uttar_Pradesh,17,70,2019,4,0,4,13,SURYA KUMAR,M,IND,2159,,1140781,1991651,GHOSI,GEN,EAST,15,57.28,0.19,yes,559,0.05,2.44,GEUP179833,Independents,10809,TRUE,1,,,,,,0,FALSE,FALSE,FALSE,10th Pass,Business,,Agriculture,,Lok Sabha Election (GE)
Uttar_Pradesh,17,70,2019,4,0,4,14,PARAS,M,RJBVP,1600,,1140781,1991651,GHOSI,GEN,EAST,15,57.28,0.14,yes,233,0.02,2.44,GEUP2024474,Local Party,6599,TRUE,1,,,,,,0,FALSE,FALSE,FALSE,Post Graduate,Agriculture,,,,Lok Sabha Election (GE)
Uttar_Pradesh,17,70,2019,4,0,4,15,GEETA,F,ASP,1367,,1140781,1991651,GHOSI,GEN,EAST,15,57.28,0.12,yes,137,0.01,2.44,GEUP179834,Local Party,9011,TRUE,1,,,,,,0,FALSE,FALSE,FALSE,Literate,Agriculture,,,,Lok Sabha Election (GE)
Uttar_Pradesh,17,70,2019,4,0,4,16,PRAVEEN KUMAR SINGH,M,IND,1230,,1140781,1991651,GHOSI,GEN,EAST,15,57.28,0.11,yes,0,0,2.44,GEUP2024489,Independents,10809,TRUE,1,,,,,,0,FALSE,FALSE,FALSE,Graduate Professional,Agriculture,,,,Lok Sabha Election (GE)
Uttar_Pradesh,17,71,2019,4,0,4,1,RAVINDER,M,BJP,467940,GEN,922518,1667282,SALEMPUR,GEN,NORTH-EAST,15,55.33,50.72,no,112615,12.21,2.44,GEUP13320,National Party,1605,TRUE,2,BJP,1605,SALEMPUR,TRUE,TRUE,2,FALSE,TRUE,TRUE,12th Pass,Agriculture,,,,Lok Sabha Election (GE)
Uttar_Pradesh,17,71,2019,4,0,4,2,R S KUSHWAHA,M,BSP,355325,GEN,922518,1667282,SALEMPUR,GEN,NORTH-EAST,15,55.33,38.52,no,321757,34.88,2.44,AEUP2024247,State-based Party,16651,TRUE,2,BSP,16651,RAE BARELI,FALSE,TRUE,0,FALSE,FALSE,FALSE,Others,Former Government,Ex Govt Employee,,,Lok Sabha Election (GE)
Uttar_Pradesh,17,71,2019,4,0,4,3,RAJARAM,M,SBSP,33568,,922518,1667282,SALEMPUR,GEN,NORTH-EAST,15,55.33,3.64,yes,6205,0.67,2.44,GEUP179835,Local Party,18721,TRUE,1,,,,,,0,FALSE,FALSE,FALSE,10th Pass,Agriculture,,,,Lok Sabha Election (GE)
Uttar_Pradesh,17,71,2019,4,0,4,4,RAJESH KUMAR MISHRA,M,INC,27363,GEN,922518,1667282,SALEMPUR,GEN,NORTH-EAST,15,55.33,2.97,yes,19554,2.12,2.44,GEUP72350,National Party,3482,TRUE,4,INC,3482,VARANASI,FALSE,TRUE,1,FALSE,FALSE,FALSE,Doctorate,Politics,Party Worker,,,Lok Sabha Election (GE)
Uttar_Pradesh,17,71,2019,4,0,4,5,NOTA,,NOTA,7809,,922518,1667282,SALEMPUR,GEN,NORTH-EAST,15,55.33,0.85,,1533,0.17,2.44,,NOTA,5897,TRUE,,,,,,,,,,,,,,,,Lok Sabha Election (GE)
Uttar_Pradesh,17,71,2019,4,0,4,6,SUNIL KUMAR PANDEY,M,IND,6276,,922518,1667282,SALEMPUR,GEN,NORTH-EAST,15,55.33,0.68,yes,1453,0.16,2.44,GEUP2024617,Independents,10809,TRUE,1,,,,,,0,FALSE,FALSE,FALSE,Post Graduate,Unemployed,,,,Lok Sabha Election (GE)
Uttar_Pradesh,17,71,2019,4,0,4,7,VISHRAM,M,IND,4823,,922518,1667282,SALEMPUR,GEN,NORTH-EAST,15,55.33,0.52,yes,978,0.11,2.44,GEUP179836,Independents,10809,TRUE,1,,,,,,0,FALSE,FALSE,FALSE,12th Pass,Agriculture,,,,Lok Sabha Election (GE)
Uttar_Pradesh,17,71,2019,4,0,4,8,SUMESHWAR NATH TIWARI,M,RVLP,3845,GEN,922518,1667282,SALEMPUR,GEN,NORTH-EAST,15,55.33,0.42,yes,1411,0.15,2.44,GEUP2024612,Local Party,6883,TRUE,1,,,,,,0,FALSE,FALSE,FALSE,Post Graduate,Politics,Panchayat Member,,,Lok Sabha Election (GE)
Uttar_Pradesh,17,71,2019,4,0,4,9,VIDYA SHANKER PANDEY,M,IND,2434,,922518,1667282,SALEMPUR,GEN,NORTH-EAST,15,55.33,0.26,yes,14,0,2.44,GEUP179837,Independents,10809,TRUE,1,,,,,,0,FALSE,FALSE,FALSE,Post Graduate,Retired or Pension,,,,Lok Sabha Election (GE)
Uttar_Pradesh,17,71,2019,4,0,4,10,KAILASH CHAUHAN,M,JANKRPR,2420,,922518,1667282,SALEMPUR,GEN,NORTH-EAST,15,55.33,0.26,yes,134,0.01,2.44,GEUP2024383,Local Party,24461,TRUE,1,,,,,,0,FALSE,FALSE,FALSE,Literate,Agriculture,,,,Lok Sabha Election (GE)
Uttar_Pradesh,17,71,2019,4,0,4,11,CHHOTELAL,M,IND,2286,,922518,1667282,SALEMPUR,GEN,NORTH-EAST,15,55.33,0.25,yes,79,0.01,2.44,GEUP179838,Independents,10809,TRUE,1,,,,,,0,FALSE,FALSE,FALSE,Post Graduate,Agriculture,,,,Lok Sabha Election (GE)
Uttar_Pradesh,17,71,2019,4,0,4,12,AJIMULLAH,M,PECP,2207,,922518,1667282,SALEMPUR,GEN,NORTH-EAST,15,55.33,0.24,yes,450,0.05,2.44,GEUP2024247,Local Party,5995,TRUE,1,,,,,,0,FALSE,FALSE,FALSE,Post Graduate,Retired or Pension,Retired Teacher,,,Lok Sabha Election (GE)
Uttar_Pradesh,17,71,2019,4,0,4,13,PUJA PANDEY,F,PSPL,1757,,922518,1667282,SALEMPUR,GEN,NORTH-EAST,15,55.33,0.19,yes,159,0.02,2.44,GEUP179839,Local Party,17283,TRUE,1,,,,,,0,FALSE,FALSE,FALSE,12th Pass,Other,Household,,,Lok Sabha Election (GE)
Uttar_Pradesh,17,71,2019,4,0,4,14,RAMJI PRATAP JIGYASU,M,HND,1598,,922518,1667282,SALEMPUR,GEN,NORTH-EAST,15,55.33,0.17,yes,32,0,2.44,GEUP2024531,Local Party,3288,TRUE,1,,,,,,0,FALSE,FALSE,FALSE,12th Pass,Labourer or Daily Wage,,,,Lok Sabha Election (GE)
Uttar_Pradesh,17,71,2019,4,0,4,15,MOHD SAROOR ALI,M,JAC,1566,,922518,1667282,SALEMPUR,GEN,NORTH-EAST,15,55.33,0.17,yes,265,0.03,2.44,GEUP179840,Local Party,4196,TRUE,1,,,,,,0,FALSE,FALSE,FALSE,Graduate,Business,,,,Lok Sabha Election (GE)
Uttar_Pradesh,17,71,2019,4,0,4,16,KRIPA SHANKAR PRASAD,M,BSSPA,1301,,922518,1667282,SALEMPUR,GEN,NORTH-EAST,15,55.33,0.14,yes,0,0,2.44,GEUP2024399,Local Party,9671,TRUE,1,,,,,,0,FALSE,FALSE,FALSE,Graduate Professional,Liberal Profession or Professional,Lawyer,,,Lok Sabha Election (GE)
Uttar_Pradesh,17,72,2019,4,0,4,1,Virendra Singh,M,BJP,469114,GEN,989732,1822625,BALLIA,GEN,EAST,10,54.3,47.4,no,15519,1.57,2.33,AEUP202822,National Party,1605,TRUE,9,BJP,1605,BHADOHI,FALSE,TRUE,4,FALSE,TRUE,TRUE,Graduate,Agriculture,,,,Lok Sabha Election (GE)
Uttar_Pradesh,17,72,2019,4,0,4,2,Sanatan Pandey,M,SP,453595,,989732,1822625,BALLIA,GEN,EAST,10,54.3,45.83,no,417695,42.2,2.33,GEUP2024556,State-based Party,7425,TRUE,1,,,,,,0,FALSE,FALSE,FALSE,Others,Agriculture,,,,Lok Sabha Election (GE)
Uttar_Pradesh,17,72,2019,4,0,4,3,Vinod,M,SBSP,35900,,989732,1822625,BALLIA,GEN,EAST,10,54.3,3.63,yes,26285,2.66,2.33,GEUP179841,Local Party,18721,TRUE,1,,,,,,0,FALSE,FALSE,FALSE,12th Pass,Agriculture,,Social Work,,Lok Sabha Election (GE)
Uttar_Pradesh,17,72,2019,4,0,4,4,NOTA,,NOTA,9615,,989732,1822625,BALLIA,GEN,EAST,10,54.3,0.97,,4175,0.42,2.33,,NOTA,5897,TRUE,,,,,,,,,,,,,,,,Lok Sabha Election (GE)
Uttar_Pradesh,17,72,2019,4,0,4,5,Major Ramesh Chandra Upadhyay,M,IND,5440,,989732,1822625,BALLIA,GEN,EAST,10,54.3,0.55,yes,1415,0.14,2.33,GEUP179842,Independents,10809,TRUE,1,,,,,,0,FALSE,FALSE,FALSE,,,,,,Lok Sabha Election (GE)
Uttar_Pradesh,17,72,2019,4,0,4,6,ARVIND,M,BJNP,4025,,989732,1822625,BALLIA,GEN,EAST,10,54.3,0.41,yes,23,0,2.33,GEUP2024271,Local Party,24944,TRUE,1,,,,,,0,FALSE,FALSE,FALSE,12th Pass,Labourer or Daily Wage,,Agriculture,,Lok Sabha Election (GE)
Uttar_Pradesh,17,72,2019,4,0,4,7,GOPAL RAM KHARWAR,M,GGP,4002,,989732,1822625,BALLIA,GEN,EAST,10,54.3,0.4,yes,1548,0.16,2.33,GEUP179843,Local Party,3129,TRUE,1,,,,,,0,FALSE,FALSE,FALSE,12th Pass,Salaried Work or Employed,,Labourer or Daily Wage,,Lok Sabha Election (GE)
Uttar_Pradesh,17,72,2019,4,0,4,8,Janmejay Kumar Prajapati,M,BSSPA,2454,,989732,1822625,BALLIA,GEN,EAST,10,54.3,0.25,yes,1,0,2.33,GEUP2024379,Local Party,9671,TRUE,1,,,,,,0,FALSE,FALSE,FALSE,Others,Labourer or Daily Wage,,,,Lok Sabha Election (GE)
Uttar_Pradesh,17,72,2019,4,0,4,9,Seema Chauhan,F,JANKRPR,2453,,989732,1822625,BALLIA,GEN,EAST,10,54.3,0.25,yes,678,0.07,2.33,GEUP179844,Local Party,24461,TRUE,1,,,,,,0,FALSE,FALSE,FALSE,Graduate,Agriculture,,,,Lok Sabha Election (GE)
Uttar_Pradesh,17,72,2019,4,0,4,10,OM PRAKASH PANDEY,M,IND,1775,,989732,1822625,BALLIA,GEN,EAST,10,54.3,0.18,yes,416,0.04,2.33,GEUP2024468,Independents,10809,TRUE,1,,,,,,0,FALSE,FALSE,FALSE,Graduate Professional,Education,School Teacher,,,Lok Sabha Election (GE)
Uttar_Pradesh,17,72,2019,4,0,4,11,Uday Prakash,M,JRPa,1359,,989732,1822625,BALLIA,GEN,EAST,10,54.3,0.14,yes,0,0,2.33,GEUP179845,Local Party,16182,TRUE,1,,,,,,0,FALSE,FALSE,FALSE,Post Graduate,Education,School Teacher,,,Lok Sabha Election (GE)
Uttar_Pradesh,17,73,2019,4,0,4,1,SHYAM SINGH YADAV,M,BSP,521128,GEN,1040652,1867976,JAUNPUR,GEN,EAST,20,55.71,50.08,no,80936,7.78,2.33,GEUP2024603,State-based Party,16651,TRUE,1,,,,,,1,FALSE,FALSE,FALSE,Post Graduate,Liberal Profession or Professional,Lawyer,,,Lok Sabha Election (GE)
Uttar_Pradesh,17,73,2019,4,0,4,2,KRISHNA PRATAP SINGH K.P.,M,BJP,440192,GEN,1040652,1867976,JAUNPUR,GEN,EAST,20,55.71,42.3,no,413007,39.69,2.33,GEUP13381,National Party,1605,TRUE,2,BJP,1605,JAUNPUR,TRUE,TRUE,1,FALSE,TRUE,TRUE,Doctorate,Business,,Politics,MP,Lok Sabha Election (GE)
Uttar_Pradesh,17,73,2019,4,0,4,3,DEO VRAT MISHRA,M,INC,27185,GEN,1040652,1867976,JAUNPUR,GEN,EAST,20,55.71,2.61,yes,20793,2,2.33,GEUP2024323,National Party,3482,TRUE,1,,,,,,0,FALSE,FALSE,FALSE,Graduate Professional,Business,,Agriculture,,Lok Sabha Election (GE)
Uttar_Pradesh,17,73,2019,4,0,4,4,AJAY KUMAR SHARMA,M,MADP,6392,,1040652,1867976,JAUNPUR,GEN,EAST,20,55.71,0.61,yes,624,0.06,2.33,AEUP72298,Local Party,11563,TRUE,1,,,,,,0,FALSE,FALSE,FALSE,Post Graduate,Education,Home Teacher or Tuition,,,Lok Sabha Election (GE)
Uttar_Pradesh,17,73,2019,4,0,4,5,SUNIL KUMAR,M,RASJGP,5768,,1040652,1867976,JAUNPUR,GEN,EAST,20,55.71,0.55,yes,302,0.03,2.33,GEUP2024616,Local Party,24462,TRUE,1,,,,,,0,FALSE,FALSE,FALSE,Post Graduate,Liberal Profession or Professional,Lawyer,,,Lok Sabha Election (GE)
Uttar_Pradesh,17,73,2019,4,0,4,6,BRIJESH KUMAR,M,SBSP,5466,,1040652,1867976,JAUNPUR,GEN,EAST,20,55.71,0.53,yes,542,0.05,2.33,GEUP179847,Local Party,18721,TRUE,1,,,,,,0,FALSE,FALSE,FALSE,12th Pass,Labourer or Daily Wage,Taxi Driver,,,Lok Sabha Election (GE)
Uttar_Pradesh,17,73,2019,4,0,4,7,PRADEEP KUMAR PANDEY,M,IND,4924,GEN,1040652,1867976,JAUNPUR,GEN,EAST,20,55.71,0.47,yes,1084,0.1,2.33,GEUP2024487,Independents,10809,TRUE,1,,,,,,0,FALSE,FALSE,FALSE,12th Pass,Labourer or Daily Wage,,,,Lok Sabha Election (GE)
Uttar_Pradesh,17,73,2019,4,0,4,8,SHESHMANI MAURYA,M,HND,3840,,1040652,1867976,JAUNPUR,GEN,EAST,20,55.71,0.37,yes,88,0.01,2.33,GEUP179848,Local Party,3288,TRUE,1,,,,,,0,FALSE,FALSE,FALSE,Post Graduate,Business,,,,Lok Sabha Election (GE)
Uttar_Pradesh,17,73,2019,4,0,4,9,SANGEETA DEVI,F,PSPL,3752,GEN,1040652,1867976,JAUNPUR,GEN,EAST,20,55.71,0.36,yes,792,0.08,2.33,GEUP2024557,Local Party,17283,TRUE,1,,,,,,0,FALSE,FALSE,FALSE,12th Pass,Agriculture,,,,Lok Sabha Election (GE)
Uttar_Pradesh,17,73,2019,4,0,4,10,MOTIUDDIN,M,RUC,2960,,1040652,1867976,JAUNPUR,GEN,EAST,20,55.71,0.28,yes,513,0.05,2.33,GEUP179849,Local Party,6870,TRUE,1,,,,,,0,FALSE,FALSE,FALSE,10th Pass,Agriculture,,,,Lok Sabha Election (GE)
Uttar_Pradesh,17,73,2019,4,0,4,11,VISHOK KUMAR VISHWAKARMA,M,NJANP,2447,,1040652,1867976,JAUNPUR,GEN,EAST,20,55.71,0.24,yes,6,0,2.33,GEUP2024649,Local Party,24525,TRUE,1,,,,,,0,FALSE,FALSE,FALSE,12th Pass,Salaried Work or Employed,,Agriculture,,Lok Sabha Election (GE)
Uttar_Pradesh,17,73,2019,4,0,4,12,NOTA,,NOTA,2441,,1040652,1867976,JAUNPUR,GEN,EAST,20,55.71,0.23,,244,0.02,2.33,,NOTA,5897,TRUE,,,,,,,,,,,,,,,,Lok Sabha Election (GE)
Uttar_Pradesh,17,73,2019,4,0,4,13,RAJESH KUMAR,M,RSPS,2197,,1040652,1867976,JAUNPUR,GEN,EAST,20,55.71,0.21,yes,34,0,2.33,GEUP2024511,Local Party,6792,TRUE,1,,,,,,0,FALSE,FALSE,FALSE,10th Pass,Labourer or Daily Wage,Auto-rickshaw Driver,,,Lok Sabha Election (GE)
Uttar_Pradesh,17,73,2019,4,0,4,14,RUKMNI DEVI,F,PMSP,2163,,1040652,1867976,JAUNPUR,GEN,EAST,20,55.71,0.21,yes,146,0.01,2.33,GEUP179850,Local Party,11906,TRUE,1,,,,,,0,FALSE,FALSE,FALSE,Literate,Business,,Agriculture,,Lok Sabha Election (GE)
Uttar_Pradesh,17,73,2019,4,0,4,15,VINOD KUMAR,M,ANIJP,2017,,1040652,1867976,JAUNPUR,GEN,EAST,20,55.71,0.19,yes,286,0.03,2.33,GEUP2024644,Local Party,24463,TRUE,1,,,,,,0,FALSE,FALSE,FALSE,Graduate,Business,,,,Lok Sabha Election (GE)
Uttar_Pradesh,17,73,2019,4,0,4,16,SHYAMLAL,M,BHAPRAP,1731,,1040652,1867976,JAUNPUR,GEN,EAST,20,55.71,0.17,yes,138,0.01,2.33,GEUP179851,Local Party,18101,TRUE,1,,,,,,0,FALSE,FALSE,FALSE,Post Graduate,Business,,,,Lok Sabha Election (GE)
Uttar_Pradesh,17,73,2019,4,0,4,17,COM. ASHOK KUMAR KHARWAR,M,SUCI(C),1593,,1040652,1867976,JAUNPUR,GEN,EAST,20,55.71,0.15,yes,161,0.02,2.33,GEUP2024318,State-based Party (Other State),8082,TRUE,1,,,,,,0,FALSE,FALSE,FALSE,Literate,Agriculture,,,,Lok Sabha Election (GE)
Uttar_Pradesh,17,73,2019,4,0,4,18,ANIL,M,HuSP,1432,,1040652,1867976,JAUNPUR,GEN,EAST,20,55.71,0.14,yes,245,0.02,2.33,GEUP179852,Local Party,3313,TRUE,1,,,,,,0,FALSE,FALSE,FALSE,10th Pass,Agriculture,,,,Lok Sabha Election (GE)
Uttar_Pradesh,17,73,2019,4,0,4,19,ASHOK KUMAR,M,IND,1187,,1040652,1867976,JAUNPUR,GEN,EAST,20,55.71,0.11,yes,241,0.02,2.33,GEUP2024276,Independents,10809,TRUE,1,,,,,,0,FALSE,FALSE,FALSE,Graduate,Business,,,,Lok Sabha Election (GE)
Uttar_Pradesh,17,73,2019,4,0,4,20,NAVIN,M,VPI,946,,1040652,1867976,JAUNPUR,GEN,EAST,20,55.71,0.09,yes,55,0.01,2.33,GEUP179853,Local Party,8516,TRUE,1,,,,,,0,FALSE,FALSE,FALSE,Graduate,Labourer or Daily Wage,,Agriculture,,Lok Sabha Election (GE)
Uttar_Pradesh,17,73,2019,4,0,4,21,MADHAVENDRA PUSHKAR SINGH,M,IND,891,,1040652,1867976,JAUNPUR,GEN,EAST,20,55.71,0.09,yes,0,0,2.33,GEUP2024411,Independents,10809,TRUE,1,,,,,,0,FALSE,FALSE,FALSE,Graduate Professional,Other,,,,Lok Sabha Election (GE)
Uttar_Pradesh,17,74,2019,4,0,4,1,Bholanath (B.P. Saroj),M,BJP,488397,SC,1034925,1848306,MACHHLISHAHR,SC,EAST,15,55.99,47.19,no,181,0.02,2.27,GEUP13443,National Party,1605,TRUE,2,BSP,16651,MACHHLISHAHR,TRUE,FALSE,1,TRUE,FALSE,TRUE,Graduate,Business,,Agriculture,,Lok Sabha Election (GE)
Uttar_Pradesh,17,74,2019,4,0,4,2,Tribhuvan Ram (T.Ram),M,BSP,488216,SC,1034925,1848306,MACHHLISHAHR,SC,EAST,15,55.99,47.17,no,476993,46.09,2.27,GEUP2024631,State-based Party,16651,TRUE,1,,,,,,0,FALSE,FALSE,FALSE,Graduate,Retired or Pension,,Politics,Ex MLA,Lok Sabha Election (GE)
Uttar_Pradesh,17,74,2019,4,0,4,3,Raj Nath,M,SBSP,11223,SC,1034925,1848306,MACHHLISHAHR,SC,EAST,15,55.99,1.08,yes,393,0.04,2.27,GEUP179854,Local Party,18721,TRUE,1,,,,,,0,FALSE,FALSE,FALSE,Post Graduate,Agriculture,,,,Lok Sabha Election (GE)
Uttar_Pradesh,17,74,2019,4,0,4,4,NOTA,,NOTA,10830,,1034925,1848306,MACHHLISHAHR,SC,EAST,15,55.99,1.05,,3208,0.31,2.27,,NOTA,5897,TRUE,,,,,,,,,,,,,,,,Lok Sabha Election (GE)
Uttar_Pradesh,17,74,2019,4,0,4,5,Dr. Amarnath Paswan,M,JANADIP,7622,SC,1034925,1848306,MACHHLISHAHR,SC,EAST,15,55.99,0.74,yes,2603,0.25,2.27,GEUP179855,Local Party,4117,TRUE,1,,,,,,0,FALSE,FALSE,FALSE,Doctorate,Education,College Professor or Lecturer,,,Lok Sabha Election (GE)
Uttar_Pradesh,17,74,2019,4,0,4,6,Deepak Kumar (Nanhe),M,IND,5019,SC,1034925,1848306,MACHHLISHAHR,SC,EAST,15,55.99,0.48,yes,746,0.07,2.27,GEUP2024322,Independents,10809,TRUE,1,,,,,,0,FALSE,FALSE,FALSE,,,,,,Lok Sabha Election (GE)
Uttar_Pradesh,17,74,2019,4,0,4,7,Ram Naresh,M,MADP,4273,SC,1034925,1848306,MACHHLISHAHR,SC,EAST,15,55.99,0.41,yes,1105,0.11,2.27,GEUP179856,Local Party,11563,TRUE,1,,,,,,0,FALSE,FALSE,FALSE,Post Graduate,Labourer or Daily Wage,,,,Lok Sabha Election (GE)
Uttar_Pradesh,17,74,2019,4,0,4,8,Gangaram,M,IND,3168,SC,1034925,1848306,MACHHLISHAHR,SC,EAST,15,55.99,0.31,yes,354,0.03,2.27,GEUP2024353,Independents,10809,TRUE,1,,,,,,0,FALSE,FALSE,FALSE,8th Pass,Retired or Pension,,,,Lok Sabha Election (GE)
Uttar_Pradesh,17,74,2019,4,0,4,9,Deep Chand Ram Urf B.D.O Sahab,M,KBD,2814,SC,1034925,1848306,MACHHLISHAHR,SC,EAST,15,55.99,0.27,yes,194,0.02,2.27,GEUP179857,Local Party,24442,TRUE,1,,,,,,0,FALSE,FALSE,FALSE,,,,,,Lok Sabha Election (GE)
Uttar_Pradesh,17,74,2019,4,0,4,10,Chanchal Kumar,M,RSPS,2620,SC,1034925,1848306,MACHHLISHAHR,SC,EAST,15,55.99,0.25,yes,143,0.01,2.27,GEUP2024307,Local Party,6792,TRUE,1,,,,,,0,FALSE,FALSE,FALSE,Post Graduate,Agriculture,,,,Lok Sabha Election (GE)
Uttar_Pradesh,17,74,2019,4,0,4,11,Garib,M,MHD,2477,SC,1034925,1848306,MACHHLISHAHR,SC,EAST,15,55.99,0.24,yes,436,0.04,2.27,GEUP179858,Local Party,16244,TRUE,1,,,,,,0,FALSE,FALSE,FALSE,,,,,,Lok Sabha Election (GE)
Uttar_Pradesh,17,74,2019,4,0,4,12,Rajkeshar,M,SJSMP,2041,SC,1034925,1848306,MACHHLISHAHR,SC,EAST,15,55.99,0.2,yes,42,0,2.27,GEUP2024514,Local Party,24548,TRUE,1,,,,,,0,FALSE,FALSE,FALSE,,,,,,Lok Sabha Election (GE)
Uttar_Pradesh,17,74,2019,4,0,4,13,Brijesh Kumar,M,RPI,1999,SC,1034925,1848306,MACHHLISHAHR,SC,EAST,15,55.99,0.19,yes,508,0.05,2.27,GEUP179859,State-based Party (Other State),6911,TRUE,1,,,,,,0,FALSE,FALSE,FALSE,12th Pass,Small Business or Self-employed,Shop Keeper,,,Lok Sabha Election (GE)
Uttar_Pradesh,17,74,2019,4,0,4,14,Nandlal,M,BHAPRAP,1491,SC,1034925,1848306,MACHHLISHAHR,SC,EAST,15,55.99,0.14,yes,66,0.01,2.27,GEUP2024457,Local Party,18101,TRUE,1,,,,,,0,FALSE,FALSE,FALSE,8th Pass,Other,,,,Lok Sabha Election (GE)
Uttar_Pradesh,17,74,2019,4,0,4,15,Jitendra,M,BMVSP,1425,SC,1034925,1848306,MACHHLISHAHR,SC,EAST,15,55.99,0.14,yes,115,0.01,2.27,GEUP179860,Local Party,24381,TRUE,1,,,,,,0,FALSE,FALSE,FALSE,Graduate,Agriculture,,,,Lok Sabha Election (GE)
Uttar_Pradesh,17,74,2019,4,0,4,16,Dasharath,M,PRJP,1310,SC,1034925,1848306,MACHHLISHAHR,SC,EAST,15,55.99,0.13,yes,0,0,2.27,GEUP2024320,Local Party,24460,TRUE,1,,,,,,0,FALSE,FALSE,FALSE,12th Pass,Labourer or Daily Wage,,,,Lok Sabha Election (GE)
Uttar_Pradesh,17,75,2019,4,0,4,1,AFZAL ANSARI,M,BSP,566082,,1105627,1881077,GHAZIPUR,GEN,EAST,14,58.78,51.2,no,119392,10.8,2.38,AEUP121734,State-based Party,16651,TRUE,4,QED,6306,BALLIA,FALSE,FALSE,2,TRUE,FALSE,TRUE,Post Graduate,Retired or Pension,,Agriculture,,Lok Sabha Election (GE)
Uttar_Pradesh,17,75,2019,4,0,4,2,MANOJ SINHA,M,BJP,446690,GEN,1105627,1881077,GHAZIPUR,GEN,EAST,14,58.78,40.4,no,412813,37.34,2.38,GEUP48550,National Party,1605,TRUE,8,BJP,1605,GHAZIPUR,TRUE,TRUE,3,FALSE,TRUE,TRUE,Graduate Professional,Agriculture,,Social Work,,Lok Sabha Election (GE)
Uttar_Pradesh,17,75,2019,4,0,4,3,RAMJI,M,SBSP,33877,,1105627,1881077,GHAZIPUR,GEN,EAST,14,58.78,3.06,yes,14043,1.27,2.38,GEUP179861,Local Party,18721,TRUE,1,,,,,,0,FALSE,FALSE,FALSE,Graduate,Former Government,Ex Military,,,Lok Sabha Election (GE)
Uttar_Pradesh,17,75,2019,4,0,4,4,AJIT PRATAP KUSHAWAHA,M,INC,19834,,1105627,1881077,GHAZIPUR,GEN,EAST,14,58.78,1.79,yes,11990,1.08,2.38,GEUP2024248,National Party,3482,TRUE,1,,,,,,0,FALSE,FALSE,FALSE,Graduate Professional,Liberal Profession or Professional,Lawyer,,,Lok Sabha Election (GE)
Uttar_Pradesh,17,75,2019,4,0,4,5,BHANU PRAKASH PANDEY,M,CPI,7844,,1105627,1881077,GHAZIPUR,GEN,EAST,14,58.78,0.71,yes,973,0.09,2.38,GEUP179862,State-based Party (Other State),2444,TRUE,1,,,,,,0,FALSE,FALSE,FALSE,Doctorate,Other,,,,Lok Sabha Election (GE)
Uttar_Pradesh,17,75,2019,4,0,4,6,NOTA,,NOTA,6871,,1105627,1881077,GHAZIPUR,GEN,EAST,14,58.78,0.62,,650,0.06,2.38,,NOTA,5897,TRUE,,,,,,,,,,,,,,,,Lok Sabha Election (GE)
Uttar_Pradesh,17,75,2019,4,0,4,7,HRIDAYA NARAYAN SINGH,M,IND,6221,,1105627,1881077,GHAZIPUR,GEN,EAST,14,58.78,0.56,yes,1275,0.12,2.38,GEUP179863,Independents,10809,TRUE,1,,,,,,0,FALSE,FALSE,FALSE,,,,,,Lok Sabha Election (GE)
Uttar_Pradesh,17,75,2019,4,0,4,8,ISHWARI PRASAD KUSHWAHA,M,CPI(ML)(L),4946,,1105627,1881077,GHAZIPUR,GEN,EAST,14,58.78,0.45,yes,1554,0.14,2.38,AEUP111720,Local Party,2472,TRUE,3,CPI(ML)(L),2472,GHAZIPUR,TRUE,TRUE,0,FALSE,FALSE,FALSE,Graduate Professional,Social Work,,,,Lok Sabha Election (GE)
Uttar_Pradesh,17,75,2019,4,0,4,9,RAMPRAVESH SHARMA ALIAS RINKOO,M,MADP,3392,,1105627,1881077,GHAZIPUR,GEN,EAST,14,58.78,0.31,yes,944,0.09,2.38,GEUP179864,Local Party,11563,TRUE,1,,,,,,0,FALSE,FALSE,FALSE,Graduate,Small Business or Self-employed,,,,Lok Sabha Election (GE)
Uttar_Pradesh,17,75,2019,4,0,4,10,SANTOSH KUMAR YADAV,M,PSPL,2448,GEN,1105627,1881077,GHAZIPUR,GEN,EAST,14,58.78,0.22,yes,48,0,2.38,GEUP2024567,Local Party,17283,TRUE,1,,,,,,0,FALSE,FALSE,FALSE,Post Graduate,Business,,Agriculture,,Lok Sabha Election (GE)
Uttar_Pradesh,17,75,2019,4,0,4,11,VED PRAKASH,M,NJANP,2400,,1105627,1881077,GHAZIPUR,GEN,EAST,14,58.78,0.22,yes,578,0.05,2.38,GEUP179865,Local Party,24525,TRUE,1,,,,,,0,FALSE,FALSE,FALSE,Post Graduate,Agriculture,,,,Lok Sabha Election (GE)
Uttar_Pradesh,17,75,2019,4,0,4,12,RAJESH KUMAR YADAV,M,PMSP,1822,GEN,1105627,1881077,GHAZIPUR,GEN,EAST,14,58.78,0.16,yes,590,0.05,2.38,GEUP2024512,Local Party,11906,TRUE,1,,,,,,0,FALSE,FALSE,FALSE,12th Pass,Business,,,,Lok Sabha Election (GE)
Uttar_Pradesh,17,75,2019,4,0,4,13,Dr. RAJESH KUMAR SINGH,M,BJNP,1232,,1105627,1881077,GHAZIPUR,GEN,EAST,14,58.78,0.11,yes,213,0.02,2.38,GEUP179866,Local Party,24944,TRUE,1,,,,,,0,FALSE,FALSE,FALSE,Others,Liberal Profession or Professional,Doctor,,,Lok Sabha Election (GE)
Uttar_Pradesh,17,75,2019,4,0,4,14,BRIJENDRA KUMAR VERMA,M,KMSP,1019,,1105627,1881077,GHAZIPUR,GEN,EAST,14,58.78,0.09,yes,70,0.01,2.38,GEUP2024303,Local Party,4862,TRUE,1,,,,,,0,FALSE,FALSE,FALSE,Post Graduate,Liberal Profession or Professional,Architect,Traditional Occupation,Astrologer,Lok Sabha Election (GE)
Uttar_Pradesh,17,75,2019,4,0,4,15,BHARAT,M,JRPa,949,,1105627,1881077,GHAZIPUR,GEN,EAST,14,58.78,0.09,yes,0,0,2.38,GEUP179867,Local Party,16182,TRUE,1,,,,,,0,FALSE,FALSE,FALSE,12th Pass,Agriculture,,,,Lok Sabha Election (GE)
Uttar_Pradesh,17,76,2019,4,0,4,1,Dr. Mahendra Nath Pandey,M,BJP,510733,GEN,1084961,1756837,CHANDAULI,GEN,RUHELKHAND,13,61.76,47.07,no,13959,1.29,2.33,AEUP101169,National Party,1605,TRUE,3,BJP,1605,CHANDAULI,TRUE,TRUE,2,FALSE,TRUE,TRUE,Doctorate,Business,Rent,Politics,MP,Lok Sabha Election (GE)
Uttar_Pradesh,17,76,2019,4,0,4,2,Sanjay Singh Chauhan,M,SP,496774,,1084961,1756837,CHANDAULI,GEN,RUHELKHAND,13,61.76,45.79,no,474483,43.73,2.33,GEUP179868,State-based Party,7425,TRUE,1,,,,,,0,FALSE,FALSE,FALSE,Post Graduate,Agriculture,,,,Lok Sabha Election (GE)
Uttar_Pradesh,17,76,2019,4,0,4,3,Shivkanya Kushwaha,F,JANADIP,22291,,1084961,1756837,CHANDAULI,GEN,RUHELKHAND,13,61.76,2.05,yes,3306,0.3,2.33,GEUP13474,Local Party,4117,TRUE,2,SP,7425,GHAZIPUR,FALSE,FALSE,0,TRUE,FALSE,TRUE,5th Pass,Business,Agricultural Business,Agriculture,,Lok Sabha Election (GE)
Uttar_Pradesh,17,76,2019,4,0,4,4,Ramgovind,M,SBSP,18985,,1084961,1756837,CHANDAULI,GEN,RUHELKHAND,13,61.76,1.75,yes,7767,0.72,2.33,GEUP179869,Local Party,18721,TRUE,1,,,,,,0,FALSE,FALSE,FALSE,Graduate Professional,Education,School Teacher,,,Lok Sabha Election (GE)
Uttar_Pradesh,17,76,2019,4,0,4,5,NOTA,,NOTA,11218,,1084961,1756837,CHANDAULI,GEN,RUHELKHAND,13,61.76,1.03,,5802,0.53,2.33,,NOTA,5897,TRUE,,,,,,,,,,,,,,,,Lok Sabha Election (GE)
Uttar_Pradesh,17,76,2019,4,0,4,6,Liyakat Ali,M,IND,5416,,1084961,1756837,CHANDAULI,GEN,RUHELKHAND,13,61.76,0.5,yes,1191,0.11,2.33,GEUP179870,Independents,10809,TRUE,1,,,,,,0,FALSE,FALSE,FALSE,Graduate Professional,Retired or Pension,,,,Lok Sabha Election (GE)
Uttar_Pradesh,17,76,2019,4,0,4,7,Mahender Yadav,M,PMSP,4225,GEN,1084961,1756837,CHANDAULI,GEN,RUHELKHAND,13,61.76,0.39,yes,129,0.01,2.33,GEUP2024415,Local Party,11906,TRUE,1,,,,,,0,FALSE,FALSE,FALSE,Graduate Professional,Liberal Profession or Professional,Lawyer,,,Lok Sabha Election (GE)
Uttar_Pradesh,17,76,2019,4,0,4,8,Arjun Pandey,M,ATBP,4096,,1084961,1756837,CHANDAULI,GEN,RUHELKHAND,13,61.76,0.38,yes,1015,0.09,2.33,GEUP179871,Local Party,992,TRUE,1,,,,,,0,FALSE,FALSE,FALSE,Post Graduate,Retired or Pension,,Agriculture,,Lok Sabha Election (GE)
Uttar_Pradesh,17,76,2019,4,0,4,9,Rajesh Vishwakarma,M,MADP,3081,,1084961,1756837,CHANDAULI,GEN,RUHELKHAND,13,61.76,0.28,yes,337,0.03,2.33,GEUP2024513,Local Party,11563,TRUE,1,,,,,,0,FALSE,FALSE,FALSE,12th Pass,Labourer or Daily Wage,,,,Lok Sabha Election (GE)
Uttar_Pradesh,17,76,2019,4,0,4,10,Krishna Pratap Singh,M,SGUP,2744,,1084961,1756837,CHANDAULI,GEN,RUHELKHAND,13,61.76,0.25,yes,483,0.04,2.33,GEUP179872,Local Party,24358,TRUE,1,,,,,,0,FALSE,FALSE,FALSE,Post Graduate,Agriculture,,,,Lok Sabha Election (GE)
Uttar_Pradesh,17,76,2019,4,0,4,11,Shivratri,M,PRJP,2261,,1084961,1756837,CHANDAULI,GEN,RUHELKHAND,13,61.76,0.21,yes,1089,0.1,2.33,GEUP2024595,Local Party,24460,TRUE,1,,,,,,0,FALSE,FALSE,FALSE,5th Pass,Labourer or Daily Wage,,,,Lok Sabha Election (GE)
Uttar_Pradesh,17,76,2019,4,0,4,12,Jangbahadur,M,BMVSP,1172,,1084961,1756837,CHANDAULI,GEN,RUHELKHAND,13,61.76,0.11,yes,45,0,2.33,GEUP179873,Local Party,24381,TRUE,1,,,,,,0,FALSE,FALSE,FALSE,12th Pass,Agriculture,,,,Lok Sabha Election (GE)
Uttar_Pradesh,17,76,2019,4,0,4,13,Mahendra Pratap Singh,M,ALHP,1127,,1084961,1756837,CHANDAULI,GEN,RUHELKHAND,13,61.76,0.1,yes,289,0.03,2.33,GEUP2024418,Local Party,458,TRUE,1,,,,,,0,FALSE,FALSE,FALSE,12th Pass,Social Work,,,,Lok Sabha Election (GE)
Uttar_Pradesh,17,76,2019,4,0,4,14,Byasmuni,M,KBD,838,,1084961,1756837,CHANDAULI,GEN,RUHELKHAND,13,61.76,0.08,yes,0,0,2.33,GEUP179874,Local Party,24442,TRUE,1,,,,,,0,FALSE,FALSE,FALSE,Post Graduate,Labourer or Daily Wage,,,,Lok Sabha Election (GE)
Uttar_Pradesh,17,77,2019,4,0,4,1,NARENDRA MODI,M,BJP,674664,GEN,1060476,1856791,VARANASI,GEN,EAST,26,57.11,63.62,no,479505,45.22,2.22,AEGJ100373,National Party,1605,TRUE,2,BJP,1605,VADODARA | VARANASI,TRUE,TRUE,3,FALSE,TRUE,TRUE,Post Graduate,Politics,Party Worker,,,Lok Sabha Election (GE)
Uttar_Pradesh,17,77,2019,4,0,4,2,SHALINI YADAV,F,SP,195159,GEN,1060476,1856791,VARANASI,GEN,EAST,26,57.11,18.4,no,42611,4.02,2.22,GEUP179875,State-based Party,7425,TRUE,1,,,,,,0,FALSE,FALSE,FALSE,Graduate,Business,Real Estate or Builder or Developer or Construction,,,Lok Sabha Election (GE)
Uttar_Pradesh,17,77,2019,4,0,4,3,AJAY RAI,M,INC,152548,GEN,1060476,1856791,VARANASI,GEN,EAST,26,57.11,14.38,yes,143656,13.55,2.22,AEUP115930,National Party,3482,TRUE,3,INC,3482,VARANASI,TRUE,TRUE,0,FALSE,FALSE,TRUE,Graduate,Politics,Ex MLA,,,Lok Sabha Election (GE)
Uttar_Pradesh,17,77,2019,4,0,4,4,SURENDRA RAJBHAR,M,SBSP,8892,,1060476,1856791,VARANASI,GEN,EAST,26,57.11,0.84,yes,4855,0.46,2.22,GEUP179876,Local Party,18721,TRUE,1,,,,,,0,FALSE,FALSE,FALSE,10th Pass,Agriculture,,,,Lok Sabha Election (GE)
Uttar_Pradesh,17,77,2019,4,0,4,5,NOTA,,NOTA,4037,,1060476,1856791,VARANASI,GEN,EAST,26,57.11,0.38,,1279,0.12,2.22,,NOTA,5897,TRUE,,,,,,,,,,,,,,,,Lok Sabha Election (GE)
Uttar_Pradesh,17,77,2019,4,0,4,6,ANIL KUMAR CHAURASIYA,M,JKiP,2758,,1060476,1856791,VARANASI,GEN,EAST,26,57.11,0.26,yes,624,0.06,2.22,GEUP179877,Local Party,4534,TRUE,1,,,,,,0,FALSE,FALSE,FALSE,Graduate,Business,,,,Lok Sabha Election (GE)
Uttar_Pradesh,17,77,2019,4,0,4,7,MANOHAR ANANDRAO PATIL,M,IND,2134,,1060476,1856791,VARANASI,GEN,EAST,26,57.11,0.2,yes,220,0.02,2.22,GEUP2024429,Independents,10809,TRUE,1,,,,,,0,FALSE,FALSE,FALSE,12th Pass,Other,,,,Lok Sabha Election (GE)
Uttar_Pradesh,17,77,2019,4,0,4,8,HEENA SHAHID,F,JHBHP,1914,,1060476,1856791,VARANASI,GEN,EAST,26,57.11,0.18,yes,143,0.01,2.22,GEUP179878,Local Party,24449,TRUE,1,,,,,,0,FALSE,FALSE,FALSE,Graduate,Small Business or Self-employed,Self-employed,,,Lok Sabha Election (GE)
Uttar_Pradesh,17,77,2019,4,0,4,9,Dr. SHEKH SIRAJ BABA,M,RMMP,1771,,1060476,1856791,VARANASI,GEN,EAST,26,57.11,0.17,yes,76,0.01,2.22,GEUP2024345,Local Party,24464,TRUE,1,,,,,,0,FALSE,FALSE,FALSE,Graduate,Agriculture,,,,Lok Sabha Election (GE)
Uttar_Pradesh,17,77,2019,4,0,4,10,TIRBHUWAN SHARMA,M,BRSP,1695,,1060476,1856791,VARANASI,GEN,EAST,26,57.11,0.16,yes,89,0.01,2.22,GEUP179879,Local Party,1777,TRUE,1,,,,,,0,FALSE,FALSE,FALSE,Post Graduate,Liberal Profession or Professional,Lawyer,,,Lok Sabha Election (GE)
Uttar_Pradesh,17,77,2019,4,0,4,11,ADVOCATE PREM NATH SHARMA,M,MADP,1606,,1060476,1856791,VARANASI,GEN,EAST,26,57.11,0.15,yes,171,0.02,2.22,GEUP2024241,Local Party,11563,TRUE,1,,,,,,0,FALSE,FALSE,FALSE,Post Graduate,Liberal Profession or Professional,Lawyer,,,Lok Sabha Election (GE)
Uttar_Pradesh,17,77,2019,4,0,4,12,MAANAV,M,IND,1435,,1060476,1856791,VARANASI,GEN,EAST,26,57.11,0.14,yes,95,0.01,2.22,GEUP179880,Independents,10809,TRUE,1,,,,,,0,FALSE,FALSE,FALSE,Graduate Professional,Business,Private Company,Education,College Professor or Lecturer,Lok Sabha Election (GE)
Uttar_Pradesh,17,77,2019,4,0,4,13,HARI BHAI PATEL,M,AJPI,1340,,1060476,1856791,VARANASI,GEN,EAST,26,57.11,0.13,yes,82,0.01,2.22,GEUP2024360,Local Party,17584,TRUE,1,,,,,,0,FALSE,FALSE,FALSE,Graduate,Social Work,,,,Lok Sabha Election (GE)
Uttar_Pradesh,17,77,2019,4,0,4,14,RAJESH BHARTI SURYA,M,RaAD,1258,SC,1060476,1856791,VARANASI,GEN,EAST,26,57.11,0.12,yes,21,0,2.22,AEUP111819,Local Party,6416,TRUE,2,RaAD,6416,VARANASI,TRUE,TRUE,0,FALSE,FALSE,TRUE,Graduate Professional,Salaried Work or Employed,,,,Lok Sabha Election (GE)
Uttar_Pradesh,17,77,2019,4,0,4,15,RAMSHARAN,M,VIPty,1237,,1060476,1856791,VARANASI,GEN,EAST,26,57.11,0.12,yes,140,0.01,2.22,GEUP2024534,Local Party,24448,TRUE,1,,,,,,0,FALSE,FALSE,FALSE,Doctorate,Retired or Pension,,,,Lok Sabha Election (GE)
Uttar_Pradesh,17,77,2019,4,0,4,16,SUNIL KUMAR,M,IND,1097,,1060476,1856791,VARANASI,GEN,EAST,26,57.11,0.1,yes,190,0.02,2.22,GEUP179881,Independents,10809,TRUE,1,,,,,,0,FALSE,FALSE,FALSE,Graduate,Labourer or Daily Wage,,,,Lok Sabha Election (GE)
Uttar_Pradesh,17,77,2019,4,0,4,17,Dr. RAKESH PRATAP,M,BJKD,907,,1060476,1856791,VARANASI,GEN,EAST,26,57.11,0.09,yes,52,0,2.22,GEUP2024344,Local Party,9086,TRUE,1,,,,,,0,FALSE,FALSE,FALSE,Doctorate,Education,Home Teacher or Tuition,,,Lok Sabha Election (GE)
Uttar_Pradesh,17,77,2019,4,0,4,18,ATEEK AHMAD,M,IND,855,,1060476,1856791,VARANASI,GEN,EAST,26,57.11,0.08,yes,17,0,2.22,GEUP179882,Independents,10809,TRUE,1,,,,,,0,FALSE,FALSE,FALSE,8th Pass,Business,"Real Estate or Builder or Developer or Construction, Contractor",Agriculture,,Lok Sabha Election (GE)
Uttar_Pradesh,17,77,2019,4,0,4,19,BRAJENDRA DUTT TRIPATHI,M,AACP,838,,1060476,1856791,VARANASI,GEN,EAST,26,57.11,0.08,yes,40,0,2.22,GEUP2024301,Local Party,89,TRUE,1,,,,,,0,FALSE,FALSE,FALSE,Post Graduate,Liberal Profession or Professional,Lawyer,,,Lok Sabha Election (GE)
Uttar_Pradesh,17,77,2019,4,0,4,20,SUNNAM ISTARI,M,IND,798,,1060476,1856791,VARANASI,GEN,EAST,26,57.11,0.08,yes,141,0.01,2.22,GEUP179883,Independents,10809,TRUE,1,,,,,,0,FALSE,FALSE,FALSE,Illiterate,Agriculture,,,,Lok Sabha Election (GE)
Uttar_Pradesh,17,77,2019,4,0,4,21,ISHWAR DAYAL SINGH SETH,M,IND,657,,1060476,1856791,VARANASI,GEN,EAST,26,57.11,0.06,yes,20,0,2.22,GEUP2024372,Independents,10809,TRUE,1,,,,,,0,FALSE,FALSE,FALSE,12th Pass,Small Business or Self-employed,Shop Keeper,,,Lok Sabha Election (GE)
Uttar_Pradesh,17,77,2019,4,0,4,22,UMESH CHANDRA KATIYAR,M,ALHP,637,,1060476,1856791,VARANASI,GEN,EAST,26,57.11,0.06,yes,82,0.01,2.22,GEUP179884,Local Party,458,TRUE,1,,,,,,0,FALSE,FALSE,FALSE,Graduate,Social Work,,,,Lok Sabha Election (GE)
Uttar_Pradesh,17,77,2019,4,0,4,23,AMRESH MISHRA,M,BHAPRAP,555,,1060476,1856791,VARANASI,GEN,EAST,26,57.11,0.05,yes,51,0,2.22,GEUP2024256,Local Party,18101,TRUE,1,,,,,,0,FALSE,FALSE,FALSE,Post Graduate,Liberal Profession or Professional,Author,,,Lok Sabha Election (GE)
Uttar_Pradesh,17,77,2019,4,0,4,24,AASHIN U. S.,M,igp,504,,1060476,1856791,VARANASI,GEN,EAST,26,57.11,0.05,yes,5,0,2.22,GEUP179885,,16063,TRUE,1,,,,,,0,FALSE,FALSE,FALSE,12th Pass,Business,,,,Lok Sabha Election (GE)
Uttar_Pradesh,17,77,2019,4,0,4,25,ASHUTOSH KUMAR PANDEY,M,MARD,499,,1060476,1856791,VARANASI,GEN,EAST,26,57.11,0.05,yes,149,0.01,2.22,GEUP2024282,Local Party,24441,TRUE,1,,,,,,0,FALSE,FALSE,FALSE,Graduate,Business,,,,Lok Sabha Election (GE)
Uttar_Pradesh,17,77,2019,4,0,4,26,MANISH SHRIVASTAVA,M,IND,350,,1060476,1856791,VARANASI,GEN,EAST,26,57.11,0.03,yes,19,0,2.22,GEUP179886,Independents,10809,TRUE,1,,,,,,0,FALSE,FALSE,FALSE,12th Pass,Small Business or Self-employed,Self-employed,,,Lok Sabha Election (GE)
Uttar_Pradesh,17,77,2019,4,0,4,27,CHANDRIKA PRASAD,M,IND,331,,1060476,1856791,VARANASI,GEN,EAST,26,57.11,0.03,yes,0,0,2.22,GEUP2024312,Independents,10809,TRUE,1,,,,,,0,FALSE,FALSE,FALSE,Graduate,Salaried Work or Employed,Insurance Agent,,,Lok Sabha Election (GE)
Uttar_Pradesh,17,78,2019,4,0,4,1,RAMESH CHAND,M,BJP,510029,GEN,1039390,1942514,BHADOHI,GEN,EAST,12,53.51,49.07,no,43615,4.2,2.27,AEUP202376,National Party,1605,TRUE,1,,,,,,1,FALSE,FALSE,FALSE,10th Pass,Business,,,,Lok Sabha Election (GE)
Uttar_Pradesh,17,78,2019,4,0,4,2,RANGNATH MISHRA,M,BSP,466414,GEN,1039390,1942514,BHADOHI,GEN,EAST,12,53.51,44.87,no,440810,42.41,2.27,AEUP104900,State-based Party,16651,TRUE,1,,,,,,0,FALSE,FALSE,FALSE,Graduate,Business,,Agriculture,,Lok Sabha Election (GE)
Uttar_Pradesh,17,78,2019,4,0,4,3,RAMAKANT,M,INC,25604,GEN,1039390,1942514,BHADOHI,GEN,EAST,12,53.51,2.46,yes,16517,1.59,2.27,GEUP179887,National Party,3482,TRUE,1,,,,,,0,FALSE,FALSE,FALSE,10th Pass,Business,Transport,Politics,Ex MP,Lok Sabha Election (GE)
Uttar_Pradesh,17,78,2019,4,0,4,4,NOTA,,NOTA,9087,,1039390,1942514,BHADOHI,GEN,EAST,12,53.51,0.87,,4037,0.39,2.27,,NOTA,5897,TRUE,,,,,,,,,,,,,,,,Lok Sabha Election (GE)
Uttar_Pradesh,17,78,2019,4,0,4,5,SAIYYAD MOHAMMAD ARIF,M,IND,5050,GEN,1039390,1942514,BHADOHI,GEN,EAST,12,53.51,0.49,yes,402,0.04,2.27,GEUP179888,Independents,10809,TRUE,1,,,,,,0,FALSE,FALSE,FALSE,8th Pass,Small Business or Self-employed,,,,Lok Sabha Election (GE)
Uttar_Pradesh,17,78,2019,4,0,4,6,Dr Rajesh Kumar Verma,M,PPID,4648,,1039390,1942514,BHADOHI,GEN,EAST,12,53.51,0.45,yes,78,0.01,2.27,GEUP2024340,Local Party,6054,TRUE,1,,,,,,0,FALSE,FALSE,FALSE,Doctorate,Education,College Professor or Lecturer,,,Lok Sabha Election (GE)
Uttar_Pradesh,17,78,2019,4,0,4,7,Akhilesh,M,NCP,4570,,1039390,1942514,BHADOHI,GEN,EAST,12,53.51,0.44,yes,518,0.05,2.27,GEUP179889,State-based Party (Other State),5792,TRUE,1,,,,,,0,FALSE,FALSE,FALSE,Doctorate,Liberal Profession or Professional,Lawyer,,,Lok Sabha Election (GE)
Uttar_Pradesh,17,78,2019,4,0,4,8,SUSHIL,M,IND,4052,,1039390,1942514,BHADOHI,GEN,EAST,12,53.51,0.39,yes,1288,0.12,2.27,GEUP2024623,Independents,10809,TRUE,1,,,,,,0,FALSE,FALSE,FALSE,12th Pass,Labourer or Daily Wage,,,,Lok Sabha Election (GE)
Uttar_Pradesh,17,78,2019,4,0,4,9,SANTLAL,M,IND,2764,,1039390,1942514,BHADOHI,GEN,EAST,12,53.51,0.27,yes,821,0.08,2.27,GEUP179890,Independents,10809,TRUE,1,,,,,,0,FALSE,FALSE,FALSE,5th Pass,Agriculture,,,,Lok Sabha Election (GE)
Uttar_Pradesh,17,78,2019,4,0,4,10,VINOD,M,HND,1943,,1039390,1942514,BHADOHI,GEN,EAST,12,53.51,0.19,yes,124,0.01,2.27,GEUP2024642,Local Party,3288,TRUE,1,,,,,,0,FALSE,FALSE,FALSE,Post Graduate,Education,College Professor or Lecturer,,,Lok Sabha Election (GE)
Uttar_Pradesh,17,78,2019,4,0,4,11,Satish Bahadur,M,IND,1819,,1039390,1942514,BHADOHI,GEN,EAST,12,53.51,0.18,yes,55,0.01,2.27,GEUP179891,Independents,10809,TRUE,1,,,,,,0,FALSE,FALSE,FALSE,12th Pass,Salaried Work or Employed,,,,Lok Sabha Election (GE)
Uttar_Pradesh,17,78,2019,4,0,4,12,RAM SAKHA,M,IND,1764,,1039390,1942514,BHADOHI,GEN,EAST,12,53.51,0.17,yes,118,0.01,2.27,GEUP2024524,Independents,10809,TRUE,1,,,,,,0,FALSE,FALSE,FALSE,Graduate,Agriculture,,,,Lok Sabha Election (GE)
Uttar_Pradesh,17,78,2019,4,0,4,13,KULDEEP,M,IND,1646,,1039390,1942514,BHADOHI,GEN,EAST,12,53.51,0.16,yes,0,0,2.27,GEUP179892,Independents,10809,TRUE,1,,,,,,0,FALSE,FALSE,FALSE,Post Graduate,Business,,Agriculture,,Lok Sabha Election (GE)
Uttar_Pradesh,17,79,2019,4,0,4,1,Anupriya Singh Patel,F,ADAL,591564,GEN,1108965,1845150,MIRZAPUR,GEN,EAST,9,60.1,53.34,no,232008,20.92,2.5,GEUP13642,Local Party,956,TRUE,2,AD,954,MIRZAPUR,TRUE,FALSE,2,TRUE,TRUE,TRUE,Post Graduate,Politics,MP,Social Work,,Lok Sabha Election (GE)
Uttar_Pradesh,17,79,2019,4,0,4,2,Ramcharitra Nishad,M,SP,359556,SC,1108965,1845150,MIRZAPUR,GEN,EAST,9,60.1,32.42,no,268055,24.17,2.5,GEUP13426,State-based Party,7425,TRUE,2,BJP,1605,MACHHLISHAHR,FALSE,FALSE,1,TRUE,TRUE,TRUE,12th Pass,Politics,MP,,,Lok Sabha Election (GE)
Uttar_Pradesh,17,79,2019,4,0,4,3,Lalitesh Pati Tripathi,M,INC,91501,GEN,1108965,1845150,MIRZAPUR,GEN,EAST,9,60.1,8.25,yes,76148,6.87,2.5,AEUP105006,National Party,3482,TRUE,2,INC,3482,MIRZAPUR,TRUE,TRUE,0,FALSE,FALSE,TRUE,Graduate,Retired or Pension,,Agriculture,,Lok Sabha Election (GE)
Uttar_Pradesh,17,79,2019,4,0,4,4,NOTA,,NOTA,15353,,1108965,1845150,MIRZAPUR,GEN,EAST,9,60.1,1.38,,1211,0.11,2.5,,NOTA,5897,TRUE,,,,,,,,,,,,,,,,Lok Sabha Election (GE)
Uttar_Pradesh,17,79,2019,4,0,4,5,Radheshyam Inshan,M,BRPI,14142,SC,1108965,1845150,MIRZAPUR,GEN,EAST,9,60.1,1.28,yes,4936,0.45,2.5,GEUP13659,Local Party,15871,TRUE,2,BRPI,15871,MIRZAPUR,TRUE,TRUE,0,FALSE,FALSE,TRUE,8th Pass,Retired or Pension,,Agriculture,,Lok Sabha Election (GE)
Uttar_Pradesh,17,79,2019,4,0,4,6,Archana Mishra,F,SatBP,9206,,1108965,1845150,MIRZAPUR,GEN,EAST,9,60.1,0.83,yes,653,0.06,2.5,GEUP179893,Local Party,18273,TRUE,1,,,,,,0,FALSE,FALSE,FALSE,Post Graduate,Other,Household,,,Lok Sabha Election (GE)
Uttar_Pradesh,17,79,2019,4,0,4,7,Jeera Bharti,F,CPI(ML)(L),8553,,1108965,1845150,MIRZAPUR,GEN,EAST,9,60.1,0.77,yes,632,0.06,2.5,GEUP13628,Local Party,2472,TRUE,2,CPI(ML)(L),9890,MIRZAPUR,TRUE,FALSE,0,TRUE,FALSE,TRUE,Literate,Politics,Party Worker,Social Work,,Lok Sabha Election (GE)
Uttar_Pradesh,17,79,2019,4,0,4,8,Adesh Tyagi,M,BHAPRAP,7921,,1108965,1845150,MIRZAPUR,GEN,EAST,9,60.1,0.71,yes,776,0.07,2.5,GEUP179894,Local Party,18101,TRUE,1,,,,,,0,FALSE,FALSE,FALSE,Graduate,Business,,,,Lok Sabha Election (GE)
Uttar_Pradesh,17,79,2019,4,0,4,9,Dinesh Kumar Pal,M,RSPS,7145,,1108965,1845150,MIRZAPUR,GEN,EAST,9,60.1,0.64,yes,3121,0.28,2.5,GEUP2024335,Local Party,6792,TRUE,1,,,,,,0,FALSE,FALSE,FALSE,Graduate,Unemployed,,,,Lok Sabha Election (GE)
Uttar_Pradesh,17,79,2019,4,0,4,10,Ashish Kumar Tripathi,M,PSPL,4024,,1108965,1845150,MIRZAPUR,GEN,EAST,9,60.1,0.36,yes,0,0,2.5,GEUP179895,Local Party,17283,TRUE,1,,,,,,0,FALSE,FALSE,FALSE,12th Pass,Agriculture,,,,Lok Sabha Election (GE)
Uttar_Pradesh,17,80,2019,4,0,4,1,PAKAURI LAL KOL,M,ADAL,447914,SC,988287,1723538,ROBERTSGANJ,SC,EAST,12,57.34,45.32,no,54336,5.5,2.7,AEUP122309,Local Party,956,TRUE,7,SP,7425,ROBERTSGANJ,TRUE,FALSE,2,TRUE,FALSE,TRUE,Literate,Retired or Pension,,Agriculture,,Lok Sabha Election (GE)
Uttar_Pradesh,17,80,2019,4,0,4,2,BHAI LAL,M,SP,393578,SC,988287,1723538,ROBERTSGANJ,SC,EAST,12,57.34,39.82,no,358309,36.26,2.7,GEUP83264,State-based Party,7425,TRUE,2,BSP,16651,ROBERTSGANJ,TRUE,FALSE,1,TRUE,FALSE,FALSE,10th Pass,Retired or Pension,,Agricultural Labour,,Lok Sabha Election (GE)
Uttar_Pradesh,17,80,2019,4,0,4,3,BHAGWATI PRASAD CHAUDHARI,M,INC,35269,SC,988287,1723538,ROBERTSGANJ,SC,EAST,12,57.34,3.57,yes,14151,1.43,2.7,AEUP112009,National Party,3482,TRUE,2,INC,3482,ROBERTSGANJ,TRUE,TRUE,0,FALSE,FALSE,TRUE,Graduate Professional,Business,,Agriculture,,Lok Sabha Election (GE)
Uttar_Pradesh,17,80,2019,4,0,4,4,NOTA,,NOTA,21118,,988287,1723538,ROBERTSGANJ,SC,EAST,12,57.34,2.14,,2780,0.28,2.7,,NOTA,5897,TRUE,,,,,,,,,,,,,,,,Lok Sabha Election (GE)
Uttar_Pradesh,17,80,2019,4,0,4,5,ANUJ KUMAR KANAUJIA,M,BLRP,18338,SC,988287,1723538,ROBERTSGANJ,SC,EAST,12,57.34,1.86,yes,872,0.09,2.7,GEUP2024266,Local Party,1990,TRUE,1,,,,,,0,FALSE,FALSE,FALSE,Post Graduate,Agriculture,,,,Lok Sabha Election (GE)
Uttar_Pradesh,17,80,2019,4,0,4,6,ASHOK KUMAR KANAUJIYA,M,CPI,17466,SC,988287,1723538,ROBERTSGANJ,SC,EAST,12,57.34,1.77,yes,6434,0.65,2.7,GEUP13681,State-based Party (Other State),2444,TRUE,2,CPI,2444,ROBERTSGANJ,TRUE,TRUE,0,FALSE,FALSE,TRUE,Graduate Professional,Liberal Profession or Professional,Lawyer,,,Lok Sabha Election (GE)
Uttar_Pradesh,17,80,2019,4,0,4,7,S R DARAPURI,M,AIPF,11032,SC,988287,1723538,ROBERTSGANJ,SC,EAST,12,57.34,1.12,yes,1902,0.19,2.7,GEUP13664,Local Party,15661,TRUE,2,AIPF,15661,ROBERTSGANJ,TRUE,TRUE,0,FALSE,FALSE,TRUE,Graduate,Retired or Pension,,Social Work,,Lok Sabha Election (GE)
Uttar_Pradesh,17,80,2019,4,0,4,8,RUBY PRASAD,F,PSPL,9130,SC,988287,1723538,ROBERTSGANJ,SC,EAST,12,57.34,0.92,yes,339,0.03,2.7,GEUP179898,Local Party,17283,TRUE,1,,,,,,0,FALSE,FALSE,FALSE,Graduate,Retired or Pension,,Agriculture,,Lok Sabha Election (GE)
Uttar_Pradesh,17,80,2019,4,0,4,9,Vidya Prakash Kureel,M,IND,8791,SC,988287,1723538,ROBERTSGANJ,SC,EAST,12,57.34,0.89,yes,433,0.04,2.7,GEUP2024637,Independents,10809,TRUE,1,,,,,,0,FALSE,FALSE,FALSE,Graduate,Former Government,Ex Military,,,Lok Sabha Election (GE)
Uttar_Pradesh,17,80,2019,4,0,4,10,PRABHUDAYAL,M,IND,8358,SC,988287,1723538,ROBERTSGANJ,SC,EAST,12,57.34,0.85,yes,1675,0.17,2.7,GEUP179899,Independents,10809,TRUE,1,,,,,,0,FALSE,FALSE,FALSE,,,,,,Lok Sabha Election (GE)
Uttar_Pradesh,17,80,2019,4,0,4,11,ANITA KOL,F,JD(U),6683,SC,988287,1723538,ROBERTSGANJ,SC,EAST,12,57.34,0.68,yes,890,0.09,2.7,GEUP2024261,State-based Party (Other State),11002,TRUE,1,,,,,,0,FALSE,FALSE,FALSE,Graduate,Labourer or Daily Wage,,Agriculture,,Lok Sabha Election (GE)
Uttar_Pradesh,17,80,2019,4,0,4,12,Sunil Kumar,M,BHAPRAP,5793,SC,988287,1723538,ROBERTSGANJ,SC,EAST,12,57.34,0.59,yes,976,0.1,2.7,GEUP179900,Local Party,18101,TRUE,1,,,,,,0,FALSE,FALSE,FALSE,12th Pass,Business,,Agriculture,,Lok Sabha Election (GE)
Uttar_Pradesh,17,80,2019,4,0,4,13,KAILASH NATH,M,SBSP,4817,SC,988287,1723538,ROBERTSGANJ,SC,EAST,12,57.34,0.49,yes,0,0,2.7,GEUP2024384,Local Party,18721,TRUE,1,,,,,,0,FALSE,FALSE,FALSE,8th Pass,Agriculture,,,,Lok Sabha Election (GE)
