Constituency No.,Constituency Name,Candidate Name,Candidate Sex,Candidate Age,Candidate Category, Party Name, VALID VOTES POLLED in General, VALID VOTES POLLED in Postal, Total Valid Votes,Total Electors,Total valid votes polled +NOTA,% votes polled
1,Behat,NARESH SAINI,M,53,GEN,INC,96812,223,97035,336576,252559,38.6619810903527
1,Behat,MAHAVEER SINGH RANA,M,55,GEN,BJP,71135,314,71449,336576,252559,28.4676651406669
1,Behat,MOHD. IQBAL,M,52,GEN,BSP,70813,206,71019,336576,252559,28.2963387958547
1,Behat,RANA ADITYA PRATAP SINGH,M,49,GEN,IND,4181,6,4187,336576,252559,1.66824047843878
1,Behat,None of the Above,,,,NOTA,1576,0,1576,336576,252559,0.627930975404709
1,Behat,KAMRAN ALI,M,37,GEN,BHASP,1255,0,1255,336576,252559,0.500033866835602
1,Behat,ARUN,M,38,GEN,RLD,1147,3,1150,336576,252559,0.458198364032624
1,Behat,HARDHYAN,M,39,SC,IND,1113,0,1113,336576,252559,0.443456329711574
1,Behat,GOPAL SINGH,M,32,GEN,IND,945,0,945,336576,252559,0.376519525226808
1,Behat,KRISHNA KUMAR,M,35,SC,IND,810,0,810,336576,252559,0.322731021622978
1,Behat,KALYAN SINGH,M,45,GEN,IND,658,1,659,336576,252559,0.262567584258695
1,Behat,LOKESH VERMA,M,34,GEN,BHATARSP,617,0,617,336576,252559,0.245833383137503
1,Behat,SAKEEM KHAN,M,42,GEN,BMUP,425,0,425,336576,252559,0.169334178012057
1,Behat,KARM SINGH,M,57,GEN,IND,318,1,319,336576,252559,0.12710024184905
2,Nakur,DR.DHARAM SINGH SAINI,M,60,GEN,BJP,94038,337,94375,329580,255532,37.1116791191506
2,Nakur,IMRAN MASOOD,M,46,GEN,INC,90170,148,90318,329580,255532,35.516319307904
2,Nakur,NAVEEN CHOUDHARY,M,38,GEN,BSP,65091,237,65328,329580,255532,25.6893432953205
2,Nakur,None of the Above,,,,NOTA,1231,1,1232,329580,255532,0.484467164766024
2,Nakur,KAMAL GARG,M,43,GEN,IND,944,0,944,329580,255532,0.371215100275265
2,Nakur,VIJAYPAL SINGH,M,56,GEN,IND,814,0,814,329580,255532,0.320094376720409
2,Nakur,RAJPAL SINGH,M,59,GEN,IND,813,0,813,329580,255532,0.319701140385372
2,Nakur,RAMKUMAR,M,30,GEN,RLD,777,6,783,329580,255532,0.307904050334251
2,Nakur,PARVESH KUMAR,M,40,GEN,ASP,295,0,295,329580,255532,0.11600471883602
2,Nakur,INDU,F,45,GEN,IND,244,1,245,329580,255532,0.0963429020841526
2,Nakur,RAJIV SAINI,M,41,GEN,BMUP,243,2,245,329580,255532,0.0963429020841526
2,Nakur,ARVIND,M,37,SC,IND,140,0,140,329580,255532,0.05505308690523
3,Saharanpur Nagar,SANJAY GARG,M,59,GEN,SP,126854,356,127210,393564,272509,46.7969422515212
3,Saharanpur Nagar,RAJIV GUMBER,M,47,GEN,BJP,121711,863,122574,393564,272509,45.0914896591302
3,Saharanpur Nagar,MUKESH DIXIT,M,47,GEN,BSP,17092,258,17350,393564,272509,6.38257171656231
3,Saharanpur Nagar,BHOORA MALIK,M,40,GEN,RLD,928,6,934,393564,272509,0.343592045145199
3,Saharanpur Nagar,TALAT KHAN,F,58,GEN,AIMIM,689,4,693,393564,272509,0.254934997093815
3,Saharanpur Nagar,None of the Above,,,,NOTA,668,7,675,393564,272509,0.248313308857612
3,Saharanpur Nagar,SHABNAM,F,26,GEN,IND,594,0,594,393564,272509,0.218515711794698
3,Saharanpur Nagar,ZAINUL AABIDEEN SIDDIQUI,M,48,GEN,PBI,494,0,494,393564,272509,0.181728554926904
3,Saharanpur Nagar,ROSHAN SINGH,M,26,GEN,IND,409,0,409,393564,272509,0.150459471589279
3,Saharanpur Nagar,BHARAT RAJ,M,34,SC,BMUP,381,5,386,393564,272509,0.141998425509686
3,Saharanpur Nagar,SHIV KUMAR GUPTA,M,62,GEN,IND,286,0,286,393564,272509,0.105211268641892
3,Saharanpur Nagar,SHIV KUMAR,M,44,SC,SWAJANPA,265,0,265,393564,272509,0.0974859656996549
3,Saharanpur Nagar,VINAY DHIMAN,M,38,GEN,OP,251,4,255,393564,272509,0.0938072500128755
3,Saharanpur Nagar,RAVINDER ARORA,M,51,GEN,SHS,222,1,223,393564,272509,0.0820353598151813
3,Saharanpur Nagar,MOHD.MURSLEEN,M,29,GEN,IND,161,0,161,393564,272509,0.0592273225571488
4,Saharanpur  ,MASOOD AKHTAR,M,54,GEN,INC,87501,188,87689,317413,237468,37.0778012684989
4,Saharanpur  ,JAGPAL SINGH,M,58,SC,BSP,74919,446,75365,317413,237468,31.8668076109937
4,Saharanpur  ,MANOJ CHAUDHARY,M,44,GEN,BJP,58451,301,58752,317413,237468,24.8422832980973
4,Saharanpur  ,SAAD ALI KHAN,M,33,GEN,IND,10937,13,10950,317413,237468,4.63002114164905
4,Saharanpur  ,None of the Above,,,,NOTA,964,4,968,317413,237468,0.409302325581395
4,Saharanpur  ,AYYUB HASAN,M,60,GEN,RLD,822,0,822,317413,237468,0.347568710359408
4,Saharanpur  ,AMJAD ALI,M,33,GEN,LD,774,0,774,317413,237468,0.327272727272727
4,Saharanpur  ,SHABNOOR BEGUM,F,39,GEN,IND,596,0,596,317413,237468,0.252008456659619
4,Saharanpur  ,VIKRAM SAINI,M,37,GEN,IND,399,0,399,317413,237468,0.168710359408034
4,Saharanpur  ,PARVESH KUMAR,M,36,SC,IND,376,0,376,317413,237468,0.158985200845666
4,Saharanpur  ,SULEMAN,M,55,GEN,BMUP,256,0,256,317413,237468,0.108245243128964
4,Saharanpur  ,SACHIN KUMAR,M,26,GEN,BHATARSP,219,1,220,317413,237468,0.0930232558139535
4,Saharanpur  ,BABLU,M,30,SC,ASP,155,0,155,317413,237468,0.06553911205074
4,Saharanpur  ,NAUSHAD,M,29,GEN,JANADIP,146,0,146,317413,237468,0.0617336152219873
5,Deoband,BRIJESH,M,44,GEN,BJP,101977,267,102244,327564,234306,43.7860801342995
5,Deoband,MAJID ALI,M,50,GEN,BSP,72654,190,72844,327564,234306,31.1955050790551
5,Deoband,MAVIA ALI,M,46,GEN,SP,55278,107,55385,327564,234306,23.7186734501602
5,Deoband,BHUPESHWAR TYAGI,M,62,GEN,RLD,1129,3,1132,327564,234306,0.48477996471213
5,Deoband,None of the Above,,,,NOTA,796,2,798,327564,234306,0.341744180070918
5,Deoband,DHARMAVIR,M,62,SC,BMUP,650,1,651,327564,234306,0.278791304794697
5,Deoband,RAKESH VERMA,M,37,GEN,BHATARSP,597,1,598,327564,234306,0.256094009627079
5,Deoband,UMAR NAWAZ,M,40,GEN,IND,415,0,415,327564,234306,0.177724103670966
5,Deoband,ZAHIR FATMA,F,42,GEN,IND,239,0,239,327564,234306,0.102351953680388
6,Rampur Maniharan ,DEVENDER KUMAR NIM,M,47,SC,BJP,76194,271,76465,297983,218831,35.0797109760294
6,Rampur Maniharan ,RAVINDRA KUMAR MOLHU,M,47,SC,BSP,75550,320,75870,297983,218831,34.8067438926482
6,Rampur Maniharan ,VISHVA DAYAL CHHOTAN,M,36,SC,INC,61643,144,61787,297983,218831,28.3459112283519
6,Rampur Maniharan ,None of the Above,,,,NOTA,856,0,856,297983,218831,0.392705585502925
6,Rampur Maniharan ,DAYAWATI CHAUDHRY,F,64,SC,RLD,695,1,696,297983,218831,0.319302672324808
6,Rampur Maniharan ,BIJENDRA,M,50,SC,IND,689,0,689,297983,218831,0.316091294873265
6,Rampur Maniharan ,REKHA,F,38,SC,IND,579,0,579,297983,218831,0.26562679206331
6,Rampur Maniharan ,ARVIND JHANJHOT,M,41,SC,RGD,522,1,523,297983,218831,0.239935772450969
6,Rampur Maniharan ,SURESH KUMAR,M,39,SC,BMUP,475,0,475,297983,218831,0.217914898497534
6,Rampur Maniharan ,ANJU BALA,F,32,SC,BHATARSP,391,0,391,297983,218831,0.179378369079023
6,Rampur Maniharan ,BABY,F,40,SC,KSJP,256,0,256,297983,218831,0.117444661084987
6,Rampur Maniharan ,KM.LATA,F,35,SC,IVD,244,0,244,297983,218831,0.111939442596628
7,Gangoh,PRADEEP KUMAR,M,46,GEN,BJP,99112,334,99446,357545,257378,38.7844325622935
7,Gangoh,NAUMAN MASOOD,M,47,GEN,INC,61354,64,61418,357545,257378,23.9533242072174
7,Gangoh,INDER SAIN,M,51,GEN,SP,47133,86,47219,357545,257378,18.4156438786773
7,Gangoh,MAHIPAL SINGH MAJRA,M,66,GEN,BSP,44578,139,44717,357545,257378,17.4398514861139
7,Gangoh,RAJNESH CHAUHAN,M,59,GEN,RLD,1049,5,1054,357545,257378,0.411065220528301
7,Gangoh,None of the Above,,,,NOTA,971,0,971,357545,257378,0.37869480942408
7,Gangoh,YATENDERA,M,44,GEN,IND,609,0,609,357545,257378,0.237513016415308
7,Gangoh,SATNAM SINGH,M,63,GEN,SARSAMP,579,0,579,357545,257378,0.225812867823421
7,Gangoh,KAWAR PAL,M,52,GEN,IND,526,0,526,357545,257378,0.205142605311087
7,Gangoh,VIKAS KUMAR,M,36,GEN,IND,475,0,475,357545,257378,0.185252352704879
7,Gangoh,SONU VERMA,M,35,GEN,BHATARSP,364,0,364,357545,257378,0.141961802914897
8,Kairana,NAHID HASAN,M,29,GEN,SP,98654,176,98830,300659,209134,47.4975249190192
8,Kairana,MRIGANKA SINGH,F,57,GEN,BJP,77529,139,77668,300659,209134,37.3271047800302
8,Kairana,ANIL KUMAR,M,54,GEN,RLD,19903,89,19992,300659,209134,9.60812018801004
8,Kairana,DIWAKAR DESHWAL,M,29,GEN,BSP,6858,30,6888,300659,209134,3.31036073704547
8,Kairana,MASEEHULLA,M,40,GEN,AIMIM,1365,0,1365,300659,209134,0.656016609475475
8,Kairana,SARFARAJ KHAN,M,49,GEN,LD,1124,3,1127,300659,209134,0.541634226284879
8,Kairana,None of the Above,,,,NOTA,1059,1,1060,300659,209134,0.509434143621981
8,Kairana,SETHPAL,M,49,GEN,IND,622,1,623,300659,209134,0.299412708940089
8,Kairana,DHARMVEER,M,41,GEN,IND,545,0,545,300659,209134,0.26192604554149
8,Kairana,VINOD KUMAR,M,51,GEN,IND,495,1,496,300659,209134,0.238376731355191
8,Kairana,SAHENDRA PAL,M,38,GEN,BAVAP,290,0,290,300659,209134,0.139373492122995
8,Kairana,SANDEEP,M,28,GEN,BMUP,250,0,250,300659,209134,0.120149562174995
9,Thana Bhawan,SURESH KUMAR,M,44,GEN,BJP,90796,199,90995,311405,212691,42.9610779573954
9,Thana Bhawan,ABDUL WARIS KHAN,M,36,GEN,BSP,74088,90,74178,311405,212691,35.0213400815833
9,Thana Bhawan,JAVED RAO,M,43,GEN,RLD,31210,65,31275,311405,212691,14.7657312282822
9,Thana Bhawan,SUDHIR KUMAR,M,56,GEN,SP,13393,87,13480,311405,212691,6.36425441909654
9,Thana Bhawan,None of the Above,,,,NOTA,883,0,883,311405,212691,0.416886991992748
9,Thana Bhawan,MOHD NASIR,M,25,GEN,BMUP,561,0,561,311405,212691,0.264862516996525
9,Thana Bhawan,RAHAT ALI,M,37,GEN,IND,378,0,378,311405,212691,0.178463514126001
9,Thana Bhawan,SUNIL,M,44,GEN,IND,318,0,318,311405,212691,0.150135972201239
9,Thana Bhawan,SAHDEV,M,47,GEN,IND,225,0,225,311405,212691,0.106228282217858
9,Thana Bhawan,MANJU,F,32,GEN,IND,210,0,210,311405,212691,0.0991463967366672
9,Thana Bhawan,PARVEZ ALI,M,43,GEN,IND,188,0,188,311405,212691,0.0887596313642544
10,Shamli,TEJENDRA NIRWAL,M,51,GEN,BJP,69803,282,70085,299856,196347,35.8590096497242
10,Shamli,PANKAJ KUMAR MALIK,M,38,GEN,INC,40270,95,40365,299856,196347,20.652763423145
10,Shamli,BIJENDRA SINGH,M,44,GEN,RLD,33358,193,33551,299856,196347,17.1663784370107
10,Shamli,MANISH KUMAR,M,34,GEN,IND,31629,195,31824,299856,196347,16.2827584089723
10,Shamli,MOHAMMAD ISLAM,M,58,GEN,BSP,17017,97,17114,299856,196347,8.75638283720311
10,Shamli,None of the Above,,,,NOTA,901,0,901,299856,196347,0.460996899399323
10,Shamli,BILAL A,M,27,GEN,PECP,820,0,820,299856,196347,0.419553226978296
10,Shamli,SANJEEV KUMAR,M,40,GEN,IND,379,0,379,299856,196347,0.193915454908261
10,Shamli,SANJEEV,M,34,GEN,IND,294,0,294,299856,196347,0.150425181380023
10,Shamli,MOHD. GUFRAN KAZMI,M,39,GEN,IND,294,0,294,299856,196347,0.150425181380023
10,Shamli,ARVIND KUMAR,M,42,SC,BMUP,277,1,278,299856,196347,0.142238776951178
10,Shamli,OMPAL,M,56,SC,BJD(T),233,0,233,299856,196347,0.119214514495052
10,Shamli,LOKENDRA KUMAR,M,45,GEN,IND,209,0,209,299856,196347,0.106934907851785
11,Budhana,UMESH MALIK,M,51,GEN,BJP,97535,246,97781,359140,241116,40.7709627652921
11,Budhana,PRAMOD TYAGI,M,62,GEN,SP,84462,118,84580,359140,241116,35.2666472084393
11,Budhana,SAEEDA BEGAM,F,42,GEN,BSP,29971,63,30034,359140,241116,12.5230371513155
11,Budhana,YOGRAJ SINGH,M,44,GEN,RLD,23649,83,23732,359140,241116,9.89534253429512
11,Budhana,None of the Above,,,,NOTA,1286,0,1286,359140,241116,0.536213150981946
11,Budhana,SHOBHA RAM,M,65,GEN,IND,699,0,699,359140,241116,0.291456448317558
11,Budhana,MOHD. RASHEED KASSAR,M,39,GEN,IND,666,0,666,359140,241116,0.277696701830463
11,Budhana,DINESH KUMAR,M,25,SC,NINSHAD,606,5,611,359140,241116,0.254763791018638
11,Budhana,JAMEEL,M,63,GEN,NALP,399,1,400,359140,241116,0.166784805904182
11,Budhana,MANOJ,M,39,GEN,RKMP,360,1,361,359140,241116,0.150523287328524
11,Budhana,RIZWAN,M,32,GEN,IND,276,0,276,359140,241116,0.115081516073886
11,Budhana,CH. RAJKUMAR BALIYAN,M,58,GEN,IND,222,0,222,359140,241116,0.0925655672768211
11,Budhana,SUMAT PAL KASHYAP,M,59,GEN,SHS,145,0,145,359140,241116,0.060459492140266
11,Budhana,JAGAPAL,M,56,GEN,IND,136,0,136,359140,241116,0.0567068340074219
11,Budhana,ANIL,M,53,GEN,IND,105,1,106,359140,241116,0.0441979735646083
11,Budhana,MOHD. GULAFAM,M,46,GEN,IND,81,0,81,359140,241116,0.0337739231955969
12,Charthawal,VIJAY KUMAR KASHYAP,M,50,GEN,BJP,81842,204,82046,314338,206964,39.8385984675595
12,Charthawal,MUKESH KUMAR CHAUDHARY,M,42,GEN,SP,58722,93,58815,314338,206964,28.5584570712711
12,Charthawal,NOOR SALEEM RANA,M,46,GEN,BSP,47563,141,47704,314338,206964,23.1633535004322
12,Charthawal,SALMAN ZAIDI,M,40,GEN,RLD,14410,32,14442,314338,206964,7.01251784448351
12,Charthawal,None of the Above,,,,NOTA,1016,2,1018,314338,206964,0.494304332203587
12,Charthawal,VISHAL KUMAR,M,38,GEN,NINSHAD,975,0,975,314338,206964,0.473425072591844
12,Charthawal,AMITA SINGH,F,59,GEN,LD,549,0,549,314338,206964,0.266574733182485
12,Charthawal,ADESH KUMAR,M,48,SC,IND,443,1,444,314338,206964,0.215590494595671
12,Charthawal,FURAKAN,M,48,GEN,IND,385,0,385,314338,206964,0.186942208151651
12,Charthawal,JAIPAL SINGH SAINI,M,66,GEN,JSP,304,1,305,314338,206964,0.148097073990269
12,Charthawal,ARSAD MANSURI,M,36,GEN,ABVCP,281,0,281,314338,206964,0.136443533741855
13,Purqazi ,PRAMOD UTWAL,M,49,SC,BJP,77168,323,77491,313968,204319,38.1390884929619
13,Purqazi ,DEEPAK KUMAR,M,60,SC,INC,66135,103,66238,313968,204319,32.6006496702431
13,Purqazi ,ANIL KUMAR,M,42,SC,BSP,46145,256,46401,313968,204319,22.8373855694458
13,Purqazi ,CHOTI,F,43,SC,RLD,8185,42,8227,313968,204319,4.04911900777636
13,Purqazi ,UMA KIRAN,F,51,SC,SP,2558,12,2570,313968,204319,1.26488827640516
13,Purqazi ,None of the Above,,,,NOTA,1138,1,1139,313968,204319,0.560586671916527
13,Purqazi ,KAVITA,F,30,SC,NINSHAD,869,2,871,313968,204319,0.428683925583227
13,Purqazi ,ANIL KUMAR,M,52,SC,BMUP,578,1,579,313968,204319,0.284968993011123
13,Purqazi ,MANOJ KUMAR,M,33,SC,IND,298,0,298,313968,204319,0.146667979131804
13,Purqazi ,MITVA BHANVAR,M,41,SC,NALP,259,1,260,313968,204319,0.127965350920366
13,Purqazi ,AATMARAM,M,61,SC,IND,245,0,245,313968,204319,0.120582734521114
14,Muzaffar Nagar,KAPIL DEV AGARWAL,M,53,GEN,BJP,97298,540,97838,334332,215602,45.6187141265171
14,Muzaffar Nagar,GAURAV SWARUP BANSAL,M,47,GEN,SP,86860,274,87134,334332,215602,40.627783036243
14,Muzaffar Nagar,RAKESH KUMAR SHARMA,M,45,GEN,BSP,20810,228,21038,334332,215602,9.80934307522299
14,Muzaffar Nagar,PAYAL MAHESHWARI,F,29,GEN,RLD,5572,68,5640,334332,215602,2.62975068657941
14,Muzaffar Nagar,None of the Above,,,,NOTA,1130,3,1133,334332,215602,0.528281476577034
14,Muzaffar Nagar,SANGITA,F,42,GEN,IND,1008,0,1008,334332,215602,0.469997995048235
14,Muzaffar Nagar,MURTAZA SALMANI,M,27,GEN,CPI,491,0,491,334332,215602,0.228937515445123
14,Muzaffar Nagar,SHAHZAMA KHAN,M,30,GEN,IND,249,0,249,334332,215602,0.116100695205368
14,Muzaffar Nagar,ZAKIR ALI RANA,M,55,GEN,IND,240,0,240,334332,215602,0.111904284535294
14,Muzaffar Nagar,RAJ KISHOR,M,55,GEN,IND,199,0,199,334332,215602,0.0927873025938481
14,Muzaffar Nagar,KRISHAN PAL SINGH,M,58,GEN,BLOKSP,177,0,177,334332,215602,0.0825294098447794
14,Muzaffar Nagar,JAMSHED,M,54,GEN,IND,131,0,131,334332,215602,0.0610810886421814
14,Muzaffar Nagar,KARAN SINGH SAINI,M,48,GEN,JSP,92,0,92,334332,215602,0.0428966424051961
14,Muzaffar Nagar,REENU ALIAS SAKSHI,F,25,GEN,ABHM,81,0,81,334332,215602,0.0377676960306618
14,Muzaffar Nagar,BABITA,F,39,GEN,BRJ,55,0,55,334332,215602,0.0256447318726716
14,Muzaffar Nagar,SANJAY KUMAR,M,44,GEN,BJD(T),52,0,52,334332,215602,0.0242459283159804
14,Muzaffar Nagar,RISHI RAM,M,51,GEN,IND,44,0,44,334332,215602,0.0205157854981373
15,Khatauli,VIKRAM SINGH,M,48,GEN,BJP,94487,284,94771,298738,213096,44.6186947392209
15,Khatauli,CHANDAN SINGH CHAUHAN,M,28,GEN,SP,63262,135,63397,298738,213096,29.8476473856178
15,Khatauli,SHIVAN SINGH SAINI,M,33,GEN,BSP,37207,173,37380,298738,213096,17.5987043436502
15,Khatauli,SHAHNAWAZ RANA,M,44,GEN,RLD,12817,29,12846,298738,213096,6.04796565004096
15,Khatauli,BRAHM SINGH,M,59,GEN,CPI,822,1,823,298738,213096,0.38747281099048
15,Khatauli,None of the Above,,,,NOTA,693,1,694,298738,213096,0.326738919595861
15,Khatauli,JANARDAN SHARMA,M,64,GEN,HINUP,626,0,626,298738,213096,0.294724155139782
15,Khatauli,YAJPAL,M,61,GEN,IND,598,0,598,298738,213096,0.281541605069632
15,Khatauli,SURENDRA KUMAR,M,30,GEN,ABHM,332,0,332,298738,213096,0.156307379403207
15,Khatauli,ADESH,M,29,SC,BBPP,315,0,315,298738,213096,0.148303688289188
15,Khatauli,DEEPAK KUMAR,M,31,SC,IND,315,0,315,298738,213096,0.148303688289188
15,Khatauli,BHARATVIR,M,47,GEN,IND,312,0,312,298738,213096,0.146891272210243
15,Khatauli,AASHI GAUR,F,25,GEN,LD,207,0,207,298738,213096,0.0974567094471804
15,Khatauli,SATAYVEER SINGH,M,60,GEN,IND,201,0,201,298738,213096,0.0946318772892911
15,Khatauli,BRAJ BHUSHAN,M,49,GEN,BASAPA,147,1,148,298738,213096,0.0696791932279357
15,Khatauli,MAYA,F,51,SC,ABVCP,131,0,131,298738,213096,0.0616755021139161
16,Meerapur,AVTAR SINGH BHADANA,M,60,GEN,BJP,68921,114,69035,294158,204405,33.9547008336817
16,Meerapur,LIYAKAT ALI,M,65,GEN,SP,68757,85,68842,294158,204405,33.8597742419398
16,Meerapur,NAWAZISH ALAM KHAN,M,39,GEN,BSP,39600,89,39689,294158,204405,19.5209404126602
16,Meerapur,MITHLESHPAL,F,53,GEN,RLD,22670,81,22751,294158,204405,11.1900253301527
16,Meerapur,None of the Above,,,,NOTA,1090,0,1090,294158,204405,0.53611391191009
16,Meerapur,SANDEEP KUMAR,M,29,GEN,NINSHAD,473,1,474,294158,204405,0.233135774537048
16,Meerapur,IMRANA,F,37,GEN,ABVCP,462,0,462,294158,204405,0.227233603029781
16,Meerapur,MOH. MOOSA,M,66,GEN,IND,451,0,451,294158,204405,0.22182327914812
16,Meerapur,NABAB ALI,M,35,GEN,IND,305,0,305,294158,204405,0.150013525809704
16,Meerapur,MOH. JISHAN,M,36,GEN,BMUP,290,2,292,294158,204405,0.143619506676832
16,Meerapur,ADESH KUMAR,M,52,GEN,IND,238,0,238,294158,204405,0.11705973489413
16,Meerapur,MANOJ SAINI,M,44,GEN,SHS,236,1,237,294158,204405,0.116567887268524
16,Meerapur,MOTIRAM,M,54,GEN,MKUP,199,1,200,294158,204405,0.0983695251211175
16,Meerapur,DHARAMVEER SINGH SAINI,M,67,GEN,JSP,174,0,174,294158,204405,0.0855814868553722
16,Meerapur,ANJUM KAMAL,M,37,GEN,IND,165,0,165,294158,204405,0.0811548582249219
17,Najibabad,TASLEEM AHMAD,M,56,GEN,SP,80924,158,81082,329566,215936,37.8145695364238
17,Najibabad,RAJIV KUMAR AGARWAL,M,52,GEN,BJP,78818,262,79080,329566,215936,36.8808879768678
17,Najibabad,JAMEEL AHMAD,M,37,GEN,BSP,44942,128,45070,329566,215936,21.0194944501446
17,Najibabad,LEENA SINGHAL,F,44,GEN,RLD,3568,19,3587,329566,215936,1.67288499207164
17,Najibabad,TAZEEM SIDDIQUI,M,31,GEN,AIMIM,2093,1,2094,329566,215936,0.976588004850294
17,Najibabad,None of the Above,,,,NOTA,1515,1,1516,329566,215936,0.707023598544912
17,Najibabad,UMESH KUSHWAHA DANI,M,35,GEN,IND,848,0,848,329566,215936,0.395485495755993
17,Najibabad,DHARA SINGH,M,52,SC,IND,784,0,784,329566,215936,0.365637533812144
17,Najibabad,SAMPURNANAND PANDEY,M,42,GEN,SAMSAMPA,447,0,447,329566,215936,0.208469359201567
17,Najibabad,ASARPAT SINGH,M,49,SC,IND,438,1,439,329566,215936,0.204738363958586
17,Najibabad,ASHFAK MAHIGEER,M,48,GEN,ADPT,393,0,393,329566,215936,0.183285141311445
17,Najibabad,HEMENDRA,M,46,GEN,BMF,236,1,237,329566,215936,0.110530734073314
17,Najibabad,KULDEEP,M,27,GEN,BBPP,184,0,184,329566,215936,0.0858128905885645
17,Najibabad,MOHD UMAR,M,67,GEN,GKP,175,0,175,329566,215936,0.0816155209402108
18,Nagina ,MANOJ KUMAR PARAS,M,50,SC,SP,76968,177,77145,328589,209903,37.0049694923059
18,Nagina ,OMWATI DEVI,F,67,SC,BJP,69031,147,69178,328589,209903,33.1833531601366
18,Nagina ,VIRENDRA PAL,M,31,SC,BSP,49576,117,49693,328589,209903,23.8367742430638
18,Nagina ,NEELAM,F,26,SC,AIMIM,4383,2,4385,328589,209903,2.10339997697533
18,Nagina ,DR.PHOOL SINGH CHAUDHARY,M,45,SC,PECP,2539,2,2541,328589,209903,1.21886872097932
18,Nagina ,YADRAM SINGH CHANDEL,M,52,SC,RLD,2110,3,2113,328589,209903,1.01356537088914
18,Nagina ,None of the Above,,,,NOTA,1431,0,1431,328589,209903,0.686423116773476
18,Nagina ,CHANDRVIR SINGH,M,46,SC,IND,684,1,685,328589,209903,0.32858129628919
18,Nagina ,VIJAY,M,40,SC,IND,636,0,636,328589,209903,0.305076940788211
18,Nagina ,MANOHAR,M,67,SC,IND,555,0,555,328589,209903,0.26622280210292
18,Nagina ,CHIRANJEE  LAL,M,54,SC,BLSP,493,0,493,328589,209903,0.236482597183315
18,Nagina ,JAGDISH SINGH,M,59,SC,IND,446,3,449,328589,209903,0.215376645304885
18,Nagina ,SARVESH ALIAS SHABNAM,F,40,SC,VIP,285,2,287,328589,209903,0.137668367934303
18,Nagina ,SAPNA,F,33,SC,NAAP,170,1,171,328589,209903,0.08202540389117
18,Nagina ,SATENDRA KUMAR,M,28,SC,GKP,141,0,141,328589,209903,0.067634982155877
19,Barhapur,SUSHANT KUMAR,M,28,GEN,BJP,78597,147,78744,338100,222149,35.5354185375892
19,Barhapur,HUSAIN AHMAD,M,59,GEN,INC,68782,138,68920,338100,222149,31.1020654984589
19,Barhapur,FAHAD YAZDANI,M,36,GEN,BSP,50551,133,50684,338100,222149,22.8725636640147
19,Barhapur,DR INDRA DEV SINGH,M,63,GEN,IND,6158,32,6190,338100,222149,2.79340953910999
19,Barhapur,RADHA,F,37,GEN,RLD,3443,6,3449,338100,222149,1.55645710830216
19,Barhapur,KULVEER SINGH,M,62,GEN,IND,3157,7,3164,338100,222149,1.4278429372769
19,Barhapur,NIHAL SINGH,M,70,GEN,BAHAP,1584,2,1586,338100,222149,0.715726579810734
19,Barhapur,ABID ANSARI,M,36,GEN,IND,1466,2,1468,338100,222149,0.662475800228347
19,Barhapur,TAHIR HUSAIN,M,57,GEN,IND,1110,0,1110,338100,222149,0.5009183503089
19,Barhapur,NIRMAL MISHRA,M,49,GEN,IND,963,0,963,338100,222149,0.434580514727451
19,Barhapur,AJAY KUMAR,M,36,GEN,GKP,845,0,845,338100,222149,0.381329735145063
19,Barhapur,MONIKA AHLAWAT,F,32,GEN,IND,748,0,748,338100,222149,0.337555789217168
19,Barhapur,ROHITASH,M,47,GEN,IND,596,0,596,338100,222149,0.268961564670364
19,Barhapur,BIRJESH,M,47,GEN,PECP,562,0,562,338100,222149,0.253618119705947
19,Barhapur,None of the Above,,,,NOTA,556,0,556,338100,222149,0.250910452947521
19,Barhapur,CHANDRA SHEKHAR,M,31,GEN,IND,523,1,524,338100,222149,0.236469563569246
19,Barhapur,GAJALA TAUSIF,F,31,GEN,IND,409,0,409,338100,222149,0.184572617366072
19,Barhapur,JAYPAL SINGH,M,60,GEN,IND,358,0,358,338100,222149,0.161557449919447
19,Barhapur,TODA SINGH,M,68,GEN,BSRD,343,2,345,338100,222149,0.155690838609523
19,Barhapur,SAMLESH SAINI,F,58,GEN,BLSP,276,1,277,338100,222149,0.125003948680689
19,Barhapur,SHAILENDRA PRATAP,M,35,GEN,IND,253,0,253,338100,222149,0.114173281646983
19,Barhapur,MUKUL,M,32,GEN,IND,206,0,206,338100,222149,0.0929632253726426
19,Barhapur,SADHANA SINGH,F,62,GEN,IND,192,0,192,338100,222149,0.0866453362696475
20,Dhampur,ASHOK KUMAR RANA,M,57,GEN,BJP,81720,449,82169,282279,192961,42.8095091720893
20,Dhampur,THA. MOOL CHAND CHAUHAN,M,65,GEN,SP,64091,214,64305,282279,192961,33.5024825336953
20,Dhampur,MUHAMMAD GHAZI,M,41,GEN,BSP,42706,130,42836,282279,192961,22.3172745791676
20,Dhampur,None of the Above,,,,NOTA,1020,0,1020,282279,192961,0.531413298878301
20,Dhampur,NAIMUDDIN,M,52,GEN,RLD,658,1,659,282279,192961,0.343334670549804
20,Dhampur,FIRASAT,M,40,GEN,ANC,519,0,519,282279,192961,0.270395590311606
20,Dhampur,KAMPI,F,32,GEN,BMF,467,0,467,282279,192961,0.243303931937418
20,Dhampur,LAXMAN,M,56,GEN,IND,348,1,349,282279,192961,0.181826707165223
20,Dhampur,MOHD. DANISH,M,34,GEN,IND,342,0,342,282279,192961,0.178179753153313
20,Dhampur,BHOOPENDRA KUMAR,M,45,GEN,AKSP,295,0,295,282279,192961,0.153693061930489
21,Nehtaur,OMKUMAR,M,50,SC,BJP,76396,248,76644,286410,188207,41.0005670450533
21,Nehtaur,MUNNALAL PREMI,M,63,SC,INC,53354,139,53493,286410,188207,28.6159821113334
21,Nehtaur,VIVEK SINGH,M,27,SC,BSP,46865,194,47059,286410,188207,25.1741256272267
21,Nehtaur,CHANDRAPAL SINGH,M,55,SC,RLD,6458,28,6486,286410,188207,3.46967378860988
21,Nehtaur,None of the Above,,,,NOTA,1270,3,1273,286410,188207,0.680989012164721
21,Nehtaur,NIRMALA DEVI,F,62,SC,IND,935,0,935,286410,188207,0.500176532893963
21,Nehtaur,NAIPAL,M,40,SC,GKP,561,0,561,286410,188207,0.300105919736378
21,Nehtaur,JITENDRA SINGH,M,26,SC,IND,479,0,479,286410,188207,0.256240170327495
21,Nehtaur,PREM SINGH,M,65,SC,IND,430,0,430,286410,188207,0.23002771031487
21,Nehtaur,GAJRAJ SINGH,M,46,SC,IND,302,0,302,286410,188207,0.161554345383932
21,Nehtaur,RANJEET SINGH,M,42,SC,UPRP,294,0,294,286410,188207,0.157274760075749
21,Nehtaur,SUNITA SINGH,F,34,SC,BMF,251,0,251,286410,188207,0.134271989044262
22,Bijnor,SUCHI,F,27,GEN,BJP,105052,496,105548,363181,245771,43.1636200057253
22,Bijnor,RUCHI VIRA,F,55,GEN,SP,78014,253,78267,363181,245771,32.0071156913262
22,Bijnor,RASHID AHMAD,M,56,GEN,BSP,49569,219,49788,363181,245771,20.3606919396393
22,Bijnor,RAHUL SINGH,M,39,GEN,RLD,7753,46,7799,363181,245771,3.18938371569951
22,Bijnor,None of the Above,,,,NOTA,1240,1,1241,363181,245771,0.507504191714718
22,Bijnor,GAURAV KUMAR DHIMAN,M,32,GEN,GKP,829,1,830,363181,245771,0.339426655216129
22,Bijnor,RAFEEQ AHMAD,M,50,GEN,IND,772,2,774,363181,245771,0.316525579683474
22,Bijnor,BHUPENDRA SINGH,M,52,GEN,BMF,466,0,466,363181,245771,0.190569664253875
22,Bijnor,RAHUL KUMAR,M,33,GEN,IND,448,0,448,363181,245771,0.183208604261236
22,Bijnor,PARVEZ AQIL,M,47,GEN,AIMF,375,0,375,363181,245771,0.153355416513311
22,Bijnor,BEGRAJ,M,52,GEN,RMGP,235,0,235,363181,245771,0.096102727681675
23,Chandpur,KAMLESH SAINI,F,50,GEN,BJP,92101,244,92345,312817,218484,42.4473229388836
23,Chandpur,MOHAMMAD IQBAL,M,62,GEN,BSP,56574,122,56696,312817,218484,26.0608957858351
23,Chandpur,MO. ARSHAD,M,39,GEN,SP,36408,123,36531,312817,218484,16.7918474663529
23,Chandpur,SHER BAAZ KHAN,M,41,GEN,INC,15810,16,15826,312817,218484,7.274582628521
23,Chandpur,SURENDRA KUMAR VERMA,M,63,GEN,RLD,11833,47,11880,312817,218484,5.46076340369199
23,Chandpur,FARMAN,M,38,GEN,PECP,1457,0,1457,312817,218484,0.669724939324851
23,Chandpur,None of the Above,,,,NOTA,931,1,932,312817,218484,0.428403324262705
23,Chandpur,AMAR SINGH,M,62,GEN,CPM,799,0,799,312817,218484,0.367268515113628
23,Chandpur,BHUPENDRA,M,45,GEN,IND,600,0,600,312817,218484,0.275796131499595
23,Chandpur,RAMCHARAN,M,61,SC,IND,584,0,584,312817,218484,0.26844156799294
23,Chandpur,JAGAT SINGH,M,42,GEN,IND,450,0,450,312817,218484,0.206847098624697
23,Chandpur,ILYAS,M,70,GEN,IND,384,0,384,312817,218484,0.176509524159741
24,Noorpur,LOKENDRA SINGH,M,40,GEN,BJP,78951,221,79172,303478,203108,39.1954176629883
24,Noorpur,NAIM UL HASAN,M,47,GEN,SP,66289,147,66436,303478,203108,32.8902486719837
24,Noorpur,GOHAR IQBAL,M,46,GEN,BSP,45791,111,45902,303478,203108,22.7245498606387
24,Noorpur,VIJAYPAL SINGH,M,67,GEN,MD,5331,7,5338,303478,203108,2.64266583495468
24,Noorpur,YOGESH URF TILLU TYAGI,M,45,GEN,RLD,2165,7,2172,303478,203108,1.07528478709658
24,Noorpur,None of the Above,,,,NOTA,1115,0,1115,303478,203108,0.551999326709341
24,Noorpur,MAHBOOB,M,37,GEN,PECP,810,1,811,303478,203108,0.401499061848678
24,Noorpur,AMIT KUMAR SINGH,M,33,GEN,IND,753,0,753,303478,203108,0.372785195526578
24,Noorpur,HARSWAROOP,M,57,GEN,IND,482,0,482,303478,203108,0.238622130469868
24,Noorpur,DINESH KUMAR,M,25,GEN,IND,376,0,376,303478,203108,0.186145064432926
24,Noorpur,RAJPAL,M,50,GEN,AKSP,308,0,308,303478,203108,0.152480531503567
24,Noorpur,RAVENDAR KUMAR,M,33,GEN,IND,243,0,243,303478,203108,0.120301198556386
25,Kanth,RAJESH KUMAR SINGH (CHUNNU),M,58,GEN,BJP,75996,311,76307,355629,253108,30.2914941506655
25,Kanth,ANEESURREHMAN,M,54,GEN,SP,73796,163,73959,355629,253108,29.35941153353
25,Kanth,MOHD. NASIR,M,45,GEN,BSP,43638,182,43820,355629,253108,17.3951704782282
25,Kanth,FIZAULLAH CHAUDHRY,M,61,GEN,AIMIM,22896,12,22908,355629,253108,9.0937600482714
25,Kanth,MUHAMMED USMAN ALI,M,50,GEN,PECP,13924,7,13931,355629,253108,5.53017160958918
25,Kanth,DINESH KUMAR SAINI,M,34,GEN,IND,10904,20,10924,355629,253108,4.33648658841089
25,Kanth,AFAK ALI KHAN,M,52,GEN,RLD,3457,1,3458,355629,253108,1.37271792591769
25,Kanth,KASHIF,M,29,GEN,IND,1744,0,1744,355629,253108,0.692313494158605
25,Kanth,None of the Above,,,,NOTA,1198,1,1199,355629,253108,0.475965527234041
25,Kanth,RAMRAKSHPAL,M,52,GEN,SHS,1085,1,1086,355629,253108,0.431108058862526
25,Kanth,MOHAMMAD AMIL,M,47,GEN,NALP,950,0,950,355629,253108,0.377120309318047
25,Kanth,RAFIULLAH KHAN,M,52,GEN,IND,866,0,866,355629,253108,0.343774934599399
25,Kanth,MADAN LAL SINGH,M,55,SC,NCP,861,0,861,355629,253108,0.341790090866146
25,Kanth,MOHD ISRAR,M,44,GEN,IND,744,0,744,355629,253108,0.295344747508029
25,Kanth,SATISH KUMAR,M,31,SC,RACP,351,0,351,355629,253108,0.139336030074352
26,Thakurdwara,NAVAB JAN,M,58,GEN,SP,107685,180,107865,347748,256420,42.2370585010572
26,Thakurdwara,RAJPAL SINGH CHAUHAN,M,61,GEN,BJP,94058,398,94456,347748,256420,36.9864515623776
26,Thakurdwara,VIJAY YADAV,M,54,GEN,BSP,39659,162,39821,347748,256420,15.592842039314
26,Thakurdwara,EJAJ AHMAD,M,47,GEN,AIMIM,9440,4,9444,347748,256420,3.69801863889106
26,Thakurdwara,ATEEQ AHMAD,M,55,GEN,CPM,1096,0,1096,347748,256420,0.42916438248884
26,Thakurdwara,None of the Above,,,,NOTA,1040,0,1040,347748,256420,0.407236275354374
26,Thakurdwara,ABID,M,51,GEN,IND,771,0,771,347748,256420,0.301903046440598
26,Thakurdwara,HARPAL SINGH,M,26,GEN,RLD,598,0,598,347748,256420,0.234160858328765
26,Thakurdwara,JITENDRA KUMAR SHARMA,M,46,GEN,BSRD,504,1,505,347748,256420,0.197744537551883
26,Thakurdwara,SHAMSHAD HUSSAIN,M,51,GEN,IND,504,0,504,347748,256420,0.197352964210197
26,Thakurdwara,ATUL KUMAR,M,32,GEN,IND,320,0,320,347748,256420,0.125303469339807
27,Moradabad Rural,HAJI IKRAM QURESHI,M,58,GEN,SP,97754,162,97916,356446,221367,44.3604798666232
27,Moradabad Rural,HARIOM SHARMA,M,44,GEN,BJP,68831,304,69135,356446,221367,31.3213547896053
27,Moradabad Rural,MOHD KAMRANUL HAQ,M,25,GEN,RLD,23383,21,23404,356446,221367,10.6030952122069
27,Moradabad Rural,PANNALAL URF BABLU SAINI,M,30,GEN,BSP,19938,116,20054,356446,221367,9.0853901634591
27,Moradabad Rural,MOHD ASLAM,M,56,GEN,AIMIM,3496,7,3503,356446,221367,1.58702113007865
27,Moradabad Rural,FAHEEM,M,39,GEN,IND,2035,3,2038,356446,221367,0.9233083251785
27,Moradabad Rural,PRANSHU JOSHI,M,34,GEN,IND,1565,0,1565,356446,221367,0.709017433220978
27,Moradabad Rural,BRAHMSWAROOP,M,68,SC,CPM,768,3,771,356446,221367,0.349298684353594
27,Moradabad Rural,None of the Above,,,,NOTA,639,0,639,356446,221367,0.289496574970099
27,Moradabad Rural,PARUL SHARMA,M,40,GEN,IND,363,0,363,356446,221367,0.16445580080461
27,Moradabad Rural,NASERUDDIN,M,32,GEN,IND,361,0,361,356446,221367,0.163549708238194
27,Moradabad Rural,KUSUM,F,42,GEN,IND,347,0,347,356446,221367,0.157207060273278
27,Moradabad Rural,MOHD NASIR,M,33,GEN,IND,287,0,287,356446,221367,0.13002428328078
27,Moradabad Rural,RAMPRASAD,M,39,GEN,SHS,257,0,257,356446,221367,0.116432894784531
27,Moradabad Rural,VIVEK GUPTA,M,43,GEN,AVIRP,231,3,234,356446,221367,0.10601283027074
27,Moradabad Rural,MOHD ASLAM URF PASA,M,47,GEN,RPI(A),185,0,185,356446,221367,0.0838135623935341
27,Moradabad Rural,DINESH KUMAR,M,57,GEN,BSRD,165,0,165,356446,221367,0.0747526367293683
27,Moradabad Rural,DINESH KUMAR YADAV,M,44,GEN,RACP,143,0,143,356446,221367,0.0647856184987858
28,Moradabad Nagar,RITESH KUMAR GUPTA,M,44,GEN,BJP,122893,574,123467,470792,276805,44.7425258198949
28,Moradabad Nagar,MOHAMMAD YUSUF ANSARI,M,60,GEN,SP,120096,178,120274,470792,276805,43.5854321435043
28,Moradabad Nagar,ATEEQ AHMED SAIFI,M,48,GEN,BSP,24388,262,24650,470792,276805,8.93277767711542
28,Moradabad Nagar,B.K SAINI,M,58,GEN,SHS,2003,19,2022,470792,276805,0.732741438666425
28,Moradabad Nagar,RAUF,M,52,GEN,RLD,1035,0,1035,470792,276805,0.375067947091864
28,Moradabad Nagar,GYANENDRA KUMAR,M,31,GEN,IND,966,0,966,470792,276805,0.35006341728574
28,Moradabad Nagar,SHAHBUDDIN,M,37,GEN,AIMIM,947,0,947,470792,276805,0.343178111976807
28,Moradabad Nagar,None of the Above,,,,NOTA,849,6,855,470792,276805,0.309838738901975
28,Moradabad Nagar,ABDUL RAUK,M,52,GEN,PECP,632,1,633,470792,276805,0.229389382134445
28,Moradabad Nagar,HARKISHOR SINGH,M,46,GEN,SUCI,419,1,420,470792,276805,0.152201485776409
28,Moradabad Nagar,MAMTA GUPTA,F,40,GEN,IND,414,0,414,470792,276805,0.150027178836746
28,Moradabad Nagar,RISHI BHARDWAJ,M,33,GEN,IND,223,0,223,470792,276805,0.0808117412574742
28,Moradabad Nagar,VINAY PRAKESH,M,30,GEN,NINSHAD,211,1,212,470792,276805,0.076825511868092
28,Moradabad Nagar,DRESPAL SINGH,M,28,GEN,RAC,211,0,211,470792,276805,0.0764631273781482
28,Moradabad Nagar,RAJEEV KUMAR DUBEY,M,52,GEN,AVIRP,203,2,205,470792,276805,0.0742888204384852
28,Moradabad Nagar,VIJETA GUPTA,F,32,GEN,RMEP,145,0,145,470792,276805,0.0525457510418554
28,Moradabad Nagar,RADHEY SHYAM,M,32,GEN,RACP,126,0,126,470792,276805,0.0456604457329226
29,Kundarki,MOHAMMAD RIZWAN,M,66,GEN,SP,110368,193,110561,370262,264330,42.0128438972488
29,Kundarki,RAMVEER SINGH,M,46,GEN,BJP,99554,186,99740,370262,264330,37.9008967928257
29,Kundarki,AKBAR HUSAIN,M,72,GEN,BSP,35999,72,36071,370262,264330,13.7068703450372
29,Kundarki,ISRAR HUSAIN,M,35,GEN,AIMIM,7023,2,7025,370262,264330,2.66947864417085
29,Kundarki,MOHAMMAD NABI,M,40,GEN,RLD,4075,3,4078,370262,264330,1.54962760297918
29,Kundarki,MOHD. ZAKI,M,30,GEN,IND,1578,0,1578,370262,264330,0.599635202918377
29,Kundarki,PAPPU SINGH,M,26,GEN,IND,1342,0,1342,370262,264330,0.509955920352637
29,Kundarki,None of the Above,,,,NOTA,1170,0,1170,370262,264330,0.444596443228454
29,Kundarki,RAMJANI,M,43,GEN,PECP,921,0,921,370262,264330,0.349977200182399
29,Kundarki,MOHD. RAIS,M,48,GEN,IND,504,0,504,370262,264330,0.191518467852257
29,Kundarki,UVAIS,M,40,GEN,IND,456,1,457,370262,264330,0.173658610731114
29,Kundarki,FAYYAZUL HUSAIN,M,56,GEN,BBPP,278,0,278,370262,264330,0.105639154886761
29,Kundarki,SANTU URF SANTOSH KUMAR,M,30,GEN,BSRD,245,1,246,370262,264330,0.0934792521659827
29,Kundarki,IRFAN ALI,M,39,GEN,IND,191,0,191,370262,264330,0.0725794193646451
29,Kundarki,RAJENDRA,M,38,GEN,JASD,168,0,168,370262,264330,0.0638394892840857
30,Bilari,MOHD. FAEEM,M,38,GEN,SP,85501,181,85682,343939,229116,37.5809783633708
30,Bilari,SURESH SAINI,M,57,GEN,BJP,72147,94,72241,343939,229116,31.685621926989
30,Bilari,RISHIPAL SINGH,M,50,GEN,BSP,60846,130,60976,343939,229116,26.7446807577426
30,Bilari,ARIF HUSAIN,M,40,GEN,PECP,2666,0,2666,343939,229116,1.16933414622379
30,Bilari,ANIL CHAUDHARY,M,48,GEN,RLD,2483,10,2493,343939,229116,1.09345462360687
30,Bilari,YOGENDRA SINGH,M,42,GEN,IND,1277,1,1278,343939,229116,0.560543525459115
30,Bilari,None of the Above,,,,NOTA,1123,0,1123,343939,229116,0.492558982074011
30,Bilari,RATANPAL,M,57,GEN,IND,790,0,790,343939,229116,0.346501866285368
30,Bilari,WASEEM AHMAD,M,40,GEN,IND,704,0,704,343939,229116,0.308781409955569
30,Bilari,MOHD MOHSIN KAMAL,M,31,GEN,IND,306,0,306,343939,229116,0.134214646940915
30,Bilari,HARI SINGH,M,48,GEN,BSRD,269,0,269,343939,229116,0.117986078519955
30,Bilari,DINESH SHARMA,M,44,GEN,IND,220,0,220,343939,229116,0.0964941906111152
30,Bilari,VIJAY SINGH,M,35,GEN,BMF,218,0,218,343939,229116,0.0956169706964688
30,Bilari,ANANDI,M,50,GEN,IND,150,0,150,343939,229116,0.0657914935984877
31,Chandausi ,GULAB DEVI,F,61,SC,BJP,104518,288,104806,363471,224074,47.222885567656
31,Chandausi ,KM. VIMLESH KUMARI,F,34,SC,INC,59108,229,59337,363471,224074,26.7357246811061
31,Chandausi ,VIRMAWATI,F,47,SC,BSP,50860,189,51049,363471,224074,23.0013652399984
31,Chandausi ,JYOTASNA,F,25,SC,MD,3613,2,3615,363471,224074,1.62882593865882
31,Chandausi ,None of the Above,,,,NOTA,2131,4,2135,363471,224074,0.961976038461019
31,Chandausi ,RAVINDRA KUMAR,M,38,SC,RLD,1274,4,1278,363471,224074,0.57583390030594
31,Chandausi ,BRHAM DEV,M,46,SC,IND,1257,0,1257,363471,224074,0.566371840911241
31,Chandausi ,RAMPAL SINGH,M,67,SC,IND,597,0,597,363471,224074,0.268992831363573
32,Asmoli,PINKI YADAV,F,35,GEN,SP,97421,189,97610,348577,250045,39.331434120553
32,Asmoli,NARENDRA SINGH,M,65,GEN,BJP,76343,141,76484,348577,250045,30.8188239655402
32,Asmoli,AQEELURREHMAN KHAN,M,55,GEN,BSP,67350,107,67457,348577,250045,27.181441977975
32,Asmoli,None of the Above,,,,NOTA,1866,6,1872,348577,250045,0.754312515865948
32,Asmoli,RAMSARAN,M,43,GEN,SARSAMP,1685,4,1689,348577,250045,0.680573632103412
32,Asmoli,DHIRENDRA YADAV,M,65,GEN,RLD,1027,0,1027,348577,250045,0.413824227454236
32,Asmoli,PAPPU,M,34,SC,IND,960,0,960,348577,250045,0.386826931213307
32,Asmoli,ASHARAF,M,26,GEN,KSJP,906,0,906,348577,250045,0.365067916332558
32,Asmoli,AJAY KUMAR,M,45,GEN,IND,646,0,646,348577,250045,0.260302289128954
32,Asmoli,MAHARAM SINGH,M,62,GEN,IND,542,0,542,348577,250045,0.218396038247513
32,Asmoli,ZAKIR HUSAIN,M,54,GEN,IND,533,1,534,348577,250045,0.215172480487402
32,Asmoli,ZAKIR KHAN,M,44,GEN,IND,318,0,318,348577,250045,0.128136420964408
33,Sambhal,IQBAL MEHMOOD,M,64,GEN,SP,79153,95,79248,353128,241294,33.0736068043621
33,Sambhal,DR. ARVIND,M,60,GEN,BJP,59825,151,59976,353128,241294,25.0305703828288
33,Sambhal,ZIAURREHMAN,M,29,GEN,AIMIM,59303,33,59336,353128,241294,24.7634707922424
33,Sambhal,RAFATULLA,M,57,GEN,BSP,36640,65,36705,353128,241294,15.3185788632408
33,Sambhal,None of the Above,,,,NOTA,1683,0,1683,353128,241294,0.702388454620197
33,Sambhal,AJAY KUMAR,M,46,SC,IND,1361,0,1361,353128,241294,0.56800397310641
33,Sambhal,QAISER ABBAS,M,40,GEN,RLD,918,2,920,353128,241294,0.383955661467963
33,Sambhal,SANTOSH KUMARI,F,50,GEN,IND,842,0,842,353128,241294,0.351402898865244
33,Sambhal,FARHAD A.,M,37,GEN,IND,622,1,623,353128,241294,0.260004757711457
33,Sambhal,NEM SINGH JATAV ADVOCATE,M,40,SC,JASD,600,0,600,353128,241294,0.250405866174758
34,Suar,MOHAMMAD ABDULLAH AZAM KHAN,M,26,GEN,SP,106268,175,106443,295945,205962,51.9006289921498
34,Suar,LAXMI SAINI,F,30,GEN,BJP,53169,178,53347,295945,205962,26.0115071432054
34,Suar,NAWAB KAZIM ALI KHAN,M,56,GEN,BSP,42083,150,42233,295945,205962,20.5924228387537
34,Suar,ARSHAD WARSI,M,34,GEN,MNDP,1283,0,1283,295945,205962,0.625579014091375
34,Suar,NAVIN KUMAR,M,50,GEN,RLD,901,1,902,295945,205962,0.43980691403774
34,Suar,None of the Above,,,,NOTA,871,1,872,295945,205962,0.425179189624067
34,Suar,MAHAVEER SINGH,M,40,GEN,BSRD,583,0,583,295945,205962,0.284265444439027
34,Suar,IKRAM,M,25,GEN,IND,299,0,299,295945,205962,0.145789653322931
35,Chamraua,NASEER AHMAD KHAN,M,79,GEN,SP,87155,245,87400,299126,194285,45.2362221026044
35,Chamraua,ALI YUSUF ALI,M,42,GEN,BSP,52818,206,53024,299126,194285,27.4439981781293
35,Chamraua,MOHAN KUMAR LODHI,M,40,GEN,BJP,50824,130,50954,299126,194285,26.372613970436
35,Chamraua,None of the Above,,,,NOTA,1077,0,1077,299126,194285,0.557430334147654
35,Chamraua,RAKESH KUMAR,M,34,GEN,JASSP,815,0,815,299126,194285,0.421825183222227
35,Chamraua,MURSHAD ALI,M,28,GEN,IND,523,0,523,299126,194285,0.270692724938926
35,Chamraua,MOHD. RAFI,M,69,GEN,IND,492,0,492,299126,194285,0.254647840669123
36,Bilaspur,BALDEV SINGH AULAKH,M,57,GEN,BJP,98858,242,99100,331650,223694,44.5459326551803
36,Bilaspur,SANJAY KAPOOR,M,54,GEN,INC,76528,213,76741,331650,223694,34.4954532582361
36,Bilaspur,PRADEEP KUMAR,M,40,GEN,BSP,39176,168,39344,331650,223694,17.6853196204381
36,Bilaspur,SHAHID HUSSAIN KHAN,M,51,GEN,PECP,2686,2,2688,331650,223694,1.20826909159561
36,Bilaspur,SANTOSH SHARMA,M,45,GEN,RLD,2432,7,2439,331650,223694,1.09634237886968
36,Bilaspur,None of the Above,,,,NOTA,1227,0,1227,331650,223694,0.551542475962727
36,Bilaspur,HARENDER SINGH,M,37,GEN,LPI(V),780,1,781,331650,223694,0.351063303770896
36,Bilaspur,MAKDOOM AHMED,M,50,GEN,IND,747,1,748,331650,223694,0.336229643048182
36,Bilaspur,SATYA PRAKASH,M,39,GEN,IND,626,0,626,331650,223694,0.281390048861179
37,Rampur  ,MOHAMMAD AZAM KHAN,M,62,GEN,SP,101717,383,102100,381861,215073,47.7366024256366
37,Rampur  ,SHIV BAHADUR SAXENA,M,64,GEN,BJP,55021,237,55258,381861,215073,25.8357412030933
37,Rampur  ,DR. TANVEER AHMAD KHAN,M,50,GEN,BSP,53980,268,54248,381861,215073,25.3635182016252
37,Rampur  ,None of the Above,,,,NOTA,1188,3,1191,381861,215073,0.556849103711392
37,Rampur  ,AHMAD ALI,M,61,GEN,IND,951,1,952,381861,215073,0.445105244948149
37,Rampur  ,ASIM KHAN,M,46,GEN,RLD,900,1,901,381861,215073,0.421260321111641
37,Rampur  ,MOHD. HANEEF KHAN,M,63,GEN,IND,423,0,423,381861,215073,0.197772603585154
38,Milak ,RAJBALA,F,34,SC,BJP,89631,230,89861,338757,216334,41.8236315316699
38,Milak ,VIJAY SINGH,M,57,SC,SP,72969,225,73194,338757,216334,34.0663790334967
38,Milak ,RADHEY SHYAM RAHI,M,53,SC,BSP,39141,130,39271,338757,216334,18.2777382165813
38,Milak ,CHANDRAPAL SINGH,M,66,SC,IND,7898,16,7914,338757,216334,3.68338010863039
38,Milak ,KAPIL DEV,M,37,SC,RPI(A),1633,4,1637,338757,216334,0.761902102328526
38,Milak ,None of the Above,,,,NOTA,1476,1,1477,338757,216334,0.687433967708755
38,Milak ,INDRA SINGH MEHRA,M,69,SC,RLD,1328,0,1328,338757,216334,0.618085517344094
38,Milak ,MADHUBALA,F,42,SC,SKLP,827,0,827,338757,216334,0.384907170815938
38,Milak ,JAGATSINGH,M,49,SC,IND,825,0,825,338757,216334,0.383976319133191
39,Dhanaura ,RAJEEV KUMAR,M,36,SC,BJP,102722,221,102943,321055,225180,46.0892028868712
39,Dhanaura ,JAGRAM SINGH,M,58,SC,SP,64547,167,64714,321055,225180,28.9734773187199
39,Dhanaura ,SANJEEV LAL,M,53,SC,BSP,51783,169,51952,321055,225180,23.2597288633392
39,Dhanaura ,KAPIL CHANDRA,M,36,SC,RLD,3731,16,3747,321055,225180,1.67759093106968
39,Dhanaura ,None of the Above,,,,NOTA,1824,0,1824,321055,225180,0.816633535700854
40,Naugawan Sadat,CHETAN CHAUHAN,M,69,GEN,BJP,96703,327,97030,306855,234190,41.633413141793
40,Naugawan Sadat,JAVED ABBAS,M,51,GEN,SP,76200,182,76382,306855,234190,32.7738159599756
40,Naugawan Sadat,JAIDEV,M,43,GEN,BSP,39970,202,40172,306855,234190,17.236910983532
40,Naugawan Sadat,ASHFAQ ALI KHAN,M,48,GEN,RLD,14563,34,14597,306855,234190,6.26324777523192
40,Naugawan Sadat,SORAN SINGH,M,43,GEN,RKMP,1524,4,1528,306855,234190,0.655630787186022
40,Naugawan Sadat,None of the Above,,,,NOTA,1132,0,1132,306855,234190,0.485716002025247
40,Naugawan Sadat,BRAHAM SINGH,M,43,GEN,IND,856,0,856,306855,234190,0.36729054570107
40,Naugawan Sadat,CHARAN SINGH,M,64,GEN,IND,583,0,583,306855,234190,0.250152322597808
40,Naugawan Sadat,IMAMULLA,M,77,GEN,RPI(A),578,0,578,306855,234190,0.248006933896283
40,Naugawan Sadat,AMOD KUMAR,M,40,GEN,IND,494,0,494,306855,234190,0.211964403710664
40,Naugawan Sadat,SURENDRA,M,34,GEN,IVD,322,2,324,306855,234190,0.139021187858816
40,Naugawan Sadat,PAWAN KUMAR,M,40,GEN,LD,261,0,261,306855,234190,0.111989290219602
40,Naugawan Sadat,UMESH,M,27,GEN,AICP,128,0,128,306855,234190,0.0549219507590385
40,Naugawan Sadat,KRISHNA PAL,M,47,GEN,RMJP,125,0,125,306855,234190,0.0536347175381236
41,Amroha,MEHBOOB ALI,M,64,GEN,SP,74453,260,74713,292320,201377,37.327011660788
41,Amroha,NAUSHAD ALI,M,37,GEN,BSP,59423,248,59671,292320,201377,29.8119485606371
41,Amroha,DR. KUNWAR SAIN SAINI,M,53,GEN,BJP,45191,229,45420,292320,201377,22.6920732621229
41,Amroha,SALEEM KHAN,M,49,GEN,RLD,14114,18,14132,292320,201377,7.06042226640954
41,Amroha,SHAMEEM AHMAD,M,56,GEN,AIMIM,2848,13,2861,292320,201377,1.42937079707031
41,Amroha,None of the Above,,,,NOTA,1216,3,1219,292320,201377,0.60901887508868
41,Amroha,MOHD SHOEB,M,46,GEN,RKMP,1048,2,1050,292320,201377,0.524585577393859
41,Amroha,MOHD HASEEN,M,34,GEN,IND,786,0,786,292320,201377,0.392689775077689
41,Amroha,SHASHI,F,44,GEN,IND,497,0,497,292320,201377,0.248303839966427
41,Amroha,MOHD RIZWAN,M,32,GEN,PECP,382,2,384,292320,201377,0.191848439732611
41,Amroha,YASIR ABDULLA,M,31,GEN,IND,235,0,235,292320,201377,0.117407248273864
41,Amroha,BHOLEY,M,34,GEN,IND,147,2,149,292320,201377,0.0744411914587476
41,Amroha,DHARMVEER SINGH SAINI,M,33,GEN,IND,144,0,144,292320,201377,0.0719431648997292
41,Amroha,KHUSHREED AHMAD,M,35,GEN,IND,116,0,116,292320,201377,0.0579542161692263
42,Hasanpur,MAHENDRA SINGH KHARGVANSHI,M,45,GEN,BJP,111118,151,111269,342743,254919,43.9405906186568
42,Hasanpur,KAMAL AKHTAR,M,46,GEN,SP,83334,165,83499,342743,254919,32.9741021853996
42,Hasanpur,GANGASARAN KHADGVANSI,M,63,GEN,BSP,51838,92,51930,342743,254919,20.5073728606067
42,Hasanpur,None of the Above,,,,NOTA,1692,1,1693,342743,254919,0.668572737396634
42,Hasanpur,INDRAJEET,M,36,GEN,ADPT,1283,0,1283,342743,254919,0.506662033124561
42,Hasanpur,NAUSHAD ALI,M,35,GEN,AIMIM,1235,0,1235,342743,254919,0.487706633600025
42,Hasanpur,MAHAVEER,M,38,GEN,RLD,1034,0,1034,342743,254919,0.408330898091033
42,Hasanpur,LEELA DEVI,F,35,GEN,RJSNP,966,0,966,342743,254919,0.381477415431275
42,Hasanpur,VIJAYPAL,M,43,GEN,RPI(A),850,0,850,342743,254919,0.335668533246981
42,Hasanpur,RAJENDRA SINGH,M,32,GEN,IND,787,1,788,342743,254919,0.311184475527789
42,Hasanpur,VINAY BHAIYA,M,28,GEN,RLRP,372,0,372,342743,254919,0.146904346315149
43,Siwalkhas,JITENDRA PAL SINGH (BILLU),M,47,GEN,BJP,72771,71,72842,318698,225365,32.4782971209966
43,Siwalkhas,GHULAM MOHAMMAD,M,64,GEN,SP,61364,57,61421,318698,225365,27.385979070711
43,Siwalkhas,YASHVEER SINGH,M,57,GEN,RLD,44639,71,44710,318698,225365,19.9349916844644
43,Siwalkhas,NADEEM AHAMAD URF NADEEM CHAUHAN,M,34,GEN,BSP,42479,45,42524,318698,225365,18.9603128246514
43,Siwalkhas,None of the Above,,,,NOTA,1086,0,1086,318698,225365,0.484218317363641
43,Siwalkhas,DEEPAK RAM,M,33,GEN,BHATARSP,1010,0,1010,318698,225365,0.450331952612594
43,Siwalkhas,HARENDRA,M,45,GEN,IND,592,0,592,318698,225365,0.263956946481837
43,Siwalkhas,SUBHASH,M,42,SC,IND,551,0,551,318698,225365,0.245676144445088
43,Siwalkhas,WASI MOHAMMAD,M,26,GEN,IND,342,0,342,318698,225365,0.15248864137971
43,Siwalkhas,VIKRANT CHOUDHARY,M,27,GEN,IND,287,0,287,318698,225365,0.127965614257242
44,Sardhana,SANGEET SINGH SOM,M,37,GEN,BJP,97833,88,97921,333064,239251,41.1149460035942
44,Sardhana,ATUL PRADHAN,M,33,GEN,SP,76240,56,76296,333064,239251,32.035068272283
44,Sardhana,HAFIZ IMRAN YAQOOB,M,32,GEN,BSP,57181,58,57239,333064,239251,24.0334391427756
44,Sardhana,VAKIL CHAUDHARY,M,42,GEN,RLD,3917,3,3920,333064,239251,1.64592465695907
44,Sardhana,None of the Above,,,,NOTA,1087,0,1087,333064,239251,0.456408189314926
44,Sardhana,VASIF ALI,M,37,GEN,IND,964,0,964,333064,239251,0.404763104415445
44,Sardhana,VIKAS VERMA,M,45,GEN,BHATARSP,583,0,583,333064,239251,0.24478930484876
44,Sardhana,TARUN KUMAR,M,28,SC,BBPP,433,0,433,333064,239251,0.181807493995734
44,Sardhana,DEVENDER,M,42,GEN,IND,387,0,387,333064,239251,0.162493072000806
44,Sardhana,NARESH KASHYAP,M,34,GEN,IND,273,0,273,333064,239251,0.114626895752507
44,Sardhana,MAMTA,F,36,SC,UDFS,148,0,148,333064,239251,0.0621420533749853
45,Hastinapur ,DINESH KHATIK,M,40,SC,BJP,99374,62,99436,326707,221371,45.1247515406747
45,Hastinapur ,YOGESH VERMA,M,48,SC,BSP,63329,45,63374,326707,221371,28.7595639822471
45,Hastinapur ,PRABHUDAYAL BALMIKI,M,53,SC,SP,48951,28,48979,326707,221371,22.227012407083
45,Hastinapur ,KUSUM,F,30,SC,RLD,6531,7,6538,326707,221371,2.96699007977927
45,Hastinapur ,RAJKUMAR,M,33,SC,RKMP,1178,0,1178,326707,221371,0.534584630464971
45,Hastinapur ,None of the Above,,,,NOTA,1013,0,1013,326707,221371,0.45970647764093
45,Hastinapur ,DURYODHAN,M,65,SC,BMUP,853,0,853,326707,221371,0.387097359750951
46,Kithore,SATYAVIR TYAGI,M,63,GEN,BJP,90558,64,90622,338755,242879,37.5005689929859
46,Kithore,SHAHID MANZOOR,M,62,GEN,SP,79744,56,79800,338755,242879,33.022283834392
46,Kithore,GAJRAJ SINGH,M,50,GEN,BSP,62436,67,62503,338755,242879,25.8645589787093
46,Kithore,MATLOOB GAUR,M,49,GEN,RLD,6591,7,6598,338755,242879,2.7303387060065
46,Kithore,None of the Above,,,,NOTA,1224,0,1224,338755,242879,0.50650721069293
46,Kithore,AMRISH KUMAR TYAGI,M,46,GEN,IND,1008,0,1008,338755,242879,0.417123585276531
46,Kithore,JAN MOHAMMAD,M,62,GEN,IND,777,0,777,338755,242879,0.321532763650659
46,Kithore,RAHAT ALI,M,60,GEN,IND,347,0,347,338755,242879,0.143593138979123
47,Meerut Cantt.,SATYA PRAKASH AGARWAL,M,77,GEN,BJP,132284,234,132518,401849,236926,56.1955083624521
47,Meerut Cantt.,SATENDRA SOLANKI,M,50,GEN,BSP,55666,233,55899,401849,236926,23.7044984224989
47,Meerut Cantt.,RAMESH DHINGRA,M,62,GEN,INC,39575,75,39650,401849,236926,16.8139566441632
47,Meerut Cantt.,SANJEEV DHAMA,M,41,GEN,RLD,3841,10,3851,401849,236926,1.63305288869288
47,Meerut Cantt.,None of the Above,,,,NOTA,1110,0,1110,401849,236926,0.470705974149337
47,Meerut Cantt.,VINOD CHAUDHARY URF VINOD KUMAR,M,38,GEN,IND,950,0,950,401849,236926,0.402856464362045
47,Meerut Cantt.,PRADEEP SHARMA,M,37,GEN,IND,617,0,617,401849,236926,0.261644672117244
47,Meerut Cantt.,SANJAY VERMA,M,39,GEN,BHATARSP,610,0,610,401849,236926,0.25867625606405
47,Meerut Cantt.,DR. NARESH CHANDRA,M,58,GEN,IND,393,1,394,401849,236926,0.167079417851206
47,Meerut Cantt.,KRISHAN KUMAR,M,43,GEN,HND,332,0,332,401849,236926,0.14078773280863
47,Meerut Cantt.,MOHD FIROZ,M,46,GEN,PECP,284,1,285,401849,236926,0.120856939308613
47,Meerut Cantt.,JILE SINGH,M,48,GEN,SHS,254,0,254,401849,236926,0.107711096787326
47,Meerut Cantt.,V. P. SINGH,M,64,SC,BMUP,205,0,205,401849,236926,0.0869321844149676
47,Meerut Cantt.,SATISH CHAND,M,64,GEN,BLSP,149,0,149,401849,236926,0.0631848559894155
47,Meerut Cantt.,LOKESH NYAYI,M,43,GEN,UDFS,102,0,102,401849,236926,0.0432540624893985
48,Meerut  ,RAFIQ ANSARI,M,55,GEN,SP,103140,77,103217,302214,195516,52.9921243672283
48,Meerut  ,DR. LAXMIKANT BAJPAI,M,66,GEN,BJP,74320,128,74448,302214,195516,38.22197578782
48,Meerut  ,PANKAJ JAULI,M,42,GEN,BSP,12617,19,12636,302214,195516,6.48738563903521
48,Meerut  ,MEHFOOZ,M,49,GEN,IND,1390,1,1391,302214,195516,0.714146361498732
48,Meerut  ,None of the Above,,,,NOTA,737,1,738,302214,195516,0.378892893447925
48,Meerut  ,GYANENDRA KUMAR SHARMA,M,51,GEN,RLD,665,2,667,302214,195516,0.342441138116214
48,Meerut  ,WASIQUL HASAN ZAIDI,M,60,GEN,IND,500,0,500,302214,195516,0.256702502335993
48,Meerut  ,RAJEEV KUMAR GARG,M,36,GEN,IND,340,0,340,302214,195516,0.174557701588475
48,Meerut  ,RAJESH MOHAN SHARMA,M,49,GEN,IND,323,0,323,302214,195516,0.165829816509051
48,Meerut  ,DHEERAJ GOYAL,M,35,GEN,SHS,279,0,279,302214,195516,0.143239996303484
48,Meerut  ,AMIT SHARMA,M,37,GEN,HND,275,0,275,302214,195516,0.141186376284796
48,Meerut  ,JITENDRA VERMA,M,45,GEN,IND,258,0,258,302214,195516,0.132458491205372
48,Meerut  ,MURTUJA,M,44,GEN,IND,145,0,145,302214,195516,0.0744437256774379
48,Meerut  ,CH. ABDUL WAHAB ADVOCATE,M,40,GEN,IND,109,0,109,302214,195516,0.0559611455092464
48,Meerut  ,PRITI,F,25,SC,IND,98,0,98,302214,195516,0.0503136904578546
48,Meerut  ,AFZAL,M,46,GEN,UDFS,92,0,92,302214,195516,0.0472332604298227
49,Meerut South,DR. SOMENDRA TOMAR,M,36,GEN,BJP,113086,139,113225,428854,270796,42.0293620891256
49,Meerut South,HAJI MOHAMMAD YAQUB,M,58,GEN,BSP,77727,103,77830,428854,270796,28.8906624102155
49,Meerut South,MOHAMMAD AZAD SAIFI,M,38,GEN,INC,69076,41,69117,428854,270796,25.6563781807383
49,Meerut South,PAPPU GURJAR,M,46,GEN,RLD,5460,2,5462,428854,270796,2.02750607843501
49,Meerut South,None of the Above,,,,NOTA,1401,0,1401,428854,270796,0.520054195512166
49,Meerut South,CHAHAN SINGH,M,61,GEN,SHS,692,0,692,428854,270796,0.256871879582026
49,Meerut South,PRADEEP KUMAR,M,43,GEN,IND,648,1,649,428854,270796,0.240910187642681
49,Meerut South,HOSIYAR SINGH,M,42,SC,IND,637,0,637,428854,270796,0.236455761985189
49,Meerut South,RAM SARAN SAINI,M,25,GEN,IND,624,0,624,428854,270796,0.231630134189573
49,Meerut South,PANDIT RAVI BHATT,M,43,GEN,HND,547,0,547,428854,270796,0.203047569554001
49,Meerut South,ATUL KHODAWAL,M,30,SC,IND,336,0,336,428854,270796,0.12472391840977
49,Meerut South,PRABUDH KUMAR,M,36,SC,BBPP,276,0,276,428854,270796,0.102451790122311
50,Chhaprauli,SAHENDER SINGH RAMALA,M,53,GEN,RLD,64846,278,65124,317978,200152,32.7050847457627
50,Chhaprauli,SATENDER SINGH,M,49,GEN,BJP,61145,137,61282,317978,200152,30.7756434400502
50,Chhaprauli,MANOJ CHAUDHARY,M,41,GEN,SP,39765,76,39841,317978,200152,20.0080351537979
50,Chhaprauli,RAJBALA,F,57,GEN,BSP,30118,123,30241,317978,200152,15.1869428750785
50,Chhaprauli,None of the Above,,,,NOTA,1027,0,1027,317978,200152,0.515756434400502
50,Chhaprauli,SUBHASH SINGH,M,45,GEN,IND,758,0,758,317978,200152,0.380665411173886
50,Chhaprauli,HUKAMCHAND,M,84,GEN,SASPA,450,1,451,317978,200152,0.226490897677338
50,Chhaprauli,ASAPHAK,M,40,GEN,IEMC,444,0,444,317978,200152,0.222975517890772
50,Chhaprauli,SAVITA MALIK,F,58,GEN,BMUP,386,0,386,317978,200152,0.193848085373509
50,Chhaprauli,INDU SINGH CHHAPRAULI,F,46,GEN,SABHP,348,0,348,317978,200152,0.174764595103578
50,Chhaprauli,CHAMAN SINGH,M,55,GEN,AJPR,250,0,250,317978,200152,0.125549278091651
51,Baraut,KRISHANPAL MALIK URF KRISHANPAL MALIK,M,56,GEN,BJP,79211,216,79427,288052,185178,43.0947110271936
51,Baraut,SAHAB SINGH,M,70,GEN,RLD,52687,254,52941,288052,185178,28.7242007943225
51,Baraut,SHOKENDRA,M,36,GEN,SP,28323,53,28376,288052,185178,15.3959676194197
51,Baraut,LOKESH DIXIT,M,51,GEN,BSP,21963,108,22071,288052,185178,11.9750634806954
51,Baraut,None of the Above,,,,NOTA,869,1,870,288052,185178,0.472035939839833
51,Baraut,ANISH,M,38,GEN,IEMC,537,0,537,288052,185178,0.291360114590794
51,Baraut,SHARAD JAIN,M,43,GEN,IND,465,0,465,288052,185178,0.252295071293704
51,Baraut,SUDHIR,M,49,GEN,SWPI,279,1,280,288052,185178,0.151919612822015
51,Baraut,BABLU,M,31,GEN,IND,211,0,211,288052,185178,0.114482279662304
52,Baghpat,YOGESH DHAMA,M,41,GEN,BJP,92364,202,92566,301360,198613,46.8311587127325
52,Baghpat,AHMED HAMEED,M,36,GEN,BSP,61125,81,61206,301360,198613,30.9654505992644
52,Baghpat,KARTAR SINGH BHADANA,M,59,GEN,RLD,21692,59,21751,301360,198613,11.0043053946443
52,Baghpat,DR.KULDEEP UJJWAL,M,42,GEN,INC,19044,47,19091,301360,198613,9.65855336716264
52,Baghpat,None of the Above,,,,NOTA,954,0,954,301360,198613,0.482649411359968
52,Baghpat,VIKAL SHARMA,M,31,GEN,IND,609,0,609,301360,198613,0.308106385239225
52,Baghpat,ASHISH TYAGI,M,25,GEN,IND,507,1,508,301360,198613,0.257008281940109
52,Baghpat,KURBAN,M,46,GEN,SASPA,477,0,477,301360,198613,0.241324705679984
52,Baghpat,PANKAJ KUMAR SINGH,M,25,GEN,IND,332,1,333,301360,198613,0.16847196434263
52,Baghpat,GEETA KASHYAP,F,25,GEN,SARSAMP,311,0,311,301360,198613,0.15734168441609
52,Baghpat,NORAJ SINGH,M,45,GEN,BHATARSP,226,1,227,301360,198613,0.114844251969301
52,Baghpat,MAKASUD,M,50,GEN,IEMC,207,0,207,301360,198613,0.104725815672446
52,Baghpat,PRAMOD ALIAS PRAMOD KUMAR GOSWAMI,M,40,GEN,BNIP,204,0,204,301360,198613,0.103208050227918
52,Baghpat,SOHANVEER SINGH BAUDH,M,46,SC,BMUP,169,0,169,301360,198613,0.0855007867084221
53,Loni,NANDKISHOR,M,41,GEN,BJP,113058,30,113088,456713,274555,41.440569895783
53,Loni,ZAKIR ALI,M,38,GEN,BSP,70249,26,70275,456713,274555,25.7519458247219
53,Loni,MADAN BHAIYA,M,57,GEN,RLD,42518,21,42539,456713,274555,15.5882180496314
53,Loni,RASHID MALIK,M,35,GEN,SP,42297,5,42302,456713,274555,15.501370505548
53,Loni,AMIT KUMAR,M,25,GEN,IND,3808,0,3808,456713,274555,1.39542383067294
53,Loni,None of the Above,,,,NOTA,1663,0,1663,456713,274555,0.609398589918356
53,Loni,NASIM,F,46,GEN,IND,880,0,880,456713,274555,0.322471893642906
54,Muradnagar,AJIT PAL TYAGI,M,43,GEN,BJP,140251,508,140759,419254,253532,55.7507753120061
54,Muradnagar,SUDHAN KUMAR,M,50,GEN,BSP,50850,297,51147,419254,253532,20.2579224410743
54,Muradnagar,SURENDER PRAKASH,M,70,GEN,INC,49808,181,49989,419254,253532,19.7992704343728
54,Muradnagar,AJAY PAL SINGH,M,50,GEN,RLD,6614,34,6648,419254,253532,2.6330902768151
54,Muradnagar,None of the Above,,,,NOTA,1050,3,1053,419254,253532,0.417064389513583
54,Muradnagar,DISHANT TYAGI,M,31,GEN,IND,769,1,770,419254,253532,0.304975859378404
54,Muradnagar,SANJEEV KUMAR,M,44,GEN,SWAJANPA,590,4,594,419254,253532,0.235267091520483
54,Muradnagar,RAVI DUTT,M,47,GEN,IND,574,1,575,419254,253532,0.227741713172185
54,Muradnagar,MULCHAND,M,56,SC,IND,422,1,423,419254,253532,0.167538686385798
54,Muradnagar,RAMASHRAY PRASAD,M,65,GEN,LOMP,395,0,395,419254,253532,0.156448655135675
54,Muradnagar,NATTHU SINGH CHAUDHARY,M,66,SC,IND,333,0,333,419254,253532,0.131892157367543
54,Muradnagar,ARUNESH KUMAR TEWATIA,M,41,GEN,IND,332,1,333,419254,253532,0.131892157367543
54,Muradnagar,ASHOK KUMAR SHARAMA,M,49,GEN,IND,246,1,247,419254,253532,0.0978299185278776
54,Muradnagar,ROTASH SINGH CHAUHAN,M,41,GEN,NYP,147,0,147,419254,253532,0.0582226640631498
54,Muradnagar,TAJ MOHD. (TAJ CHAUDHARY),M,43,GEN,IND,119,0,119,419254,253532,0.047132632813026
55,Sahibabad,SUNIL KUMAR SHARMA,M,54,GEN,BJP,262483,258,262741,865641,425868,62.1414769246779
55,Sahibabad,AMARPAL,M,49,GEN,INC,111940,116,112056,865641,425868,26.5026217387911
55,Sahibabad,JALALUDDIN,M,61,GEN,BSP,41505,149,41654,865641,425868,9.85168313974802
55,Sahibabad,None of the Above,,,,NOTA,3052,5,3057,865641,425868,0.723018086095206
55,Sahibabad,RAJEEV SHARMA,M,45,GEN,IND,1205,0,1205,865641,425868,0.284997315585451
55,Sahibabad,JAGDAMBA PRASAD,M,50,GEN,CPM,1086,1,1087,865641,425868,0.257088864764635
55,Sahibabad,ANSHU MONEY DHAWAN,F,42,GEN,SASPA,975,0,975,865641,425868,0.230599487714369
55,Sahibabad,NAVNEET,M,31,GEN,AZAD,696,0,696,865641,425868,0.164612557383796
55,Sahibabad,VIKRAM SINGH,M,39,GEN,SHS,672,1,673,865641,425868,0.159172774596687
55,Sahibabad,PREMCHAND,M,26,GEN,SWAJANPA,665,0,665,865641,425868,0.157280676235954
55,Sahibabad,SUDHIR BHARDWAJ,M,52,GEN,IND,589,0,589,865641,425868,0.139305741808988
55,Sahibabad,RAKESH,M,40,GEN,IND,470,0,470,865641,425868,0.11116077869308
56,Ghaziabad,ATUL GARG,M,59,GEN,BJP,124024,177,124201,424077,225856,55.2810319042871
56,Ghaziabad,SURESH BANSAL,M,74,GEN,BSP,53540,156,53696,424077,225856,23.8997293832787
56,Ghaziabad,K K SHARMA,M,65,GEN,INC,39597,51,39648,424077,225856,17.6470588235294
56,Ghaziabad,DHIRENDRA,M,37,GEN,IND,2133,3,2136,424077,225856,0.950719270759151
56,Ghaziabad,SULTAN SINGH,M,52,GEN,RLD,2069,3,2072,424077,225856,0.922233300099701
56,Ghaziabad,None of the Above,,,,NOTA,1184,0,1184,424077,225856,0.526990457199829
56,Ghaziabad,VIKRAM,M,51,SC,SWAJANPA,913,0,913,424077,225856,0.40637017518872
56,Ghaziabad,SHAMSHER RANA,M,45,GEN,IND,389,0,389,424077,225856,0.173141290414471
56,Ghaziabad,AKHILESH KUMAR,M,41,GEN,IND,386,0,386,424077,225856,0.171806010539809
56,Ghaziabad,VIKAS MALHOTRA,M,38,GEN,IND,376,0,376,424077,225856,0.16735507762427
56,Ghaziabad,MAHESH CHAND GAUTAM,M,44,GEN,IND,241,0,241,424077,225856,0.107267483264492
56,Ghaziabad,KIRAN,F,38,GEN,SARSAMP,227,0,227,424077,225856,0.101036177182738
56,Ghaziabad,MATBUL AHMAD,M,48,GEN,BMUP,205,0,205,424077,225856,0.0912441247685515
56,Ghaziabad,AKILA BEGUM,F,45,GEN,BJVP,182,0,182,424077,225856,0.0810069790628116
57,Modi Nagar,DR. MANJU SHIWACH,F,55,GEN,BJP,108431,200,108631,333378,215867,50.5747394002598
57,Modi Nagar,WAHAB,M,56,GEN,BSP,41975,74,42049,333378,215867,19.5765225123724
57,Modi Nagar,RAM ASRAY SHARMA,M,64,GEN,SP,32457,50,32507,333378,215867,15.1341058600606
57,Modi Nagar,SUDESH SHARMA,M,52,GEN,RLD,29405,72,29477,333378,215867,13.7234453636757
57,Modi Nagar,None of the Above,,,,NOTA,1073,1,1074,333378,215867,0.500016294758209
57,Modi Nagar,RAMKUMAR,M,45,SC,RPDL,677,0,677,333378,215867,0.31518718021537
57,Modi Nagar,MOHMMAD ALI,M,49,GEN,IND,490,0,490,333378,215867,0.22812661492693
57,Modi Nagar,NIZAM,M,49,GEN,IND,405,0,405,333378,215867,0.188553630704911
57,Modi Nagar,SUMIT,M,28,SC,IND,388,0,388,333378,215867,0.180639033860508
57,Modi Nagar,VISHANT,M,26,SC,RLRP,169,0,169,333378,215867,0.0786804039237778
58,Dholana,AAASLAM CHOUDHARY,M,49,GEN,BSP,88495,85,88580,379476,253827,35.0745204871945
58,Dholana,RAMESH CHAND TOMER,M,68,GEN,BJP,84908,96,85004,379476,253827,33.6585520376324
58,Dholana,DHARMESH SINGH TOMAR,M,50,GEN,SP,71666,120,71786,379476,253827,28.424695503429
58,Dholana,NAGENDAR SINGH URF NAGAN,M,45,GEN,RLD,3020,5,3025,379476,253827,1.19779210288737
58,Dholana,MUKESH KUMAR,M,40,SC,SWAJANPA,2026,0,2026,379476,253827,0.802223735685889
58,Dholana,None of the Above,,,,NOTA,1279,0,1279,379476,253827,0.506438380030727
58,Dholana,KULDEEP,M,35,GEN,IND,414,0,414,379476,253827,0.163929233254668
58,Dholana,VIRENDRA,M,48,GEN,RSHP,383,0,383,379476,253827,0.151654338977145
58,Dholana,LALIT MOHAN SAXENA,M,48,GEN,PECP,379,0,379,379476,253827,0.150070481651013
58,Dholana,SHAHID,M,50,GEN,NALP,367,0,367,379476,253827,0.145318909672617
58,Dholana,RAJESH GIRI,M,58,GEN,SABHP,335,0,335,379476,253827,0.13264805106356
58,Dholana,SURESH CHAND SHISHODIA,M,54,GEN,SHS,249,0,249,379476,253827,0.0985951185517209
59,Hapur ,VIJAY PAL (AADHTI),M,41,SC,BJP,84422,110,84532,345001,222655,38.1271114198213
59,Hapur ,GAJRAJ SINGH,M,64,SC,INC,69399,127,69526,345001,222655,31.3588410137521
59,Hapur ,SHRIPAL SINGH,M,46,SC,BSP,58690,116,58806,345001,222655,26.5237178128284
59,Hapur ,ANJU URF MUSKAAN,F,32,SC,RLD,5302,15,5317,345001,222655,2.39816698314472
59,Hapur ,CHANDRA PAL SINGH,M,38,SC,SWAJANPA,1107,1,1108,345001,222655,0.499749674125325
59,Hapur ,None of the Above,,,,NOTA,944,0,944,345001,222655,0.425779505752985
59,Hapur ,DHARMENDRA SINGH,M,38,SC,BMUP,700,3,703,345001,222655,0.317079441254606
59,Hapur ,ARVIND SEN,M,53,SC,SABHP,687,0,687,345001,222655,0.309862839462183
59,Hapur ,LALA RAM GAUTAM,M,40,SC,IND,616,1,617,345001,222655,0.27829020662033
59,Hapur ,RAJPAL SINGH,M,60,SC,IND,415,0,415,345001,222655,0.187180608990984
60,Garhmukteshwar,KAMAL SINGH MALIK,M,50,GEN,BJP,90986,100,91086,329503,221755,41.1812842759163
60,Garhmukteshwar,PRASHANT CHAUDHARY,M,49,GEN,BSP,55704,88,55792,329503,221755,25.2243617276192
60,Garhmukteshwar,MADAN CHAUHAN,M,60,GEN,SP,48746,64,48810,329503,221755,22.0676995971661
60,Garhmukteshwar,SATPAL YADAV,M,46,GEN,IND,15080,9,15089,329503,221755,6.82195286256177
60,Garhmukteshwar,KUNWAR AYYUB ALI,M,59,GEN,RLD,5644,4,5648,329503,221755,2.55354163746762
60,Garhmukteshwar,SANDEEP KUMAR,M,32,GEN,IND,879,0,879,329503,221755,0.397408480760275
60,Garhmukteshwar,DR. HUKAM SINGH,M,59,SC,IND,812,0,812,329503,221755,0.367116821817228
60,Garhmukteshwar,VEERESH CHAUDHARY,M,43,GEN,RKMP,618,0,618,329503,221755,0.279406645176166
60,Garhmukteshwar,PT. GOPAL SHARMA,M,39,GEN,SABHP,599,1,600,329503,221755,0.271268587549676
60,Garhmukteshwar,None of the Above,,,,NOTA,572,0,572,329503,221755,0.258609386797358
60,Garhmukteshwar,AMRITA KUMAR,F,49,SC,IND,465,0,465,329503,221755,0.210233155350999
60,Garhmukteshwar,SIDDHARTH MALIK,M,25,GEN,IND,457,0,457,329503,221755,0.206616240850337
60,Garhmukteshwar,NAFEES AHMAD,M,30,GEN,BAJD,349,0,349,329503,221755,0.157787895091395
60,Garhmukteshwar,DEEN MOHAMMAD,M,37,GEN,IEMC,242,0,242,329503,221755,0.109411663645036
60,Garhmukteshwar,BIJENDRA SINGH,M,33,GEN,IND,200,0,200,329503,221755,0.0904228625165587
60,Garhmukteshwar,VINOD KUMAR,M,31,SC,RAJP,136,0,136,329503,221755,0.0614875465112599
61,Noida,PANKAJ SINGH,M,38,GEN,BJP,162310,107,162417,523865,254408,64.2927547591055
61,Noida,SUNIL CHOUDHARY,M,38,GEN,SP,58358,43,58401,523865,254408,23.11803056753
61,Noida,RAVIKANT,M,40,GEN,BSP,27305,60,27365,523865,254408,10.8324327747891
61,Noida,None of the Above,,,,NOTA,1786,1,1787,523865,254408,0.707383788362804
61,Noida,VIJAY KUMAR,M,30,GEN,IND,963,0,963,523865,254408,0.381203462895009
61,Noida,BRIJESH,M,39,GEN,RLD,509,0,509,523865,254408,0.201487603960083
61,Noida,JAYARAM BANSAL,M,54,GEN,SHS,472,0,472,523865,254408,0.186841157306796
61,Noida,JAVED KHAN,M,25,GEN,SARSAMP,462,1,463,523865,254408,0.183278508120861
61,Noida,PREM SINGH,M,41,SC,RJSNP,370,0,370,523865,254408,0.146464466532869
61,Noida,VIKRAM SINGH,M,34,GEN,BSRD,324,0,324,523865,254408,0.128255370693648
61,Noida,VIKAS GUPTA,M,46,GEN,IND,323,0,323,523865,254408,0.1278595207841
61,Noida,KISHORE SINGH,M,39,GEN,BDSAP,307,0,307,523865,254408,0.121525922231327
61,Noida,KRISHNA KANT SINGH,M,44,GEN,JAM,293,2,295,523865,254408,0.116775723316747
61,Noida,RIPAN HALDAR,M,25,GEN,BHABHAPA,282,0,282,523865,254408,0.111629674492619
61,Noida,KRISHNPAL SINGH,M,61,GEN,PUPVP,130,0,130,523865,254408,0.0514604882412784
62,Dadri,TEJPAL SINGH NAGAR,M,63,GEN,BJP,141135,91,141226,441229,265281,53.5726207817431
62,Dadri,SATVEER SINGH GURJAR,M,55,GEN,BSP,60995,54,61049,441229,265281,23.1583060208789
62,Dadri,SAMIR BHATI,M,51,GEN,INC,39947,28,39975,441229,265281,15.1641023306628
62,Dadri,RAVINDRA SINGH BHATI,M,40,GEN,RLD,10366,7,10373,441229,265281,3.93489014323865
62,Dadri,RAMESH SINGH RAWAL,M,55,GEN,RSHP,3834,1,3835,441229,265281,1.45476754066521
62,Dadri,None of the Above,,,,NOTA,1664,1,1665,441229,265281,0.631600509832484
62,Dadri,SONU KUMAR,M,29,GEN,IND,1471,0,1471,441229,265281,0.558008618596747
62,Dadri,ANIL,M,40,GEN,IND,1382,0,1382,441229,265281,0.524247390143239
62,Dadri,RAJKUMAR,M,46,SC,IND,920,0,920,441229,265281,0.348992473901432
62,Dadri,SHAKILA,F,44,GEN,IND,833,0,833,441229,265281,0.315989924739014
62,Dadri,MAHAKAR SINGH,M,44,GEN,IND,784,0,784,441229,265281,0.297402282107308
62,Dadri,RAMDHAN,M,31,GEN,HCP,568,0,568,441229,265281,0.21546491866958
62,Dadri,JAGDISH,M,38,GEN,RKIVP,464,0,464,441229,265281,0.176013595532896
62,Dadri,DEVIRAM,M,36,GEN,IND,436,0,436,441229,265281,0.165392085457635
62,Dadri,SANJAY KUMAR,M,44,GEN,SHS,300,0,300,441229,265281,0.113801893663511
63,Jewar,DHIRENDRA SINGH,M,50,GEN,BJP,102931,48,102979,322998,211414,49.0054154888692
63,Jewar,VEDRAM BHATI,M,65,GEN,BSP,80762,44,80806,322998,211414,38.453777993509
63,Jewar,NARENDER NAGAR,M,40,GEN,SP,13216,23,13239,322998,211414,6.3001456185935
63,Jewar,KAMAL SHARMA,M,40,GEN,RLD,9009,7,9016,322998,211414,4.29051385280149
63,Jewar,None of the Above,,,,NOTA,1276,0,1276,322998,211414,0.60722001732195
63,Jewar,VINOD,M,46,GEN,RPSN,1241,0,1241,322998,211414,0.590564295843684
63,Jewar,YOGESH KUMAR,M,31,SC,IND,1053,0,1053,322998,211414,0.501099277617566
63,Jewar,VINOD KUMAR SHARMA,M,48,GEN,RKMP,906,0,906,322998,211414,0.431145247408846
63,Jewar,SUMITA VAID DIXIT,F,42,GEN,IND,898,0,898,322998,211414,0.42733822535667
64,Sikandrabad,BIMLA SINGH SOLANKI,F,57,GEN,BJP,104739,217,104956,375293,251950,41.8298048718276
64,Sikandrabad,MOHAMMAD IMRAN,M,40,GEN,BSP,76186,147,76333,375293,251950,30.4222197423798
64,Sikandrabad,RAHUL YADAV,M,33,GEN,SP,48725,185,48910,375293,251950,19.492889937508
64,Sikandrabad,ASHA YADAV,F,40,GEN,RLD,17669,45,17714,375293,251950,7.0598456829486
64,Sikandrabad,BHANU PRATAP SINGH,M,51,GEN,RJSNP,1221,3,1224,375293,251950,0.487820431067466
64,Sikandrabad,SATISH,M,49,GEN,SWAJANPA,1058,1,1059,375293,251950,0.422060323938273
64,Sikandrabad,None of the Above,,,,NOTA,1037,1,1038,375293,251950,0.413690855758194
64,Sikandrabad,SONVATI URF SOMVATI,F,37,GEN,VP,716,0,716,375293,251950,0.285359010330315
65,Bulandshahr,VIRENDRA SINGH SIROHI,M,71,GEN,BJP,111067,471,111538,381340,245082,45.8166970638011
65,Bulandshahr,MOH ALEEM KHAN,M,61,GEN,BSP,88148,306,88454,381340,245082,36.3344342025271
65,Bulandshahr,SHUJAT ALAM,M,50,GEN,SP,24030,89,24119,381340,245082,9.90741197154171
65,Bulandshahr,SHRIBHAGWAN SHARMA,M,42,GEN,RLD,17077,139,17216,381340,245082,7.07185225349567
65,Bulandshahr,None of the Above,,,,NOTA,1638,0,1638,381340,245082,0.672844678858382
65,Bulandshahr,MUSTKEEM,M,32,GEN,IND,881,0,881,381340,245082,0.361890208836529
65,Bulandshahr,HUKAM SINGH,M,66,GEN,RJSNP,873,0,873,381340,245082,0.358604032138808
65,Bulandshahr,ROOP GIRI,M,59,GEN,RKMP,363,0,363,381340,245082,0.149110267659092
66,Syana,DEVENDRA,M,55,GEN,BJP,125658,196,125854,371730,232430,54.4732901081207
66,Syana,DILNAWAZ KHAN,M,39,GEN,BSP,54113,111,54224,371730,232430,23.4697322518374
66,Syana,THAKUR SUNIL SINGH,M,52,GEN,RLD,22375,45,22420,371730,232430,9.7040313714627
66,Syana,MOHD ARIF SAEED,M,40,GEN,INC,20544,67,20611,371730,232430,8.92104329157974
66,Syana,JAGVIR SINGH,M,53,GEN,CPM,1637,8,1645,371730,232430,0.712004085907946
66,Syana,None of the Above,,,,NOTA,1390,2,1392,371730,232430,0.602498290324535
66,Syana,RAJKUMAR,M,29,GEN,SHS,1208,0,1208,371730,232430,0.522857711718419
66,Syana,ROOP BASANT,M,36,GEN,IND,1162,0,1162,371730,232430,0.502947567066889
66,Syana,UMESH SHANKAR SARJAN,M,44,SC,RAJP,886,0,886,371730,232430,0.383486699157714
66,Syana,DINESH,M,40,GEN,IND,828,0,828,371730,232430,0.358382603727525
66,Syana,PRADEEP SIROHI,M,39,GEN,RKMP,681,1,682,371730,232430,0.295189535920498
66,Syana,ROHTASH,M,62,GEN,IND,636,0,636,371730,232430,0.275279391268969
66,Syana,NEMPAL SINGH,M,50,GEN,SDU,558,0,558,371730,232430,0.24151871120768
66,Syana,PAVITRA PAL,M,36,GEN,RTKP,324,0,324,371730,232430,0.140236671023814
67,Anupshahr,SANJAY,M,46,GEN,BJP,112226,205,112431,361387,229765,49.2805014354906
67,Anupshahr,GAJENDRA SINGH,M,42,GEN,BSP,51938,179,52117,361387,229765,22.8438054745885
67,Anupshahr,SYED HIMAYAT ALI,M,52,GEN,SP,48448,162,48610,361387,229765,21.3066251725876
67,Anupshahr,HOSHIYAR SINGH,M,71,GEN,RLD,11592,36,11628,361387,229765,5.09675864033838
67,Anupshahr,None of the Above,,,,NOTA,1620,0,1620,361387,229765,0.710074733174078
67,Anupshahr,HARENDRA SINGH,M,25,GEN,IND,1006,0,1006,361387,229765,0.440947642946372
67,Anupshahr,SANJAY SHARMA,M,38,GEN,IND,563,4,567,361387,229765,0.248526156610927
67,Anupshahr,JAGMAL,M,59,GEN,LD,550,2,552,361387,229765,0.241951390563019
67,Anupshahr,B. K. SINGH,M,65,GEN,IND,495,0,495,361387,229765,0.216967279580968
67,Anupshahr,PARMESH VASHISHTHA,M,62,GEN,RKMP,300,0,300,361387,229765,0.131495320958163
67,Anupshahr,ARCHANA SINGH,F,49,SC,IND,239,0,239,361387,229765,0.104757939030003
67,Anupshahr,NEPAL SINGH,M,67,GEN,RTKP,200,0,200,361387,229765,0.0876635473054417
68,Debai,DR. ANITA LODHI RAJPUT,F,45,GEN,BJP,111564,243,111807,333390,209809,53.8152011205183
68,Debai,HARISH KUMAR,M,36,GEN,SP,45954,223,46177,333390,209809,22.2260193202767
68,Debai,DEVENDRA BHARDWAJ,M,54,GEN,BSP,44787,187,44974,333390,209809,21.6469886071014
68,Debai,SATYAVEER,M,46,GEN,RLD,2642,5,2647,333390,209809,1.27406009790095
68,Debai,None of the Above,,,,NOTA,2047,1,2048,333390,209809,0.985748047034814
68,Debai,NAVRATAN SINGH,M,43,GEN,IND,1108,0,1108,333390,209809,0.533305095759069
68,Debai,LAL SINGH,M,73,SC,RPSN,591,0,591,333390,209809,0.28446147255741
68,Debai,CAHRAN SINGH,M,46,GEN,IND,457,0,457,333390,209809,0.219964285886187
69,Shikarpur,ANIL KUMAR,M,53,GEN,BJP,101701,211,101912,310888,202785,50.7858673443963
69,Shikarpur,MUKUL UPADHYAY,M,44,GEN,BSP,51525,142,51667,310888,202785,25.7472467234764
69,Shikarpur,UDAI KARAN SINGH DALAL,M,32,GEN,INC,32754,160,32914,310888,202785,16.4020531220412
69,Shikarpur,MUKESH SHARMA,M,35,GEN,RLD,7714,20,7734,310888,202785,3.85408880251159
69,Shikarpur,SHANTI SWROOP SHARMA,M,51,GEN,IND,2903,5,2908,310888,202785,1.44914536303384
69,Shikarpur,None of the Above,,,,NOTA,2114,1,2115,310888,202785,1.05396920316938
69,Shikarpur,LAKHAN SHARMA,M,26,GEN,IND,1111,0,1111,310888,202785,0.553645288284248
69,Shikarpur,JAI PRAKASH SINGH,M,62,GEN,RKMP,560,1,561,310888,202785,0.279563462400957
69,Shikarpur,RAGHURAJ PRATAP SINGH,M,54,SC,IND,503,0,503,310888,202785,0.250660288035082
69,Shikarpur,VARSHA DEVI,F,28,GEN,SARSAMP,361,0,361,310888,202785,0.179897343897942
69,Shikarpur,JITENDRA SAINI,M,40,GEN,JANADIP,343,0,343,310888,202785,0.170927393232671
69,Shikarpur,VIJAY DEVI,F,45,GEN,RAJADP,247,0,247,310888,202785,0.123087656351223
69,Shikarpur,MANOJ KUMAR,M,31,GEN,IND,155,0,155,310888,202785,0.0772412418398366
69,Shikarpur,NISHANT KUMAR SHARMA,M,25,GEN,IND,130,0,130,310888,202785,0.0647829770269597
69,Shikarpur,SONPAL SINGH,M,29,GEN,RSHP,124,0,124,310888,202785,0.0617929934718692
70,Khurja ,VIJENDRA SINGH,M,40,SC,BJP,119287,206,119493,361762,236970,50.7931852380831
70,Khurja ,ARJUN SINGH,M,61,SC,BSP,55094,100,55194,361762,236970,23.4614501772552
70,Khurja ,BANSHI SINGH,M,56,SC,INC,52959,125,53084,361762,236970,22.564547255307
70,Khurja ,MANOJ KUMAR,M,32,SC,RLD,3907,14,3921,361762,236970,1.66670917391415
70,Khurja ,None of the Above,,,,NOTA,1716,0,1716,361762,236970,0.729424366854549
70,Khurja ,SANJIV SINGH,M,27,SC,IND,1091,1,1092,361762,236970,0.464179142543804
70,Khurja ,AJAY KUMAR,M,28,SC,RSHP,986,1,987,361762,236970,0.419546532683823
70,Khurja ,PRABHUDAYAL,M,39,SC,RTJP,757,0,757,361762,236970,0.321779863466721
70,Khurja ,RAJVIR SINGH,M,55,SC,RKMP,722,4,726,361762,236970,0.308602616746155
71,Khair ,ANOOP,M,36,SC,BJP,123945,253,124198,375522,232118,53.8897108913641
71,Khair ,RAKESH KUMAR MAURYA,M,50,SC,BSP,53340,137,53477,375522,232118,23.2037558522478
71,Khair ,OM PAL SINGH,M,31,SC,RLD,41790,98,41888,375522,232118,18.1752702122213
71,Khair ,PRASHANT KUMAR,M,47,SC,SP,7337,159,7496,375522,232118,3.25252639206481
71,Khair ,None of the Above,,,,NOTA,1651,0,1651,375522,232118,0.716371541261873
71,Khair ,RAJ KUMAR,M,47,SC,RMGP,843,1,844,375522,232118,0.366212950227148
71,Khair ,ANIL PRATAP SINGH,M,39,SC,BSRD,713,0,713,375522,232118,0.309371840653976
71,Khair ,PRAGYA DEVI,F,31,SC,SWAJANPA,641,0,641,375522,232118,0.278130925468722
71,Khair ,MAMTA DEVI,F,27,SC,VIP,549,0,549,375522,232118,0.238211978287564
71,Khair ,MANOJ,M,30,SC,SAJPCS,339,2,341,375522,232118,0.147960445530163
71,Khair ,RAVI KUMAR,M,30,SC,BMUP,319,1,320,375522,232118,0.138848511934464
72,Barauli,SHRI DALVEER SINGH,M,73,GEN,BJP,125243,302,125545,356744,235107,53.7047256051914
72,Barauli,THAKUR JAIVIR SINGH,M,56,GEN,BSP,86453,329,86782,356744,235107,37.1229718226112
72,Barauli,SHRI KESHAV SINGH,M,36,GEN,INC,17104,134,17238,356744,235107,7.37394607497145
72,Barauli,SHRI NEERAJ SHARMA,M,33,GEN,RLD,1827,2,1829,356744,235107,0.782396297199372
72,Barauli,None of the Above,,,,NOTA,1337,1,1338,356744,235107,0.572359893741257
72,Barauli,SHRI KUSHAL PAL SINGH,M,66,GEN,IND,698,0,698,356744,235107,0.298585355628847
72,Barauli,SHRI PRAMOD KUMAR,M,33,SC,IND,665,0,665,356744,235107,0.284468856007426
72,Barauli,SHRI SATENDRA KUMAR,M,27,GEN,KMSUP,405,0,405,356744,235107,0.17324794989926
72,Barauli,SHRI DHARMENDRA SINGH,M,40,GEN,SSKP,318,0,318,356744,235107,0.136031723624604
72,Barauli,SHRI RAVINDRA PAL SINGH,M,38,GEN,RTKP,289,0,289,356744,235107,0.123626314866385
73,Atrauli,SANDEEP KUMAR SINGH,M,26,GEN,BJP,115124,273,115397,382530,232591,49.8979530064947
73,Atrauli,VIRESH YADAV,M,51,GEN,SP,64147,283,64430,382530,232591,27.8596940319805
73,Atrauli,ILIYAS CHAUDHARY,M,51,GEN,BSP,44933,108,45041,382530,232591,19.4758416714952
73,Atrauli,None of the Above,,,,NOTA,1324,1,1325,382530,232591,0.57293333218026
73,Atrauli,MANOJ KUMAR YADAV,M,44,GEN,RLD,1051,0,1051,382530,232591,0.454455043110531
73,Atrauli,AVDHESH KUMAR,M,36,GEN,BSRD,931,0,931,382530,232591,0.402566741328168
73,Atrauli,ABID ALI,M,52,GEN,IND,766,0,766,382530,232591,0.331220326377418
73,Atrauli,DINESH KUMAR,M,44,GEN,IND,674,0,674,382530,232591,0.29143929501094
73,Atrauli,PREM SHRI YADAV,F,46,GEN,RPD,644,0,644,382530,232591,0.278467219565349
73,Atrauli,DHARMENDRA KUMAR,M,33,GEN,RTKP,598,0,598,382530,232591,0.25857670388211
73,Atrauli,LAKHAN SINGH,M,36,SC,IND,438,0,438,382530,232591,0.189392301505626
73,Atrauli,BHAGVAN DAS,M,25,SC,SWAJANPA,356,0,356,382530,232591,0.153935295287677
73,Atrauli,NISHA RAJ,F,31,GEN,SARSAMP,355,0,355,382530,232591,0.153502892772824
73,Atrauli,SUBHASH CHANDRA PALI,M,56,GEN,SSKP,335,0,335,382530,232591,0.144854842475764
73,Atrauli,ANSHUL BHARDUAJ,M,27,GEN,RSD,249,1,250,382530,232591,0.108100628713257
74,Chharra,RAVENDRA PAL SINGH,M,53,GEN,BJP,110504,234,110738,360415,229000,48.6226125137212
74,Chharra,THAKUR RAKESH SINGH,M,43,GEN,SP,54353,251,54604,360415,229000,23.9754116355653
74,Chharra,SAGIR,M,47,GEN,BSP,53708,151,53859,360415,229000,23.6482985729967
74,Chharra,JAI PRAKASH PAL,M,41,GEN,JAM,2501,7,2508,360415,229000,1.10120746432492
74,Chharra,None of the Above,,,,NOTA,1250,0,1250,360415,229000,0.548847420417124
74,Chharra,HEMANT KUMAR SINGH,M,40,GEN,IND,1153,0,1153,360415,229000,0.506256860592755
74,Chharra,MANOJ YADAV,M,40,GEN,RLD,1010,0,1010,360415,229000,0.443468715697036
74,Chharra,LAXMAN SINGH YADAV,M,57,GEN,LD,972,2,974,360415,229000,0.427661909989023
74,Chharra,SUNIL DUTT SHARMA,M,57,GEN,IND,675,0,675,360415,229000,0.296377607025247
74,Chharra,LOKENDRA PAL SINGH,M,35,GEN,IND,627,0,627,360415,229000,0.275301866081229
74,Chharra,MUNESH KUMAR SHARMA,M,47,GEN,IND,474,1,475,360415,229000,0.208562019758507
74,Chharra,RAM KALI,F,61,GEN,IND,469,2,471,360415,229000,0.206805708013172
74,Chharra,DHARAM SINGH,M,38,SC,IND,261,0,261,360415,229000,0.114599341383095
74,Chharra,DR MAHENDRA SINGH ALIAS MAHENDRA KUMAR,M,35,GEN,MHP,233,0,233,360415,229000,0.102305159165752
74,Chharra,RADHA,F,33,SC,SARP,162,0,162,360415,229000,0.0711306256860593
75,Koil,ANIL PARASHAR,M,46,GEN,BJP,93362,452,93814,363057,228587,41.3264789191523
75,Koil,SHAZ ISHAQ URF AJJU ISHAQ,M,35,GEN,SP,42637,214,42851,363057,228587,18.8765104159784
75,Koil,VIVEK BANSAL,M,58,GEN,INC,38295,328,38623,363057,228587,17.0140127837468
75,Koil,RAM KUMAR SHARMA,M,61,GEN,BSP,37699,210,37909,363057,228587,16.6994850379063
75,Koil,ZAMEER ULLAH KHAN,M,50,GEN,IND,10882,30,10912,363057,228587,4.80690022774628
75,Koil,None of the Above,,,,NOTA,1577,3,1580,363057,228587,0.69601377931077
75,Koil,MAMTA TIWARI,F,40,GEN,IND,473,0,473,363057,228587,0.208363618743034
75,Koil,LALIT SARASWAT,M,33,GEN,IND,463,0,463,363057,228587,0.203958468241067
75,Koil,PARVEZ KHAN,M,44,GEN,AIMIM,460,3,463,363057,228587,0.203958468241067
75,Koil,ASHOK KUMAR PANDEY,M,33,GEN,ABHM,442,0,442,363057,228587,0.194707652186937
75,Koil,TULSI GAUD,M,63,GEN,IND,417,6,423,363057,228587,0.1863378662332
75,Koil,THAKUR SOMVEER SINGH,M,31,GEN,SSKP,266,0,266,363057,228587,0.11717700335232
75,Koil,RAJIV KUMAR SINGH,M,41,SC,SAJPCS,212,1,213,363057,228587,0.093829705691895
75,Koil,RAMDUTT,M,57,GEN,BSRD,148,7,155,363057,228587,0.068279832780487
76,Aligarh,SANJEEV RAJA,M,55,GEN,BJP,113202,550,113752,370237,246114,46.4789020139822
76,Aligarh,ZAFAR ALAM,M,72,GEN,SP,98152,160,98312,370237,246114,40.1701404353209
76,Aligarh,MOHD ARIF,M,42,GEN,BSP,25513,191,25704,370237,246114,10.5026170736989
76,Aligarh,RAJKUMAR,M,32,SC,SWAJANPA,3319,6,3325,370237,246114,1.35859017157053
76,Aligarh,None of the Above,,,,NOTA,1372,3,1375,370237,246114,0.561823003281046
76,Aligarh,LAV KUMAR BANSAL,M,35,GEN,RLD,945,3,948,370237,246114,0.387351423353041
76,Aligarh,SANJEEV KUMAR,M,34,SC,IND,675,2,677,370237,246114,0.276621216888195
76,Aligarh,ATUL GOSWAMI,M,35,GEN,LD,616,0,616,370237,246114,0.251696705469909
76,Aligarh,DR. L.B DAYASHANKAR,M,38,GEN,IND,517,0,517,370237,246114,0.211245449233673
76,Aligarh,KASHAV DEV,M,40,GEN,IND,342,1,343,370237,246114,0.140149301909381
76,Aligarh,GULZAR AHMAD,M,41,GEN,PECP,292,0,292,370237,246114,0.119310775969502
76,Aligarh,PREM PAL,M,47,GEN,RPI(A),252,1,253,370237,246114,0.103375432603713
77,Iglas ,RAJVEER DILER,M,59,SC,BJP,127745,255,128000,359639,233621,55.0540002322591
77,Iglas ,RAJENDRA KUMAR,M,52,SC,BSP,53032,168,53200,359639,233621,22.8818188465327
77,Iglas ,SULEKHA SINGH,F,29,SC,RLD,28038,103,28141,359639,233621,12.1037079729375
77,Iglas ,GUROOVINDAR SINGH,M,52,SC,INC,20770,164,20934,359639,233621,9.00390969423524
77,Iglas ,PREM SINGH,M,55,SC,IND,1165,0,1165,359639,233621,0.50107742398892
77,Iglas ,None of the Above,,,,NOTA,1121,1,1122,359639,233621,0.482582720785896
77,Iglas ,VIJAY KUMAR,M,33,SC,IND,1059,0,1059,359639,233621,0.455485830046581
78,Hathras ,HARI SHANKAR MAHOR,M,60,SC,BJP,133477,363,133840,384610,238554,56.4016553026153
78,Hathras ,BRAJ MOHAN RAHI,M,45,SC,BSP,62984,195,63179,384610,238554,26.6243289028985
78,Hathras ,RAJESH RAJ JEEVAN,M,33,SC,INC,27211,90,27301,384610,238554,11.504943151649
78,Hathras ,NEKSE LAL,M,56,SC,MD,5341,8,5349,384610,238554,2.25412772126187
78,Hathras ,GENDA LAL CHAUDHARY,M,65,SC,RLD,3609,7,3616,384610,238554,1.52382236681304
78,Hathras ,None of the Above,,,,NOTA,1252,4,1256,384610,238554,0.52929228227798
78,Hathras ,RAJARAM,M,41,SC,AZAD,1039,0,1039,384610,238554,0.437846083827087
78,Hathras ,HAR SWROOP MAHAUR,M,49,SC,IND,712,0,712,384610,238554,0.300044669571594
78,Hathras ,CHATAULE MUNSHIRAM NEKRAM,M,59,SC,IND,511,0,511,384610,238554,0.215341047965006
78,Hathras ,VIJENDRA SINGH,M,47,SC,IND,501,0,501,384610,238554,0.211126937437315
78,Hathras ,VIJAY,M,26,SC,SWAJANPA,361,0,361,384610,238554,0.152129390049642
78,Hathras ,PINTU,M,36,SC,RSHP,321,1,322,384610,238554,0.135694358991648
78,Hathras ,NETRAPAL SINGH,M,43,SC,SAJPCS,309,1,310,384610,238554,0.130637426358419
78,Hathras ,SAHAB SINGH,M,48,SC,ADRSP,257,0,257,384610,238554,0.108302640561657
79,Sadabad,RAMVEER UPADHYAY,M,59,GEN,BSP,91217,148,91365,345400,226634,40.5110605637363
79,Sadabad,DR ANIL CHAUDHARY,M,55,GEN,RLD,64606,169,64775,345400,226634,28.7211070761891
79,Sadabad,PRITEE CHAUDHARY,F,38,GEN,BJP,36061,73,36134,345400,226634,16.0217442391512
79,Sadabad,DEVENDRA AGRAWAL,M,51,GEN,SP,28974,86,29060,345400,226634,12.885146609557
79,Sadabad,None of the Above,,,,NOTA,1103,0,1103,345400,226634,0.489068021691031
79,Sadabad,KUSUMLATA SHARMA,F,47,GEN,AZAD,936,1,937,345400,226634,0.415463949523569
79,Sadabad,YATENDRA SINGH,M,31,GEN,IND,934,0,934,345400,226634,0.414133755448253
79,Sadabad,SUBHASH CHANDRA,M,35,GEN,IND,575,0,575,345400,226634,0.254953864435488
79,Sadabad,RAMESHAR,M,43,GEN,IND,489,0,489,345400,226634,0.216821634276441
79,Sadabad,PREM CHANDRA OJHA ALIAS SUBHASH,M,53,GEN,IND,476,0,476,345400,226634,0.211057459950073
79,Sadabad,KUSUMA,F,35,GEN,IND,238,0,238,345400,226634,0.105528729975037
79,Sadabad,KAILASH SINGH,M,38,GEN,IND,153,0,153,345400,226634,0.067839897841095
79,Sadabad,KRISHNA KUMAR SHARMA,M,47,GEN,IND,149,0,149,345400,226634,0.0660663057406742
79,Sadabad,NEETU SHARMA,F,35,GEN,SAMAP,135,1,136,345400,226634,0.0603021314143067
79,Sadabad,ANIL KUMAR,M,58,GEN,IND,110,0,110,345400,226634,0.0487737827615716
80,Sikandra Rao,BIRENDRA SINGH RANA,M,58,GEN,BJP,76044,85,76129,350277,216244,35.4388365965608
80,Sikandra Rao,BANI SINGH BAGHEL,M,60,GEN,BSP,61256,101,61357,350277,216244,28.5623178690799
80,Sikandra Rao,YASHPAL SINGH CHAUHAN,M,65,GEN,SP,59567,173,59740,350277,216244,27.8095876509417
80,Sikandra Rao,RAKESH SINGH RANA,M,49,GEN,IND,7213,9,7222,350277,216244,3.36191566814699
80,Sikandra Rao,AMAR SINGH YADAV,M,63,GEN,IND,4868,8,4876,350277,216244,2.26982841288905
80,Sikandra Rao,None of the Above,,,,NOTA,1426,0,1426,350277,216244,0.663817743392081
80,Sikandra Rao,KRAPAL SINGH SENGAR,M,55,GEN,JANADIP,1094,0,1094,350277,216244,0.509268310849184
80,Sikandra Rao,SHRI CHANDRA,M,39,GEN,IND,1086,0,1086,350277,216244,0.505544228137307
80,Sikandra Rao,RAKESH S/O KUMARPAL,M,43,GEN,IND,710,0,710,350277,216244,0.330512340679086
80,Sikandra Rao,RAJ SHEKHAR SENGAR,M,42,GEN,IND,704,0,704,350277,216244,0.327719278645179
80,Sikandra Rao,CHANDRESH KUMAR,M,58,GEN,RSHP,521,0,521,350277,216244,0.242530886610992
80,Sikandra Rao,DHARAMVEER,M,39,GEN,IND,354,1,355,350277,216244,0.165256170339543
80,Sikandra Rao,RAKESH S/O SHYAMLAL,M,45,SC,IND,320,0,320,350277,216244,0.148963308475081
80,Sikandra Rao,CHANDA GUPTA,F,32,GEN,AIFB,314,0,314,350277,216244,0.146170246441173
80,Sikandra Rao,MANOJ,M,40,GEN,IND,262,0,262,350277,216244,0.121963708813973
80,Sikandra Rao,PREMPAL SINGH,M,55,GEN,IND,128,0,128,350277,216244,0.0595853233900325
81,Chhata,LAXMI NARAYAN,M,64,GEN,BJP,117300,237,117537,340122,227322,51.9849799644402
81,Chhata,ATUL SINGH,M,27,GEN,IND,53492,207,53699,340122,227322,23.750320657414
81,Chhata,MANOJ PATHAK,M,43,GEN,BSP,41179,111,41290,340122,227322,18.2619925872852
81,Chhata,RISHI RAJ,M,44,GEN,RLD,9780,21,9801,340122,227322,4.33484595175543
81,Chhata,DEEPAK PANDEY,M,28,GEN,IND,1471,0,1471,340122,227322,0.650602835938398
81,Chhata,None of the Above,,,,NOTA,1224,0,1224,340122,227322,0.541358172120054
81,Chhata,KULBHANU KUMAR,M,59,GEN,CPI,1171,0,1171,340122,227322,0.517917009438385
81,Chhata,MAHESH SINGH KUNTAL,M,30,GEN,IND,634,0,634,340122,227322,0.280409380003361
81,Chhata,RAJU,M,37,SC,IND,495,0,495,340122,227322,0.218931613725022
82,Mant,SHYAM SUNDER SHARMA,M,67,GEN,BSP,65558,304,65862,316496,210597,31.4611357383063
82,Mant,YOGESH CHAUDHARY,M,44,GEN,RLD,65220,210,65430,316496,210597,31.2547768266585
82,Mant,SATISH KUMAR SHARMA,M,56,GEN,BJP,59689,182,59871,316496,210597,28.5993388871905
82,Mant,JAGDISH SINGH,M,45,GEN,INC,13184,86,13270,316496,210597,6.33884897584836
82,Mant,LALIT KUMAR,M,40,GEN,IND,2203,0,2203,316496,210597,1.05233491287068
82,Mant,None of the Above,,,,NOTA,1250,3,1253,316496,210597,0.598536380311831
82,Mant,VISHNU KUMAR SHARMA,M,35,GEN,IND,714,1,715,316496,210597,0.341543106083766
82,Mant,SUBHASH CHAUDHARY,M,51,GEN,IND,626,2,628,316496,210597,0.299984714154693
82,Mant,CHANDAN SINGH DHANGAR,M,29,GEN,RSOSP,590,0,590,316496,210597,0.281832772852339
82,Mant,RAM SWAROOP,M,42,GEN,IND,245,0,245,316496,210597,0.117032253133598
82,Mant,MUKESH KUMAR,M,34,GEN,BHAKALP,232,0,232,316496,210597,0.11082237847753
82,Mant,YOGESH KUMAR,M,29,GEN,IND,151,1,152,316496,210597,0.0726077652094161
82,Mant,DARMENDRA KUMAR,M,25,GEN,IND,146,0,146,316496,210597,0.0697416692143076
83,Goverdhan,KARINDA SINGH,M,63,GEN,BJP,93374,164,93538,311396,207072,45.478767369721
83,Goverdhan,RAJ KUMAR RAWAT,M,53,GEN,BSP,60306,223,60529,311396,207072,29.4295827377306
83,Goverdhan,KR. NARENDRA SINGH,M,63,GEN,RLD,40863,136,40999,311396,207072,19.933973180859
83,Goverdhan,RANVIR PANDAV,M,70,GEN,INC,5878,65,5943,311396,207072,2.88952419848887
83,Goverdhan,None of the Above,,,,NOTA,1396,2,1398,311396,207072,0.679716444470375
83,Goverdhan,PURUSHOTTAN,M,57,GEN,CPI,944,0,944,311396,207072,0.458978772231784
83,Goverdhan,NARENDRA KUMAR,M,32,GEN,IND,784,1,785,311396,207072,0.381671966315626
83,Goverdhan,SATISH KUMAR,M,27,SC,IND,679,0,679,311396,207072,0.330134095704853
83,Goverdhan,AVADHESH SHARMA,M,26,GEN,BHAKALP,626,1,627,311396,207072,0.304851366725984
83,Goverdhan,RAKESH KUMAR KAUSHIK,M,33,GEN,LD,617,0,617,311396,207072,0.299989303460817
83,Goverdhan,SANTOSH,M,37,GEN,BSRD,567,0,567,311396,207072,0.275678987134981
83,Goverdhan,POORAN,M,53,GEN,IND,265,1,266,311396,207072,0.129330882853448
83,Goverdhan,BRAJ KISHOR,M,54,SC,ALHP,179,1,180,311396,207072,0.0875171387730097
84,Mathura,SHRIKANT SHARMA,M,46,GEN,BJP,142787,574,143361,425749,253071,56.9263330103718
84,Mathura,PRADEEP MATHUR,M,61,GEN,INC,41978,222,42200,425749,253071,16.7569370542734
84,Mathura,YOGESH KUMAR,M,44,GEN,BSP,30946,222,31168,425749,253071,12.3763083911752
84,Mathura,ASHOK AGRAWAL,M,62,GEN,RLD,28896,184,29080,425749,253071,11.5471973824235
84,Mathura,GIREEJA SINGH @ GIRRAJ SINGH,M,49,SC,SWAJANPA,1435,1,1436,425749,253071,0.570212360425039
84,Mathura,GAFFAR ABBAS,M,57,GEN,CPI,1260,3,1263,425749,253071,0.501516860178847
84,Mathura,None of the Above,,,,NOTA,1231,4,1235,425749,253071,0.490398513318191
84,Mathura,ANUP AGRAWAL,M,28,GEN,BHAKALP,715,0,715,425749,253071,0.283914928763163
84,Mathura,MUKESH,M,40,GEN,IND,706,4,710,425749,253071,0.281929509680903
84,Mathura,SURESH CHANDRA BAGHEL,M,50,GEN,IND,661,1,662,425749,253071,0.262869486491209
84,Mathura,PHAKKAD BABA,M,72,GEN,IND,371,0,371,425749,253071,0.147318095903683
84,Mathura,PRAMOD KRISHNA,M,46,GEN,IND,356,0,356,425749,253071,0.141361838656904
84,Mathura,ANKIT CHATURVEDI,M,28,GEN,RSP(S),263,0,263,425749,253071,0.10443304372687
84,Mathura,AVINESH KUMAR SINGH,M,36,GEN,RLRP,250,1,251,425749,253071,0.0996680379294461
85,Baldev ,POORAN PRAKASH,M,62,SC,BJP,88221,190,88411,347607,231770,38.4113412318774
85,Baldev ,NIRANJAN SINGH DHANGAR,M,50,SC,RLD,74965,238,75203,347607,231770,32.672949007034
85,Baldev ,PREMCHAND,M,50,SC,BSP,53384,155,53539,347607,231770,23.2607345037777
85,Baldev ,RANVIR,M,32,SC,SP,8840,53,8893,347607,231770,3.86368277222389
85,Baldev ,None of the Above,,,,NOTA,1597,4,1601,347607,231770,0.695575859477167
85,Baldev ,VINESH KUMAR,M,40,SC,INC,834,6,840,347607,231770,0.364949232954916
85,Baldev ,BHUP SINGH,M,34,SC,IND,703,3,706,347607,231770,0.306731141031155
85,Baldev ,NIRANJAN SINGH,M,35,SC,IND,692,0,692,347607,231770,0.30064865381524
85,Baldev ,BHAWARPAL SINGH,M,54,SC,IND,583,6,589,347607,231770,0.255898926441006
85,Baldev ,BRIJENDRA KUMAR POEIA,M,35,SC,IND,588,0,588,347607,231770,0.255464463068441
85,Baldev ,CHANDRABHAN,M,57,SC,RSOSP,413,0,413,347607,231770,0.1794333728695
85,Baldev ,CHANDRAPAL,M,47,SC,IND,295,0,295,347607,231770,0.128166694906786
86,Etmadpur,RAM PRATAP SINGH,M,50,GEN,BJP,137105,276,137381,417210,284202,48.6597244359438
86,Etmadpur,DR. DHARMPAL SINGH,M,53,GEN,BSP,89877,249,90126,417210,284202,31.9222186802678
86,Etmadpur,RAJBETI,F,53,GEN,SP,43729,196,43925,417210,284202,15.5580349236709
86,Etmadpur,NARENDRA BAGHEL,M,47,GEN,RLD,3488,8,3496,417210,284202,1.23826727588283
86,Etmadpur,RAJESH KUMAR KASHYAP,M,52,GEN,NINSHAD,2209,4,2213,417210,284202,0.783834519888074
86,Etmadpur,None of the Above,,,,NOTA,1872,0,1872,417210,284202,0.663053873127192
86,Etmadpur,ATAL BIHARI,M,43,SC,RKSP,1204,0,1204,417210,284202,0.426451315836078
86,Etmadpur,NAVEEN KUMAR,M,42,GEN,IND,945,0,945,417210,284202,0.334714695569015
86,Etmadpur,UMESH CHANDRA,M,43,GEN,IND,606,1,607,417210,284202,0.214996635143272
86,Etmadpur,PREMCHAND,M,36,GEN,IND,541,0,541,417210,284202,0.191619735770198
86,Etmadpur,LAKHAN KUMAR JATAV,M,27,GEN,IND,430,0,430,417210,284202,0.152304041370028
86,Etmadpur,SUNIL PANKAJ,M,43,GEN,JAM,389,0,389,417210,284202,0.137782028123118
86,Etmadpur,MAHENDRA SINGH,M,36,SC,BASAPA,380,1,381,417210,284202,0.134948464562746
86,Etmadpur,VIJAY SINGH BAGHEL,M,62,GEN,RSOSP,290,0,290,417210,284202,0.102716679063507
86,Etmadpur,MALKHAN SINGH JATAV,M,30,SC,RPIE,202,0,202,417210,284202,0.0715474798994085
86,Etmadpur,GAURAV,M,33,SC,BLSP,200,0,200,417210,284202,0.0708390890093153
87,Agra Cantt. ,DR. GIRRAJ SINGH DHARMESH,M,63,SC,BJP,112849,329,113178,427525,252816,44.9777650607437
87,Agra Cantt. ,GUTIYARI LAL DUWESH,M,52,SC,BSP,66642,211,66853,427525,252816,26.5678712082375
87,Agra Cantt. ,MAMTA KAUDAN,F,44,SC,SP,64488,195,64683,427525,252816,25.705497335384
87,Agra Cantt. ,SUBHASH CHAND,M,57,SC,IND,1236,0,1236,427525,252816,0.491195440943286
87,Agra Cantt. ,None of the Above,,,,NOTA,1182,3,1185,427525,252816,0.470927667894655
87,Agra Cantt. ,AVDESH SINGH ( RAMU SUMAN),M,35,SC,RLD,1135,10,1145,427525,252816,0.455031375307494
87,Agra Cantt. ,HARI KISHAN,M,55,SC,IND,935,0,935,427525,252816,0.371575839224897
87,Agra Cantt. ,RAKESH KUMAR,M,36,SC,PECP,867,1,868,427525,252816,0.344949549141402
87,Agra Cantt. ,UMESH CHAND,M,47,SC,APOI,763,0,763,427525,252816,0.303221781100103
87,Agra Cantt. ,VISHAL KUMAR,M,44,SC,IND,718,1,719,427525,252816,0.285735859254225
87,Agra Cantt. ,RAJVEER SINGH,M,30,SC,IND,440,0,440,427525,252816,0.174859218458775
87,Agra Cantt. ,RAJKUMAR SINGH,M,38,SC,JAM,267,0,267,427525,252816,0.106107753019302
87,Agra Cantt. ,OMPRAKASH,M,54,SC,BASAPA,220,2,222,427525,252816,0.0882244238587455
87,Agra Cantt. ,PRADEEP VERMA,M,32,SC,IND,198,0,198,427525,252816,0.0786866483064487
87,Agra Cantt. ,BABITA SINGH MAURYA,F,43,SC,RSMD,124,0,124,427525,252816,0.0492785070202002
88,Agra South,YOGENDRA UPADHYAYA,M,61,GEN,BJP,111555,327,111882,348912,217225,51.6842824938098
88,Agra South,ZULFIQAR AHMAD BHUTTO,M,44,GEN,BSP,57480,177,57657,348912,217225,26.6348534683469
88,Agra South,NAZIR AHMED,M,59,GEN,INC,39328,106,39434,348912,217225,18.2166746738608
88,Agra South,THOMSAN MASSEY,M,44,GEN,IND,979,0,979,348912,217225,0.452252485309878
88,Agra South,PRADEEP KUMAR SRIVASTAVA,M,62,GEN,IND,800,0,800,348912,217225,0.369562807199083
88,Agra South,None of the Above,,,,NOTA,752,1,753,348912,217225,0.347850992276137
88,Agra South,ANJALI BHARGAVA,F,43,GEN,MAHISAP,557,2,559,348912,217225,0.25823201153036
88,Agra South,MAHIPAL SINGH,M,43,GEN,IND,521,1,522,348912,217225,0.241139731697402
88,Agra South,ALOK KUMAR,M,46,GEN,IND,470,0,470,348912,217225,0.217118149229462
88,Agra South,CH. GOPAL SINGH DHAKED,M,44,GEN,IND,461,3,464,348912,217225,0.214346428175468
88,Agra South,HARISH CHANDRA,M,44,GEN,IND,428,0,428,348912,217225,0.19771610185151
88,Agra South,MUSTAKEEM,M,32,GEN,IND,420,0,420,348912,217225,0.194020473779519
88,Agra South,LOKENDRA SHARMA,M,48,GEN,IND,347,2,349,348912,217225,0.1612217746406
88,Agra South,RAMBRIJ YADAV,M,34,GEN,IND,254,0,254,348912,217225,0.117336191285709
88,Agra South,NASIR ABBAS,M,36,GEN,BKS,244,0,244,348912,217225,0.11271665619572
88,Agra South,KRISHAN GOPAL UPADHYAY,M,39,GEN,PECP,238,1,239,348912,217225,0.110406888650726
88,Agra South,IDARISH,M,28,GEN,AIMIM,230,2,232,348912,217225,0.107173214087734
88,Agra South,SAROJ KUMARI,F,28,GEN,IND,196,0,196,348912,217225,0.0905428877637754
88,Agra South,RENU SETHI,F,52,GEN,IND,194,0,194,348912,217225,0.0896189807457777
88,Agra South,ROHIT SINGH DHAKAD,M,35,GEN,BLSP,176,1,177,348912,217225,0.0817657710927972
88,Agra South,SANJAY GARG,M,41,GEN,IND,161,0,161,348912,217225,0.0743745149488156
88,Agra South,PADMA AGRAWAL,F,32,GEN,BRKD,154,0,154,348912,217225,0.0711408403858236
88,Agra South,SHYAM SUNDAR,M,50,SC,BMUP,148,1,149,348912,217225,0.0688310728408293
88,Agra South,ASHRAF QURESHI,M,42,GEN,IND,145,0,145,348912,217225,0.0669832588048339
88,Agra South,ATUL KUMAR,M,45,GEN,JAM,133,0,133,348912,217225,0.0614398166968476
88,Agra South,LAKSHMAN PRASAD RAJORA,M,54,SC,IND,117,0,117,348912,217225,0.054048560552866
88,Agra South,DEREK SMITH,M,63,GEN,ADRSP,111,2,113,348912,217225,0.0522007465168705
89,Agra North,JAGAN PRASAD GARG,M,64,GEN,BJP,134585,535,135120,395511,230769,58.8750473850015
89,Agra North,ER. GYANENDRA GAUTAM,M,35,GEN,BSP,48526,274,48800,395511,230769,21.2633386055956
89,Agra North,ATUL GARG,M,47,GEN,SP,36605,134,36739,395511,230769,16.0080696112905
89,Agra North,KUNDANIKA SHARMA,F,50,GEN,IND,3265,10,3275,395511,230769,1.42699659699437
89,Agra North,None of the Above,,,,NOTA,1263,3,1266,395511,230769,0.551626776120574
89,Agra North,COL. UMESH VERMA,M,45,GEN,RLD,1206,8,1214,395511,230769,0.528969120229365
89,Agra North,PRATAP GUJAR,M,39,GEN,IND,1159,4,1163,395511,230769,0.506747188489911
89,Agra North,SATENDRA DIXIT,M,26,GEN,IND,833,1,834,395511,230769,0.363393942562842
89,Agra North,VINIT AGRAWAL,M,37,GEN,IND,555,0,555,395511,230769,0.241826904223474
89,Agra North,IRFAN KHAN,M,29,GEN,VIP,409,1,410,395511,230769,0.178646902219143
89,Agra North,SATYA PRAKASH,M,47,GEN,IND,270,0,270,395511,230769,0.117645520973582
89,Agra North,REKHA,F,33,SC,IND,247,0,247,395511,230769,0.10762386548324
89,Agra North,DEV KUMAR,M,41,GEN,JAM,238,0,238,395511,230769,0.103702348117454
89,Agra North,MUKESH,M,30,GEN,RSMD,237,0,237,395511,230769,0.1032666239657
89,Agra North,TEJVEER SINGH,M,41,GEN,PECP,224,0,224,395511,230769,0.0976022099928977
89,Agra North,VIVEK KUMAR JAIN,M,41,GEN,BSCP,176,1,177,395511,230769,0.0771231748604593
90,Agra Rural ,HEMLATA DIWAKAR,F,36,SC,BJP,129601,286,129887,392467,249926,52.3590115693151
90,Agra Rural ,KALICHARAN SUMAN,M,52,SC,BSP,64309,282,64591,392467,249926,26.0374087959044
90,Agra Rural ,UPENDRA SINGH,M,46,SC,INC,31078,234,31312,392467,249926,12.6222437215302
90,Agra Rural ,NARAYAN SINGH SUMAN,M,63,SC,RLD,17373,73,17446,392467,249926,7.03269238521385
90,Agra Rural ,None of the Above,,,,NOTA,1849,7,1856,392467,249926,0.748175918087637
90,Agra Rural ,OMA SHANKAR ALIAS SUNIL DIWAKAR,M,25,SC,JAM,1377,1,1378,392467,249926,0.555488370218084
90,Agra Rural ,ASHOK KUMAR,M,33,SC,IND,1326,2,1328,392467,249926,0.535332768976499
90,Agra Rural ,AMBEDKARI HASANU RAM AMBEDKARI,M,62,SC,IND,870,1,871,392467,249926,0.351110573628411
90,Agra Rural ,RAVINDRA SINGH,M,46,SC,IND,765,4,769,392467,249926,0.309993147095578
90,Agra Rural ,BHUPAL DAS,M,52,SC,IND,488,0,488,392467,249926,0.19671866811787
91,Fatehpur Sikri,CHAU. UDAYBHAN SINGH,M,70,GEN,BJP,108340,246,108586,338269,229371,47.7286413165309
91,Fatehpur Sikri,SURAJPAL SINGH,M,54,GEN,BSP,56117,132,56249,338269,229371,24.7240744240837
91,Fatehpur Sikri,BRIJESH KUMAR CHAHAR,M,41,GEN,RLD,38180,127,38307,338269,229371,16.8377236744364
91,Fatehpur Sikri,LAL SINGH,M,44,GEN,SP,21715,169,21884,338269,229371,9.61904468873485
91,Fatehpur Sikri,None of the Above,,,,NOTA,1863,1,1864,338269,229371,0.819315449634517
91,Fatehpur Sikri,YOGENDRA SINGH,M,40,GEN,IND,958,0,958,338269,229371,0.421085944608298
91,Fatehpur Sikri,VANDANA SHARMA,F,25,GEN,IND,792,0,792,338269,229371,0.348121156711662
91,Fatehpur Sikri,RAKESH,M,38,SC,IND,731,0,731,338269,229371,0.321308794894223
92,Kheragarh,MAHESH KUMAR GOYAL,M,66,GEN,BJP,93251,259,93510,309776,198781,47.3329351380354
92,Kheragarh,BHAGWAN SINGH KUSHWAHA,M,48,GEN,BSP,61320,191,61511,309776,198781,31.1356664878162
92,Kheragarh,KUSUMLATA DIXIT,F,55,GEN,INC,22859,229,23088,309776,198781,11.6866945403375
92,Kheragarh,RAMNATH,M,50,GEN,IND,7676,4,7680,309776,198781,3.88746595936383
92,Kheragarh,RAMENDRA SINGH PARMAR,M,42,GEN,RLD,6498,22,6520,309776,198781,3.30029662175159
92,Kheragarh,VANGALI RAM KUSHWAH,M,47,GEN,IND,1603,0,1603,309776,198781,0.811407282924508
92,Kheragarh,None of the Above,,,,NOTA,1223,0,1223,309776,198781,0.619058706810152
92,Kheragarh,RANDHIR SINGH,M,43,GEN,IND,742,0,742,309776,198781,0.375585903886454
92,Kheragarh,RAJVIR SINGH,M,45,SC,APOI,682,0,682,309776,198781,0.345215076078924
92,Kheragarh,ISHVA KHAN,M,57,GEN,IND,594,0,594,309776,198781,0.300671195294546
92,Kheragarh,DHARMENDRA KUMAR SHARMA,M,40,GEN,IND,370,0,370,309776,198781,0.187286771479768
92,Kheragarh,AMBEDKARI HASANURAM AMBEDKARI,M,62,SC,IND,336,0,336,309776,198781,0.170076635722168
92,Kheragarh,JAL DEVI,F,91,GEN,IND,331,0,331,309776,198781,0.167545733404874
92,Kheragarh,VIR BAHADUR ALIAS VIR BAHADUR DHAKRAY,M,31,GEN,LD,328,0,328,309776,198781,0.166027192014497
92,Kheragarh,BHIMSAIN KUSHAWAHA,M,31,GEN,IND,261,2,263,309776,198781,0.133125461889673
93,Fatehabad,JITENDRA VERMA,M,41,GEN,BJP,101777,183,101960,297525,209793,48.9432275840882
93,Fatehabad,RAJENDRA SINGH,M,59,GEN,SP,67275,321,67596,297525,209793,32.4476894053945
93,Fatehabad,UMESH SHARMA SAITHIYA,M,43,GEN,BSP,34932,118,35050,297525,209793,16.8248345117918
93,Fatehabad,None of the Above,,,,NOTA,1469,1,1470,297525,209793,0.705634999495975
93,Fatehabad,SHOKHEERAM,M,56,GEN,NINSHAD,1358,0,1358,297525,209793,0.65187233286771
93,Fatehabad,RAJENDRA SINGH,M,37,GEN,IND,904,1,905,297525,209793,0.434421547308746
93,Fatehabad,RAMESH CHANDRA,M,45,GEN,BSRD,776,0,776,297525,209793,0.372498475924406
93,Fatehabad,RADHESHYAM KUSHWAH,M,35,GEN,SSAD,678,0,678,297525,209793,0.325456142624674
94,Bah,RANI PAKSHALIKA SINGH,F,56,GEN,BJP,80411,156,80567,321295,192786,42.2764099657872
94,Bah,MADHUSUDAN SHARMA,M,51,GEN,BSP,57211,216,57427,321295,192786,30.1340175891527
94,Bah,HANSKALI ALIAS ANSHU RANI NISHAD,F,39,GEN,SP,46695,190,46885,321295,192786,24.6022500682157
94,Bah,None of the Above,,,,NOTA,2213,1,2214,321295,192786,1.16176563188716
94,Bah,SUDHIR DUBEY,M,46,GEN,RLD,1664,1,1665,321295,192786,0.873685536175304
94,Bah,RAMENDRA SINGH,M,32,GEN,IND,1225,0,1225,321295,192786,0.642801670759608
94,Bah,RAMBARAN,M,48,GEN,IND,630,0,630,321295,192786,0.330583716390655
94,Bah,BRIJENDRA SINGH,M,61,SC,IND,513,0,513,321295,192786,0.269189597632391
94,Bah,MADHURI SINGH,F,31,GEN,BLSP,447,0,447,321295,192786,0.234557017820037
94,Bah,RAMAKANT SAVITA,M,28,GEN,IND,415,0,415,321295,192786,0.217765463971622
94,Bah,PRADEEP GARG,M,33,GEN,IND,181,1,182,321295,192786,0.095501962512856
94,Bah,SUNIL KUMAR,M,38,GEN,NINSHAD,177,0,177,321295,192786,0.0928782822240413
94,Bah,BASUDEV SHARMA,M,36,GEN,BSRD,154,0,154,321295,192786,0.0808093528954936
94,Bah,SOBARAN SINGH,M,40,SC,UNP,146,0,146,321295,192786,0.07661146443339
94,Bah,KARAN SINGH,M,42,GEN,IND,139,0,139,321295,192786,0.0729383120290494
95,Tundla ,SATYA PAL SINGH BAGHEL,M,56,SC,BJP,118386,198,118584,349702,243591,48.9591676644234
95,Tundla ,RAKESH BABU,M,57,SC,BSP,62339,175,62514,349702,243591,25.8098344411874
95,Tundla ,SHIV SINGH CHAK,M,53,SC,SP,54785,103,54888,349702,243591,22.66132694769
95,Tundla ,GANGA PRASHAD PUSHKAR,M,83,SC,RLD,2573,3,2576,349702,243591,1.06353990338962
95,Tundla ,None of the Above,,,,NOTA,1381,0,1381,349702,243591,0.570166384542339
95,Tundla ,SALONI,F,25,SC,IND,871,0,871,349702,243591,0.359605301184922
95,Tundla ,JITENDRA KUMAR,M,50,SC,BMUP,786,0,786,349702,243591,0.324511787292019
95,Tundla ,RAHUL KUMAR,M,40,SC,IND,671,0,671,349702,243591,0.277032327319268
95,Tundla ,RAMTIRATH,M,40,SC,IND,549,0,549,349702,243591,0.22666281326122
95,Tundla ,RAVENDRA SINGH,M,34,SC,IND,351,0,351,349702,243591,0.144915569134222
95,Tundla ,SAPANA VERMA,F,33,SC,ADRSP,224,0,224,349702,243591,0.0924817307295322
95,Tundla ,MAMTESH KUMAR,M,27,SC,IND,196,0,196,349702,243591,0.0809215143883407
96,Jasrana,RAMGOPAL PAPPU LODHI,M,47,GEN,BJP,103316,110,103426,340477,230392,45.2661893174139
96,Jasrana,SHIVPRATAP SINGH,M,53,GEN,SP,82886,212,83098,340477,230392,36.3692862519914
96,Jasrana,SHIVRAJ SINGH YADAV,M,70,GEN,BSP,26232,42,26274,340477,230392,11.4992734721031
96,Jasrana,RAMVEER SINGH,M,60,GEN,LD,11257,17,11274,340477,230392,4.93426235535092
96,Jasrana,None of the Above,,,,NOTA,1908,0,1908,340477,230392,0.835069414050874
96,Jasrana,RAVINDRA SINGH,M,40,GEN,IND,1111,0,1111,340477,230392,0.486248490047443
96,Jasrana,JAY KUMAR,M,39,GEN,JAM,1039,0,1039,340477,230392,0.454736436687033
96,Jasrana,RAMDAS SAVITA,M,52,GEN,IND,874,1,875,340477,230392,0.382958981810543
96,Jasrana,MITHLESH URF SANDHYA RAJPOOT,F,26,GEN,IND,477,0,477,340477,230392,0.208767353512719
96,Jasrana,VIJENDRA SINGH,M,39,GEN,BSRD,389,0,389,340477,230392,0.170252621627773
96,Jasrana,MUNENDRA SINGH,M,46,GEN,RSD,321,0,321,340477,230392,0.140491237898496
96,Jasrana,PRAMOD KUMAR YADAV,M,33,GEN,HDVP,200,0,200,340477,230392,0.0875334815566954
97,Firozabad,MANISH ASIJA,M,52,GEN,BJP,102457,197,102654,379172,232278,44.3675120585032
97,Firozabad,AZIM BHAI,M,51,GEN,SP,60838,89,60927,379172,232278,26.3329184170946
97,Firozabad,KHALID NASIR,M,45,GEN,BSP,51264,123,51387,379172,232278,22.2096882941756
97,Firozabad,AHTSHAM ALI (BABAR),M,34,GEN,AIMIM,11474,4,11478,379172,232278,4.96084227996473
97,Firozabad,AJAY KUMAR,M,42,GEN,JAM,1688,0,1688,379172,232278,0.729561053195719
97,Firozabad,None of the Above,,,,NOTA,906,0,906,379172,232278,0.391577200352679
97,Firozabad,AMIT GARG,M,34,GEN,IND,703,0,703,379172,232278,0.303839704026416
97,Firozabad,RAJKISHOR TIWARI,M,46,GEN,IND,502,0,502,379172,232278,0.216966616530954
97,Firozabad,SHOUKIN SINGH,M,46,GEN,BSRD,349,0,349,379172,232278,0.150839340974707
97,Firozabad,JAHANGIR KHAN ALVI,M,49,GEN,PECP,336,0,336,379172,232278,0.145220683574503
97,Firozabad,KAUSHAL KISHORE UPADHYAY,M,50,GEN,RSD,314,4,318,379172,232278,0.137441004097298
97,Firozabad,MO SHAHAJAD KHAN,M,46,GEN,IUML,270,0,270,379172,232278,0.116695192158083
97,Firozabad,RAMGOPAL,M,42,GEN,BLSP,237,0,237,379172,232278,0.102432446449873
97,Firozabad,BALVEER SINGH,M,38,SC,BKPP,217,1,218,379172,232278,0.0942205625572671
97,Firozabad,NITENDAR GUPTA,M,48,GEN,LD,187,0,187,379172,232278,0.0808222256798575
97,Firozabad,DEEPAK SHARMA,M,30,GEN,MNVP,118,0,118,379172,232278,0.0510001210172363
98,Shikohabad,MUKESH VERMA,M,48,GEN,BJP,87773,78,87851,324838,214721,41.2405349707306
98,Shikohabad,SANJAY KUMAR,M,43,GEN,SP,76948,126,77074,324838,214721,36.1814093446186
98,Shikohabad,SHAILESH KUMAR,M,47,GEN,BSP,37423,89,37512,324838,214721,17.6095314546453
98,Shikohabad,RAM PRAKASH YADAV (NEHRU JI),M,62,GEN,IND,8050,24,8074,324838,214721,3.79023664333563
98,Shikohabad,None of the Above,,,,NOTA,1700,0,1700,324838,214721,0.798043385393928
98,Shikohabad,ASHOK KUMAR,M,43,GEN,BSRD,608,0,608,324838,214721,0.285417869599711
98,Shikohabad,CHANDRA KANT,M,47,GEN,IND,485,0,485,324838,214721,0.227677083480032
98,Shikohabad,BHOOPENDRA,M,26,GEN,NINSHAD,387,0,387,324838,214721,0.1816722294985
98,Shikohabad,NEKPAL SINGH,M,28,GEN,IND,377,0,377,324838,214721,0.176977856643242
98,Shikohabad,TURSHAN PAL,M,58,GEN,BLSP,249,0,249,324838,214721,0.116889884095934
98,Shikohabad,DEVENDRA,M,29,GEN,JAM,247,0,247,324838,214721,0.115951009524883
98,Shikohabad,AVNISH KUMAR,M,26,SC,IND,157,0,157,324838,214721,0.0737016538275569
99,Sirsaganj,HARIOM YADAV,M,58,GEN,SP,90193,88,90281,305946,203075,44.7993529274574
99,Sirsaganj,JAIVEER SINGH,M,58,GEN,BJP,79528,77,79605,305946,203075,39.5016945956541
99,Sirsaganj,RAGHVENDRA SINGH,M,43,GEN,BSP,20876,44,20920,305946,203075,10.3809490728105
99,Sirsaganj,PANKAJ MISHRA,M,43,GEN,JAM,6169,7,6176,305946,203075,3.06466259434407
99,Sirsaganj,ASHOK YADAV,M,57,GEN,IND,2184,0,2184,305946,203075,1.08374726458022
99,Sirsaganj,None of the Above,,,,NOTA,1552,0,1552,305946,203075,0.770135418785945
99,Sirsaganj,DURBEEN SINGH,M,48,GEN,BSCP,785,0,785,305946,203075,0.389533700867891
99,Sirsaganj,BRAJESH KUMAR,M,44,GEN,IND,549,0,549,305946,203075,0.272425479970028
99,Sirsaganj,SANTOSH KUMAR,M,34,GEN,IND,529,0,529,305946,203075,0.262501054470209
99,Sirsaganj,SANTOSH KUMAR,M,38,GEN,BSRD,299,0,299,305946,203075,0.148370161222292
99,Sirsaganj,ATISH KUMAR,M,47,GEN,IND,195,0,195,305946,203075,0.0967631486232341
100,Kasganj,DEVENDRA SINGH RAJPUT,M,45,GEN,BJP,101540,368,101908,345711,220120,46.7259980650811
100,Kasganj,HASRAT ULLAH SHERVANI,M,57,GEN,SP,49640,238,49878,345711,220120,22.8696405727727
100,Kasganj,AJAY CHATURVEDI,M,61,GEN,BSP,37636,182,37818,345711,220120,17.3399909214707
100,Kasganj,SUDHIR ALIAS PAPPU YADAV,M,48,GEN,MD,22203,47,22250,345711,220120,10.2018826485463
100,Kasganj,KULDEEP KUMAR,M,35,GEN,RSHP,2797,6,2803,345711,220120,1.28520795792698
100,Kasganj,None of the Above,,,,NOTA,2021,2,2023,345711,220120,0.92756892575322
100,Kasganj,PREETI MISHRA,F,34,GEN,IND,966,1,967,345711,220120,0.443380697579517
100,Kasganj,ANIL KUMAR,M,27,GEN,IND,746,0,746,345711,220120,0.342049638463619
100,Kasganj,ARCHANA DEVI,F,43,GEN,IND,685,0,685,345711,220120,0.314080432101313
100,Kasganj,PADAM SINGH,M,41,GEN,IND,562,0,562,345711,220120,0.257683507796989
100,Kasganj,NARENDRA KUMAR,M,28,GEN,IND,478,2,480,345711,220120,0.220085558260774
101,Amanpur,DEVENDRA PRATAP,M,55,GEN,BJP,85071,128,85199,292812,183778,46.6751764035588
101,Amanpur,VIRENDRA SINGH SOLANKI,M,67,GEN,SP,43251,144,43395,292812,183778,23.7733926458342
101,Amanpur,DEV PRAKASH,M,32,GEN,BSP,33083,83,33166,292812,183778,18.1695665512556
101,Amanpur,RAHUL PANDAY,M,33,GEN,MD,16937,30,16967,292812,183778,9.29515273699435
101,Amanpur,None of the Above,,,,NOTA,1241,1,1242,292812,183778,0.680413726607354
101,Amanpur,SALIKRAM,M,64,GEN,CPM,885,0,885,292812,183778,0.484835867993163
101,Amanpur,DHIRENDRA SINGH,M,36,GEN,JANADIP,767,0,767,292812,183778,0.420191085594075
101,Amanpur,MUNNALAL,M,33,SC,IND,763,0,763,292812,183778,0.417999737038173
101,Amanpur,ARUN,M,34,GEN,IND,546,0,546,292812,183778,0.299119077880528
101,Amanpur,DUSHYANT KUMAR,M,27,GEN,SHS,529,0,529,292812,183778,0.289805846517947
101,Amanpur,CHANDRASHEKHAR MISHRA,M,36,GEN,MHP,319,0,319,292812,183778,0.174760047333129
102,Patiyali,MAMTESH,M,44,GEN,BJP,72340,74,72414,328107,202823,35.9790725752359
102,Patiyali,KIRAN YADAV,F,44,GEN,SP,68558,85,68643,328107,202823,34.1054420247731
102,Patiyali,DHEERENDRA BAHADUR SINGH CHAUHAN    DHEERU,M,40,GEN,BSP,44099,32,44131,328107,202823,21.9265950205448
102,Patiyali,SHYAMSUNDAR,M,48,GEN,MD,10579,7,10586,328107,202823,5.25967992765828
102,Patiyali,None of the Above,,,,NOTA,1556,0,1556,328107,202823,0.773102396319317
102,Patiyali,SHRIKUMAR,M,59,GEN,IND,1020,0,1020,328107,202823,0.506789488589784
102,Patiyali,ASHOK KUMAR MISHRA,M,52,GEN,IND,975,0,975,328107,202823,0.484431128799058
102,Patiyali,POORAN SINGH,M,35,GEN,MHP,921,0,921,328107,202823,0.457601097050187
102,Patiyali,VINAY MISHRA,F,51,GEN,BSCP,799,0,799,328107,202823,0.396985099395331
102,Patiyali,VIPIN KUMAR,M,40,GEN,IND,743,0,743,328107,202823,0.369161362766872
102,Patiyali,RAHUL,M,32,GEN,IND,389,0,389,328107,202823,0.193275599079829
102,Patiyali,MOHAR SINGH,M,60,SC,UPRP,324,0,324,328107,202823,0.160980190493225
102,Patiyali,DAVENDRA SINGH,M,30,GEN,IND,322,0,322,328107,202823,0.159986485613638
103,Aliganj,SATYAPAL SINGH RATHAUR,M,59,GEN,BJP,88518,177,88695,333944,216594,41.2492675168122
103,Aliganj,RAMESHWAR SINGH YADAV,M,65,GEN,SP,74622,222,74844,333944,216594,34.8076010826799
103,Aliganj,AWADHPAL SINGH YADAV,M,56,GEN,BSP,46145,130,46275,333944,216594,21.5210536596255
103,Aliganj,None of the Above,,,,NOTA,1572,0,1572,333944,216594,0.731087981694896
103,Aliganj,HARVESH,M,37,GEN,IND,1305,0,1305,333944,216594,0.606914641292519
103,Aliganj,RAM KISHORE,M,50,GEN,MD,1070,0,1070,333944,216594,0.497623498990801
103,Aliganj,SUKHVIR,M,31,GEN,IND,998,0,998,333944,216594,0.464138553264317
103,Aliganj,MUKESH,M,33,GEN,IND,604,0,604,333944,216594,0.280901489149947
103,Aliganj,RAM BRIJESH,M,50,GEN,IND,305,0,305,333944,216594,0.141845950646911
103,Aliganj,PHOOL SINGH,M,33,GEN,IND,265,0,265,333944,216594,0.123243203021086
103,Aliganj,OMPAL SINGH YADAV,M,42,GEN,IND,186,0,186,333944,216594,0.0865027764600832
103,Aliganj,RAGHVEDRA SINGH,M,36,GEN,IND,169,0,169,333944,216594,0.0785966087191078
103,Aliganj,DILIP KUMAR,M,48,GEN,IND,124,0,124,333944,216594,0.0576685176400554
103,Aliganj,GURUDEV SINGH,M,41,GEN,IND,100,0,100,333944,216594,0.0465068690645608
103,Aliganj,KAMLESH MISHRA,M,50,GEN,IND,82,0,82,333944,216594,0.0381356326329399
104,Etah,VIPIN KUMAR DAVID,M,46,GEN,BJP,82018,498,82516,317254,201649,41.1814025911804
104,Etah,JUGENDRA SINGH YADAV,M,47,GEN,SP,61025,362,61387,317254,201649,30.636516080091
104,Etah,GAJENDRA SINGH CHAUHAN URF BABLOO,M,47,GEN,BSP,41557,380,41937,317254,201649,20.9295709979438
104,Etah,ASHISH KUMAR YADAV,M,32,GEN,LD,10980,52,11032,317254,201649,5.50575928772483
104,Etah,None of the Above,,,,NOTA,1269,8,1277,317254,201649,0.637314594853572
104,Etah,RAJARAM,M,49,GEN,CPM,918,2,920,317254,201649,0.459145988461462
104,Etah,SUNEET CHAUHAN,M,27,GEN,IND,679,0,679,317254,201649,0.338869702353622
104,Etah,SUKHVENDRA SINGH,M,28,GEN,IND,463,0,463,317254,201649,0.231070209410496
104,Etah,RAJESH KUMAR,M,27,GEN,IND,359,2,361,317254,201649,0.180164893298465
104,Etah,YOGENDRAPAL SINGH,M,46,GEN,IND,332,1,333,317254,201649,0.166190884953986
104,Etah,PRADEEP KUMAR,M,28,GEN,JANADIP,274,0,274,317254,201649,0.136745653085261
104,Etah,MANOJ KUMAR,M,48,GEN,IND,217,1,218,317254,201649,0.108797636396303
104,Etah,RAJESH KUMAR,M,39,GEN,VPI,126,1,127,317254,201649,0.0633821092767453
104,Etah,OMENDRA SINGH,M,46,GEN,IND,125,0,125,317254,201649,0.0623839658235682
105,Marhara,VIRENDRA,M,46,GEN,BJP,92267,240,92507,296197,191339,48.6909699559972
105,Marhara,AMIT GAURAV,M,41,GEN,SP,58770,305,59075,296197,191339,31.094069099101
105,Marhara,SHALABH MAHESHWARI,M,42,GEN,BSP,31827,139,31966,296197,191339,16.8252731751479
105,Marhara,KAILASH LODHI,M,34,GEN,JAM,2166,2,2168,296197,191339,1.1411247026128
105,Marhara,HARENDRA KUMAR,M,26,GEN,IND,1496,0,1496,296197,191339,0.787418152725435
105,Marhara,None of the Above,,,,NOTA,1350,1,1351,296197,191339,0.711097543002716
105,Marhara,RANJIT,M,51,GEN,LD,1159,0,1159,296197,191339,0.610038528749184
105,Marhara,SHIVA RAJPUT,M,31,GEN,IND,500,0,500,296197,191339,0.263174516285239
105,Marhara,RAM NIVAS,M,49,GEN,VPI,419,0,419,296197,191339,0.22054024464703
105,Marhara,BHU DEVI,F,54,GEN,IND,369,0,369,296197,191339,0.194222793018506
105,Marhara,VIDHYARAM,M,68,GEN,BSRD,328,1,329,296197,191339,0.173168831715687
106,Jalesar ,SANJEEV KUMAR DIWAKAR,M,38,SC,BJP,81262,240,81502,280441,184640,44.4268800558184
106,Jalesar ,RANJEET SUMAN,M,42,SC,SP,61446,248,61694,280441,184640,33.6295052656826
106,Jalesar ,MOHAN SINGH HAPPY,M,34,SC,BSP,35665,152,35817,280441,184640,19.5239081612629
106,Jalesar ,RAJKUMARI,F,48,SC,RTKP,2374,1,2375,280441,184640,1.29461657545298
106,Jalesar ,None of the Above,,,,NOTA,1188,0,1188,280441,184640,0.64758083858448
106,Jalesar ,RAMDAS DAGA,M,61,SC,IND,597,0,597,280441,184640,0.325425724440181
106,Jalesar ,SURESH,M,42,SC,IND,489,0,489,280441,184640,0.266554739114319
106,Jalesar ,DHARMENDRA PAL SINGH,M,34,SC,IND,384,1,385,280441,184640,0.209864160652378
106,Jalesar ,GEETA DEVI,F,30,SC,IND,326,0,326,280441,184640,0.177703159409546
106,Jalesar ,JAYPAL,M,48,SC,IND,267,0,267,280441,184640,0.145542158166714
107,Mainpuri,RAJKUMAR ALIAS RAJU YADAV,M,47,GEN,SP,75387,400,75787,326542,196813,38.7348202968475
107,Mainpuri,ASHOK KUMAR,M,58,GEN,BJP,66610,346,66956,326542,196813,34.2212863392894
107,Mainpuri,MAHARAJ SINGH,M,56,GEN,BSP,47967,347,48314,326542,196813,24.6933393302531
107,Mainpuri,SATYENDRA SINGH,M,36,GEN,MHP,1257,0,1257,326542,196813,0.642454103119761
107,Mainpuri,None of the Above,,,,NOTA,1155,2,1157,326542,196813,0.591343991495277
107,Mainpuri,VINAY,M,47,GEN,JAM,682,2,684,326542,196813,0.349593163511469
107,Mainpuri,PRADEEP KUMAR,M,45,GEN,RLD,636,0,636,326542,196813,0.325060309931717
107,Mainpuri,RAMNARESH,M,57,GEN,BSRD,595,0,595,326542,196813,0.304105164165679
107,Mainpuri,SURJEET SINGH,M,42,GEN,IND,365,0,365,326542,196813,0.186551907429366
107,Mainpuri,SURESH,M,66,GEN,IND,339,0,339,326542,196813,0.173263278407
107,Mainpuri,SANJEEV KUMAR,M,33,GEN,IND,284,0,284,326542,196813,0.145152717013534
107,Mainpuri,MAHARAJ SINGH,M,49,GEN,IND,266,0,266,326542,196813,0.135952896921127
107,Mainpuri,PAL SINGH,M,60,GEN,IND,172,1,173,326542,196813,0.0884204931103569
108,Bhongaon,RAM NARESH AGNIHOTRI,M,60,GEN,BJP,92431,266,92697,331050,195746,47.6581458479003
108,Bhongaon,ALOK KUMAR,M,44,GEN,SP,72004,396,72400,331050,195746,37.2228848764036
108,Bhongaon,SURENDRA SINGH,M,42,GEN,BSP,25872,169,26041,331050,195746,13.3884136058899
108,Bhongaon,None of the Above,,,,NOTA,1239,3,1242,331050,195746,0.638547279233332
108,Bhongaon,CHAKRAPAN,M,38,GEN,BAVAP,806,2,808,331050,195746,0.41541562127257
108,Bhongaon,SANDEEP KUMAR,M,28,GEN,IND,696,0,696,331050,195746,0.357833257927858
108,Bhongaon,AJAY KUMAR,M,27,GEN,VPI,522,0,522,331050,195746,0.268374943445893
108,Bhongaon,PUSHPENDRA KUMAR,M,28,GEN,BSRD,409,2,411,331050,195746,0.21130670834533
108,Bhongaon,SUNIL KUMAR,M,44,GEN,IND,397,1,398,331050,195746,0.20462304117139
108,Bhongaon,HARIRAM SHAKYA,M,79,GEN,RTKP,306,2,308,331050,195746,0.15835149919796
108,Bhongaon,ARVIND SINGH,M,62,GEN,IND,223,0,223,331050,195746,0.114650598445276
109,Kishani (SC),BRAJESH KUMAR,M,46,SC,SP,80164,311,80475,298559,179515,45.0979293339685
109,Kishani (SC),SUNIL KUMAR,M,51,SC,BJP,63802,144,63946,298559,179515,35.8351312729412
109,Kishani (SC),KAMLESH KUMARI,F,55,SC,BSP,27740,118,27858,298559,179515,15.6115329653395
109,Kishani (SC),SUMAN DIWAKAR,F,57,SC,JAM,2721,3,2724,298559,179515,1.52652077670991
109,Kishani (SC),None of the Above,,,,NOTA,1069,1,1070,298559,179515,0.599624534170192
109,Kishani (SC),GRISH KUMAR,M,44,SC,RLD,919,1,920,298559,179515,0.515565020034184
109,Kishani (SC),NETRAPAL,M,44,SC,BSRD,800,0,800,298559,179515,0.448317408725378
109,Kishani (SC),NATHOO RAM,M,60,SC,IND,442,0,442,298559,179515,0.247695368320771
109,Kishani (SC),LEENA SINGH,F,43,SC,IND,377,0,377,298559,179515,0.211269578861834
109,Kishani (SC),ASHISH NIGAM,M,26,SC,IND,363,0,363,298559,179515,0.20342402420914
109,Kishani (SC),AKHILESH,M,41,SC,IND,285,1,286,298559,179515,0.160273473619322
109,Kishani (SC),MEERA,F,42,SC,FJP,253,1,254,298559,179515,0.142340777270307
110,Karhal,SOBARAN SINGH YADAV,M,60,GEN,SP,103901,320,104221,355392,210268,49.8059774245654
110,Karhal,RAMA SHAKYA,F,47,GEN,BJP,65713,103,65816,355392,210268,31.4526842975523
110,Karhal,DALVIR,M,42,GEN,BSP,29586,90,29676,355392,210268,14.1818077551684
110,Karhal,KAUSHAL YADAV,M,40,GEN,RLD,4668,15,4683,355392,210268,2.23795005113403
110,Karhal,LAL KUMAR,M,42,GEN,RKMP,1712,1,1713,355392,210268,0.818622344136791
110,Karhal,None of the Above,,,,NOTA,1012,2,1014,355392,210268,0.484578550469764
110,Karhal,RANVIJAY SINGH,M,62,GEN,BSRD,776,0,776,355392,210268,0.370841178663251
110,Karhal,PANNALAL,M,40,GEN,IND,720,0,720,355392,210268,0.344079444120542
110,Karhal,VINAY,M,30,GEN,IND,670,0,670,355392,210268,0.320185038278838
110,Karhal,SUNIL,M,42,GEN,IND,531,0,531,355392,210268,0.2537585900389
110,Karhal,RAMPRAKASH,M,40,SC,IND,448,0,448,355392,210268,0.214093876341671
111,Gunnaur,AJEET KUMAR URF RAJU YADAV,M,41,GEN,BJP,107216,128,107344,372513,227731,47.6889449647255
111,Gunnaur,RAM KHILADI SINGH,M,55,GEN,SP,95639,319,95958,372513,227731,42.6305688340767
111,Gunnaur,MOHAMMAD ISLAM KHAN,M,53,GEN,BSP,16035,17,16052,372513,227731,7.13130631030867
111,Gunnaur,None of the Above,,,,NOTA,2638,1,2639,372513,227731,1.17240950366961
111,Gunnaur,AJEET,M,41,GEN,IND,1292,0,1292,372513,227731,0.573987525100848
111,Gunnaur,KUNWARPAL,M,54,GEN,BSRD,1219,0,1219,372513,227731,0.541556341407069
111,Gunnaur,SURESH CHANDRA,M,45,GEN,IND,1062,0,1062,372513,227731,0.471807083325929
111,Gunnaur,ATUL KUMAR,M,39,GEN,IND,875,0,875,372513,227731,0.388729941535017
111,Gunnaur,HARISINGH,M,63,GEN,AIFB,697,0,697,372513,227731,0.309651164857036
111,Gunnaur,BHADUR SINGH YADAV,M,71,GEN,SSAD,593,0,593,372513,227731,0.26344783466316
112,Bisauli ,KUSHAGRA SAGAR,M,25,SC,BJP,100077,210,100287,387666,228995,44.2469325356382
112,Bisauli ,ASHUTOSH MAURYA ALIAS RAJU,M,40,SC,SP,89313,286,89599,387666,228995,39.5313540963499
112,Bisauli ,MAJOR KAILASH SAGAR,M,43,SC,BSP,32317,81,32398,387666,228995,14.2940971440925
112,Bisauli ,None of the Above,,,,NOTA,2341,1,2342,387666,228995,1.03329759588446
112,Bisauli ,JAGVEER,M,49,SC,PPS,1508,0,1508,387666,228995,0.665334233387601
112,Bisauli ,HARI PRAKASH ARYA,M,33,SC,SSAD,1187,0,1187,387666,228995,0.52370804710284
112,Bisauli ,SURENDRA,M,50,SC,IND,1042,0,1042,387666,228995,0.459733601584801
112,Bisauli ,KM.YASHODA,F,25,SC,JAM,632,0,632,387666,228995,0.278840341844141
113,Sahaswan,OMKAR SINGH,M,66,GEN,SP,77285,258,77543,398634,240800,32.595061749153
113,Sahaswan,ARSHAD ALI,M,46,GEN,BSP,73170,104,73274,398634,240800,30.8005952130745
113,Sahaswan,UMLESH YADAV,F,59,GEN,RPD,57477,45,57522,398634,240800,24.1792701073569
113,Sahaswan,ASHTOSH VARSHNEY,M,38,GEN,BJP,24113,39,24152,398634,240800,10.1522501240027
113,Sahaswan,None of the Above,,,,NOTA,2902,0,2902,398634,240800,1.21985052417423
113,Sahaswan,ANIL KUMAR,M,41,GEN,RLD,2117,0,2117,398634,240800,0.88987717425115
113,Sahaswan,RAJPAL SINGH,M,64,GEN,BSRD,2048,0,2048,398634,240800,0.860873147315236
113,Sahaswan,RIYASAT KHAN,M,60,GEN,BBPP,1242,0,1242,398634,240800,0.522072484846447
114,Bilsi,PT. RADHA KRISHAN SHARMA,M,50,GEN,BJP,81870,200,82070,334037,196030,42.2823286965482
114,Bilsi,MUSARRAT ALI BITTAN,M,45,GEN,BSP,54972,119,55091,334037,196030,28.3827923750644
114,Bilsi,VIMAL KRISHAN AGARWAL ALIAS PAPPI,M,57,GEN,SP,50635,213,50848,334037,196030,26.1968057702215
114,Bilsi,None of the Above,,,,NOTA,1930,0,1930,334037,196030,0.994332818134982
114,Bilsi,RIZWAN ALI,M,40,GEN,JAM,1844,2,1846,334037,196030,0.951056156620299
114,Bilsi,SATPAL SINGH,M,43,GEN,IND,1285,0,1285,334037,196030,0.662029881504379
114,Bilsi,ARVIND SINGH,M,44,GEN,RSHP,672,0,672,334037,196030,0.346213292117465
114,Bilsi,RAJENDRA SINGH,M,47,GEN,IND,623,0,623,334037,196030,0.320968572900567
114,Bilsi,FAKIR CHANDRA MAURYA,M,60,GEN,IND,540,0,540,334037,196030,0.278207109737249
114,Bilsi,CHANDRABHAN SINGH,M,49,GEN,IND,413,0,413,334037,196030,0.212776919113859
114,Bilsi,FAQRUDDEN,M,40,GEN,IND,376,2,378,334037,196030,0.194744976816074
114,Bilsi,PAWAN GULATI,M,49,GEN,IND,333,1,334,334037,196030,0.172076249356002
115,Badaun,MAHESH CHANDRA GUPTA,M,59,GEN,BJP,86933,381,87314,353550,212745,41.3348103542957
115,Badaun,ABID RAZA KHAN,M,44,GEN,SP,70639,208,70847,353550,212745,33.5392641405821
115,Badaun,BHUPENDRA SINGH,M,61,GEN,BSP,32422,219,32641,353550,212745,15.4523850101308
115,Badaun,RAMSEWAK SINGH PATEL,M,62,GEN,SHS,14484,92,14576,353550,212745,6.90033895737469
115,Badaun,None of the Above,,,,NOTA,1506,3,1509,353550,212745,0.714366869283645
115,Badaun,SATISH CHANDRA,M,52,GEN,IND,1127,0,1127,353550,212745,0.533526482228408
115,Badaun,KHALID PERVAIZ,M,59,GEN,AIMIM,883,0,883,353550,212745,0.418015868507262
115,Badaun,HARINDRA SINGH YADAV,M,61,GEN,IND,847,1,848,353550,212745,0.401446723096442
115,Badaun,AMARJEET SINGH,M,29,GEN,BHABHAPA,699,0,699,353550,212745,0.330909504061808
115,Badaun,SACHIN PATHAK,M,25,GEN,PPS,618,1,619,353550,212745,0.293037171694219
115,Badaun,MUZAFFAR ALI KHAN,M,39,GEN,IND,490,0,490,353550,212745,0.231968035751482
115,Badaun,ABINAV RAJ,M,27,GEN,IND,421,0,421,353550,212745,0.199303149084436
115,Badaun,ARUN PRAKASH GUPTA,M,36,GEN,IND,273,0,273,353550,212745,0.129239334204397
115,Badaun,MAHESH KUMAR SHRIVASTAVA,M,42,GEN,KAJP,256,2,258,353550,212745,0.122138271885474
115,Badaun,KRISHAN PAL,M,61,GEN,BSRD,240,0,240,353550,212745,0.113616997102767
116,Shekhupur,DHARMENDRA KUMAR SINGH SHAKYA,M,41,GEN,BJP,93473,229,93702,377662,235906,40.0418785521986
116,Shekhupur,ASHISH YADAV,M,40,GEN,SP,70037,279,70316,377662,235906,30.048288534678
116,Shekhupur,MOHD. RIZWAN,M,42,GEN,BSP,64113,214,64327,377662,235906,27.4889961967437
116,Shekhupur,None of the Above,,,,NOTA,1896,0,1896,377662,235906,0.810221785393787
116,Shekhupur,KM. SARVESHA DEVI,F,31,SC,IND,1619,0,1619,377662,235906,0.69185077560788
116,Shekhupur,RAJENDRA,M,38,GEN,BSRD,1100,1,1101,377662,235906,0.470492713986582
116,Shekhupur,KAMTA PRASAD,M,38,GEN,MD,921,1,922,377662,235906,0.394000256399299
116,Shekhupur,ANESH PAL,M,36,GEN,PECP,899,0,899,377662,235906,0.384171616597581
116,Shekhupur,PRITI KASHYAP,F,26,GEN,RMEP,657,0,657,377662,235906,0.280757232596898
116,Shekhupur,BANDEHASAN,M,44,GEN,IEMC,465,2,467,377662,235906,0.199564121191402
117,Dataganj,RAJEEV KUMAR SINGH URF BABBU BHAIYA,M,53,GEN,BJP,78991,119,79110,389734,224822,35.4990554226815
117,Dataganj,SINOD KUMAR SHAKYA (DEEPU BHAIYA),M,40,GEN,BSP,53199,152,53351,389734,224822,23.9402111724874
117,Dataganj,CAPTAIN ARJUN SINGH,M,31,GEN,LD,38968,61,39029,389734,224822,17.5134955643008
117,Dataganj,PREM PAL SINGH YADAV,M,61,GEN,INC,32105,138,32243,389734,224822,14.4684116292949
117,Dataganj,DR SHAILESH PATHAK,M,56,GEN,PECP,11033,31,11064,389734,224822,4.96475223355516
117,Dataganj,None of the Above,,,,NOTA,1969,2,1971,389734,224822,0.884447455923465
117,Dataganj,JITENDRA SINGH YADAV,M,37,GEN,RLD,1898,0,1898,389734,224822,0.851690142741114
117,Dataganj,MAN SINGH,M,64,GEN,DESP,1195,0,1195,389734,224822,0.536232729491903
117,Dataganj,RAJVEER SHARMA,M,35,GEN,BSRD,1180,1,1181,389734,224822,0.529950505045972
117,Dataganj,RAJENDRA SINGH,M,54,GEN,IND,1135,1,1136,389734,224822,0.509757640755482
117,Dataganj,DR AJEET SINGH,M,32,GEN,IND,994,1,995,389734,224822,0.446486665978614
117,Dataganj,VED BABU,M,46,GEN,JASSP,903,0,903,389734,224822,0.405203476762501
117,Dataganj,RAJKUMAR,M,39,GEN,BHABHAPA,746,0,746,389734,224822,0.334752816904569
118,Baheri,CHHATRA PAL SINGH,M,54,GEN,BJP,108606,240,108846,344388,247785,44.1913717083628
118,Baheri,NASEEM AHMAD,M,50,GEN,BSP,65945,64,66009,344388,247785,26.7995907529658
118,Baheri,ATA UR REHMAN,M,49,GEN,SP,63682,159,63841,344388,247785,25.9193848302518
118,Baheri,UBAID ULLAH KHAN,M,56,GEN,MD,2657,1,2658,344388,247785,1.07914545321673
118,Baheri,None of the Above,,,,NOTA,1478,1,1479,344388,247785,0.600472582884704
118,Baheri,SATISH CHANDRA,M,50,GEN,IND,977,0,977,344388,247785,0.396661063879889
118,Baheri,MANJOOR AHMED,M,52,GEN,IND,836,0,836,344388,247785,0.33941519898013
118,Baheri,RAKESH KUMAR,M,47,GEN,RKMP,718,0,718,344388,247785,0.291507312042744
118,Baheri,PRIYAVAN GANGWAR,M,27,GEN,RLD,618,0,618,344388,247785,0.250907407858517
118,Baheri,FAUZUL,F,46,GEN,IND,404,0,404,344388,247785,0.164023612904274
118,Baheri,SMT ANUPAMA MAURYA,F,48,GEN,JAM,334,1,335,344388,247785,0.136009679017158
118,Baheri,DHARAM PAL,M,46,GEN,BSRD,327,0,327,344388,247785,0.132761686682419
118,Baheri,CHINTA MANI,M,50,GEN,IND,316,0,316,344388,247785,0.128295697222155
118,Baheri,JAMEER AHMAD,M,41,GEN,JSEP,226,0,226,344388,247785,0.091755783456351
118,Baheri,DUSHYANT KUMAR,M,42,GEN,IND,195,0,195,344388,247785,0.0791698131592409
119,Meerganj,DR. D.C. VERMA,M,50,GEN,BJP,108572,217,108789,324812,210276,52.1702225611072
119,Meerganj,SULTAN BEG,M,60,GEN,BSP,54196,93,54289,324812,210276,26.0345183117774
119,Meerganj,NARENDRA PAL SINGH,M,69,GEN,INC,36807,131,36938,324812,210276,17.7137732763623
119,Meerganj,BHANU PRATAP SINGH,M,36,GEN,MD,2262,5,2267,324812,210276,1.08714938593084
119,Meerganj,None of the Above,,,,NOTA,1747,2,1749,324812,210276,0.838740307010603
119,Meerganj,SHAKEEL AHMAD,M,62,GEN,PECP,1696,0,1696,324812,210276,0.813323934070888
119,Meerganj,GANGA SINGH VERMA,M,39,GEN,RLD,1253,2,1255,324812,210276,0.6018405290442
119,Meerganj,CHAMPAT RAM,M,52,GEN,BSRD,1125,0,1125,324812,210276,0.539498482210937
119,Meerganj,LAIK AHMAD MANSURI,M,50,GEN,BHIP,745,1,746,324812,210276,0.357747437981652
119,Meerganj,AMIT SINGH,M,39,GEN,IND,715,0,715,324812,210276,0.342881257582951
119,Meerganj,CHANDRA BHOJ PATHAK,M,48,GEN,IND,707,0,707,324812,210276,0.339044823931673
120,Bhojipura,BAHORAN LAL MAURYA,M,64,GEN,BJP,100166,215,100381,347115,238631,42.3784555110863
120,Bhojipura,SHAZIL ISLAM ANSARI,M,42,GEN,SP,72456,161,72617,347115,238631,30.6571592616985
120,Bhojipura,SULEMAN BEG,M,55,GEN,BSP,49755,127,49882,347115,238631,21.0589864397048
120,Bhojipura,SHER ALI ZAFRI,M,46,GEN,IEMC,6489,5,6494,347115,238631,2.74161136160224
120,Bhojipura,None of the Above,,,,NOTA,1761,2,1763,347115,238631,0.744296401371228
120,Bhojipura,GAJENDER KUMAR,M,47,GEN,RLD,1387,1,1388,347115,238631,0.585980377256531
120,Bhojipura,MAHESH CHANDRA,M,30,GEN,SARSAMP,1159,0,1159,347115,238631,0.48930205853049
120,Bhojipura,MUNENDRA KUMAR,M,26,GEN,IND,1156,1,1157,347115,238631,0.488457706401878
120,Bhojipura,ANEES KHAN,M,28,GEN,IND,1093,0,1093,347115,238631,0.461438438286303
120,Bhojipura,DORI LAL KASHYAP,M,31,GEN,JSEP,911,0,911,347115,238631,0.384602394582637
120,Bhojipura,NOOR JAHAN JAFRI,F,42,GEN,IND,609,0,609,347115,238631,0.257105223162268
120,Bhojipura,DEVDATT GANGWAR,M,46,GEN,IND,602,0,602,347115,238631,0.254149990712127
120,Bhojipura,RAJENDRA PAL,M,39,GEN,BSRD,575,0,575,347115,238631,0.242751236975868
121,Nawabganj,KESAR SINGH,M,60,GEN,BJP,93554,157,93711,315060,215339,43.8970577902276
121,Nawabganj,BHAGWAT SARAN GANGWAR,M,60,GEN,SP,54407,162,54569,315060,215339,25.5617648574333
121,Nawabganj,SHAILA TAHIR,F,54,GEN,IEMC,36730,31,36761,315060,215339,17.2199607455534
121,Nawabganj,VIRENDERA SINGH GANGWAR,M,60,GEN,BSP,18871,77,18948,315060,215339,8.87581448292338
121,Nawabganj,None of the Above,,,,NOTA,1860,0,1860,315060,215339,0.871280079071009
121,Nawabganj,MOHD. ASLAM,M,33,GEN,RLD,1782,1,1783,315060,215339,0.83521095751807
121,Nawabganj,RASHMI GANGWAR,F,58,GEN,IND,1264,0,1264,315060,215339,0.592095709648256
121,Nawabganj,RATAN LAL,M,66,GEN,BSRD,1260,0,1260,315060,215339,0.590221989048103
121,Nawabganj,MASTER CHHOTEY LAL GANGWAR,M,69,GEN,PECP,1225,2,1227,315060,215339,0.574763794096843
121,Nawabganj,MOHD. TAHIR,M,55,GEN,IND,1071,0,1071,315060,215339,0.501688690690888
121,Nawabganj,PRAHLAD RAM,M,70,GEN,SKLP,1041,0,1041,315060,215339,0.487635786189742
121,Nawabganj,TASABBAR HUSAIN,M,47,GEN,IND,986,0,986,315060,215339,0.461872127937643
121,Nawabganj,NAIM AHMAD,M,43,GEN,IND,858,0,858,315060,215339,0.401913068732756
122,Faridpur,DR. SHYAM BIHARI LAL,M,47,SC,BJP,83551,105,83656,307012,190209,44.4085827432078
122,Faridpur,DR. SIYA RAM SAGAR,M,74,SC,SP,58732,203,58935,307012,190209,31.2855004299865
122,Faridpur,VIJAY PAL SINGH,M,52,SC,BSP,37587,93,37680,307012,190209,20.0023357292253
122,Faridpur,POONAM SEN,F,45,SC,RLD,3072,3,3075,307012,190209,1.63235621994076
122,Faridpur,SHALINI SINGH,F,36,SC,IND,1927,0,1927,307012,190209,1.02294323116287
122,Faridpur,None of the Above,,,,NOTA,1831,0,1831,307012,190209,0.971981866247651
122,Faridpur,VIJENDRA PAL,M,54,SC,LD,1208,0,1208,307012,190209,0.641263841849898
122,Faridpur,ULFAT SINGH KATHERIYA,M,55,SC,JASSP,990,0,990,307012,190209,0.525539075688244
122,Faridpur,DAULAT RAM,M,47,SC,PECP,907,0,907,307012,190209,0.481478728938623
123,Bithari Chainpur,RAJESH KUMAR MISHRA,M,47,GEN,BJP,96275,122,96397,362526,234958,41.4948065309004
123,Bithari Chainpur,VEER PAL SINGH YADAV,M,61,GEN,SP,76685,201,76886,362526,234958,33.0961512799652
123,Bithari Chainpur,VIRENDRA SINGH,M,57,GEN,BSP,53114,172,53286,362526,234958,22.9373555277193
123,Bithari Chainpur,None of the Above,,,,NOTA,2645,2,2647,362526,234958,1.13942086255063
123,Bithari Chainpur,MOHD SHAREEF,M,46,GEN,RLD,1102,0,1102,362526,234958,0.474364106736229
123,Bithari Chainpur,BHUVNESHWAR SINGH,M,42,GEN,IEMC,1053,2,1055,362526,234958,0.454132606721163
123,Bithari Chainpur,SEEMA SRIVASTAVA,F,34,GEN,PPS,995,0,995,362526,234958,0.428305159893419
123,Bithari Chainpur,DHARMENDRA SINGH,M,43,GEN,IND,844,0,844,362526,234958,0.36330608537693
123,Bithari Chainpur,HASRAT ALI,M,44,GEN,PECP,827,0,827,362526,234958,0.355988308775736
123,Bithari Chainpur,MOHD HASAN,M,32,GEN,BHIP,470,0,470,362526,234958,0.20231500015066
123,Bithari Chainpur,RITIK,M,34,GEN,LPSP,449,0,449,362526,234958,0.19327539376095
124,Bareilly,DR. ARUN KUMAR,M,66,GEN,BJP,114789,481,115270,416136,224378,51.7019434763692
124,Bareilly,PREM PRAKASH AGARWAL,M,59,GEN,INC,86446,113,86559,416136,224378,38.8242259509937
124,Bareilly,ER. ANEES AHAMAD KHAN,M,59,GEN,BSP,14423,173,14596,416136,224378,6.54672999896838
124,Bareilly,TARKESHWAR CHATURVEDI,M,43,GEN,CPI,1755,0,1755,416136,224378,0.78716848096667
124,Bareilly,None of the Above,,,,NOTA,1424,3,1427,416136,224378,0.640050952899965
124,Bareilly,AQEEL AHMAD KHAN,M,35,GEN,PECP,1073,0,1073,416136,224378,0.481271669559679
124,Bareilly,SYED RASHID ALI,M,39,GEN,IND,802,0,802,416136,224378,0.359720297285054
124,Bareilly,IQTAIDAR UDDIN,M,45,GEN,RLD,644,0,644,416136,224378,0.288852707545604
124,Bareilly,MADHVI SAHU,F,30,GEN,IND,591,1,592,416136,224378,0.265529196998444
124,Bareilly,RANJIT,M,29,GEN,IND,515,0,515,416136,224378,0.230992460226687
124,Bareilly,SARTAJ ALVI,M,35,GEN,AIFB,416,0,416,416136,224378,0.186588084377285
124,Bareilly,ARSHAD ALI KHAN,M,30,GEN,IND,383,0,383,416136,224378,0.171786625760817
124,Bareilly,AMIT KHANDELWAL,M,37,GEN,JSEP,346,0,346,416136,224378,0.155191050948415
125,Bareilly Cantt.,RAJESH AGARWAL,M,73,GEN,BJP,88157,284,88441,342921,183430,48.4956324813976
125,Bareilly Cantt.,MUJAHID HASSAN KHAN,M,61,GEN,INC,75610,167,75777,342921,183430,41.5514698221737
125,Bareilly Cantt.,RAJENDRA PRASAD GUPTA,M,48,GEN,BSP,14092,147,14239,342921,183430,7.80779628116621
125,Bareilly Cantt.,None of the Above,,,,NOTA,1060,1,1061,342921,183430,0.581787474844957
125,Bareilly Cantt.,ATUL SAXENA,M,45,GEN,RLD,819,0,819,342921,183430,0.449089483410009
125,Bareilly Cantt.,RABIYA AKHTAR,F,38,GEN,PECP,698,0,698,342921,183430,0.382740487692535
125,Bareilly Cantt.,KAMAL KISHOR BALMEEKI,M,46,SC,IND,619,0,619,342921,183430,0.339421721893524
125,Bareilly Cantt.,JAI PRAKASH SAXENA,M,44,GEN,PLM,488,0,488,342921,183430,0.267589338100225
125,Bareilly Cantt.,MANJEET SINGH,M,39,GEN,IEMC,459,0,459,342921,183430,0.251687512680335
125,Bareilly Cantt.,VIJAY KUMAR,M,33,SC,SHS,332,0,332,342921,183430,0.182048484117366
125,Bareilly Cantt.,SUSHEEL KUMAR GAUTAM,M,38,SC,BMUP,260,0,260,342921,183430,0.142568089971432
125,Bareilly Cantt.,PRIYANKA KHANDELWAL,F,30,GEN,JSEP,237,0,237,342921,183430,0.129956297397036
126,Aonla,DHARM PAL SINGH,M,64,GEN,BJP,63101,64,63165,298075,181709,35.1082455604035
126,Aonla,SIDHRAJ SINGH,M,37,GEN,SP,59453,166,59619,298075,181709,33.1373148431204
126,Aonla,AGAM KUMAR MAURYA,M,30,GEN,BSP,54111,81,54192,298075,181709,30.1208904204763
126,Aonla,None of the Above,,,,NOTA,1794,0,1794,298075,181709,0.99713753717033
126,Aonla,PRADEEP SAXENA,M,43,GEN,JANJAN,1004,1,1005,298075,181709,0.558597115304449
126,Aonla,RAKHI RANI,F,41,SC,IND,735,0,735,298075,181709,0.408526248506239
126,Aonla,HARI OM SINGH,M,29,GEN,IND,730,0,730,298075,181709,0.405747158380346
126,Aonla,RAJ PAL,M,51,SC,BSRD,469,0,469,298075,181709,0.260678653808743
127,Pilibhit,SANJAY SINGH GANGWAR,M,43,GEN,BJP,135865,621,136486,368537,251819,54.5941816232735
127,Pilibhit,RIAZ AHMAD,M,58,GEN,SP,92817,313,93130,368537,251819,37.251850992596
127,Pilibhit,ARSHAD KHAN,M,63,GEN,BSP,14379,153,14532,368537,251819,5.812776748893
127,Pilibhit,None of the Above,,,,NOTA,1812,6,1818,368537,251819,0.727197091211635
127,Pilibhit,CHANDARSEN,M,25,SC,JSEP,1009,1,1010,368537,251819,0.403998384006464
127,Pilibhit,MOH YUSUF MALIK,M,40,GEN,RKMP,988,1,989,368537,251819,0.39559841760633
127,Pilibhit,RAJRANI,F,32,GEN,IND,963,1,964,368537,251819,0.38559845760617
127,Pilibhit,VIJAY SINGH GANGWAR,M,38,GEN,IND,653,1,654,368537,251819,0.261598953604186
127,Pilibhit,BHOOPRAM ALIAS BHAWANI PRASAD,M,52,GEN,RLD,638,1,639,368537,251819,0.25559897760409
127,Pilibhit,MUNESH SINGH,M,44,GEN,IND,437,0,437,368537,251819,0.174799300802797
127,Pilibhit,SHAILENDRA KUMAR GANGWAR,M,36,GEN,JAM,433,0,433,368537,251819,0.173199307202771
127,Pilibhit,SHARAD JAISWAL,M,40,GEN,IND,420,0,420,368537,251819,0.167999328002688
127,Pilibhit,CHOKHELAL,M,62,GEN,BSRD,307,0,307,368537,251819,0.122799508801965
128,Barkhera,KISHAN LAL RAJPOOT,M,55,GEN,BJP,104512,83,104595,303706,211878,49.9091000186094
128,Barkhera,HEMRAJ VERMA,M,41,GEN,SP,46478,187,46665,303706,211878,22.2669167012611
128,Barkhera,DR. SHAILENDRA SINGH GANGWAR,M,43,GEN,BSP,28550,124,28674,303706,211878,13.6822365689909
128,Barkhera,JAIDRATH ALIAS PRABAKTANAND,M,41,GEN,RLD,22611,20,22631,303706,211878,10.7987269230953
128,Barkhera,None of the Above,,,,NOTA,2307,0,2307,303706,211878,1.10082024707617
128,Barkhera,NIRANJAN SINGH,M,48,GEN,RKMP,1795,2,1797,303706,211878,0.85746596618807
128,Barkhera,SURYA PRAKASH,M,40,GEN,IND,1103,0,1103,303706,211878,0.526313278077597
128,Barkhera,SANTRAM VERMA,M,57,GEN,IND,1043,1,1044,303706,211878,0.49816052793564
128,Barkhera,KISHAN LAL,M,41,GEN,BSRD,822,0,822,303706,211878,0.39222984096082
128,Barkhera,NARAYAN LAL,M,45,GEN,IND,643,0,643,303706,211878,0.306817260021663
128,Barkhera,SARBAZ AHMAD,M,40,GEN,SARSAMP,633,0,633,303706,211878,0.30204560745523
128,Barkhera,AASHIF BEG,M,62,GEN,IND,453,0,453,303706,211878,0.21615586125943
128,Barkhera,KEERAT PRASAD,M,41,SC,BMUP,266,2,268,303706,211878,0.127880288780413
128,Barkhera,PREM SWAROOP,M,28,GEN,MANKP,243,0,243,303706,211878,0.11595115736433
129,Puranpur,BABU RAM PASWAN,M,54,SC,BJP,128386,107,128493,369531,246819,52.5376881340132
129,Puranpur,PEETAM RAM,M,55,SC,SP,89076,175,89251,369531,246819,36.4925809472019
129,Puranpur,ER.K.K. ARVIND,M,60,SC,BSP,20096,43,20139,369531,246819,8.23435129797647
129,Puranpur,None of the Above,,,,NOTA,2244,2,2246,369531,246819,0.918335220976968
129,Puranpur,AYASHA BEGUM,F,28,SC,RLD,1658,0,1658,369531,246819,0.677916204977655
129,Puranpur,NATTHO DEVI,F,44,SC,SSKP,1502,0,1502,369531,246819,0.614131568079878
129,Puranpur,SHYAM BIHARI,M,47,SC,CPI(ML)(L),1322,0,1322,369531,246819,0.540533910120905
129,Puranpur,MAHENDRA KUMAR RAJ,M,43,SC,BSRD,1144,0,1144,369531,246819,0.467754003917031
129,Puranpur,RAMESHWAR DAYAL,M,55,SC,IND,1064,0,1064,369531,246819,0.435043933713043
130,Bisalpur,AGYASH RAM SARAN VERMA,M,68,GEN,BJP,103368,130,103498,348282,222924,46.9117000494055
130,Bisalpur,ANIS AHMAD KHAN ALIAS PHOOLBABU,M,51,GEN,INC,62380,122,62502,348282,222924,28.3297752274242
130,Bisalpur,DIVYA GANGWAR,F,45,GEN,BSP,45131,207,45338,348282,222924,20.5499879885597
130,Bisalpur,BHEEMSEN SHARMA,M,55,GEN,CPI,2451,0,2451,348282,222924,1.11094491508138
130,Bisalpur,None of the Above,,,,NOTA,2299,2,2301,348282,222924,1.04295563019268
130,Bisalpur,DR.NAGESH CHANDRA PATHAK,M,53,GEN,RLD,2125,2,2127,348282,222924,0.964088059721788
130,Bisalpur,RAMRATAN VERMA,M,44,GEN,RKMP,1905,1,1906,348282,222924,0.863917179985768
130,Bisalpur,DESHRAJ VERMA,M,33,GEN,IND,1065,2,1067,348282,222924,0.483630446508297
130,Bisalpur,RAMPAL MISHRA,M,56,GEN,IND,985,0,985,348282,222924,0.44646297076914
130,Bisalpur,SHYAM KISHOR VERMA,M,37,GEN,BSRD,749,0,749,348282,222924,0.33949316254425
131,Katra,VEER VIKRAM SINGH PRINCE,M,36,GEN,BJP,76443,66,76509,313965,192992,40.0231217501386
131,Katra,RAJESH YADAV,M,46,GEN,SP,59640,139,59779,313965,192992,31.271382387713
131,Katra,ADHIWAKTA RAJEEV KASHYAP,M,44,GEN,BSP,47419,52,47471,313965,192992,24.832864272188
131,Katra,None of the Above,,,,NOTA,1829,1,1830,313965,192992,0.957303229721388
131,Katra,VIVIDH KUMAR,M,36,GEN,RLD,1288,0,1288,313965,192992,0.673774076437786
131,Katra,SANJEEV KUMAR MISHRA,M,26,GEN,IND,1243,0,1243,313965,192992,0.650233833083981
131,Katra,SUNEETA DEVI,F,37,GEN,MD,1015,0,1015,313965,192992,0.530963266758038
131,Katra,SURAJ PAL,M,49,SC,IND,837,0,837,313965,192992,0.437848526380766
131,Katra,JAYVEER SINGH,M,40,GEN,RAJAP,785,0,785,313965,192992,0.410646467394147
131,Katra,RAJ KUMAR,M,51,GEN,IND,624,0,624,313965,192992,0.326424707839424
131,Katra,VEDRAM,M,53,GEN,BSRD,594,0,594,313965,192992,0.310731212270221
131,Katra,DINESH,M,42,GEN,JAM,414,0,414,313965,192992,0.216570238855003
131,Katra,CHOTEY LAL,M,41,GEN,IND,360,0,360,313965,192992,0.188321946830437
131,Katra,KRISHNA PAL SINGH,M,26,SC,IND,243,0,243,313965,192992,0.127117314110545
132,Jalalabad,SHARADVIR SINGH,M,45,GEN,SP,75141,185,75326,342343,208332,36.4390135353477
132,Jalalabad,MANOJ KASHYAP,M,41,GEN,BJP,65998,31,66029,342343,208332,31.9415822521503
132,Jalalabad,NEERAJ KUSHWAHA MAURYA,M,47,GEN,BSP,58251,86,58337,342343,208332,28.2205710194565
132,Jalalabad,None of the Above,,,,NOTA,1614,0,1614,342343,208332,0.780773807796128
132,Jalalabad,AMIT PRIYADARSHI RAJPUT,M,31,GEN,RLD,1305,1,1306,342343,208332,0.631778558229085
132,Jalalabad,ASHA RAM,M,54,GEN,IND,1281,0,1281,342343,208332,0.61968478797202
132,Jalalabad,RAM PRAKASH,M,62,GEN,BSRD,1175,0,1175,342343,208332,0.568407202082064
132,Jalalabad,MOHD. AKIL,M,34,GEN,BMUP,1149,0,1149,342343,208332,0.555829681014716
132,Jalalabad,BHARAT BHUSHAN,M,39,SC,IND,1065,0,1065,342343,208332,0.515194612950977
132,Jalalabad,JAY SHREE,F,40,GEN,LD,621,0,621,342343,208332,0.300409253185499
132,Jalalabad,JAGPAL,M,40,GEN,RVNP,429,0,429,342343,208332,0.207529097611239
133,Tilhar,ROSHAN LAL VERMA,M,52,GEN,BJP,81671,99,81770,330669,204249,40.3670902323193
133,Tilhar,KUNWAR JITIN PRASADA,M,40,GEN,INC,75888,177,76065,330669,204249,37.5507242084062
133,Tilhar,AVADHESH KUMAR VERMA,M,53,GEN,BSP,31344,74,31418,330669,204249,15.5100066151279
133,Tilhar,PRADIP KUMAR,M,42,GEN,RLD,3979,4,3983,330669,204249,1.9662727209897
133,Tilhar,RAGNI SINGH,F,42,GEN,IND,1733,0,1733,330669,204249,0.855523631803955
133,Tilhar,None of the Above,,,,NOTA,1682,1,1683,330669,204249,0.830840318710939
133,Tilhar,RAJESH YADAV,M,40,GEN,SARSAMP,1252,1,1253,330669,204249,0.618563826110996
133,Tilhar,ANISH KUMAR SINGH,M,35,GEN,BHIP,1225,0,1225,330669,204249,0.604741170778907
133,Tilhar,PRAMOD KUMAR YADAV,M,46,GEN,BKRD,1178,0,1178,330669,204249,0.581538856471471
133,Tilhar,RAKESH KUMAR,M,40,GEN,IND,967,1,968,330669,204249,0.477868941480801
133,Tilhar,RAMESH PAL SINGH YADAV,M,54,GEN,IND,946,0,946,330669,204249,0.467008283719874
133,Tilhar,SUKHVEER SINGH,M,40,GEN,LD,545,0,545,330669,204249,0.269048112713881
133,Tilhar,ARUNA DEVI,F,48,GEN,IND,530,0,530,330669,204249,0.261643118785976
133,Tilhar,HARISH CHANDRA,M,49,GEN,BSRD,521,0,521,330669,204249,0.257200122429233
133,Tilhar,SHIVAM SHARMA,M,26,GEN,SHS,431,0,431,330669,204249,0.212770158861803
134,Powayan,CHETRAM,M,56,SC,BJP,126569,66,126635,361653,229205,55.7519591441402
134,Powayan,SHAKUNTLA DEVI,F,54,SC,SP,54073,145,54218,361653,229205,23.869859998239
134,Powayan,GURBACHAN LAL,M,64,SC,BSP,38750,47,38797,361653,229205,17.0806551025799
134,Powayan,None of the Above,,,,NOTA,2065,0,2065,361653,229205,0.909130932464559
134,Powayan,MAHENDRA,M,46,SC,SARSAMP,1448,0,1448,361653,229205,0.637492295500572
134,Powayan,DHIRENDRA PRASAD,M,46,SC,IND,1369,0,1369,361653,229205,0.602711983798538
134,Powayan,ARUN KUMAR,M,48,SC,BSRD,1175,1,1176,361653,229205,0.517742361539139
134,Powayan,BANDHU PRASAD,M,72,SC,IND,991,0,991,361653,229205,0.436294796160958
134,Powayan,CHANDRAKALA,F,35,SC,IND,823,0,823,361653,229205,0.362331601655367
134,Powayan,KANDHAI,M,53,SC,IND,692,0,692,361653,229205,0.304657920225412
134,Powayan,RAKESH KUMAR,M,31,SC,LD,582,0,582,361653,229205,0.256229638108655
134,Powayan,RAJNISH,M,42,SC,RAJAP,409,0,409,361653,229205,0.180065158052303
135,Shahjahanpur,SURESH KUMAR KHANNA,M,63,GEN,BJP,100214,520,100734,359008,206025,49.1687573825864
135,Shahjahanpur,TANVEER KHAN,M,46,GEN,SP,81240,291,81531,359008,206025,39.795679295567
135,Shahjahanpur,MOHAMMAD ASLAM KHAN,M,56,GEN,BSP,16403,143,16546,359008,206025,8.0761834102912
135,Shahjahanpur,MANISH CHANDRA,M,30,SC,CPI,1305,4,1309,359008,206025,0.638929293126507
135,Shahjahanpur,None of the Above,,,,NOTA,1148,3,1151,359008,206025,0.561808721458067
135,Shahjahanpur,GAURAV,M,30,GEN,RLD,990,1,991,359008,206025,0.483711940021672
135,Shahjahanpur,ANIL KUMAR SINGH,M,50,GEN,LD,781,1,782,359008,206025,0.381698019270381
135,Shahjahanpur,RAJEEV KUMAR SAXENA,M,51,GEN,SARSAMP,609,2,611,359008,206025,0.298232084110234
135,Shahjahanpur,HEERA LAL SHUKLA,M,70,GEN,IND,608,0,608,359008,206025,0.296767769458301
135,Shahjahanpur,ROHIT DIXIT,M,31,GEN,IND,523,0,523,359008,206025,0.255278854320216
135,Shahjahanpur,SANJAY KUMAR,M,29,SC,IND,376,0,376,359008,206025,0.183527436375528
135,Shahjahanpur,LOKESH SRIVASTAVA,M,41,GEN,IND,310,0,310,359008,206025,0.151312514033015
135,Shahjahanpur,KISHAN LAL,M,57,SC,IND,277,1,278,359008,206025,0.135693157745736
135,Shahjahanpur,SARVESH KUMAR,M,30,GEN,BSRD,275,0,275,359008,206025,0.134228843093804
136,Dadraul,MANVENDRA SINGH,M,61,GEN,BJP,86361,74,86435,330219,216563,40.3562424129237
136,Dadraul,RAMMURTEE SINGH VERMA,M,69,GEN,SP,68825,212,69037,330219,216563,32.2331683630591
136,Dadraul,RIZWAN ALI,M,51,GEN,BSP,50677,85,50762,330219,216563,23.7006256419834
136,Dadraul,ROOPA,F,53,GEN,CPI,2386,1,2387,330219,216563,1.11448314501821
136,Dadraul,None of the Above,,,,NOTA,2383,0,2383,330219,216563,1.11261555700812
136,Dadraul,KUVER,M,62,GEN,IND,1410,0,1410,330219,216563,0.658324773554954
136,Dadraul,PRATAP SINGH,M,46,GEN,IND,1246,0,1246,330219,216563,0.58175366514147
136,Dadraul,RAJENDRA PRASAD,M,44,SC,IND,971,0,971,330219,216563,0.453356989448128
136,Dadraul,GUR DAYAL,M,39,GEN,BSRD,689,0,689,330219,216563,0.321692034737137
136,Dadraul,OMKAR SINGH VERMA,M,53,GEN,LD,687,0,687,330219,216563,0.320758240732095
136,Dadraul,GUR PREET SINGH,M,34,GEN,IND,556,0,556,330219,216563,0.259594733401812
137,PALIA,HARVINDER KUMAR SAHANI,M,52,GEN,BJP,117951,118,118069,340784,231799,51.3964705165374
137,PALIA,SAIF ALI NAQVI,M,36,GEN,INC,48783,58,48841,340784,231799,21.26091536727
137,PALIA,VIRENDRA KUMAR AGARWAL,M,71,GEN,BSP,43325,111,43436,340784,231799,18.9080714951115
137,PALIA,RAMNARESH,M,37,ST,RKMP,7762,33,7795,340784,231799,3.39323181932945
137,PALIA,None of the Above,,,,NOTA,2076,1,2077,340784,231799,0.904136303880342
137,PALIA,ARTI RAI,F,44,GEN,CPI(ML)(L),1661,0,1661,340784,231799,0.72304785784557
137,PALIA,NASEER AHMAD,M,39,GEN,NCP,1387,0,1387,340784,231799,0.603773256370744
137,PALIA,KEVAL SINGH,M,39,GEN,SARSAMP,1384,0,1384,340784,231799,0.602467330077224
137,PALIA,DEEPCHAND,M,60,SC,BMUP,1277,1,1278,340784,231799,0.556324601039517
137,PALIA,UPENDRA SINGH,M,48,GEN,IND,1225,0,1225,340784,231799,0.533253236520664
137,PALIA,SRI RAM,M,45,SC,UPRP,1104,0,1104,340784,231799,0.480580876015358
137,PALIA,RAKESH KUMAR GUPTA,M,50,GEN,IND,1096,0,1096,340784,231799,0.477098405899304
137,PALIA,VANDNA GUPTA,F,33,GEN,IND,1032,0,1032,340784,231799,0.449238644970878
137,PALIA,VIJAYPAL,M,44,GEN,RVIP,719,0,719,340784,231799,0.312987001680292
137,PALIA,NETRAPAL,M,30,GEN,BSRD,695,0,695,340784,231799,0.302539591332132
138,NIGHASAN,PATEL RAMKUMAR VERMA,M,62,GEN,BJP,107392,95,107487,327486,222147,48.9725902571486
138,NIGHASAN,KRISHNA GOPAL PATEL,M,59,GEN,SP,61192,172,61364,327486,222147,27.9583021997048
138,NIGHASAN,GIRJASHANKAR SINGH ALIAS G.S. SINGH,M,58,GEN,BSP,40573,101,40674,327486,222147,18.5316469537643
138,NIGHASAN,None of the Above,,,,NOTA,2662,1,2663,327486,222147,1.21330028612564
138,NIGHASAN,RADHEYSHYAM,M,52,GEN,NINSHAD,2470,0,2470,327486,222147,1.12536676933171
138,NIGHASAN,MAHIPAL SINGH,M,31,GEN,BSRD,1885,0,1885,327486,222147,0.858832534489986
138,NIGHASAN,SHIV KUMAR MAURYA,M,51,GEN,RPI(A),1453,0,1453,327486,222147,0.6620072533761
138,NIGHASAN,S.P.MISHRA ALIAS SATYAPRAKASH,M,46,GEN,KISP,1300,0,1300,327486,222147,0.592298299648266
138,NIGHASAN,SARIKA GUPTA,F,35,GEN,IND,1122,0,1122,327486,222147,0.511198994004119
138,NIGHASAN,RAM KHELAWAN,M,43,GEN,PMHP,886,0,886,327486,222147,0.403674071914126
138,NIGHASAN,RATNAKAR MAURYA,M,52,GEN,JAM,843,0,843,327486,222147,0.384082666618068
139,GOLA GOKRANNATH,ARVIND GIRI,M,60,GEN,BJP,122218,279,122497,365767,250840,49.4302270214432
139,GOLA GOKRANNATH,VINAY TIWARI,M,47,GEN,SP,67287,193,67480,365767,250840,27.2296604766401
139,GOLA GOKRANNATH,BRIJ SWAROOP KANAUJIA,M,34,GEN,BSP,51354,188,51542,365767,250840,20.7983278050828
139,GOLA GOKRANNATH,None of the Above,,,,NOTA,3021,1,3022,365767,250840,1.21944330113228
139,GOLA GOKRANNATH,MAKARAND SINGH,M,42,GEN,NCP,1251,1,1252,365767,250840,0.505209468238788
139,GOLA GOKRANNATH,VIDYAWATI,F,57,SC,IND,1112,1,1113,365767,250840,0.449119918649977
139,GOLA GOKRANNATH,DINESH KUMAR,M,40,GEN,RKMP,964,0,964,365767,250840,0.388995149666287
139,GOLA GOKRANNATH,MANISH KUMAR GUPTA,M,36,GEN,PECP,868,2,870,365767,250840,0.351064087354429
139,GOLA GOKRANNATH,PARAMJEET SHARMA,M,55,GEN,BSRD,580,0,580,365767,250840,0.234042724902953
139,GOLA GOKRANNATH,NARENDRA KUMAR URF NARENDRA KUMAR,M,41,SC,IND,529,1,530,365767,250840,0.21386662792856
139,GOLA GOKRANNATH,SHAMSHUDDIN,M,53,GEN,RVIP,516,1,517,365767,250840,0.208620842715218
139,GOLA GOKRANNATH,RAGHVENDRA SINGH CHAUHAN,M,29,GEN,RALOPA,473,0,473,365767,250840,0.190865877377753
140,SRI NAGAR,MANJU TYAGI,F,34,SC,BJP,112678,263,112941,307964,222865,51.1684275384643
140,SRI NAGAR,MEERA BANO,F,36,SC,SP,57746,256,58002,307964,222865,26.2780667258658
140,SRI NAGAR,PRAVEEN KUMAR,M,33,SC,BSP,44503,254,44757,307964,222865,20.2773599608561
140,SRI NAGAR,None of the Above,,,,NOTA,2139,2,2141,307964,222865,0.969989670357551
140,SRI NAGAR,DINESH KUMAR,M,34,SC,SWPI,1914,0,1914,307964,222865,0.867146300357007
140,SRI NAGAR,CHANDRAVATI DEVI,F,48,SC,RLD,1810,0,1810,307964,222865,0.820028633043983
140,SRI NAGAR,NEELAM DEVI CHAUDHARY,F,43,SC,RBCP,1300,0,1300,307964,222865,0.588970841412805
141,DHAURAHRA,AWASTHI BALA PRASAD,M,67,GEN,BJP,79683,126,79809,321722,221323,36.6158476438662
141,DHAURAHRA,YESHPAL SINGH CHAUDHARI,M,59,GEN,SP,76214,242,76456,321722,221323,35.0775131559026
141,DHAURAHRA,SHAMSHER BAHADUR,M,50,GEN,BSP,54634,89,54723,321722,221323,25.1065547822337
141,DHAURAHRA,None of the Above,,,,NOTA,3357,3,3360,321722,221323,1.54154604221817
141,DHAURAHRA,ANUJ KUMAR,M,47,GEN,LD,2064,1,2065,321722,221323,0.947408505113253
141,DHAURAHRA,SHAMSHER,M,57,GEN,IND,1757,0,1757,321722,221323,0.806100117909921
141,DHAURAHRA,SURESH,M,49,GEN,BSRD,1374,0,1374,321722,221323,0.630382220835646
141,DHAURAHRA,KAPIL KUMAR KATIYAR ADVOCATE,M,34,GEN,SHS,913,0,913,321722,221323,0.418878433495593
141,DHAURAHRA,SUNEEL KUMAR,M,39,GEN,PECP,866,0,866,321722,221323,0.397315140643137
142,LAKHIMPUR,YOGESH VERMA,M,43,GEN,BJP,122039,638,122677,393426,255622,48.4529282588432
142,LAKHIMPUR,UTKARSH VERMA MADHUR,M,32,GEN,SP,84359,570,84929,393426,255622,33.5438488395975
142,LAKHIMPUR,SHASHIDHAR MISHRA NAAME MAHRAJ,M,52,GEN,BSP,38745,323,39068,393426,255622,15.4304311420762
142,LAKHIMPUR,None of the Above,,,,NOTA,2427,7,2434,393426,255622,0.961340979825268
142,LAKHIMPUR,LIAQAT ALI KHAN,M,66,GEN,RLD,1673,1,1674,393426,255622,0.661168775771364
142,LAKHIMPUR,PARO KINNAR,O,37,GEN,IND,1227,4,1231,393426,255622,0.486199977882048
142,LAKHIMPUR,OOSHA VERMA,F,25,GEN,MAHISAP,1160,0,1160,393426,255622,0.458157574608591
142,LAKHIMPUR,VINAY TIWARI,M,34,GEN,RVIP,946,0,946,393426,255622,0.373635401361834
142,LAKHIMPUR,OM PRAKASH,M,47,GEN,BSRD,858,3,861,393426,255622,0.340063510118963
142,LAKHIMPUR,PUJAA SHUKLA,F,32,GEN,BHAJSP,642,0,642,393426,255622,0.253566519740272
143,KASTA,SAURABH SINGH,M,32,SC,BJP,92555,269,92824,298955,209987,44.624992187838
143,KASTA,SUNIL KUMAR LALA,M,43,SC,SP,68267,284,68551,298955,209987,32.9557855669707
143,KASTA,RAJESH KUMAR,M,53,SC,BSP,41622,156,41778,298955,209987,20.084707873217
143,KASTA,ARVIND KUMAR,M,44,SC,CPM,1993,4,1997,298955,209987,0.960054613021552
143,KASTA,None of the Above,,,,NOTA,1977,1,1978,298955,209987,0.950920392867616
143,KASTA,KUSUM DEVI,F,31,SC,BSRD,1863,1,1864,298955,209987,0.896115071944002
143,KASTA,RAMESH CHANDRA,M,43,SC,IND,995,0,995,298955,209987,0.478344687008735
144,MOHAMMDI,LOKENDRA PRATAP SINGH,M,54,GEN,BJP,92869,131,93000,315263,219146,42.8935133938455
144,MOHAMMDI,SANJAY SHARMA,M,51,GEN,INC,58939,143,59082,315263,219146,27.2498339605933
144,MOHAMMDI,DAUD AHMAD,M,48,GEN,BSP,57774,128,57902,315263,219146,26.705593683123
144,MOHAMMDI,None of the Above,,,,NOTA,2330,0,2330,315263,219146,1.07464393771677
144,MOHAMMDI,ADESH KUMAR,M,37,GEN,JAM,1207,0,1207,315263,219146,0.556693232971736
144,MOHAMMDI,NAR SINGH,M,42,GEN,IND,1187,0,1187,315263,219146,0.547468821489189
144,MOHAMMDI,RAMBETI SHARMA,F,34,GEN,RLD,1151,0,1151,315263,219146,0.530864880820604
144,MOHAMMDI,OM PRAKASH,M,49,SC,IND,626,0,626,315263,219146,0.288724079403734
144,MOHAMMDI,RACHANA,F,50,GEN,IND,622,0,622,315263,219146,0.286879197107225
144,MOHAMMDI,MALKEET SINGH,M,32,GEN,BSRD,615,0,615,315263,219146,0.283650653088333
144,MOHAMMDI,SAZIYA KHATOON,F,30,GEN,SWPI,483,0,483,315263,219146,0.22276953730352
144,MOHAMMDI,HARISHANKAR,M,45,GEN,RAJAP,471,0,471,315263,219146,0.217234890413992
144,MOHAMMDI,RAMRATI,F,48,SC,BKRD,470,0,470,315263,219146,0.216773669839864
145,Maholi,SHASHANK TRIVEDI,M,43,GEN,BJP,80839,99,80938,351909,241699,33.7193897531183
145,Maholi,ANOOP KUMAR GUPTA,M,47,GEN,SP,77092,129,77221,351909,241699,32.1708591282902
145,Maholi,MAHESH CHANDRA MISHRA,M,53,GEN,BSP,60807,110,60917,351909,241699,25.3784880475266
145,Maholi,MAHENDRA SINGH VERMA,M,31,GEN,LD,11201,13,11214,351909,241699,4.6718381562612
145,Maholi,None of the Above,,,,NOTA,1665,0,1665,351909,241699,0.693651732671205
145,Maholi,VINEET KUMAR,M,38,GEN,RLD,1554,0,1554,351909,241699,0.647408283826458
145,Maholi,AMIT SINGH,M,32,GEN,BSRD,1482,0,1482,351909,241699,0.61741253322446
145,Maholi,RAJA RAM,M,53,GEN,IND,1304,0,1304,351909,241699,0.543256372013965
145,Maholi,SUBEDAR,M,61,SC,IND,1019,0,1019,351909,241699,0.424523192547722
145,Maholi,S. P. SINGH,M,63,GEN,IND,942,1,943,351909,241699,0.392861011356724
145,Maholi,ASHISH KUMAR,M,42,GEN,IND,694,0,694,351909,241699,0.289125707191481
145,Maholi,DR. VIJAY SHREE,F,48,GEN,RPI(A),621,0,621,351909,241699,0.258713348942233
145,Maholi,SAROJANI DEVI,F,48,GEN,CPI(ML)(L),574,1,575,351909,241699,0.239549397168734
145,Maholi,RAMAUTAR NISHAD,M,73,GEN,JHSPT,549,0,549,351909,241699,0.228717598340235
145,Maholi,MAHANAND BAJPAI,M,52,GEN,IND,547,1,548,351909,241699,0.228300990692985
145,Maholi,KHUSHI RAM CHOUDHARI,M,47,GEN,UPRP,455,0,455,351909,241699,0.189556479498738
146,Sitapur,RAKESH RATHORE,M,52,GEN,BJP,98632,218,98850,378839,234198,42.5424779218096
146,Sitapur,RADHEY SHYAM JAISWAL,M,56,GEN,SP,73893,118,74011,378839,234198,31.8524161200916
146,Sitapur,ASHFAQ KHAN,M,39,GEN,BSP,52033,148,52181,378839,234198,22.4573499285579
146,Sitapur,None of the Above,,,,NOTA,1839,3,1842,378839,234198,0.792749057480762
146,Sitapur,RAKESH,M,36,GEN,IND,1706,0,1706,378839,234198,0.73421818244418
146,Sitapur,SATROHAN LAL,M,43,GEN,RLD,1059,0,1059,378839,234198,0.455766151939266
146,Sitapur,RUPENDRA KUMAR,M,37,GEN,IND,834,0,834,378839,234198,0.358931983680215
146,Sitapur,PRADEEP MISHRA,M,29,GEN,LD,787,0,787,378839,234198,0.338704401866102
146,Sitapur,DINESH JAISWAL &#39;DINNU&#39;,M,41,GEN,IND,655,0,655,378839,234198,0.281895023154126
146,Sitapur,NARAYAN URF RAMNARAYAN,M,54,GEN,IND,461,0,461,378839,234198,0.198402451410766
146,Sitapur,ERAJ BEG,M,42,GEN,VIP,407,0,407,378839,234198,0.175162251028594
146,Sitapur,SATYENDRA KUMAR,M,33,GEN,BSRD,329,0,329,378839,234198,0.14159307269879
146,Sitapur,VISHWADEEP ANAND,M,28,GEN,SDU,301,2,303,378839,234198,0.130403346588855
146,Sitapur,TILAK RAM LODHI,M,34,GEN,AIPJSP,261,0,261,378839,234198,0.112327635180499
146,Sitapur,AJAY KUMAR THAKUR,M,30,GEN,IND,260,0,260,378839,234198,0.111897261099348
146,Sitapur,KONIKA,F,46,GEN,UPRP,252,0,252,378839,234198,0.108454268450137
147,Hargaon ,SURESH RAHI,M,45,SC,BJP,101631,49,101680,310182,221261,46.4205331421971
147,Hargaon ,RAMHET BHARTI,M,61,SC,BSP,56623,62,56685,310182,221261,25.8787167699198
147,Hargaon ,MANOJ KUMAR RAJVANSHI,M,43,SC,SP,50131,80,50211,310182,221261,22.9231057199337
147,Hargaon ,AMIT KUMAR,M,32,SC,SARSAMP,2700,0,2700,310182,221261,1.23264594299697
147,Hargaon ,RAMNARESH,M,47,SC,PECP,2648,0,2648,310182,221261,1.20890609520592
147,Hargaon ,None of the Above,,,,NOTA,2220,0,2220,310182,221261,1.01350888646418
147,Hargaon ,ARJUN LAL,M,50,SC,CPI(ML)(L),2053,0,2053,310182,221261,0.937267452212143
147,Hargaon ,KHLAWN,M,28,SC,IND,1053,0,1053,310182,221261,0.48073191776882
147,Hargaon ,MOHAN LAL,M,60,SC,RLD,1025,0,1025,310182,221261,0.467948922804406
147,Hargaon ,JAGPAL,M,52,SC,BSRD,986,0,986,310182,221261,0.450144036961117
148,Laharpur,SUNEEL VERMA,M,39,GEN,BJP,79411,56,79467,339731,229555,35.0547433985902
148,Laharpur,MO. JASMEER ANSARI,M,48,GEN,BSP,70266,83,70349,339731,229555,31.0325813651883
148,Laharpur,ANIL KUMAR VERMA,M,52,GEN,INC,66979,123,67102,339731,229555,29.6002540870072
148,Laharpur,None of the Above,,,,NOTA,2860,1,2861,339731,229555,1.26205369352519
148,Laharpur,NEERAJ KUMAR VERMA,M,40,GEN,LOGAP,1681,1,1682,339731,229555,0.741969350754762
148,Laharpur,RAJKUMAR,M,41,GEN,RLD,1580,0,1580,339731,229555,0.696974776571061
148,Laharpur,SUNDARI DEVI,F,49,GEN,IND,1299,0,1299,339731,229555,0.573019135927726
148,Laharpur,VINOD KUMAR,M,28,GEN,IND,1100,0,1100,339731,229555,0.485235603941878
148,Laharpur,RAMSANEHI,M,46,GEN,IND,1037,1,1038,339731,229555,0.457885960810608
148,Laharpur,MAIKU LAL,M,60,SC,SDU,927,0,927,339731,229555,0.40892127714011
148,Laharpur,SURESH CHANDRA,M,28,GEN,ASAP,697,1,698,339731,229555,0.307904046864937
148,Laharpur,RAJESH KUMAR RATHOUR,M,41,GEN,BSRD,496,0,496,339731,229555,0.218797145050156
148,Laharpur,RAKESH KUMAR,M,53,GEN,IND,493,0,493,339731,229555,0.217473775221223
148,Laharpur,MANTOONA,F,42,GEN,IND,463,0,463,339731,229555,0.204240076931899
149,Biswan,MAHENDRA SINGH,M,50,GEN,BJP,81850,57,81907,317171,228054,36.2462053156558
149,Biswan,AFZAAL KAUSAR,M,41,GEN,SP,71570,102,71672,317171,228054,31.7169231858532
149,Biswan,NIRMAL VERMA,M,53,GEN,BSP,64917,123,65040,317171,228054,28.7820722738014
149,Biswan,None of the Above,,,,NOTA,2080,0,2080,317171,228054,0.920459875914928
149,Biswan,SUNILA,F,41,SC,IND,2035,0,2035,317171,228054,0.900546080522538
149,Biswan,RAM PRAKASH SINGH CHAUHAN,M,37,GEN,RLD,1716,0,1716,317171,228054,0.759379397629816
149,Biswan,RAM SANEHI,M,52,GEN,IND,1176,0,1176,317171,228054,0.520413852921133
149,Biswan,SANGEETA SHARMA,F,33,GEN,BSRD,789,0,789,317171,228054,0.349155212546576
149,Biswan,JAN AALM,M,35,GEN,IND,715,0,715,317171,228054,0.316408082345757
149,Biswan,RAMESH,M,47,GEN,IND,495,0,495,317171,228054,0.219051749316293
149,Biswan,RAM LAKHAN GAUTAM,M,38,GEN,AIPJSP,429,0,429,317171,228054,0.189844849407454
150,Sevata,GYAN TIWARI,M,48,GEN,BJP,94657,40,94697,296486,214086,44.8596846932201
150,Sevata,ENGINEER MOHAMMAD NASIM,M,50,GEN,BSP,51016,22,51038,296486,214086,24.1776253458142
150,Sevata,SHIV KUMAR GUPTA,M,60,GEN,SP,43440,48,43488,296486,214086,20.6010535490961
150,Sevata,RAMPAL YADAV,M,52,GEN,LD,13124,6,13130,296486,214086,6.21991889945807
150,Sevata,None of the Above,,,,NOTA,2990,0,2990,296486,214086,1.41641717512411
150,Sevata,AMARJEET SINGH,M,28,GEN,RVIP,2470,0,2470,296486,214086,1.1700837533634
150,Sevata,UDAI BHANU SINGH,M,61,GEN,IND,1779,0,1779,296486,214086,0.842744533292909
150,Sevata,KAMAL AHEMAD,M,49,GEN,SDU,1106,0,1106,296486,214086,0.523932239360291
150,Sevata,NUR MOAHMMAD,M,42,GEN,IND,981,0,981,296486,214086,0.464717474513965
150,Sevata,SHANTI DEVI NISHAD,F,40,GEN,JHSPT,972,0,972,296486,214086,0.46045401144503
150,Sevata,DR. SHUCHITA,F,58,GEN,SP(I),846,0,846,296486,214086,0.400765528479933
150,Sevata,ANUPAM MISHRA,M,45,GEN,SWPI,589,0,589,296486,214086,0.279019971955887
151,Mahmoodabad,NARENDRA SINGH VERMA,M,53,GEN,SP,81326,143,81469,290920,210660,39.0244486597306
151,Mahmoodabad,ASHA MAURYA,F,55,GEN,BJP,79528,35,79563,290920,210660,38.1114559981606
151,Mahmoodabad,PRADYUMN VERMA,M,48,GEN,BSP,44980,70,45050,290920,210660,21.5793910827537
151,Mahmoodabad,None of the Above,,,,NOTA,1896,0,1896,290920,210660,0.908202563660401
151,Mahmoodabad,BHOLA NATH VERMA,M,60,GEN,RLD,1175,0,1175,290920,210660,0.562836504378149
151,Mahmoodabad,RAMESH CHANDRA,M,52,GEN,BSRD,857,0,857,290920,210660,0.410511390852829
151,Mahmoodabad,GYAN SAGAR GUPTA,M,28,GEN,IND,650,0,650,290920,210660,0.311356364124083
152,Sidhauli ,HARGOVIND BHARGAVA,M,42,SC,BSP,78400,106,78506,329188,232737,34.0489573574824
152,Sidhauli ,MANISH RAWAT,M,33,SC,SP,75879,117,75996,329188,232737,32.9603414177163
152,Sidhauli ,RAM BAKASH RAWAT,M,42,SC,BJP,68901,55,68956,329188,232737,29.9070122480136
152,Sidhauli ,INDRAPAL,M,32,SC,RKSP,2442,0,2442,329188,232737,1.05912355574061
152,Sidhauli ,None of the Above,,,,NOTA,2169,0,2169,329188,232737,0.940720308108671
152,Sidhauli ,SUBODH KUMAR,M,28,SC,LD,1692,0,1692,329188,232737,0.733839908400125
152,Sidhauli ,MAHENDRA KUMAR,M,44,SC,ASAP,1438,1,1439,329188,232737,0.624110891363936
152,Sidhauli ,GANGA RAM,M,37,SC,IND,870,0,870,329188,232737,0.377329030914958
152,Sidhauli ,KAMLESH KUMAR,M,35,SC,RAJAP,667,0,667,329188,232737,0.289285590368134
153,Misrikh ,RAM KRISHNA BHARGAVA,M,54,SC,BJP,86301,102,86403,344981,219695,39.7304492971541
153,Misrikh ,MANISH KUMAR RAWAT,M,46,SC,BSP,65644,87,65731,344981,219695,30.2249014820231
153,Misrikh ,RAM PAL RAJVANSHI,M,58,SC,SP,61134,97,61231,344981,219695,28.1556790957958
153,Misrikh ,None of the Above,,,,NOTA,2222,0,2222,344981,219695,1.02173603159932
153,Misrikh ,SUNITA CHAUDHARY,F,25,SC,RLD,1243,0,1243,344981,219695,0.571565205795662
153,Misrikh ,HARINAM,M,51,SC,IND,860,0,860,344981,219695,0.395451389367876
153,Misrikh ,NEELKANTH,M,60,SC,IND,700,0,700,344981,219695,0.321879037857573
153,Misrikh ,RAMPAL RAJVANSHI,M,42,SC,IND,678,0,678,344981,219695,0.311762839524907
153,Misrikh ,AJAY PRAKASH,M,29,SC,BSRD,627,0,627,344981,219695,0.288311652480998
154,Sawaijpur,KUNVAR MADHVENDRA PRATAP,M,44,GEN,BJP,92419,182,92601,384720,231842,40.25937889927
154,Sawaijpur,PADAMRAG SINGH YADAV,M,38,GEN,SP,65250,381,65631,384720,231842,28.5338527287825
154,Sawaijpur,DR. ANUPAM DUBEY ADVOCATE,M,41,GEN,BSP,59584,207,59791,384720,231842,25.9948437248653
154,Sawaijpur,YADUNANDAN LAL,M,62,GEN,JAM,3551,18,3569,384720,231842,1.55166492037337
154,Sawaijpur,None of the Above,,,,NOTA,1831,0,1831,384720,231842,0.796048884618562
154,Sawaijpur,NEERAJ KUMAR,M,33,GEN,IND,1620,0,1620,384720,231842,0.704314141497581
154,Sawaijpur,MOHAMMAD ALAY RAZA,M,45,GEN,RLD,1503,0,1503,384720,231842,0.653447009056089
154,Sawaijpur,SUNIT KUMAR SINGH,M,35,GEN,MD,1150,0,1150,384720,231842,0.499976088100134
154,Sawaijpur,SUDHIR KUMAR,M,35,GEN,IND,980,0,980,384720,231842,0.426066579424462
154,Sawaijpur,JAG JIVAN,M,45,SC,IND,754,0,754,384720,231842,0.327810409067392
154,Sawaijpur,ANIL KUMAR,M,41,SC,BMUP,627,0,627,384720,231842,0.272595658468508
154,Sawaijpur,AJAY PRATAP SINGH,M,36,GEN,IND,411,0,411,384720,231842,0.178687106268831
154,Sawaijpur,RAJ PRAKASH SINGH,M,44,GEN,RASHVIP,400,0,400,384720,231842,0.173904726295699
154,Sawaijpur,RAMESH CHANDRA,M,50,GEN,BKRD,341,0,341,384720,231842,0.148253779167083
154,Sawaijpur,UDIT PRATAP SINGH,M,27,GEN,RTJP,329,0,329,384720,231842,0.143036637378212
154,Sawaijpur,MANOJ KUMAR,M,51,GEN,RAJAP,304,0,304,384720,231842,0.132167591984731
155,Shahabad,RAJANI TIWARI,F,42,GEN,BJP,99294,330,99624,343850,219939,45.8412324455651
155,Shahabad,ASIF KHAN,M,55,GEN,BSP,95086,278,95364,343850,219939,43.8810255655151
155,Shahabad,SARTAJ KHAN,M,47,GEN,SP,15532,235,15767,343850,219939,7.25506616848576
155,Shahabad,None of the Above,,,,NOTA,2614,1,2615,343850,219939,1.20327253317627
155,Shahabad,SHOBHIT PATHAK,M,37,GEN,RLD,1476,1,1477,343850,219939,0.679630413576043
155,Shahabad,SAURABH KUMAR,M,35,GEN,IND,1469,0,1469,343850,219939,0.675949273895198
155,Shahabad,ASHUTOSH,M,39,GEN,IND,703,1,704,343850,219939,0.323940291914377
155,Shahabad,FURQAN KHAN,M,31,GEN,IND,581,0,581,343850,219939,0.267342769321382
155,Shahabad,DINESH KUMAR,M,38,GEN,BSRD,448,0,448,343850,219939,0.206143822127331
155,Shahabad,PRADEEP,M,51,GEN,RASHVIP,361,0,361,343850,219939,0.166111428098139
155,Shahabad,SHAHWAZ HUSAIN KHAN,M,35,GEN,MANKP,351,0,351,343850,219939,0.161510003497083
155,Shahabad,MAHENDRA,M,53,GEN,JAM,338,0,338,343850,219939,0.155528151515709
155,Shahabad,RAJKUMAR JINDAL,M,54,SC,BMUP,313,1,314,343850,219939,0.144484732473174
155,Shahabad,PRAMOD KUMAR,M,45,GEN,LD,297,0,297,343850,219939,0.136662310651378
155,Shahabad,RAJDEVI,F,47,GEN,BAHUMP,228,1,229,343850,219939,0.105372623364194
156,Hardoi,NITIN AGARWAL,M,34,GEN,SP,96877,858,97735,393551,230361,42.8365430973273
156,Hardoi,RAJA BUX SINGH,M,56,GEN,BJP,91831,795,92626,393551,230361,40.597305376099
156,Hardoi,DHARMVEER SINGH,M,59,GEN,BSP,30287,341,30628,393551,230361,13.4240307155568
156,Hardoi,None of the Above,,,,NOTA,2193,10,2203,393551,230361,0.965558954759421
156,Hardoi,SULABH TRIVEDI,M,31,GEN,CPI,2000,0,2000,393551,230361,0.876585524066656
156,Hardoi,SANDEEP BHADAURIYA,M,37,GEN,IND,1235,0,1235,393551,230361,0.54129156111116
156,Hardoi,SURENDRA NATH,M,59,SC,IND,844,0,844,393551,230361,0.369919091156129
156,Hardoi,SUMAN GUPTA,F,47,GEN,IND,824,0,824,393551,230361,0.361153235915462
156,Hardoi,SANJEEV KUMAR,M,50,SC,IND,794,0,794,393551,230361,0.348004453054462
156,Hardoi,BRAHMESH CHANDRA SATYARTHI,M,64,SC,BMUP,426,8,434,393551,230361,0.190219058722464
156,Hardoi,RAJESH KUMAR KANAUJIYA,M,39,SC,IND,359,0,359,393551,230361,0.157347101569965
156,Hardoi,SHRIKRISHAN VERMA,M,64,SC,IND,260,0,260,393551,230361,0.113956118128665
156,Hardoi,KAMLESH KUMAR,M,38,SC,IND,234,0,234,393551,230361,0.102560506315799
156,Hardoi,RAKESH KUMAR,M,47,SC,IND,185,0,185,393551,230361,0.0810841609761656
157,Gopamau ,SHYAM PRAKASH,M,57,SC,BJP,87693,178,87871,330381,203032,43.7648172128698
157,Gopamau ,RAJESHWARI,F,56,SC,SP,56168,325,56493,330381,203032,28.1367666102201
157,Gopamau ,MEENA KUMARI,F,51,SC,BSP,49612,235,49847,330381,203032,24.8266759637414
157,Gopamau ,None of the Above,,,,NOTA,2250,2,2252,330381,203032,1.12162565992629
157,Gopamau ,MEVARAM VERMA,M,47,SC,IND,1630,2,1632,330381,203032,0.812829963143739
157,Gopamau ,MUNSHI LAL,M,54,SC,RASHVIP,1386,0,1386,330381,203032,0.690307799581632
157,Gopamau ,TARUN PRATAP,M,32,SC,IND,1346,0,1346,330381,203032,0.670385496563403
157,Gopamau ,SHIV KUMAR,M,66,SC,IND,766,1,767,330381,203032,0.382010160374539
157,Gopamau ,RAJ BAHADUR,M,47,SC,BMUP,534,0,534,330381,203032,0.265962745293356
157,Gopamau ,CHAKRAPAL,M,52,SC,IND,487,0,487,330381,203032,0.242554039246937
157,Gopamau ,RAM LAKHAN,M,36,SC,BSRD,417,0,417,330381,203032,0.207690008965036
158,Sandi ,PRABHASH KUMAR,M,54,SC,BJP,71801,243,72044,317368,185712,39.2631751049104
158,Sandi ,OMENDRA KUMAR VERMA,M,44,SC,INC,51419,400,51819,317368,185712,28.2407760640907
158,Sandi ,VIRENDRA KUMAR,M,44,SC,BSP,50447,278,50725,317368,185712,27.6445582865551
158,Sandi ,None of the Above,,,,NOTA,2221,1,2222,317368,185712,1.21096517521391
158,Sandi ,URMILA DEVI,F,45,SC,IND,1456,0,1456,317368,185712,0.79350373317347
158,Sandi ,SANTOSH,M,41,SC,IND,1227,0,1227,317368,185712,0.668701291623522
158,Sandi ,SANTOSH VERMA,M,38,SC,CPM,1139,0,1139,317368,185712,0.620742274783367
158,Sandi ,MEENA DEVI,F,34,SC,IND,1111,0,1111,317368,185712,0.605482587606954
158,Sandi ,PREM CHAND,M,62,SC,IND,904,1,905,317368,185712,0.493214889094774
158,Sandi ,ANAND KUMAR,M,33,SC,IND,737,0,737,317368,185712,0.401656766036296
158,Sandi ,VIRENDRA KUMAR,M,32,SC,BSRD,556,0,556,317368,185712,0.303013788217342
158,Sandi ,VIJAY BAHADUR,M,36,SC,BMUP,474,0,474,317368,185712,0.258324704343561
158,Sandi ,UPENDRA KUMAR,M,40,SC,IND,461,1,462,317368,185712,0.251784838410813
158,Sandi ,KRISHNA KUMAR,M,43,SC,BKRD,422,4,426,317368,185712,0.232165240612567
158,Sandi ,RAM LAKHAN GAUTAM,M,30,SC,RASHVIP,409,0,409,317368,185712,0.222900430541174
159,Bilgram-Mallanwan,ASHISH KUMAR SINGH ASHU,M,36,GEN,BJP,82810,595,83405,357744,221791,37.9173959493556
159,Bilgram-Mallanwan,SUBHASH PAL,M,43,GEN,SP,75021,359,75380,357744,221791,34.269088264042
159,Bilgram-Mallanwan,ANURAG MISHRA,M,37,GEN,BSP,51294,208,51502,357744,221791,23.4137249107813
159,Bilgram-Mallanwan,ABDUL AZIZ,M,54,GEN,AIMIM,2715,1,2716,357744,221791,1.23474189075535
159,Bilgram-Mallanwan,None of the Above,,,,NOTA,1823,3,1826,357744,221791,0.83013206646512
159,Bilgram-Mallanwan,VIMAL SINGH PATEL,M,36,GEN,IND,1569,0,1569,357744,221791,0.713295296979065
159,Bilgram-Mallanwan,RAM SENEHI SRIVASTAV,M,60,GEN,IND,1336,0,1336,357744,221791,0.607369354215443
159,Bilgram-Mallanwan,ABDUL RAUF,M,62,GEN,RLD,846,0,846,357744,221791,0.384606641965767
159,Bilgram-Mallanwan,MAHESH PRASAD,M,47,SC,IND,566,1,567,357744,221791,0.257768281317482
159,Bilgram-Mallanwan,ABHISHEK PATEL,M,25,GEN,BKRD,557,2,559,357744,221791,0.254131339076671
159,Bilgram-Mallanwan,HARISH CHANDRA YADAV,M,49,GEN,IND,514,0,514,357744,221791,0.233673538972109
159,Bilgram-Mallanwan,ASHWANI  KUMAR,M,41,GEN,PECP,375,1,376,357744,221791,0.170936285318119
159,Bilgram-Mallanwan,SURAJ BALI,M,45,GEN,BSRD,364,0,364,357744,221791,0.165480871956902
159,Bilgram-Mallanwan,DEVI CHARAN,M,64,GEN,IND,344,0,344,357744,221791,0.156388516354875
159,Bilgram-Mallanwan,RAMDIN RATHAUR,M,36,GEN,JAM,301,1,302,357744,221791,0.137294569590617
159,Bilgram-Mallanwan,NEELAM,F,34,GEN,BAHUMP,185,0,185,357744,221791,0.0841042893187553
160,Balamau ,RAM PAL VERMA,M,58,SC,BJP,74688,229,74917,347475,187997,40.2796894490086
160,Balamau ,NEELU SATYARTHI,F,42,SC,BSP,51809,220,52029,347475,187997,27.9737838186589
160,Balamau ,SUSHILA SAROJ,F,65,SC,SP,43204,303,43507,347475,187997,23.3918663168308
160,Balamau ,SURENDRA KUMAR,M,42,SC,JAM,7717,17,7734,347475,187997,4.15824336530603
160,Balamau ,None of the Above,,,,NOTA,2004,1,2005,347475,187997,1.07800335498301
160,Balamau ,DILIP MANJHI,M,30,SC,SARSAMP,1165,0,1165,347475,187997,0.626371026710826
160,Balamau ,RAJESWARI,F,48,SC,RLD,1084,3,1087,347475,187997,0.584433739085552
160,Balamau ,NAWAL KISHOR,M,49,SC,IND,1003,0,1003,347475,187997,0.539270506258334
160,Balamau ,DR. ASHOK KUMAR,M,39,SC,UPRP,868,0,868,347475,187997,0.46668673921459
160,Balamau ,HARI KARAN,M,32,SC,IND,781,0,781,347475,187997,0.419910533786399
160,Balamau ,ARUN KUMAR,M,31,SC,IND,688,0,688,347475,187997,0.369908383156265
160,Balamau ,BHAGWAN DEEN,M,45,SC,BSRD,668,0,668,347475,187997,0.359155232483118
160,Balamau ,PAPPU,M,32,SC,BMUP,632,0,632,347475,187997,0.339799561271453
160,Balamau ,TILAK CHANDRA,M,42,SC,LD,544,0,544,347475,187997,0.292485698309605
160,Balamau ,PANKAJ KUMAR,M,27,SC,BKRD,368,1,369,347475,187997,0.198395629919566
161,Sandila,RAJ KUMAR AGRAWAL URF RAJIA,M,68,GEN,BJP,90223,139,90362,334078,198649,45.8418096866328
161,Sandila,ABDUL MANNAN,M,60,GEN,SP,69734,225,69959,334078,198649,35.4911042680236
161,Sandila,PAWAN KUMAR SINGH,M,49,GEN,BSP,29132,91,29223,334078,198649,14.8252053349026
161,Sandila,None of the Above,,,,NOTA,1532,0,1532,334078,198649,0.777203386821025
161,Sandila,YOGENDRA SINGH,M,28,GEN,CPI,1386,1,1387,334078,198649,0.703643014047495
161,Sandila,DINESH,M,49,GEN,RAJAP,1051,0,1051,334078,198649,0.533185874379176
161,Sandila,SHAREEF,M,30,GEN,IND,950,0,950,334078,198649,0.481947269895544
161,Sandila,GANGA RAM,M,42,GEN,RLD,812,0,812,334078,198649,0.41193808753177
161,Sandila,VIMAL KUMAR PANDEY,M,44,GEN,IND,732,0,732,334078,198649,0.371353054277409
161,Sandila,RAM RATAN LAL VERMA,M,49,GEN,IND,609,0,609,334078,198649,0.308953565648828
161,Sandila,SHUBHAM,M,25,GEN,IND,528,0,528,334078,198649,0.267861219478787
161,Sandila,JAGANNATH,M,47,GEN,IND,514,0,514,334078,198649,0.260758838659273
161,Sandila,PANKAJ PANDEY,M,47,GEN,BKRD,356,0,356,334078,198649,0.180603397981909
161,Sandila,RAMESH,M,47,GEN,BSRD,337,0,337,334078,198649,0.170964452583998
161,Sandila,MUJAMMIL,M,39,GEN,IND,297,0,297,334078,198649,0.150671935956818
162,Bangermau,KULDEEP SINGH SENGAR,M,50,GEN,BJP,87570,87,87657,337892,202064,43.7866837170502
162,Bangermau,BADALOO KHAN,M,59,GEN,SP,59164,166,59330,337892,202064,29.6366969544085
162,Bangermau,MOHD IRASHAD KHAN,M,58,GEN,BSP,44669,61,44730,337892,202064,22.3436618029782
162,Bangermau,None of the Above,,,,NOTA,1873,0,1873,337892,202064,0.935606495796514
162,Bangermau,SUNDAR LAL,M,62,SC,IND,1504,0,1504,337892,202064,0.751282525188445
162,Bangermau,SHREE KANT VERMA,M,50,GEN,RLD,1277,4,1281,337892,202064,0.63988890609468
162,Bangermau,MANOJ KUMAR,M,37,SC,IND,1114,0,1114,337892,202064,0.55646857251325
162,Bangermau,YADUNANDAN PRASAD,M,57,SC,IND,1079,0,1079,337892,202064,0.53898526906804
162,Bangermau,SHAILENDRA KUMAR ALIAS SHAILENDRA SINGH,M,38,GEN,NINSHAD,966,1,967,337892,202064,0.483038698043369
162,Bangermau,KAUSHALENDRA SINGH,M,27,GEN,BSRD,445,0,445,337892,202064,0.222287715231953
162,Bangermau,MANISH KUMAR,M,29,SC,IND,394,0,394,337892,202064,0.196812044497505
162,Bangermau,FAIZ UR REHMAN,M,34,GEN,IND,388,0,388,337892,202064,0.19381490676404
162,Bangermau,RAJESH KUMAR,M,27,SC,HKRD,355,0,355,337892,202064,0.177330649229985
162,Bangermau,RAJENDRA KUMAR,M,25,GEN,BSCP,353,0,353,337892,202064,0.176331603318831
162,Bangermau,GULISTAN KHAN,M,26,GEN,PECP,303,0,303,337892,202064,0.151355455539959
162,Bangermau,BABU RAM,M,58,GEN,MWSP,291,0,291,337892,202064,0.14536118007303
163,Safipur ,BAMBA LAL,M,42,SC,BJP,83945,123,84068,327844,197225,43.022440572145
163,Safipur ,RAM BARAN,M,52,SC,BSP,56704,128,56832,327844,197225,29.0842097182774
163,Safipur ,SUDHIR KUMAR,M,44,SC,SP,48275,231,48506,327844,197225,24.823315677695
163,Safipur ,BABLU RAWAT,M,26,SC,RLD,2056,0,2056,327844,197225,1.05217369054016
163,Safipur ,None of the Above,,,,NOTA,1820,0,1820,327844,197225,0.931398889485939
163,Safipur ,SWARIT CHAUDHARY,M,31,SC,IND,1165,0,1165,327844,197225,0.596197640797318
163,Safipur ,SAMAR PRABHAKAR,M,48,SC,JANADIP,990,0,990,327844,197225,0.506640055269824
163,Safipur ,SURESH,M,43,SC,IND,946,0,946,327844,197225,0.484122719480054
163,Safipur ,SURESH,M,29,SC,IND,842,0,842,327844,197225,0.430899925795143
164,Mohan ,BRIJESH KUMAR,M,50,SC,BJP,104816,68,104884,322973,202538,52.3626705541105
164,Mohan ,RADHE LAL RAWAT S/O MUNNU,M,51,SC,BSP,50730,59,50789,322973,202538,25.3560855304214
164,Mohan ,BHAGWAN DAS KATHERIA,M,61,SC,INC,34386,79,34465,322973,202538,17.2064322551335
164,Mohan ,SUNIL KUMAR,M,40,SC,BMUP,3311,5,3316,322973,202538,1.65549192972646
164,Mohan ,VINAY CHAUDHARY,M,39,SC,IND,3122,3,3125,322973,202538,1.56013639336405
164,Mohan ,None of the Above,,,,NOTA,2235,0,2235,322973,202538,1.11580954853397
164,Mohan ,RADHEY LAL PASWAN,M,49,SC,JANADIP,1589,0,1589,322973,202538,0.793298153297754
164,Mohan ,SHATROHAN LAL RAWAT,M,49,SC,RLD,1284,1,1285,322973,202538,0.641528084951299
164,Mohan ,VINOD,M,44,SC,IND,850,0,850,322973,202538,0.424357098995023
165,Unnao,PANKAJ GUPTA,M,47,SC,BJP,119338,331,119669,382547,231457,52.1174667049919
165,Unnao,MANISHA DEEPAK,F,44,SC,SP,73347,250,73597,382547,231457,32.0524880887054
165,Unnao,PANKAJ TRIPATHI,M,37,SC,BSP,26577,162,26739,382547,231457,11.6451958504272
165,Unnao,SURESH KUMAR PAL,M,57,SC,IND,4875,13,4888,382547,231457,2.12879005635545
165,Unnao,None of the Above,,,,NOTA,1842,1,1843,382547,231457,0.802651406273137
165,Unnao,MUNNILAL,M,35,SC,IND,1082,0,1082,382547,231457,0.471225622131055
165,Unnao,NEERAJ,M,32,SC,RVLP,761,0,761,382547,231457,0.331425784142082
165,Unnao,RAM PRASAD,M,44,SC,SHS,662,0,662,382547,231457,0.288309946257632
165,Unnao,BIMLESH,M,37,SC,IND,567,1,568,382547,231457,0.247371675943105
165,Unnao,MOHAMMAD AHAMAD,M,46,SC,IUML,409,2,411,382547,231457,0.178996054247563
165,Unnao,SHYAMAL SINGH,M,37,SC,BSRD,326,0,326,382547,231457,0.141977405558894
165,Unnao,ASHUTOSH,M,40,SC,IND,311,3,314,382547,231457,0.136751243391082
165,Unnao,PADMA DEVI,F,42,SC,IND,308,0,308,382547,231457,0.134138162307176
165,Unnao,BALKRISHNA,M,61,SC,BSCP,289,0,289,382547,231457,0.125863405541474
166,Bhagwantnagar,HRIDAY NARAYAN DIKSHIT,M,69,GEN,BJP,103570,128,103698,409687,234335,44.7736447831437
166,Bhagwantnagar,SHASHANK SHEKHAR SINGH,M,25,GEN,BSP,50207,125,50332,409687,234335,21.7318278966344
166,Bhagwantnagar,ANKIT PARIHAR,M,31,GEN,INC,49438,167,49605,409687,234335,21.4179313918093
166,Bhagwantnagar,KRIPA SHANKAR SINGH,M,62,GEN,LD,18917,71,18988,409687,234335,8.19844131171607
166,Bhagwantnagar,None of the Above,,,,NOTA,2729,1,2730,409687,234335,1.17873102912286
166,Bhagwantnagar,ARJUN SINGH,M,54,GEN,BSCP,1636,0,1636,409687,234335,0.706375078258241
166,Bhagwantnagar,VINAY KUMARI SINGH,F,56,GEN,RLD,1424,2,1426,409687,234335,0.615703460633406
166,Bhagwantnagar,RAMESHWAR,M,60,GEN,IND,1342,0,1342,409687,234335,0.579434813583472
166,Bhagwantnagar,SUKHDEV,M,51,SC,SWPI,1096,0,1096,409687,234335,0.473219490080093
166,Bhagwantnagar,SHYAM KUMAR,M,54,GEN,JAM,1068,1,1069,409687,234335,0.461561710671186
166,Bhagwantnagar,RAM KUMAR PAL,M,52,GEN,RSPS,818,0,818,409687,234335,0.353187539129121
166,Bhagwantnagar,NAGENDRA,M,49,SC,BMUP,808,0,808,409687,234335,0.348869843051748
166,Bhagwantnagar,SHAILENDRA SINGH,M,40,GEN,RVLP,787,0,787,409687,234335,0.339802681289264
167,Purwa,ANIL SINGH,M,35,GEN,BSP,97447,120,97567,390082,244933,40.2813214760501
167,Purwa,UTTAM CHANDRA URF RAKESH LODHI,M,50,GEN,BJP,70989,95,71084,390082,244933,29.3476017075809
167,Purwa,UDAY RAJ,M,57,GEN,SP,67846,268,68114,390082,244933,28.1214132956807
167,Purwa,None of the Above,,,,NOTA,2717,2,2719,390082,244933,1.12256104106286
167,Purwa,CHHABINATH,M,62,GEN,RLD,1318,0,1318,390082,244933,0.544146911408919
167,Purwa,SHIV SHANKAR KUSHWAHA,M,53,GEN,BMUP,1033,0,1033,390082,244933,0.426482366832636
167,Purwa,CHHEDI LAL YADAV,M,56,GEN,LD,962,0,962,390082,244933,0.397169445201351
167,Purwa,BAIJNATH PAL,M,37,GEN,IND,961,0,961,390082,244933,0.396756587150206
167,Purwa,DR. RAJENDRA SINGH KUSHWAHA,M,52,GEN,JAM,597,0,597,390082,244933,0.246476256533479
167,Purwa,VINOD KUMAR PAL,M,31,GEN,RSPS,578,0,578,390082,244933,0.238631953561726
168,Malihabad,JAI DEVI,F,52,SC,BJP,94628,49,94677,340477,227724,41.8865470375876
168,Malihabad,RAJBALA,F,31,SC,SP,71904,105,72009,340477,227724,31.8578785304736
168,Malihabad,SATYA KUMAR GAUTAM,M,45,SC,BSP,53382,99,53481,340477,227724,23.6608090889786
168,Malihabad,JAGDISH RAWAT,M,48,SC,RLD,1971,1,1972,340477,227724,0.872442839951865
168,Malihabad,None of the Above,,,,NOTA,1692,0,1692,340477,227724,0.748566574644298
168,Malihabad,KALLU,M,52,SC,BMUP,1351,0,1351,340477,227724,0.597702980109011
168,Malihabad,PAWAN KUMAR SAROJ,M,30,SC,RASHVIP,897,0,897,340477,227724,0.396846464217456
168,Malihabad,RAMESH KUMAR,M,45,SC,IND,853,0,853,340477,227724,0.377380193954838
168,Malihabad,JITENDRA KUMAR,M,35,SC,IND,791,1,792,340477,227724,0.350392864727118
169,Bakshi Kaa Talab,AVINASH TRIVEDI,M,46,GEN,BJP,96257,225,96482,395864,264762,36.7563078353163
169,Bakshi Kaa Talab,NAKUL DUBEY,M,51,GEN,BSP,78770,128,78898,395864,264762,30.0574114922035
169,Bakshi Kaa Talab,GOMTI YADAV,M,55,GEN,SP,74829,166,74995,395864,264762,28.5705033696393
169,Bakshi Kaa Talab,RAJENDRA PRASAD YADAV,M,59,GEN,LD,4278,5,4283,395864,264762,1.63167499076159
169,Bakshi Kaa Talab,None of the Above,,,,NOTA,2269,2,2271,395864,264762,0.865172520200693
169,Bakshi Kaa Talab,CHOTELAL,M,70,SC,CPM,1932,0,1932,395864,264762,0.736025235150919
169,Bakshi Kaa Talab,ANNPURNA JAUHARI,F,30,GEN,PDD,1136,1,1137,395864,264762,0.433157708264283
169,Bakshi Kaa Talab,DINESH KUMAR SHUKLA,M,46,GEN,IND,1133,0,1133,395864,264762,0.431633846493785
169,Bakshi Kaa Talab,CHHAYA ASTHANA,F,58,GEN,BSCP,951,0,951,395864,264762,0.362298135936089
169,Bakshi Kaa Talab,SUNIL KUMAR,M,45,SC,RAJAP,852,0,852,395864,264762,0.324582557116244
169,Bakshi Kaa Talab,AJEET KUMAR,M,25,SC,IND,685,1,686,395864,264762,0.261342293640544
169,Bakshi Kaa Talab,RAKES YADAV RANA,M,46,GEN,MNVP,600,0,600,395864,264762,0.22857926557482
169,Bakshi Kaa Talab,ANOOP KUMAR,M,44,GEN,RASHVIP,542,0,542,395864,264762,0.206483269902587
170,Sarojini Nagar,SWATI SINGH,F,38,GEN,BJP,108176,330,108506,498573,290847,37.5555947819646
170,Sarojini Nagar,ANURAG ALIAS ANURAG YADAV,M,43,GEN,SP,74129,198,74327,498573,290847,25.7257174106417
170,Sarojini Nagar,SHIV SHANKAR SINGH ALIAS SHANKARI SINGH,M,44,GEN,BSP,71492,299,71791,498573,290847,24.8479688219271
170,Sarojini Nagar,RUDRA DAMAN SINGH,M,42,GEN,IND,20587,20,20607,498573,290847,7.13239951405401
170,Sarojini Nagar,SHARDA PRATAP SHUKLA,M,72,GEN,RLD,4481,8,4489,498573,290847,1.55371191432952
170,Sarojini Nagar,KAMLESH KUMAR,M,60,GEN,RSOSP,3376,2,3378,498573,290847,1.16917773370575
170,Sarojini Nagar,None of the Above,,,,NOTA,1920,6,1926,498573,290847,0.666618210514293
170,Sarojini Nagar,RAM DULAR SINGH,M,46,GEN,IND,1221,0,1221,498573,290847,0.422606871774637
170,Sarojini Nagar,PRAMOD KUMAR,M,34,GEN,IND,966,4,970,498573,290847,0.335731912875838
170,Sarojini Nagar,SANJAY,M,39,GEN,IND,936,0,936,498573,290847,0.323963990156479
170,Sarojini Nagar,BRIJMOHAN SINGH,M,42,GEN,IND,627,0,627,498573,290847,0.217014339559949
170,Sarojini Nagar,SUNITA,F,41,GEN,BSCP,584,0,584,498573,290847,0.2021313784737
170,Sarojini Nagar,LALAN SINGH,M,55,GEN,BKRP,522,0,522,498573,290847,0.180672225279575
170,Sarojini Nagar,JIMIDAR,M,37,GEN,IND,363,0,363,498573,290847,0.125639880797865
170,Sarojini Nagar,SUSHIL KUMAR SINGH,M,44,GEN,RSJNP,306,0,306,498573,290847,0.105911304474233
170,Sarojini Nagar,SHAILENDRA SINGH,M,36,GEN,OP,294,0,294,498573,290847,0.101757919985048
171,Lucknow West,SURESH KUMAR SHRIVASTAV,M,72,GEN,BJP,92824,198,93022,387874,217554,42.8832882320129
171,Lucknow West,MOD REHAN,M,43,GEN,SP,79834,116,79950,387874,217554,36.8570756826281
171,Lucknow West,ARMAAN KHAN,M,44,GEN,BSP,36108,139,36247,387874,217554,16.7099239808408
171,Lucknow West,MOHAMMAD TAUHEED SIDDIQUI,M,37,GEN,AIMIM,1768,2,1770,387874,217554,0.815972782467188
171,Lucknow West,MANOJ KUMAR GUPTA,M,40,GEN,IND,1049,4,1053,387874,217554,0.485434655332175
171,Lucknow West,MOD RAFIQ ANSARI,M,46,GEN,IND,746,0,746,387874,217554,0.343907172723459
171,Lucknow West,None of the Above,,,,NOTA,632,3,635,387874,217554,0.292735998229754
171,Lucknow West,MOD AKRAM KHAN,M,47,GEN,CPI,596,0,596,387874,217554,0.274756936921155
171,Lucknow West,PRAMOD SINGH YADAV,M,28,GEN,RLD,581,2,583,387874,217554,0.268763916484955
171,Lucknow West,JAY SINGH ALYAS  MANAVTAVADI,M,56,GEN,IND,565,0,565,387874,217554,0.260465888188679
171,Lucknow West,GULAB AHAMAD,M,45,GEN,BHKRDL,537,0,537,387874,217554,0.247557844172249
171,Lucknow West,SYYED HASAN KAUSAR,M,42,GEN,IND,499,0,499,387874,217554,0.230039784435665
171,Lucknow West,PRASHANT SONI,M,27,GEN,BSCP,287,0,287,387874,217554,0.132307451168408
171,Lucknow West,NITIN DWIVEDI,M,36,GEN,IND,248,0,248,387874,217554,0.114328389859809
171,Lucknow West,SURAT SINGH,M,60,GEN,LD,231,0,231,387874,217554,0.106491363135548
171,Lucknow West,HASAN IMAAM ABDI,M,38,GEN,RASHVIP,228,0,228,387874,217554,0.105108358419502
171,Lucknow West,SHTENDRA KUMAR VERMA,M,33,SC,BMUP,182,0,182,387874,217554,0.0839022861067956
171,Lucknow West,SYYED FARHAT AZMI,M,38,GEN,ABVCP,175,0,175,387874,217554,0.0806752751026881
172,Lucknow North,DR.NEERAJ BORA,M,49,GEN,BJP,109181,134,109315,403296,226447,48.5678234559728
172,Lucknow North,ABHISHEK MISHR,M,39,GEN,SP,81963,76,82039,403296,226447,36.449304015959
172,Lucknow North,AJAY KUMAR SRIVASTAVA,M,40,GEN,BSP,29903,52,29955,403296,226447,13.3087787734864
172,Lucknow North,None of the Above,,,,NOTA,1370,0,1370,403296,226447,0.608680584866512
172,Lucknow North,SANJAY SINGH RANA,M,36,GEN,IND,749,0,749,403296,226447,0.332775005886874
172,Lucknow North,"DR,SEEMA SINGH",F,36,GEN,SARSAMP,663,0,663,403296,226447,0.294565859683575
172,Lucknow North,ASHUTOSH SINGH CHAUHAN,M,36,GEN,IND,599,0,599,403296,226447,0.266131146229957
172,Lucknow North,AMAR KUMAR RAIZADA,M,64,GEN,ABJS,544,0,544,403296,226447,0.241695064355754
172,Lucknow North,ANSAR AHMAD,M,32,GEN,IND,229,0,229,403296,226447,0.101742959076227
172,Lucknow North,SOMESHWAR PANDAY,M,44,GEN,ISSP,216,0,216,403296,226447,0.0959671579059611
172,Lucknow North,NEERAJ KUMAR JAISAWAL,M,42,GEN,NYP,194,0,194,403296,226447,0.0861927251562798
172,Lucknow North,HEMLATA SHARMA,F,25,GEN,PDD,174,0,174,403296,226447,0.0773068772020242
172,Lucknow North,KAFEEL AHMAD KHAN,M,36,GEN,RASHVIP,139,0,139,403296,226447,0.0617566432820768
172,Lucknow North,HASAN AGHA JAFRI,M,37,GEN,MANBP,134,0,134,403296,226447,0.0595351812935129
172,Lucknow North,SHAMBHU PRASAD DIVEDI,M,61,GEN,FJP,127,0,127,403296,226447,0.0564251345095234
173,Lucknow East,ASHUTOSH TANDAN &QUOT;GOPAL JI&QUOT;,M,56,GEN,BJP,134394,773,135167,422793,228115,59.7111782584111
173,Lucknow East,ANURAG SINGH,M,46,GEN,INC,55667,270,55937,422793,228115,24.7106481481481
173,Lucknow East,SAROJ KUMAR SHUKLA,M,62,GEN,BSP,31109,281,31390,422793,228115,13.8668009612666
173,Lucknow East,None of the Above,,,,NOTA,1730,17,1747,422793,228115,0.77175219112242
173,Lucknow East,ROHIT AGARWAL,M,31,GEN,RLD,917,4,921,422793,228115,0.406859626802375
173,Lucknow East,AKHILESH KUMAR SINGH,M,35,GEN,AIFB,511,1,512,422793,228115,0.226180378852135
173,Lucknow East,PRABHU NATH RAI,M,54,GEN,IND,413,3,416,422793,228115,0.183771557817359
173,Lucknow East,R.D. SHUKLA,M,66,GEN,IND,318,0,318,422793,228115,0.140479219677693
173,Lucknow East,SUBHASH CHANDRA MAURYA,M,39,GEN,JAM,311,5,316,422793,228115,0.139595702572802
173,Lucknow East,RATISH CHANDRA UPADHYAYA,M,64,GEN,UKKD,258,1,259,422793,228115,0.114415465083404
173,Lucknow East,TEJ KUMAR SHUKLA,M,62,GEN,ISSP,225,0,225,422793,228115,0.0993956743002545
173,Lucknow East,SANT AMRITA YOGI,F,56,GEN,PDD,217,0,217,422793,228115,0.0958616058806899
173,Lucknow East,SHRAVAN KUMAR SHUKLA,M,31,GEN,RASHVIP,184,0,184,422793,228115,0.0812835736499859
173,Lucknow East,DURGESH KUMAR TIWARI,M,28,GEN,JSK,182,0,182,422793,228115,0.0804000565450947
173,Lucknow East,KAILASH BAHADUR SINGH,M,37,GEN,IND,179,0,179,422793,228115,0.079074780887758
173,Lucknow East,PRADEEP KUMAR SINGH (P.K. SINGH),M,62,GEN,SABHP,144,1,145,422793,228115,0.0640549901046084
174,Lucknow Central,BRIJESH PATHAK,M,50,GEN,BJP,78228,172,78400,366952,195025,40.3705439209891
174,Lucknow Central,RAVIDAS MEHROTRA,M,61,GEN,SP,73197,109,73306,366952,195025,37.7474884269391
174,Lucknow Central,RAJEEV SRIVASTAVA,M,51,GEN,BSP,24231,82,24313,366952,195025,12.519502989171
174,Lucknow Central,ABDUL MAROOF KHAN,M,53,GEN,INC,12892,29,12921,366952,195025,6.65341579085587
174,Lucknow Central,MOHAMMAD IRFAN,M,58,GEN,AIMIM,2314,0,2314,366952,195025,1.19154896215776
174,Lucknow Central,None of the Above,,,,NOTA,819,5,824,366952,195025,0.42430265549611
174,Lucknow Central,RAMESH CHANDRA,M,63,GEN,RLD,554,0,554,366952,195025,0.285271445564132
174,Lucknow Central,SANT ANSHUMALI YOGI,M,26,GEN,PDD,503,0,503,366952,195025,0.259009994799203
174,Lucknow Central,SHYAM SONKAR,M,39,SC,SHS,254,0,254,366952,195025,0.13079232341749
174,Lucknow Central,AMIT SINGH AKA ANNA,M,32,GEN,RAJAP,252,0,252,366952,195025,0.129762462603179
174,Lucknow Central,HASEEN KHAN,M,35,GEN,NEP,233,0,233,366952,195025,0.119978784867225
174,Lucknow Central,SURESH KUMAR SRIVASTAVA,M,65,GEN,SWPI,225,0,225,366952,195025,0.115859341609981
174,Lucknow Central,MOHAMMAD ARSHAD ALI,M,34,GEN,JSVP,210,0,210,366952,195025,0.108135385502649
174,Lucknow Central,VINOD KUMAR TRIVEDI,M,46,GEN,SP(I),179,0,179,366952,195025,0.0921725428808297
174,Lucknow Central,SARVAN KUMAR AGARWAL,M,68,GEN,RASHVIP,177,0,177,366952,195025,0.0911426820665187
174,Lucknow Central,SITA RAM,M,46,SC,UPRP,165,0,165,366952,195025,0.084963517180653
174,Lucknow Central,ANJU VISHWAKARMA,F,33,GEN,MASPA,104,0,104,366952,195025,0.0535527623441692
174,Lucknow Central,DR. NAFEES AHMAD,M,57,GEN,RAIP,91,0,91,366952,195025,0.046858667051148
175,175-LUCKNOW CANTT.,DR. REETA JOSHI,F,67,GEN,BJP,95103,299,95402,368311,187433,51.2134762699763
175,175-LUCKNOW CANTT.,APARNA YADAV,F,28,GEN,SP,61436,170,61606,368311,187433,33.0711873869328
175,175-LUCKNOW CANTT.,YOGESH DIXIT,M,55,GEN,BSP,25868,168,26036,368311,187433,13.9765840146444
175,175-LUCKNOW CANTT.,None of the Above,,,,NOTA,1145,5,1150,368311,187433,0.617340283332349
175,175-LUCKNOW CANTT.,VIRENDRA KUMAR SHUKLA,M,50,GEN,RLD,718,2,720,368311,187433,0.386508699129819
175,175-LUCKNOW CANTT.,KUNWAR GAURAV UPADHYAY,M,27,GEN,SHS,395,2,397,368311,187433,0.213116602159081
175,175-LUCKNOW CANTT.,CHATURI PRASAD,M,59,SC,IND,388,0,388,368311,187433,0.208285243419958
175,175-LUCKNOW CANTT.,HABIB RAHMAT SIDDIQUI,M,32,GEN,IND,252,1,253,368311,187433,0.135814862333117
175,175-LUCKNOW CANTT.,ANURAG DIXIT (MUNNA),M,44,GEN,IND,233,0,233,368311,187433,0.125078509579511
175,175-LUCKNOW CANTT.,RAJNIKANT DUBEY,M,45,GEN,SASEPA,208,0,208,368311,187433,0.111658068637503
175,175-LUCKNOW CANTT.,S.P. SINGH,M,70,GEN,ADVP,190,0,190,368311,187433,0.101995351159258
175,175-LUCKNOW CANTT.,SACHCHIDANAND SRIVASTAVA,M,60,GEN,LSWP,181,2,183,368311,187433,0.0982376276954956
175,175-LUCKNOW CANTT.,MANJU MAURYA,F,35,GEN,JAM,173,0,173,368311,187433,0.0928694513186925
175,175-LUCKNOW CANTT.,NEERAJ KUMAR PAL,M,36,GEN,BMUP,171,2,173,368311,187433,0.0928694513186925
175,175-LUCKNOW CANTT.,PRASHANT SINGH,M,31,GEN,ISSP,169,0,169,368311,187433,0.0907221807679713
175,175-LUCKNOW CANTT.,LAKHAN AWASTHI,M,46,GEN,SWPI,152,0,152,368311,187433,0.0815962809274061
176,Mohanlalganj ,AMBRISH SINGH PUSHKAR,M,42,SC,SP,71454,120,71574,341177,222570,32.6674243150357
176,Mohanlalganj ,RAM BAHADUR,M,61,SC,BSP,70967,77,71044,341177,222570,32.4255245345711
176,Mohanlalganj ,R.K. CHAUDHARY,M,58,SC,IND,55653,31,55684,341177,222570,25.4149950479007
176,Mohanlalganj ,AJAY PUSHPA RAWAT,F,47,SC,IND,9458,6,9464,341177,222570,4.31950853267244
176,Mohanlalganj ,None of the Above,,,,NOTA,3471,0,3471,341177,222570,1.58421535470267
176,Mohanlalganj ,SHRAWAN KUMAR,M,34,SC,IND,3406,0,3406,341177,222570,1.55454840049475
176,Mohanlalganj ,CHANDRA DEVI RAVAT,F,59,SC,RASHVIP,1488,0,1488,341177,222570,0.679145044021196
176,Mohanlalganj ,HIRA LAL,M,32,SC,IND,1299,0,1299,341177,222570,0.592882669478181
176,Mohanlalganj ,MALTI DEVI RAWAT,F,47,SC,IND,1132,0,1132,341177,222570,0.516661417897845
176,Mohanlalganj ,RAM KUMAR VALMIKI,M,35,SC,IND,1017,0,1017,341177,222570,0.464173729683842
176,Mohanlalganj ,CHHEDA LAL SATHI,M,59,SC,IND,1005,0,1005,341177,222570,0.45869675352238
176,Mohanlalganj ,PUSHPA RAWAT BHEEM,F,35,SC,MAKDL,935,1,936,341177,222570,0.427204140593978
176,Mohanlalganj ,MEERA DEVI,F,30,SC,IND,582,0,582,341177,222570,0.265633343830871
176,Mohanlalganj ,RAKESH KUMAR,M,42,SC,NEP,468,0,468,341177,222570,0.213602070296989
177,Bachhrawan ,RAM NARESH RAWAT,M,52,SC,BJP,65128,196,65324,312697,198147,33.5300941372124
177,Bachhrawan ,SHAHAB SHARAN,M,39,SC,INC,42797,218,43015,312697,198147,22.0791286405026
177,Bachhrawan ,SHYAM SUNDAR,M,53,SC,BSP,33422,160,33582,312697,198147,17.237272997916
177,Bachhrawan ,SUSHIL PASI,M,41,SC,IND,23220,51,23271,312697,198147,11.9447495662707
177,Bachhrawan ,RAM LAL AKELA,M,62,SC,RLD,21625,69,21694,312697,198147,11.1352927287473
177,Bachhrawan ,None of the Above,,,,NOTA,3322,3,3325,312697,198147,1.70668610321216
177,Bachhrawan ,HARISHCHANDRA,M,49,SC,IND,1527,0,1527,312697,198147,0.783792384843601
177,Bachhrawan ,CHANDIKA,M,54,SC,RAJADP,1345,1,1346,312697,198147,0.690887066142427
177,Bachhrawan ,SANT SHARAN,M,39,SC,IND,1032,0,1032,312697,198147,0.529714303312768
177,Bachhrawan ,RAM LAKHAN,M,42,SC,IND,838,2,840,312697,198147,0.43116280502202
177,Bachhrawan ,RAM NARESH,M,35,SC,PECP,780,3,783,312697,198147,0.401905328966954
177,Bachhrawan ,CHANDRA KALI,F,39,SC,IND,724,0,724,312697,198147,0.371621274804694
177,Bachhrawan ,MANJU DEVI,F,30,SC,MWSP,578,0,578,312697,198147,0.296681072979438
177,Bachhrawan ,GURU PRASAD,M,47,SC,IND,573,0,573,312697,198147,0.294114627711449
177,Bachhrawan ,SATYESH KUMAR,M,32,SC,JANADIP,533,0,533,312697,198147,0.273583065567544
178,Tiloi,MAYANKESHWAR SHARAN SINGH,M,46,GEN,BJP,95873,246,96119,339401,195746,49.7564435057641
178,Tiloi,MOHD. SAOOD,M,41,GEN,BSP,51932,140,52072,339401,195746,26.9553108774763
178,Tiloi,VINOD KUMAR MISHRA,M,59,GEN,INC,35709,128,35837,339401,195746,18.5511882761584
178,Tiloi,None of the Above,,,,NOTA,2567,0,2567,339401,195746,1.32881938512985
178,Tiloi,MO. TABARAKH,M,31,GEN,RLD,1967,0,1967,339401,195746,1.01822661883538
178,Tiloi,SITARAM,M,45,GEN,IND,1575,0,1575,339401,195746,0.815306011522992
178,Tiloi,JAG PRASAD,M,39,GEN,MADP,1372,0,1372,339401,195746,0.710222125593362
178,Tiloi,RAMKALP,M,37,SC,IND,956,0,956,339401,195746,0.494877807629194
178,Tiloi,RAGHUWANSH,M,37,GEN,IND,922,1,923,339401,195746,0.477795205482998
178,Tiloi,JASWANT SINGH,M,41,GEN,IND,687,0,687,339401,195746,0.355628717407172
178,Tiloi,IMRAN,M,35,GEN,IND,611,1,612,339401,195746,0.316804621620362
178,Tiloi,SANTOSH KUMAR,M,40,GEN,BMUP,532,0,532,339401,195746,0.275392252781099
178,Tiloi,ROHIT,M,31,GEN,LSPS,526,1,527,339401,195746,0.272803979728645
179,Harchandpur,RAKESH SINGH,M,41,GEN,INC,64808,296,65104,303815,185489,35.5540021735213
179,Harchandpur,KANCHAN LODHI,F,27,GEN,BJP,61258,194,61452,303815,185489,33.5596052710621
179,Harchandpur,MANISH KUMAR SINGH,M,31,GEN,BSP,44868,189,45057,303815,185489,24.6061175339817
179,Harchandpur,None of the Above,,,,NOTA,2375,1,2376,303815,185489,1.29755943051558
179,Harchandpur,RAKESH,M,37,GEN,IND,2275,2,2277,303815,185489,1.2434944542441
179,Harchandpur,SIRAZUL HAQ,M,63,GEN,IND,1633,0,1633,303815,185489,0.891799053043749
179,Harchandpur,ANIL KUMAR,M,34,SC,BMUP,1570,2,1572,303815,185489,0.858486289886573
179,Harchandpur,NARENDRA KUMAR YADAV,M,29,GEN,RLD,1067,1,1068,303815,185489,0.583246410686298
179,Harchandpur,SANJAY KUMAR,M,35,SC,IND,1022,1,1023,303815,185489,0.558671421471987
179,Harchandpur,RAM BARAN,M,64,GEN,JAM,936,2,938,303815,185489,0.512251997400512
179,Harchandpur,HARISHCHANDRA,M,51,SC,BKRP,773,0,773,303815,185489,0.422143703614708
179,Harchandpur,AMIT SINGH,M,37,GEN,IND,744,0,744,303815,185489,0.406306488343263
179,Harchandpur,SUNIL KUMAR TIWARI,M,31,GEN,PECP,657,0,657,303815,185489,0.35879484252893
179,Harchandpur,MOHD. IMRAN,M,26,GEN,IUML,410,0,410,303815,185489,0.223905457285938
179,Harchandpur,RAMCHANDRA,M,25,GEN,MWSP,405,0,405,303815,185489,0.221174902928793
180,Rae Bareli,ADITI SINGH,F,29,GEN,INC,127520,799,128319,351324,207329,62.9381845292107
180,Rae Bareli,MHD. SHAHBAZ KHAN,M,35,GEN,BSP,38905,251,39156,351324,207329,19.2053207508301
180,Rae Bareli,ANITA SRIVASTAVA,F,40,GEN,BJP,28572,249,28821,351324,207329,14.1361872857206
180,Rae Bareli,None of the Above,,,,NOTA,3433,15,3448,351324,207329,1.69118260161565
180,Rae Bareli,MANVENDRA SINGH,M,32,GEN,AABHAP,1529,7,1536,351324,207329,0.753380648515556
180,Rae Bareli,BHARATI PANDEY,F,49,GEN,RLD,1228,5,1233,351324,207329,0.604764544023229
180,Rae Bareli,PIYUSH SHARMA,M,31,GEN,IND,1130,1,1131,351324,207329,0.554735360332743
180,Rae Bareli,JAGDISH PRASAD,M,37,GEN,IND,630,1,631,351324,207329,0.309494263810752
180,Rae Bareli,SONU LAL,M,26,GEN,MWSP,624,4,628,351324,207329,0.30802281723162
180,Rae Bareli,DINESH KUMAR,M,30,GEN,IND,599,0,599,351324,207329,0.293798833633345
180,Rae Bareli,VISHWA NATH VERMA,M,61,GEN,RAJADP,542,1,543,351324,207329,0.266331830822882
180,Rae Bareli,RAJESH KUMAR,M,44,GEN,BMUP,480,1,481,351324,207329,0.235921934854155
180,Rae Bareli,RAMESH KUMAR,M,33,SC,JUSTIP,435,0,435,351324,207329,0.213359753974132
180,Rae Bareli,SABIR KHAN,M,29,GEN,SARP,367,1,368,351324,207329,0.180497447040185
181,Salon ,DAL BAHADUR,M,61,SC,BJP,77810,218,78028,339963,192964,41.1922459667202
181,Salon ,SURESH CHAUDHARY,M,49,SC,INC,61745,228,61973,339963,192964,32.7165512289889
181,Salon ,BRAJ LAL PASI,M,68,SC,BSP,39729,122,39851,339963,192964,21.0379888504097
181,Salon ,None of the Above,,,,NOTA,3539,1,3540,339963,192964,1.86882338035307
181,Salon ,PARASNATH DHANGAR,M,36,SC,RLD,1893,0,1893,339963,192964,0.999345383900667
181,Salon ,AMIT KUMAR,M,27,SC,MWSP,1883,1,1884,339963,192964,0.994594138018414
181,Salon ,RAJ BAHADUR,M,51,SC,IND,1419,3,1422,339963,192964,0.750696849396064
181,Salon ,SUSHIL KUMAR DHANGAR,M,37,SC,IND,1218,3,1221,339963,192964,0.644585691359068
181,Salon ,SIYA RAM,M,38,SC,IND,1156,0,1156,339963,192964,0.610271137765014
181,Salon ,RAM SAJIWAN,M,42,SC,IND,1148,1,1149,339963,192964,0.606575724301039
181,Salon ,FATEH BAHADUR,M,45,SC,JAM,847,0,847,339963,192964,0.447145029140975
182,Sareni,DHIRENDRA BAHADUR SINGH,M,46,GEN,BJP,65653,220,65873,351730,204852,32.5609099042544
182,Sareni,THAKUR PRASAD YADAV,M,49,GEN,BSP,52548,318,52866,351730,204852,26.1315723133653
182,Sareni,ASHOK KUMAR SINGH,M,60,GEN,INC,42100,132,42232,351730,204852,20.875204515909
182,Sareni,DEVENDRA PRATAP SINGH,M,59,GEN,SP,32598,194,32792,351730,204852,16.20902885219
182,Sareni,None of the Above,,,,NOTA,2541,4,2545,351730,204852,1.25798909578018
182,Sareni,HORI LAL,M,59,SC,IND,2036,0,2036,351730,204852,1.00639127662414
182,Sareni,ASHOK KUMAR,M,44,SC,IND,1154,0,1154,351730,204852,0.570420202958869
182,Sareni,RATNA PANDEY,F,38,GEN,RLD,1138,1,1139,351730,204852,0.563005728916943
182,Sareni,RAM BAHADUR,M,56,GEN,JANADIP,1045,3,1048,351730,204852,0.518024586395923
182,Sareni,KAMLESH KUMAR,M,42,SC,BMUP,943,5,948,351730,204852,0.468594759449747
182,Sareni,SHASHI LATA,F,26,GEN,MWSP,835,0,835,351730,204852,0.412739055000568
182,Sareni,RAM NARAYAN,M,46,GEN,SDU,732,1,733,351730,204852,0.362320631515469
182,Sareni,PUSHPANT KUMAR,M,29,GEN,RAJADP,651,0,651,351730,204852,0.321788173419605
183,Unchahar,MANOJ KUMAR PANDEY,M,42,GEN,SP,58851,252,59103,325371,207088,28.891191811156
183,Unchahar,UTKRIST MAURYA,M,31,GEN,BJP,56956,213,57169,325371,207088,27.9457987691315
183,Unchahar,VIVEK VIKRAM SINGH,M,31,GEN,BSP,45158,198,45356,325371,207088,22.1712754984822
183,Unchahar,AJAI PAL SINGH,M,47,GEN,INC,34125,149,34274,325371,207088,16.7540853786705
183,Unchahar,None of the Above,,,,NOTA,2514,3,2517,325371,207088,1.23037967258311
183,Unchahar,MO.JUNAID,M,30,GEN,BMUP,1997,3,2000,325371,207088,0.977655679446256
183,Unchahar,MANJU PAL,F,33,GEN,IND,1587,0,1587,325371,207088,0.775769781640604
183,Unchahar,RADHESHYAM,M,49,GEN,RLD,1295,0,1295,325371,207088,0.633032052441451
183,Unchahar,RAM PAL,M,67,SC,IND,1280,2,1282,325371,207088,0.62667729052505
183,Unchahar,SUDHIR KUMAR,M,36,GEN,JANADIP,697,0,697,325371,207088,0.34071300428702
183,Unchahar,MAHENDRA SINGH,M,38,GEN,RJAP,673,1,674,325371,207088,0.329469963973388
183,Unchahar,AMAR NATH,M,40,GEN,IND,587,0,587,325371,207088,0.286941941917476
183,Unchahar,VIJAY KUMAR,M,30,GEN,MWSP,547,0,547,325371,207088,0.267388828328551
184,Jagdishpur ,SURESH KUMAR,M,35,SC,BJP,84098,121,84219,361697,192972,44.3566056418143
184,Jagdishpur ,RADHEY SHYAM,M,47,SC,INC,67442,177,67619,361697,192972,35.6136895106074
184,Jagdishpur ,JAGDUTT,M,38,SC,BSP,31289,49,31338,361697,192972,16.5051509469737
184,Jagdishpur ,None of the Above,,,,NOTA,3103,1,3104,361697,192972,1.63481998019677
184,Jagdishpur ,TILAKRAJ,M,34,SC,MBCOI,1865,0,1865,361697,192972,0.982261360524154
184,Jagdishpur ,SHOBH NATH,M,40,SC,IND,1239,0,1239,361697,192972,0.652558619672615
184,Jagdishpur ,RAMESHWAR,M,53,SC,IND,1199,0,1199,361697,192972,0.631491351886574
184,Jagdishpur ,RAKENDRA KUMAR,M,29,SC,IND,864,0,864,361697,192972,0.455052984178482
184,Jagdishpur ,RANJANA DEVI,F,29,SC,KTKD,813,0,813,361697,192972,0.42819221775128
184,Jagdishpur ,MUNNA LAL ALIAS RAM JAG,M,32,SC,IND,712,0,712,361697,192972,0.374997366591527
185,Gauriganj,RAKESH PRATAP SINGH,M,44,GEN,SP,77687,228,77915,335745,201048,38.9783534190792
185,Gauriganj,MOHAMMAD NAYEEM,M,54,GEN,INC,51382,114,51496,335745,201048,25.7617825536662
185,Gauriganj,VIJAY KISHOR,M,38,GEN,BSP,33710,138,33848,335745,201048,16.9330591866649
185,Gauriganj,UMA SHANKAR PANDEY,M,65,GEN,BJP,23587,55,23642,335745,201048,11.8273276202768
185,Gauriganj,RAVINDRA KUMAR,M,36,GEN,RLD,1876,0,1876,335745,201048,0.938502098622763
185,Gauriganj,RAM ACHAL,M,58,GEN,IND,1750,0,1750,335745,201048,0.875468375580936
185,Gauriganj,MO. HASSAN LAHRI,M,36,GEN,SARSAMP,1547,0,1547,335745,201048,0.773914044013547
185,Gauriganj,None of the Above,,,,NOTA,1154,1,1155,335745,201048,0.577809127883418
185,Gauriganj,MO. MASOOM,M,28,GEN,IND,1017,0,1017,335745,201048,0.508772193123321
185,Gauriganj,SHRIRAM BAURASI,M,44,SC,IND,975,0,975,335745,201048,0.487760952109379
185,Gauriganj,HARISHCHANDRA,M,47,GEN,MWSP,901,0,901,335745,201048,0.450741146513385
185,Gauriganj,DINESH SHUKLA,M,27,GEN,AVIRP,800,0,800,335745,201048,0.400214114551285
185,Gauriganj,VINOD KUMAR MAURYA,M,33,GEN,BMUP,621,3,624,335745,201048,0.312167009350002
185,Gauriganj,KANS RAJ,M,40,GEN,KTKD,593,0,593,335745,201048,0.29665871241114
185,Gauriganj,JAGPAT LAL,M,56,GEN,IND,557,0,557,335745,201048,0.278649077256332
185,Gauriganj,DR. BAJRANG BAHADUR SINGH,M,41,GEN,LD,541,0,541,335745,201048,0.270644794965306
185,Gauriganj,SHARAD KUMAR PANDEY,M,36,GEN,IND,538,0,538,335745,201048,0.269143992035739
185,Gauriganj,HARI BAKSA,M,48,GEN,IND,529,0,529,335745,201048,0.264641583247037
185,Gauriganj,RAM BHAWAN,M,35,GEN,MANPA,424,0,424,335745,201048,0.212113480712181
185,Gauriganj,MAHADEV PRASAD,M,32,GEN,VP,320,0,320,335745,201048,0.160085645820514
186,Amethi,GARIMA SINGH,F,61,GEN,BJP,63912,314,64226,334587,187717,34.3412307577143
186,Amethi,GAYTRI PRASAD,M,49,GEN,SP,58941,220,59161,334587,187717,31.6330077049347
186,Amethi,RAM JI,M,31,GEN,BSP,30055,120,30175,334587,187717,16.1343791940029
186,Amethi,AMEETA SINH,F,54,GEN,INC,20180,111,20291,334587,187717,10.8494677125273
186,Amethi,BHAGWANDEEN,M,49,SC,IND,1331,0,1331,334587,187717,0.711677173395786
186,Amethi,KESH KUMARI,F,34,GEN,IND,1245,0,1245,334587,187717,0.665693524325885
186,Amethi,KAILASH YADAV,M,38,GEN,IND,1178,0,1178,334587,187717,0.62986905353887
186,Amethi,RAMBARAN,M,42,SC,IND,994,0,994,334587,187717,0.531485432273036
186,Amethi,RAMKUMAR,M,38,GEN,IND,861,0,861,334587,187717,0.460371184292841
186,Amethi,GANESH KUMAR,M,40,GEN,BMUP,839,1,840,334587,187717,0.449142618822284
186,Amethi,HARI OM,M,43,GEN,IND,781,1,782,334587,187717,0.418130390379793
186,Amethi,RAJENDRA PRASAD,M,51,GEN,IND,699,0,699,334587,187717,0.373750822091401
186,Amethi,None of the Above,,,,NOTA,693,1,694,334587,187717,0.37107735412222
186,Amethi,KIRAN,F,25,GEN,IND,637,0,637,334587,187717,0.340599819273565
186,Amethi,KIRAN DEVI,F,30,GEN,BKRD,634,0,634,334587,187717,0.338995738492057
186,Amethi,BABU LAL,M,48,GEN,LD,515,0,515,334587,187717,0.275367200825567
186,Amethi,MATHURA,M,46,SC,IND,505,0,505,334587,187717,0.270020264887206
186,Amethi,SHIV NARAYAN,M,37,SC,IND,501,0,501,334587,187717,0.267881490511862
186,Amethi,KAMLESH,F,38,GEN,IND,485,0,485,334587,187717,0.259326393010485
186,Amethi,SHAILENDRA KUMAR SINGH,M,25,GEN,IND,400,0,400,334587,187717,0.213877437534421
186,Amethi,NATHU RAM,M,59,GEN,JPS,385,0,385,334587,187717,0.20585703362688
186,Amethi,VED PRAKASH,M,62,GEN,IND,345,0,345,334587,187717,0.184469289873438
186,Amethi,SANTOSH KUMAR MISHRA,M,45,GEN,RSHJP,305,0,305,334587,187717,0.163081546119996
186,Amethi,RAJESH PRAJAPATI,M,33,GEN,JANADIP,281,0,281,334587,187717,0.150248899867931
186,Amethi,REETA CHAUHAN,F,31,GEN,BHANYD,247,0,247,334587,187717,0.132069317677505
187,Isauli,ABRAR AHMAD,M,66,GEN,SP,51347,236,51583,339883,191509,27.2561069045141
187,Isauli,OM PRAKASH PANDEY &QUOT;BAJRANGEE&QUOT;,M,48,GEN,BJP,47203,139,47342,339883,191509,25.0151913047614
187,Isauli,YASH BHADRA SINGH &QUOT;MONU&QUOT;,M,38,GEN,RLD,42888,138,43026,339883,191509,22.7346462143269
187,Isauli,DR. SHAILENDRA TRIPATHI,M,42,GEN,BSP,24892,69,24961,339883,191509,13.1892228921074
187,Isauli,SHIV KUMAR SINGH,M,38,GEN,MBCOI,11433,12,11445,339883,191509,6.04746027804051
187,Isauli,HAJI MOHD. DAUD KHAN,M,57,GEN,AIMIM,3863,2,3865,339883,191509,2.04223975313469
187,Isauli,None of the Above,,,,NOTA,2255,1,2256,339883,191509,1.19205507970812
187,Isauli,SHAHABUDDIN,M,40,GEN,IND,1808,1,1809,339883,191509,0.955863315244673
187,Isauli,HANSRAJ YADAV,M,40,GEN,IND,1356,4,1360,339883,191509,0.718614764363048
187,Isauli,RAM SUMER YADAV,M,60,GEN,IND,1232,1,1233,339883,191509,0.651508826808558
187,Isauli,MOHD. AKBAL,M,57,GEN,IND,1176,2,1178,339883,191509,0.622447200308582
187,Isauli,RAM MURTI,M,41,SC,BMUP,903,1,904,339883,191509,0.477667461017791
187,Isauli,RIZWAN,M,43,GEN,AIPJSP,547,0,547,339883,191509,0.289031085372491
188,Sultanpur,SURYA BHAN SINGH,M,66,GEN,BJP,86500,286,86786,360898,204858,42.6207126861274
188,Sultanpur,MUJEEB AHMAD,M,42,GEN,BSP,54251,142,54393,360898,204858,26.712470042824
188,Sultanpur,ANOOP SANDA,M,48,GEN,SP,53002,236,53238,360898,204858,26.1452481043492
188,Sultanpur,RAM DULAR PATHAK,M,57,GEN,SARSAMP,1857,2,1859,360898,204858,0.912957215259498
188,Sultanpur,None of the Above,,,,NOTA,1233,1,1234,360898,204858,0.606018936864024
188,Sultanpur,ASHUTOSH PANDEY,M,47,GEN,CPI,1201,0,1201,360898,204858,0.589812595764743
188,Sultanpur,LALJI SRIVASTAVA,M,67,GEN,PMSP,1070,1,1071,360898,204858,0.525969433858484
188,Sultanpur,UMESH SHUKLA,M,45,GEN,IND,982,0,982,360898,204858,0.482261423014969
188,Sultanpur,ANUJ KUMAR,M,36,GEN,RAJAP,962,0,962,360898,204858,0.472439398106314
188,Sultanpur,BASANT LAL,M,44,GEN,RLD,688,1,689,360898,204858,0.338368758103171
188,Sultanpur,SATISH SINGH,M,47,GEN,IND,477,0,477,360898,204858,0.234255294071426
188,Sultanpur,POONAM,F,30,GEN,BMUP,470,4,474,360898,204858,0.232781990335127
188,Sultanpur,ABDUL MABOOD IDARISI,M,48,GEN,ADPT,460,0,460,360898,204858,0.225906572899069
188,Sultanpur,DARSHAN,M,26,GEN,IND,436,0,436,360898,204858,0.214120143008683
188,Sultanpur,RAKESH KUMAR,M,26,SC,MBCOI,329,0,329,360898,204858,0.161572309747378
188,Sultanpur,DEEPSHIKHA,F,54,GEN,SATSHIP,267,0,267,360898,204858,0.131124032530547
189,Sadar,SITARAM,M,68,GEN,BJP,68760,190,68950,324237,189249,36.809848703247
189,Sadar,RAJ PRASAD UPADHAYAY,M,52,GEN,BSP,49971,206,50177,324237,189249,26.7876400055522
189,Sadar,ARUN VERMA,M,31,GEN,SP,49417,275,49692,324237,189249,26.5287164867549
189,Sadar,SANATYA KUMAR URF BABLOO,M,42,GEN,NINSHAD,10981,13,10994,324237,189249,5.86928900135601
189,Sadar,None of the Above,,,,NOTA,1933,2,1935,324237,189249,1.03302476056248
189,Sadar,AWDHESH NARAYAN,M,35,GEN,RLD,1217,2,1219,324237,189249,0.650778906008093
189,Sadar,CHHOTELAL,M,43,GEN,MBCOI,1081,1,1082,324237,189249,0.577639685234419
189,Sadar,GHANSHYAM,M,34,GEN,IND,959,0,959,324237,189249,0.511974545415719
189,Sadar,ROHIT MAURYA,M,26,GEN,IND,837,0,837,324237,189249,0.446843268522374
189,Sadar,GOVIND KUMAR,M,31,GEN,IND,837,0,837,324237,189249,0.446843268522374
189,Sadar,ABHISHESH,M,37,GEN,IND,740,2,742,324237,189249,0.396126290613622
189,Sadar,PREMCHANDRA,M,34,GEN,BMUP,698,1,699,324237,189249,0.373170184823345
189,Sadar,SATISH,M,34,GEN,IND,692,0,692,324237,189249,0.369433144345858
189,Sadar,ASHOK KUMAR,M,41,GEN,IND,434,0,434,324237,189249,0.231696509604194
190,Lambhua,DEOMANI DWIVEDI,M,54,GEN,BJP,78369,258,78627,350944,201692,39.3317892820161
190,Lambhua,VINOD SINGH,M,59,GEN,BSP,65476,248,65724,350944,201692,32.8772879388916
190,Lambhua,SANTOSH PANDEY,M,41,GEN,SP,47367,266,47633,350944,201692,23.8275798246184
190,Lambhua,None of the Above,,,,NOTA,1784,1,1785,350944,201692,0.89291520557059
190,Lambhua,ARVIND KUMAR YADAV,M,25,GEN,RLD,1702,0,1702,350944,201692,0.851395899093078
190,Lambhua,CHHOTE LAL,M,48,GEN,IND,1512,1,1513,350944,201692,0.75685193615031
190,Lambhua,JAI PRAKASH MAURYA,M,42,GEN,SUCI,840,2,842,350944,201692,0.421195856073074
190,Lambhua,SANJEEV,M,38,GEN,IND,836,0,836,350944,201692,0.418194460424097
190,Lambhua,BABULAL,M,42,GEN,BMUP,787,3,790,350944,201692,0.395183760448609
190,Lambhua,KAMLESH SHUKLA,M,40,GEN,IND,620,1,621,350944,201692,0.310644449669096
190,Lambhua,DR. H.R.YADAV,M,59,GEN,SSSP,508,0,508,350944,201692,0.2541181649467
190,Lambhua,BHASKAR DEV,M,61,GEN,PSAVKP,395,0,395,350944,201692,0.197591880224304
190,Lambhua,ARVIND KUMAR,M,35,GEN,IND,364,0,364,350944,201692,0.182084669371258
190,Lambhua,DR. SHIV SHANKAR INDIAN,M,33,GEN,MBCOI,352,0,352,350944,201692,0.176081878073304
191,Kadipur ,RAJESH GAUTAM,M,40,SC,BJP,87136,217,87353,358264,210538,42.0330093350014
191,Kadipur ,BHAGELURAM,M,59,SC,BSP,60562,187,60749,358264,210538,29.2315465306515
191,Kadipur ,ANGAD KUMAR,M,36,SC,INC,31901,141,32042,358264,210538,15.4181503223944
191,Kadipur ,SHITALA PRASAD,M,26,SC,NINSHAD,17260,6,17266,358264,210538,8.30815128476566
191,Kadipur ,HANSRAJ RAVI,M,63,SC,IND,3056,1,3057,358264,210538,1.47098450582235
191,Kadipur ,None of the Above,,,,NOTA,2716,2,2718,358264,210538,1.30786257338081
191,Kadipur ,RAMNAYAK,M,49,SC,RLD,1738,0,1738,358264,210538,0.83630064478876
191,Kadipur ,RAM SINGAAR,M,63,SC,IND,1644,0,1644,358264,210538,0.791069194495236
191,Kadipur ,RAM KEVAL,M,39,SC,IND,1023,0,1023,358264,210538,0.492252911173131
191,Kadipur ,RAKESH KUMAR,M,30,SC,BMUP,1000,0,1000,358264,210538,0.48118564142046
191,Kadipur ,MOTI,M,42,SC,MNVP,981,0,981,358264,210538,0.472043114233471
191,Kadipur ,BALIKARAN,M,28,SC,MBCOI,967,0,967,358264,210538,0.465306515253585
192,Kaimganj ,AMAR SINGH,M,72,SC,BJP,116166,138,116304,381567,233683,50.1918271699774
192,Kaimganj ,DR. SURABHI,F,32,SC,SP,79544,235,79779,381567,233683,34.4292008855553
192,Kaimganj ,RAM SWAROOP GAUTAM,M,63,SC,BSP,31349,88,31437,381567,233683,13.5668633128919
192,Kaimganj ,None of the Above,,,,NOTA,1964,0,1964,381567,233683,0.847578316840656
192,Kaimganj ,COMRADE HARISH CHANDRA NAGAR,M,52,SC,CPI,1270,0,1270,381567,233683,0.548077628506942
192,Kaimganj ,VIMLA DEVI,F,47,SC,IND,1144,1,1145,381567,233683,0.494132980031849
192,Kaimganj ,MANI RAM,M,62,SC,JAM,621,0,621,381567,233683,0.26799701362426
192,Kaimganj ,NITIN ANAND,M,33,SC,IND,597,2,599,381567,233683,0.258502755492644
192,Kaimganj ,RAM NIVASH,M,39,SC,BSCP,564,0,564,381567,233683,0.243398253919618
193,Amritpur,SUSHIL KUMAR SHAKYA,M,67,GEN,BJP,93367,135,93502,298668,174640,53.9258319395582
193,Amritpur,NARENDRA SINGH YADAV,M,67,GEN,SP,52728,267,52995,298668,174640,30.5640463694561
193,Amritpur,ARUN KUMAR MISHRA,M,49,GEN,BSP,16453,47,16500,298668,174640,9.51611973008824
193,Amritpur,SHISHU PRATAP SINGH,M,31,GEN,IND,3250,2,3252,298668,174640,1.87554068862103
193,Amritpur,SANJAY SOMBANSHI,M,41,GEN,JAM,2086,5,2091,298668,174640,1.20595190034027
193,Amritpur,BRIJENDRA SINGH,M,55,GEN,RLD,1285,1,1286,298668,174640,0.741680604417786
193,Amritpur,None of the Above,,,,NOTA,1248,2,1250,298668,174640,0.720918161370321
193,Amritpur,ASIF MIRZA,M,31,GEN,PSWAM,891,0,891,298668,174640,0.513870465424765
193,Amritpur,BANKELAL,M,61,GEN,IND,640,1,641,298668,174640,0.369686833150701
193,Amritpur,PRADEEP KUMAR,M,30,GEN,LD,613,0,613,298668,174640,0.353538266336006
193,Amritpur,PUNEET KUMAR,M,32,GEN,IND,521,0,521,298668,174640,0.30047868965915
193,Amritpur,RAJEEV,M,38,GEN,IND,423,0,423,298668,174640,0.243958705807717
193,Amritpur,RAGHUVEER SINGH GANGWAR,M,61,GEN,ABHM,347,0,347,298668,174640,0.200126881596401
193,Amritpur,UMESH KUMAR,M,42,GEN,BSRD,328,0,328,298668,174640,0.189168925543572
194,Farrukhabad,MEJOR SUNIL DUTT DWIVEDI,M,51,GEN,BJP,93264,362,93626,355345,207982,45.0942332978524
194,Farrukhabad,MOHD. UMAR KHAN,M,57,GEN,BSP,48010,189,48199,355345,207982,23.2146727482023
194,Farrukhabad,VIJAY SINGH,M,61,GEN,SP,35840,172,36012,355345,207982,17.3448991682039
194,Farrukhabad,MANOJ AGARWAL,M,52,GEN,IND,20550,106,20656,355345,207982,9.94880143336721
194,Farrukhabad,VEENA KUREEL,F,59,SC,IND,932,0,932,355345,207982,0.448890537175554
194,Farrukhabad,SARVESH SHAKYA,M,39,GEN,MD,876,2,878,355345,207982,0.422881857982979
194,Farrukhabad,SHANTI SWAROOP,M,38,GEN,IND,844,0,844,355345,207982,0.406506022935802
194,Farrukhabad,REHANA KHAN,F,59,GEN,IND,839,0,839,355345,207982,0.404097811899452
194,Farrukhabad,SARVENDRA SINGH,M,53,GEN,IND,809,0,809,355345,207982,0.389648545681355
194,Farrukhabad,DEEPAK KUMAR,M,48,GEN,IND,764,0,764,355345,207982,0.367974646354209
194,Farrukhabad,SURESH,M,45,GEN,IND,686,0,686,355345,207982,0.330406554187157
194,Farrukhabad,SURENDRA KUMAR,M,35,SC,RLD,660,0,660,355345,207982,0.317883856798139
194,Farrukhabad,VIJAY SINGH,M,31,GEN,IND,639,0,639,355345,207982,0.307769370445471
194,Farrukhabad,JANARDAN DUTT,M,40,GEN,PSWAM,453,3,456,355345,207982,0.219628846515078
194,Farrukhabad,SHYAM SREE,F,41,GEN,BSCP,397,0,397,355345,207982,0.191211956286153
194,Farrukhabad,MANOJ KUMAR,M,27,GEN,IND,372,0,372,355345,207982,0.179170901104406
194,Farrukhabad,None of the Above,,,,NOTA,359,0,359,355345,207982,0.172909552409897
194,Farrukhabad,JAYVEER,M,35,SC,RPI,231,0,231,355345,207982,0.111259349879349
194,Farrukhabad,HANSRAM,M,38,GEN,IND,229,0,229,355345,207982,0.110296065464809
194,Farrukhabad,DHANANJIA,M,46,GEN,BMUP,227,1,228,355345,207982,0.109814423257539
194,Farrukhabad,GAURAV KUMAR,M,39,GEN,IND,166,0,166,355345,207982,0.0799526064068046
195,Bhojpur,NAGENDRA SINGH RATHORE,M,59,GEN,BJP,93490,183,93673,307153,187708,49.9831918424409
195,Bhojpur,ARSHAD JAMAL SIDDIQUI,M,33,GEN,SP,58575,221,58796,307153,187708,31.3730930745055
195,Bhojpur,NITIN SINGH JAIMINI RAJPUT,M,39,GEN,BSP,25721,117,25838,307153,187708,13.7869579369187
195,Bhojpur,URMILA,F,56,GEN,LD,2115,1,2116,307153,187708,1.12908131413112
195,Bhojpur,DALGANJAN SINGH,M,81,GEN,IND,994,0,994,307153,187708,0.530390749643827
195,Bhojpur,JAGPAL,M,31,GEN,IND,958,0,958,307153,187708,0.511181426719101
195,Bhojpur,JALALUDDIN,M,48,GEN,IND,769,0,769,307153,187708,0.410332481364289
195,Bhojpur,AJAJ AHAMAD,M,30,GEN,IND,686,0,686,307153,187708,0.366044320176726
195,Bhojpur,DHARMENDRA SINGH PAL,M,44,GEN,JAM,528,2,530,307153,187708,0.282803920836246
195,Bhojpur,VISHRAM SINGH,M,77,GEN,RLD,524,0,524,307153,187708,0.279602367015458
195,Bhojpur,AVNEET KUMAR,M,27,GEN,IND,501,0,501,307153,187708,0.267329744035772
195,Bhojpur,REETA,F,30,GEN,IND,449,0,449,307153,187708,0.239582944255612
195,Bhojpur,MO. TAMJEED,M,27,GEN,PECP,370,1,371,307153,187708,0.197962744585372
195,Bhojpur,None of the Above,,,,NOTA,299,0,299,307153,187708,0.15954409873592
195,Bhojpur,ARVIND KUMAR,M,44,GEN,IND,221,0,221,307153,187708,0.11792389906568
195,Bhojpur,RAMTIRTH,M,44,GEN,BSRD,193,0,193,307153,187708,0.102983314568671
195,Bhojpur,ARVIND,M,39,SC,IND,182,0,182,307153,187708,0.0971137992305599
195,Bhojpur,SAYED ANWAR ALI,M,48,GEN,RSJNP,177,0,177,307153,187708,0.0944458377132368
195,Bhojpur,SHAILENDRA SINGH,M,49,GEN,IND,154,0,154,307153,187708,0.0821732147335507
195,Bhojpur,SRINIVAS,M,38,GEN,PSWAM,142,0,142,307153,187708,0.0757701070919753
195,Bhojpur,VIJAY LAXMI,F,36,GEN,BMUP,135,0,135,307153,187708,0.072034960967723
196,Chhibramau,ARCHANA PANDEY,F,56,GEN,BJP,111885,324,112209,422147,268754,42.0426912657882
196,Chhibramau,TAHIR HUSSAIN SIDDIQUI,M,46,GEN,BSP,74775,210,74985,422147,268754,28.0955289198293
196,Chhibramau,ARVIND SINGH,M,48,GEN,SP,72307,356,72663,422147,268754,27.2255173421558
196,Chhibramau,None of the Above,,,,NOTA,1860,1,1861,422147,268754,0.697283180900211
196,Chhibramau,MEERA DEVI,F,49,GEN,IND,1287,0,1287,422147,268754,0.482215719408152
196,Chhibramau,TASKEEN,M,37,GEN,IND,989,0,989,422147,268754,0.37056048678684
196,Chhibramau,UMESH CHANDRA,M,39,GEN,IND,968,0,968,422147,268754,0.362692165024935
196,Chhibramau,SANJEEV KUMAR,M,42,GEN,IND,837,0,837,422147,268754,0.313608824510197
196,Chhibramau,UMASHANKAR,M,55,GEN,MNVP,612,0,612,422147,268754,0.229305377061219
196,Chhibramau,VIVEK KUMAR,M,26,GEN,JAM,570,0,570,422147,268754,0.21356873353741
196,Chhibramau,RAJESH KUMAR SINGH,M,52,GEN,BSRD,523,0,523,422147,268754,0.19595868007029
196,Chhibramau,ASHISH,M,26,GEN,IND,500,0,500,422147,268754,0.187340994331062
196,Chhibramau,KUSUM,F,47,GEN,BMUP,292,0,292,422147,268754,0.10940714068934
196,Chhibramau,ARCHANA,F,36,SC,IND,263,0,263,422147,268754,0.0985413630181384
196,Chhibramau,SURENDRA SINGH,M,27,GEN,SDU,195,0,195,422147,268754,0.073062987789114
197,Tirwa,KAILASH SINGH RAJPUT,M,60,GEN,BJP,100040,386,100426,347135,215019,47.1158402417111
197,Tirwa,VIJAY BAHADUR PAL,M,76,GEN,SP,75783,434,76217,347135,215019,35.7579510854012
197,Tirwa,VIJAY SINGH,M,56,GEN,BSP,31871,165,32036,347135,215019,15.0300027680427
197,Tirwa,None of the Above,,,,NOTA,1871,1,1872,347135,215019,0.87826711143014
197,Tirwa,SUDHIR KUMAR,M,37,SC,IND,928,0,928,347135,215019,0.435380277461095
197,Tirwa,ADIM ALI SHAH,M,30,GEN,VPI,607,0,607,347135,215019,0.28477998752035
197,Tirwa,VINAY KUMAR,M,39,GEN,IND,574,0,574,347135,215019,0.269297714722703
197,Tirwa,RAJU KHAN,M,32,GEN,SANVP,438,0,438,347135,215019,0.205491984405129
197,Tirwa,KARAN SINGH,M,41,GEN,BSRD,434,0,434,347135,215019,0.203615345278141
197,Tirwa,RAHUL,M,29,GEN,JAM,427,2,429,347135,215019,0.201269546369407
197,Tirwa,REETA,F,28,GEN,IND,342,0,342,347135,215019,0.160452645357429
197,Tirwa,MOHD. NAYYAR KHAN,M,31,GEN,IND,319,0,319,347135,215019,0.149661970377251
197,Tirwa,RAGHUVIR SINGH,M,51,SC,IND,216,0,216,347135,215019,0.101338512857324
197,Tirwa,PAWAN KUMAR BHANU,M,45,SC,IND,181,0,181,347135,215019,0.0849179204961834
198,Kannauj ,ANIL KUMAR DOHARE,M,55,SC,SP,99353,282,99635,385545,248056,40.4444895473919
198,Kannauj ,BANWARI LAL DOHARE,M,65,SC,BJP,96913,268,97181,385545,248056,39.4483458494013
198,Kannauj ,ANURAG SINGH,M,30,SC,BSP,44030,152,44182,385545,248056,17.9346458291049
198,Kannauj ,None of the Above,,,,NOTA,1703,3,1706,385545,248056,0.692510655571342
198,Kannauj ,KRIPARAM,M,51,SC,BSRD,1160,0,1160,385545,248056,0.470874771666328
198,Kannauj ,SHRIKANT SINGH,M,33,SC,IND,946,0,946,385545,248056,0.384006494824437
198,Kannauj ,SUNIL,M,30,SC,IND,860,0,860,385545,248056,0.349096813476761
198,Kannauj ,RAM PRAKASH SINGH,M,61,SC,JAM,578,0,578,385545,248056,0.234625532778567
198,Kannauj ,RAJ KATHERIA,M,33,SC,IND,560,2,562,385545,248056,0.22813070834179
198,Kannauj ,MUKESH KUMAR JATAV,M,32,SC,AD,413,0,413,385545,248056,0.167647655774305
198,Kannauj ,NEETU SINGH,F,27,SC,BMUP,304,0,304,385545,248056,0.123401664298762
198,Kannauj ,DEEPAK DOHARE,M,27,SC,VPI,283,0,283,385545,248056,0.114877207225492
198,Kannauj ,BIRENDRA,M,33,SC,IND,246,0,246,385545,248056,0.0998579257154455
199,Jaswantnagar,SHIVPAL SINGH YADAV,M,61,GEN,SP,126277,557,126834,366434,233057,54.7335260863936
199,Jaswantnagar,MANISH YADAV PATRE,M,34,GEN,BJP,74062,156,74218,366434,233057,32.0277909636215
199,Jaswantnagar,DURVESH KUMAR SHAKYA,M,44,GEN,BSP,24396,113,24509,366434,233057,10.5765330341346
199,Jaswantnagar,ASHOK KUMAR SHAKYA,M,50,GEN,JAM,1836,2,1838,366434,233057,0.793164458637207
199,Jaswantnagar,None of the Above,,,,NOTA,1327,0,1327,366434,233057,0.572649203814784
199,Jaswantnagar,JAGPAL SINGH YADAV,M,59,GEN,RLD,1144,1,1145,366434,233057,0.494109524015017
199,Jaswantnagar,ANITA DEVI,F,32,GEN,IND,822,0,822,366434,233057,0.354723169205541
199,Jaswantnagar,DESHDEEP YADAV,M,32,GEN,IND,622,0,622,366434,233057,0.268415828766237
199,Jaswantnagar,ARUNA DEVI,F,32,GEN,IND,601,0,601,366434,233057,0.25935355802011
199,Jaswantnagar,BHANUPRATAP,M,47,GEN,BSRD,585,0,585,366434,233057,0.252448970784965
199,Jaswantnagar,RAGHUVEER SINGH,M,70,GEN,IND,556,0,556,366434,233057,0.239934406421266
200,Etawah,SARITA BHADAURIYA,F,50,GEN,BJP,90792,442,91234,381680,220994,41.3947368421053
200,Etawah,KULDEEP GUPTA &#39;SANTU&#39;,M,45,GEN,SP,73454,438,73892,381680,220994,33.5263157894737
200,Etawah,NARENDRA NATH CHATURVEDI URF BALLU CHOUDHRI,M,66,GEN,BSP,43182,395,43577,381680,220994,19.771778584392
200,Etawah,AMAR SINGH,M,58,GEN,CPM,1424,7,1431,381680,220994,0.649274047186933
200,Etawah,AMAR SINGH URF SANJAY TOMAR,M,40,GEN,VP,1251,0,1251,381680,220994,0.567604355716878
200,Etawah,ASHISH SINGH,M,47,GEN,LD,1194,9,1203,381680,220994,0.545825771324864
200,Etawah,SATENDRA SINGH,M,29,GEN,PECP,939,2,941,381680,220994,0.426950998185118
200,Etawah,SUKHRANI,F,43,GEN,MHP,792,1,793,381680,220994,0.359800362976407
200,Etawah,SHYAM SINGH,M,27,GEN,BNAVP,773,1,774,381680,220994,0.351179673321234
200,Etawah,MANISH KUMAR BAJPAI,M,30,GEN,IND,756,0,756,381680,220994,0.343012704174229
200,Etawah,MANOJ KUMAR RAJPUT,M,26,GEN,JAM,621,4,625,381680,220994,0.283575317604356
200,Etawah,ANIL KUMAR,M,53,GEN,IND,612,0,612,381680,220994,0.277676950998185
200,Etawah,None of the Above,,,,NOTA,589,5,594,381680,220994,0.26950998185118
200,Etawah,PRADEEP SAXENA,M,34,GEN,IND,576,2,578,381680,220994,0.262250453720508
200,Etawah,RAJBAHADUR,M,43,GEN,RSOSP,499,1,500,381680,220994,0.226860254083485
200,Etawah,VIKAS BABU,M,26,GEN,IND,477,0,477,381680,220994,0.216424682395644
200,Etawah,VIJENDRA SINGH CHAUHAN,M,37,GEN,RJAP,421,0,421,381680,220994,0.191016333938294
200,Etawah,DEEPAK S. DSOUZA,M,42,GEN,BMUP,355,6,361,381680,220994,0.163793103448276
200,Etawah,RAVINDRA SINGH,M,40,GEN,BSRD,323,0,323,381680,220994,0.146551724137931
200,Etawah,HARENDRA KUMAR,M,39,GEN,SWAJANPA,266,1,267,381680,220994,0.121143375680581
200,Etawah,UPDESH KUMAR,M,38,GEN,NASHMBP,233,0,233,381680,220994,0.105716878402904
200,Etawah,BRAJRAM RATHAUR,M,53,GEN,LRAP,151,0,151,381680,220994,0.0685117967332123
201,Bharthana ,SAVITRI KATHERIA,F,49,SC,BJP,81843,162,82005,390089,230140,35.8833773825985
201,Bharthana ,KAMLESH KUMAR KATHERIA,M,32,SC,SP,79786,251,80037,390089,230140,35.022228834474
201,Bharthana ,RAGHVENDRA KUMAR GAUTAM,M,47,SC,BSP,61648,190,61838,390089,230140,27.0587926417307
201,Bharthana ,None of the Above,,,,NOTA,1601,7,1608,390089,230140,0.703621374687133
201,Bharthana ,DR. RAM BHAROSE LAL,M,81,SC,NCP,1027,0,1027,390089,230140,0.449390019778412
201,Bharthana ,VIMAL GAUTAM &#39;VIMAL KUMAR&#39;,M,31,SC,BSRD,950,0,950,390089,230140,0.415696707682075
201,Bharthana ,RAJARAM VERMA,M,67,SC,JAM,847,0,847,390089,230140,0.370626433059703
201,Bharthana ,ARVIND KUMAR,M,37,SC,VIP,827,0,827,390089,230140,0.361874923424291
201,Bharthana ,VIJAY SINGH,M,30,SC,VP,522,0,522,390089,230140,0.228414401484256
201,Bharthana ,DHEKENDRA,M,26,SC,LD,478,1,479,390089,230140,0.20959865576812
202,Bidhuna,VINAY SHAKYA,M,47,GEN,BJP,81719,186,81905,355368,218376,37.7258113548221
202,Bidhuna,DINESH KUMAR VERMA,M,39,GEN,SP,77737,258,77995,355368,218376,35.9248477702136
202,Bidhuna,SHIV PRASAD YADAV,M,55,GEN,BSP,53227,139,53366,355368,218376,24.5806196051698
202,Bidhuna,None of the Above,,,,NOTA,1269,1,1270,355368,218376,0.584967711624736
202,Bidhuna,SANJEEV KUMAR SHAKYA,M,42,GEN,JAM,1147,0,1147,355368,218376,0.528313358451632
202,Bidhuna,UMAKANT,M,47,GEN,DESP,964,0,964,355368,218376,0.444022735437989
202,Bidhuna,RADHAKRISHNA,M,44,GEN,IND,695,0,695,355368,218376,0.320120125652907
202,Bidhuna,KRISHNAVEER SINGH,M,34,GEN,IND,688,0,688,355368,218376,0.316895894171511
202,Bidhuna,LAXMAN KUMAR,M,32,GEN,JANADIP,346,0,346,355368,218376,0.15936915608044
203,Dibiyapur,LAKHAN SINGH,M,60,GEN,BJP,71312,168,71480,309502,191614,37.438980955773
203,Dibiyapur,PRADEEP KUMAR YADAV,M,59,GEN,SP,59173,213,59386,309502,191614,31.1045232658021
203,Dibiyapur,RAM KUMAR AWASTHI,M,46,GEN,BSP,51268,184,51452,309502,191614,26.9489430349249
203,Dibiyapur,VAADSHAH RAJPUT,M,42,GEN,NINSHAD,2757,4,2761,309502,191614,1.44612515974943
203,Dibiyapur,ATAR SINGH KUSHWAHA,M,54,GEN,CPI,1282,0,1282,309502,191614,0.671471370807232
203,Dibiyapur,MAHENDRA PRATAP SINGH,M,39,GEN,IND,805,0,805,309502,191614,0.421633739079424
203,Dibiyapur,None of the Above,,,,NOTA,689,1,690,309502,191614,0.361400347782364
203,Dibiyapur,SARNAAM,M,43,GEN,IND,678,0,678,309502,191614,0.35511512434267
203,Dibiyapur,VEDNARAYAN BATHAM,M,57,GEN,JAM,656,0,656,309502,191614,0.343592214703233
203,Dibiyapur,ARVIND SHARMA,M,40,GEN,LD,651,0,651,309502,191614,0.340973371603361
203,Dibiyapur,SHANDHYA DEVI,F,43,GEN,IND,586,0,586,309502,191614,0.306928411305022
203,Dibiyapur,RAJNI,F,52,GEN,IND,477,0,477,309502,191614,0.249837631727808
203,Dibiyapur,YOGESH PRATAP SINGH,M,27,SC,BMUP,287,0,287,309502,191614,0.150321593932664
203,Dibiyapur,BALVEER SINGH,M,70,GEN,IND,238,0,238,309502,191614,0.124656931553917
203,Dibiyapur,MUKESH KUMAR,M,45,GEN,IND,185,0,185,309502,191614,0.0968971946952714
204,Auraiya ,RAMESH CHANDRA,M,53,SC,BJP,83334,246,83580,319346,184820,45.515686520103
204,Auraiya ,BHIMRAO AMBEDKAR,M,52,SC,BSP,51554,164,51718,319346,184820,28.1643966911544
204,Auraiya ,MADAN SINGH GAUTAM ALIAS SANTOSH,M,50,SC,SP,39050,151,39201,319346,184820,21.3479352389873
204,Auraiya ,KANTI,F,62,SC,NINSHAD,5138,3,5141,319346,184820,2.79966671930904
204,Auraiya ,None of the Above,,,,NOTA,1188,3,1191,319346,184820,0.648590364267082
204,Auraiya ,ALOK KUMAR,M,46,SC,JAM,1137,2,1139,319346,184820,0.620272397061466
204,Auraiya ,MAN SINGH,M,55,SC,PECP,793,1,794,319346,184820,0.432393576178055
204,Auraiya ,SANJEEV KUMAR VERMA,M,33,SC,LD,659,0,659,319346,184820,0.358875776701937
204,Auraiya ,KAMLA DEVI,F,51,SC,BMUP,554,1,555,319346,184820,0.302239842290706
204,Auraiya ,LAKSHMI DEVI,F,48,SC,IND,553,0,553,319346,184820,0.301150689705874
204,Auraiya ,SARMAN SINGH SARDAR,M,70,SC,VPI,289,0,289,319346,184820,0.157382548508133
205,Rasulabad ,NIRMALA SANKHWAR,F,47,SC,BJP,88140,250,88390,311334,189385,47.0249622268094
205,Rasulabad ,ARUN KUMARI KORI,F,43,SC,SP,54705,291,54996,311334,189385,29.2587942371944
205,Rasulabad ,POONAM SANKHAVAR,F,39,SC,BSP,40885,175,41060,311334,189385,21.8446085420612
205,Rasulabad ,None of the Above,,,,NOTA,1419,2,1421,311334,189385,0.75599582898853
205,Rasulabad ,BABURAM KATHERIYA,M,55,SC,IND,1163,1,1164,311334,189385,0.619267519312209
205,Rasulabad ,MUNNILAL,M,50,SC,BSCP,1017,1,1018,311334,189385,0.541593071013598
205,Rasulabad ,AVDHESH KUMAR,M,50,SC,BSRD,809,0,809,311334,189385,0.430401566257368
205,Rasulabad ,USHA DEVI,F,54,SC,VPI,527,0,527,311334,189385,0.280372837351833
206,Akbarpur - Raniya,PRATIBHA SHUKLA,F,56,GEN,BJP,87204,226,87430,308135,203207,43.2588355788213
206,Akbarpur - Raniya,NEERAJ SINGH,M,36,GEN,SP,58490,211,58701,308135,203207,29.0442286093148
206,Akbarpur - Raniya,DR. SATISH SHUKLA,M,40,GEN,BSP,45618,143,45761,308135,203207,22.6417428219426
206,Akbarpur - Raniya,VIJAY LAXMI,F,56,GEN,LD,2305,8,2313,308135,203207,1.14443196492982
206,Akbarpur - Raniya,BALVAN SINGH,M,52,GEN,RLD,1717,0,1717,308135,203207,0.849541583996754
206,Akbarpur - Raniya,SURENDRA KUMAR GUPTA,M,48,GEN,JAM,1189,2,1191,308135,203207,0.589285979347778
206,Akbarpur - Raniya,None of the Above,,,,NOTA,1095,3,1098,308135,203207,0.54327120514178
206,Akbarpur - Raniya,LALIT KUMAR,M,33,GEN,PECP,1066,4,1070,308135,203207,0.529417294628146
206,Akbarpur - Raniya,DEEPENDRA SINGH CHAUHAN,M,42,GEN,IND,907,0,907,308135,203207,0.448767744138064
206,Akbarpur - Raniya,ANAND AWASTHI,M,30,GEN,BSCP,790,0,790,308135,203207,0.390878189491809
206,Akbarpur - Raniya,PRATIBHA,F,30,GEN,IND,720,1,721,308135,203207,0.356738195726069
206,Akbarpur - Raniya,ABDUL SATTAR,M,74,GEN,BMUP,573,0,573,308135,203207,0.283510383011147
206,Akbarpur - Raniya,SHANTEE,F,46,GEN,SSD,392,0,392,308135,203207,0.193954747190872
206,Akbarpur - Raniya,RAMCHANDRA,M,72,GEN,VP,315,0,315,308135,203207,0.15585649327838
206,Akbarpur - Raniya,RAMPRAKASH KUSHWAHA,M,50,GEN,ALHP,228,0,228,308135,203207,0.112810414182446
207,Sikandra,MATHURA PRASAD PAL,M,70,GEN,BJP,87557,322,87879,321241,193753,45.6962940237428
207,Sikandra,MAHENDRA KATIYAR (BABLU),M,48,GEN,BSP,49491,285,49776,321241,193753,25.8830748111133
207,Sikandra,SEEMA SACHAN,F,58,GEN,SP,41649,361,42010,321241,193753,21.8448242690226
207,Sikandra,PRABHAKAR PANDEY,M,40,GEN,NINSHAD,6366,15,6381,321241,193753,3.31806292931762
207,Sikandra,MITHLESH KATIYAR,F,50,GEN,JANADIP,1950,11,1961,321241,193753,1.01970246111767
207,Sikandra,None of the Above,,,,NOTA,1439,3,1442,321241,193753,0.749827102973829
207,Sikandra,RAMBALI SINGH,M,50,GEN,IND,1229,5,1234,321241,193753,0.641668963293831
207,Sikandra,KRISHNA BABU,M,50,GEN,IND,694,0,694,321241,193753,0.360873792970761
207,Sikandra,SANTOSH KUMAR KUSHAWAHA,M,44,GEN,LD,673,2,675,321241,193753,0.350993962903838
207,Sikandra,DR.OMKAR NATH KATIYAR,M,50,GEN,ALHP,500,0,500,321241,193753,0.259995528076917
207,Sikandra,SEEMA YADAV,F,28,GEN,NSPI,449,2,451,321241,193753,0.234515966325379
207,Sikandra,DINESH SINGH,M,48,GEN,BSRD,389,0,389,321241,193753,0.202276520843841
207,Sikandra,MAMTA,F,34,SC,BMUP,361,0,361,321241,193753,0.187716771271534
208,Bhognipur,VINOD KUMAR KATIYAR,M,49,GEN,BJP,71144,322,71466,333056,212667,33.8537768472113
208,Bhognipur,DHARMPAL SINGH BHADAURIA,M,49,GEN,BSP,52155,306,52461,333056,212667,24.8510198861214
208,Bhognipur,YOGENDRA PAL SINGH,M,75,GEN,SP,47785,396,48181,333056,212667,22.8235639643395
208,Bhognipur,JUNED KHAN,M,34,GEN,PECP,18334,46,18380,333056,212667,8.70669155195119
208,Bhognipur,AJAY SINGH BHADAURIA,M,48,GEN,NINSHAD,11409,6,11415,333056,212667,5.4073386325094
208,Bhognipur,NEETAM SACHAN,M,40,GEN,INC,2780,53,2833,333056,212667,1.34200528654395
208,Bhognipur,None of the Above,,,,NOTA,1563,2,1565,333056,212667,0.74134778448333
208,Bhognipur,DHARAMPAL SINGH,M,39,GEN,IND,1015,3,1018,333056,212667,0.482231338405131
208,Bhognipur,COL VINOD KUMAR (RETD),M,60,GEN,BIRK,961,1,962,333056,212667,0.455703877746303
208,Bhognipur,DEEWAN SINGH,M,45,GEN,BSCP,918,0,918,333056,212667,0.434860872942938
208,Bhognipur,SUNDAR LAL KISAN,M,55,GEN,IND,755,0,755,333056,212667,0.357647014239562
208,Bhognipur,NEERAJ SHUKLA,M,30,GEN,IND,691,2,693,333056,212667,0.328277325653002
208,Bhognipur,OM PRAKASH,M,44,SC,BMUP,659,3,662,333056,212667,0.313592481359722
208,Bhognipur,JAGRAM SINGH,M,55,GEN,IND,553,1,554,333056,212667,0.262432378660553
208,Bhognipur,KILKIL SACHAN,M,33,GEN,IND,478,7,485,333056,212667,0.229746757491639
208,Bhognipur,MAHENDRA SINGH,M,44,GEN,NAPT,318,1,319,333056,212667,0.151111784824398
209,Bilhaur,BHAGWATI PRASAD SAGAR,M,61,SC,BJP,102104,222,102326,377575,240684,42.8646232599835
209,Bilhaur,KAMLESH CHANDRA DIWAKAR,M,50,SC,BSP,70957,203,71160,377575,240684,29.8091061038292
209,Bilhaur,SHIV KUMAR BERIYA,M,67,SC,SP,59741,282,60023,377575,240684,25.1437883034027
209,Bilhaur,None of the Above,,,,NOTA,1964,1,1965,377575,240684,0.823143528583816
209,Bilhaur,NARPAT SINGH,M,31,SC,RLD,1239,0,1239,377575,240684,0.519020270694834
209,Bilhaur,SUBHASH,M,45,SC,BSCP,1091,1,1092,377575,240684,0.457441594510701
209,Bilhaur,SURENDRA SINGH,M,45,SC,BSRD,858,0,858,377575,240684,0.359418395686979
209,Bilhaur,BABURAM,M,51,SC,VPI,781,0,781,377575,240684,0.327162898638148
209,Bilhaur,MANOJ KUMAR,M,31,SC,IND,627,0,627,377575,240684,0.262651904540485
209,Bilhaur,RAM AVATAR,M,66,SC,LD,613,0,613,377575,240684,0.256787268713425
210,Bithoor,ABHIJEET SINGH SANGA,M,34,SC,BJP,113024,265,113289,354102,230544,49.5482059446126
210,Bithoor,MUNINDRA SHUKLA,M,58,SC,SP,54020,282,54302,354102,230544,23.7495845069191
210,Bithoor,RAM PRAKASH KUSHWAHA,M,58,SC,BSP,53425,161,53586,354102,230544,23.4364339322265
210,Bithoor,None of the Above,,,,NOTA,1897,3,1900,354102,230544,0.830986161893599
210,Bithoor,PUNEET KUMAR,M,30,SC,BSCP,1336,1,1337,354102,230544,0.58475184129039
210,Bithoor,KARAN SINGH,M,62,SC,RLD,1270,0,1270,354102,230544,0.555448645055195
210,Bithoor,VISHAL,M,31,SC,IND,1180,0,1180,354102,230544,0.516086142649709
210,Bithoor,RAVINDRA KUMAR,M,34,SC,IND,683,0,683,354102,230544,0.298717657143857
210,Bithoor,NEERAJ KUMAR,M,34,SC,IND,609,0,609,354102,230544,0.26635293294379
210,Bithoor,SHAILENDRA,M,38,SC,IND,607,0,607,354102,230544,0.265478210668113
210,Bithoor,PUSHPA,F,25,SC,JHJBP,520,0,520,354102,230544,0.227427791676143
210,Bithoor,PAWAN KUMAR SINGH,M,35,SC,IND,374,0,374,354102,230544,0.163573065551687
210,Bithoor,SURENDRA RAJPOOT,M,32,SC,SHS,366,0,366,354102,230544,0.160074176448977
210,Bithoor,SHAILENDRI KUSHWAHA,F,57,SC,JAM,311,1,312,354102,230544,0.136456675005686
210,Bithoor,SHASHI DEVI,F,25,SC,VPI,209,0,209,354102,230544,0.0914084778082959
211,Kalyanpur,NILIMA KATIYAR,F,44,GEN,BJP,85402,1218,86620,334240,177912,48.9403415992904
211,Kalyanpur,SATISH KUMAR NIGAM,M,55,GEN,SP,61921,1357,63278,334240,177912,35.7521003892853
211,Kalyanpur,DEEPU KUMAR,M,26,GEN,BSP,24957,749,25706,334240,177912,14.523902345317
211,Kalyanpur,None of the Above,,,,NOTA,909,12,921,334240,177912,0.520365442310626
211,Kalyanpur,SHRI KULDEEP SINGH CHAUHAN,M,28,GEN,SHS,365,2,367,334240,177912,0.2073551762519
211,Kalyanpur,SHRIMATI VIJAY LAXMI,F,44,SC,BHAIP,334,3,337,334240,177912,0.190405161844388
211,Kalyanpur,DHEERAJ KU GUPTA,M,32,GEN,IND,253,0,253,334240,177912,0.142945121503353
211,Kalyanpur,RAM PRATAP,M,43,GEN,PBI,167,1,168,334240,177912,0.0949200806820686
211,Kalyanpur,SHRI DHARMDEV,M,61,GEN,SUCI,130,1,131,334240,177912,0.0740150629128035
211,Kalyanpur,SHRI DEEPAK,M,35,GEN,AAPA,131,0,131,334240,177912,0.0740150629128035
212,Govindnagar,SATYA DEV PACHAURI,M,70,GEN,BJP,111033,996,112029,349180,185258,60.8816864209205
212,Govindnagar,AMBUJ SHIKLA,M,49,GEN,INC,39975,545,40520,349180,185258,22.0204226921217
212,Govindnagar,NIRMAL TIWARI,M,43,GEN,BSP,28299,496,28795,349180,185258,15.6485210123308
212,Govindnagar,None of the Above,,,,NOTA,1226,21,1247,349180,185258,0.677676878012727
212,Govindnagar,VIRENDRA KUMAR SARVARIA,M,31,SC,BMUP,992,6,998,349180,185258,0.542358880719087
212,Govindnagar,SHAIL MISHRA,F,40,GEN,BSCP,895,5,900,349180,185258,0.489101195037253
212,Govindnagar,RAJU PAL,M,30,GEN,RLD,759,10,769,349180,185258,0.41790979887072
213,Sishamau,HAZI IRFAN SOLANKI,M,37,GEN,SP,72509,521,73030,272294,154222,47.5979430493186
213,Sishamau,SURESH AWASTHI,M,52,GEN,BJP,66697,507,67204,272294,154222,43.8007964492182
213,Sishamau,NAND LAL KORI,M,30,SC,BSP,11726,223,11949,272294,154222,7.78786555520071
213,Sishamau,None of the Above,,,,NOTA,786,5,791,272294,154222,0.515541187895536
213,Sishamau,ANKIT SRIVASTAVA,M,27,GEN,BKS,407,4,411,272294,154222,0.267872854898945
213,Sishamau,MANMOHAN MISHRA,M,42,GEN,IND,229,0,229,272294,154222,0.149252758568998
213,Sishamau,HIRA LAL SINGH JAYSWAL,M,58,SC,UPRP,227,0,227,272294,154222,0.147949241026911
213,Sishamau,KISHAN LAL BALMIKI,M,40,SC,BHAIP,148,4,152,272294,154222,0.0990673331986365
213,Sishamau,SANJAY KUMAR ALIAS SANJAY CHAK,M,41,SC,BPA,120,0,120,272294,154222,0.0782110525252394
213,Sishamau,LADDAN,M,43,GEN,RUC,108,1,109,272294,154222,0.0710417060437591
214,Arya Nagar,AMITABH BAJPAI,M,43,GEN,SP,70626,367,70993,279098,147465,48.3656256812732
214,Arya Nagar,SALIL VISHNOI,M,61,GEN,BJP,64897,373,65270,279098,147465,44.4666993677785
214,Arya Nagar,A HASIV,M,56,GEN,BSP,5932,129,6061,279098,147465,4.12919664268585
214,Arya Nagar,PRAMOD KUMAR JAISWAL,M,65,GEN,INC,1555,41,1596,279098,147465,1.08731196860693
214,Arya Nagar,RABIULLAH,M,62,GEN,AIMIM,1555,2,1557,279098,147465,1.06074231523872
214,Arya Nagar,None of the Above,,,,NOTA,677,4,681,279098,147465,0.463947024198823
214,Arya Nagar,KISHAN LAL,M,56,SC,BMUP,493,4,497,279098,147465,0.338592762153913
214,Arya Nagar,TRILOKI NATH,M,49,GEN,IND,291,2,293,279098,147465,0.199613036843253
214,Arya Nagar,SUNDER KASHYAP,M,39,GEN,IND,257,2,259,279098,147465,0.176449749291476
214,Arya Nagar,CHAMAN KUMAR,M,35,SC,IND,254,4,258,279098,147465,0.175768476128188
215,KIDWAI NAGAR,MAHESH CHANDRA,M,49,GEN,BJP,110314,1093,111407,354693,205134,54.6067239494748
215,KIDWAI NAGAR,AJAY KAPOOR,M,51,GEN,INC,76448,976,77424,354693,205134,37.9497786949127
215,KIDWAI NAGAR,SANDEEP KUMAR,M,29,GEN,BSP,13033,240,13273,354693,205134,6.50583039648657
215,KIDWAI NAGAR,None of the Above,,,,NOTA,1105,12,1117,354693,205134,0.547503394324983
215,KIDWAI NAGAR,RAM KARAN,M,51,GEN,BSCP,605,5,610,354693,205134,0.298994691618836
215,KIDWAI NAGAR,SUSHIL KUMAR VERMA,M,35,GEN,IND,423,1,424,354693,205134,0.207825818436699
215,KIDWAI NAGAR,VINOD KUMAR,M,33,SC,BMUP,321,5,326,354693,205134,0.15979060568482
215,KIDWAI NAGAR,PRATIMA CHAK,F,26,SC,DESP,243,0,243,354693,205134,0.119107721415372
215,KIDWAI NAGAR,SITARAM SHUKLA,M,61,GEN,IND,170,1,171,354693,205134,0.0838165446997064
215,KIDWAI NAGAR,SURJEET SINGH,M,63,GEN,VPI,139,0,139,354693,205134,0.0681315772705216
216,Kanpur Cantt.,SOHIL AKHTAR ANSARI,M,53,GEN,INC,80862,307,81169,335587,176462,46.1888205402514
216,Kanpur Cantt.,RAGHUNANDAN SINGH BHADAURIA,M,54,GEN,BJP,71152,653,71805,335587,176462,40.8602823601714
216,Kanpur Cantt.,NASEEM AHMAD,M,63,GEN,BSP,13839,240,14079,335587,176462,8.0115857579396
216,Kanpur Cantt.,MOHD. HASSAN ROOMI,M,51,GEN,SP,5800,154,5954,335587,176462,3.38809443872238
216,Kanpur Cantt.,None of the Above,,,,NOTA,714,15,729,335587,176462,0.414833867287305
216,Kanpur Cantt.,RANJIT SINGH SANGAR,M,32,GEN,SHS,422,0,422,335587,176462,0.240137026056574
216,Kanpur Cantt.,MANOJ KUMAR,M,33,SC,NCP,392,1,393,335587,176462,0.223634718578753
216,Kanpur Cantt.,DHARMENDRA SINGH,M,42,GEN,RLD,305,2,307,335587,176462,0.174696841230731
216,Kanpur Cantt.,SUDHA GUPTA,F,51,GEN,BSCP,293,0,293,335587,176462,0.166730210034541
216,Kanpur Cantt.,MOHD SHAHABUDDIN,M,43,GEN,RUC,274,0,274,335587,176462,0.155918353411141
216,Kanpur Cantt.,MOHIT,M,30,GEN,SARSAMP,229,0,229,335587,176462,0.130311324566245
216,Kanpur Cantt.,SANTOSH KUMAR KUSHAWAHA,M,37,GEN,IND,221,0,221,335587,176462,0.125758963882708
216,Kanpur Cantt.,DANISH ALI,M,28,GEN,NPPS,215,0,215,335587,176462,0.122344693370056
216,Kanpur Cantt.,MOHD. FIROJ,M,33,GEN,SAJPCS,148,0,148,335587,176462,0.0842186726454337
216,Kanpur Cantt.,GAURAV KUMAR MISHRA,M,33,GEN,SASPA,140,0,140,335587,176462,0.0796663119618967
216,Kanpur Cantt.,DINESH KUMAR GUPTA,M,29,GEN,RVLP,84,0,84,335587,176462,0.047799787177138
217,Maharajpur,SATISH MAHANA,M,56,GEN,BJP,131384,1010,132394,409049,236731,56.2488316367282
217,Maharajpur,MANOJ KUMAR SHUKLA,M,40,GEN,BSP,40117,451,40568,409049,236731,17.23569498496
217,Maharajpur,ARUNA TOMAR,F,58,GEN,SP,38371,381,38752,409049,236731,16.4641503662288
217,Maharajpur,RAJARAM PAL,M,55,GEN,INC,18505,192,18697,409049,236731,7.94359566983329
217,Maharajpur,AWADHESH,M,40,GEN,BSCP,1371,3,1374,409049,236731,0.583756776506976
217,Maharajpur,None of the Above,,,,NOTA,1345,14,1359,409049,236731,0.577383885933756
217,Maharajpur,PRAVEEN KUMAR,M,56,GEN,IND,716,1,717,409049,236731,0.304624169399929
217,Maharajpur,VISHVA NATH YADAV,M,52,GEN,NCP,598,1,599,409049,236731,0.254490763557263
217,Maharajpur,DHARMENDRA TIWARI,M,26,GEN,RLD,530,0,530,409049,236731,0.225175466920449
217,Maharajpur,ANITA DEVI,F,33,SC,IND,526,0,526,409049,236731,0.223476029434257
217,Maharajpur,SUDHIR KANT,M,52,SC,BMUP,431,0,431,409049,236731,0.183114389137196
217,Maharajpur,BALWAN SINGH,M,46,GEN,IND,404,0,404,409049,236731,0.171643186105399
217,Maharajpur,PRADHUMN,M,30,GEN,IND,380,0,380,409049,236731,0.161446561188247
218,Ghatampur ,KAMAL RANI,F,57,SC,BJP,92506,270,92776,308927,191219,49.0725117555895
218,Ghatampur ,SAROJ KUREEL,F,45,SC,BSP,47401,197,47598,308927,191219,25.176267725948
218,Ghatampur ,NANDRAM SONKER,M,55,SC,INC,40107,358,40465,308927,191219,21.4033714343142
218,Ghatampur ,RAJENDRA,M,37,SC,NINSHAD,2810,3,2813,308927,191219,1.48789531310332
218,Ghatampur ,None of the Above,,,,NOTA,2158,2,2160,308927,191219,1.14250048926526
218,Ghatampur ,RAMJEEVAN,M,48,SC,BSCP,2014,2,2016,308927,191219,1.06633378998091
218,Ghatampur ,BABURAM,M,67,SC,JAM,1607,2,1609,308927,191219,0.851057077420276
218,Ghatampur ,SHRAWAN KUMAR,M,53,SC,IND,909,1,910,308927,191219,0.481331224644159
218,Ghatampur ,VIJAY GAUTAM,M,28,SC,OP,872,0,872,308927,191219,0.461231678999677
219,Madhaugarh,MOOLCHANDRA SINGH,M,55,GEN,BJP,108479,258,108737,431297,252621,43.4880158695244
219,Madhaugarh,GIRISH KUMAR,M,45,GEN,BSP,62578,174,62752,431297,252621,25.0968848859578
219,Madhaugarh,VINOD CHATURVEDI,M,57,GEN,INC,46635,280,46915,431297,252621,18.7630729606181
219,Madhaugarh,RAVINDRA SINGH,M,60,GEN,MD,21988,34,22022,431297,252621,8.80742604153752
219,Madhaugarh,None of the Above,,,,NOTA,2581,1,2582,431297,252621,1.0326389083303
219,Madhaugarh,PRAHALAD SINGH,M,43,GEN,RLD,1465,1,1466,431297,252621,0.586308535868404
219,Madhaugarh,REKHA JATAV,F,48,SC,IND,1357,0,1357,431297,252621,0.54271533640752
219,Madhaugarh,GOPAL SWAROOP,M,53,GEN,KMBS,1138,0,1138,431297,252621,0.455128999876019
219,Madhaugarh,SHAKUNTLA DEVI,F,51,GEN,SARSAMP,1116,0,1116,431297,252621,0.446330372461896
219,Madhaugarh,SHIVENDRA SINGH,M,25,GEN,IND,1091,1,1092,431297,252621,0.436731869828307
219,Madhaugarh,RAMKUMAR SHAKYAWAR,M,55,SC,SWAJANPA,1054,3,1057,431297,252621,0.422734053487656
219,Madhaugarh,RAMJEE,M,38,GEN,JANADIP,900,1,901,431297,252621,0.360343786369326
219,Madhaugarh,PARASHURAM,M,46,GEN,IND,785,0,785,431297,252621,0.313951023640312
219,Madhaugarh,VISHNU KUMAR CHATURVEDI,M,41,GEN,RSHJP,699,2,701,431297,252621,0.28035626442275
220,Kalpi,KU. NARENDRA PAL SINGH,M,64,GEN,BJP,105810,178,105988,377554,229331,46.6958916180196
220,Kalpi,CHHOTE SINGH,M,46,GEN,BSP,54334,170,54504,377554,229331,24.0132173146822
220,Kalpi,UMAKANTI,F,50,GEN,INC,52913,247,53160,377554,229331,23.4210816169182
220,Kalpi,BALGOVIND,M,44,GEN,IND,6468,0,6468,377554,229331,2.84965304548959
220,Kalpi,None of the Above,,,,NOTA,2356,0,2356,377554,229331,1.03799977971142
220,Kalpi,RAHUL SHARMA,M,30,GEN,RLD,1883,0,1883,377554,229331,0.829606784888204
220,Kalpi,RAJA RUDRAVAN SINGH,M,32,GEN,SARSAMP,1264,1,1265,377554,229331,0.557330102434189
220,Kalpi,NITESH KUMAR,M,33,GEN,JAPL,1072,1,1073,377554,229331,0.472739288467893
220,Kalpi,JASRAM SINGH,M,45,GEN,IND,1021,1,1022,377554,229331,0.450269853508096
220,Kalpi,SHIV VEER SINGH,M,43,GEN,CPI(ML)(L),808,1,809,377554,229331,0.356426919264236
220,Kalpi,ANJANI,M,37,SC,SWAJANPA,801,2,803,377554,229331,0.353783456327789
221,Orai ,GAURI SHANKAR,M,51,SC,BJP,139887,598,140485,423932,265142,53.4218341806954
221,Orai ,MAHENDRA SINGH,M,30,SC,SP,61376,230,61606,423932,265142,23.4267396272621
221,Orai ,VIJAY CHAUDHARI,M,51,SC,BSP,57092,449,57541,423932,265142,21.8809535579698
221,Orai ,None of the Above,,,,NOTA,2168,1,2169,423932,265142,0.824799504131603
221,Orai ,SHYAM KUMAR,M,34,SC,BSCP,1051,0,1051,423932,265142,0.39966080167926
221,Orai ,KAILASH,M,44,SC,RVLP,940,0,940,423932,265142,0.3574511451746
221,Orai ,DWARIKA PRASAD,M,49,SC,SWAJANPA,677,1,678,423932,265142,0.257821145136573
221,Orai ,SUKHRAM SINGHH,M,65,SC,BMUP,672,0,672,423932,265142,0.255539542082267
222,Babina,RAJEEV SINGH &QUOT;PARICHHA&QUOT;,M,40,GEN,BJP,96520,193,96713,323440,230162,42.3845209921991
222,Babina,YASHPAL SINGH YADAV,M,33,GEN,SP,79754,122,79876,323440,230162,35.0056972565518
222,Babina,KRISHNA PAL SINGH RAJPOOT,M,42,GEN,BSP,42499,115,42614,323440,230162,18.675606976948
222,Babina,KALICHARAN KUSHWAHA,M,43,GEN,JAM,3277,5,3282,323440,230162,1.43833815408888
222,Babina,None of the Above,,,,NOTA,1982,0,1982,323440,230162,0.868612498904374
222,Babina,OMVEER SINGH KUSHWAH,M,46,GEN,RLD,1052,0,1052,323440,230162,0.46103953019546
222,Babina,ROHINDRA KUMAR,M,25,SC,IND,1038,0,1038,323440,230162,0.454904023139627
222,Babina,HARIOM,M,35,GEN,IND,979,0,979,323440,230162,0.42904724340433
222,Babina,DHANIRAM,M,59,SC,IND,742,0,742,323440,230162,0.325181873959155
222,Babina,KIRAN DEVI,F,46,GEN,SHS,482,0,482,323440,230162,0.211236742922254
222,Babina,PAVAN YADAV,M,32,GEN,SARSAMP,440,0,440,323440,230162,0.192830221754755
222,Babina,OM PRAKASH AHIRWAR,M,43,SC,IND,372,0,372,323440,230162,0.163029187483566
222,Babina,RAM SEVAK SHARMA BRAHMCHARI,M,71,GEN,RRSP,303,0,303,323440,230162,0.132789902708388
222,Babina,LALARAM VERMA,M,42,SC,SWAJANPA,287,0,287,323440,230162,0.125777894644579
223,Jhansi Nagar,RAVI SHARMA,M,46,GEN,BJP,117583,290,117873,398008,242146,48.8708212924919
223,Jhansi Nagar,SITA RAM KUSHWAHA,M,70,GEN,BSP,61881,214,62095,398008,242146,25.7449428466
223,Jhansi Nagar,RAHUL RAI,M,33,GEN,INC,51160,82,51242,398008,242146,21.2452268515255
223,Jhansi Nagar,RAKESH KUMAR SEN,M,38,GEN,PSJP,1958,7,1965,398008,242146,0.814700260787005
223,Jhansi Nagar,LAXMAN SINGH,M,74,GEN,CPI,1249,0,1249,398008,242146,0.517842557619831
223,Jhansi Nagar,UMESH YADAV,M,54,GEN,RLD,968,0,968,398008,242146,0.401338347298636
223,Jhansi Nagar,None of the Above,,,,NOTA,952,1,953,398008,242146,0.39511926133843
223,Jhansi Nagar,ARVIND KUMAR VERMA,M,37,SC,SWAJANPA,931,1,932,398008,242146,0.386412540994142
223,Jhansi Nagar,RAM KISHAN RAIKWAR,M,34,GEN,IND,769,0,769,398008,242146,0.318831806893235
223,Jhansi Nagar,SANJEEV KUMAR SINGH,M,32,SC,IND,715,0,715,398008,242146,0.296443097436493
223,Jhansi Nagar,KUNWAR SATYENDRA PAL SINGH,M,53,GEN,BUNKD,671,1,672,398008,242146,0.278615051017235
223,Jhansi Nagar,MOHAMMAD IMRAN KHAN,M,34,GEN,IND,499,0,499,398008,242146,0.206888259609524
223,Jhansi Nagar,JITENDRA BHADAURIYA,M,29,GEN,IND,468,1,469,398008,242146,0.194450087689112
223,Jhansi Nagar,NEETA TIWARI,F,41,GEN,IND,421,0,421,398008,242146,0.174549012616452
223,Jhansi Nagar,ER. RAMNATH SAHU,M,53,GEN,LD,393,0,393,398008,242146,0.162940052157401
223,Jhansi Nagar,SHANKARLAL KUSHWAHA,M,48,GEN,SHS,279,0,279,398008,242146,0.115674998859834
223,Jhansi Nagar,SUNIL PRAJAPATI,M,39,GEN,IND,246,1,247,398008,242146,0.102407615478061
223,Jhansi Nagar,ARUN KUMAR SAHU,M,29,GEN,JAM,222,0,222,398008,242146,0.0920424722110509
223,Jhansi Nagar,PT. KRISHNA GOPAL DWIVEDI,M,46,GEN,HJC,183,0,183,398008,242146,0.0758728487145149
224,Mauranipur ,BIHARILAL ARYA,M,55,SC,BJP,98766,139,98905,402071,268783,37.2878863851429
224,Mauranipur ,DR.RASHMI ARYA,F,39,SC,SP,81774,160,81934,402071,268783,30.8896990352389
224,Mauranipur ,PRAGEELAL AHIRWAR,M,62,SC,BSP,77775,144,77919,402071,268783,29.3760155628527
224,Mauranipur ,None of the Above,,,,NOTA,3536,0,3536,402071,268783,1.33309707555599
224,Mauranipur ,ANIL SHRIVAS,M,35,SC,SHS,1416,0,1416,402071,268783,0.533842041568802
224,Mauranipur ,DRAGPAL AHIRWAR,M,46,SC,IND,1229,0,1229,402071,268783,0.463341715457668
224,Mauranipur ,JAI PRAKASH (ANAND),M,63,SC,JAM,1070,0,1070,402071,268783,0.403397587908629
224,Mauranipur ,TULARAM AHIRWAR,M,55,SC,IND,958,0,958,402071,268783,0.361172793660249
224,Mauranipur ,MANOHAR,M,36,SC,BSCP,695,0,695,402071,268783,0.262019928594857
224,Mauranipur ,SMT. BRIJKUNWAR,F,42,SC,BMUP,638,0,638,402071,268783,0.240530524379164
224,Mauranipur ,BRIJLAL BIJRAUNIYA,M,50,SC,SWAJANPA,483,0,483,402071,268783,0.182094425196138
225,Garautha,JAWAHAR LAL RAJPOOT,M,54,GEN,BJP,93282,96,93378,338712,228787,41.2917547381734
225,Garautha,DEEP NARAYAN SINGH (DEEPAK YADAV),M,47,GEN,SP,77423,124,77547,338712,228787,34.2912860061377
225,Garautha,DR. ARUN KUMAR MISHRA,M,49,GEN,BSP,48320,67,48387,338712,228787,21.3967330261517
225,Garautha,None of the Above,,,,NOTA,2645,0,2645,338712,228787,1.16961908889105
225,Garautha,RAJENDRA PAL,M,38,GEN,JAM,1197,0,1197,338712,228787,0.529313440227821
225,Garautha,GULAB SINGH,M,34,GEN,RLD,1061,0,1061,338712,228787,0.469174235657242
225,Garautha,AMAR SINGH (FAUJI),M,46,GEN,VKP,926,0,926,338712,228787,0.40947723112027
225,Garautha,RAMGOPAL,M,59,GEN,IND,831,0,831,338712,228787,0.367468227927585
225,Garautha,MADHUPAL SINGH,M,42,GEN,IND,789,0,789,338712,228787,0.348895826516083
225,Garautha,SUSHANTI YADAV,F,28,GEN,IND,691,0,691,338712,228787,0.305560223222577
225,Garautha,GYADEEN,M,60,SC,IND,522,0,522,338712,228787,0.23082841754296
225,Garautha,BALARAM VERMA,M,40,SC,SWAJANPA,492,0,492,338712,228787,0.217562416534744
225,Garautha,ATMARAM,M,58,GEN,BSCP,321,0,321,338712,228787,0.141946210787912
226,Lalitpur,RAMRATAN KUSHWAHA,M,55,GEN,BJP,156783,159,156942,453315,317850,50.1426558591142
226,Lalitpur,JYOTI SINGH,F,37,GEN,SP,88562,125,88687,453315,317850,28.3353195459294
226,Lalitpur,SANTOSH KUSHWAHA,M,38,GEN,BSP,55479,70,55549,453315,317850,17.7477946650223
226,Lalitpur,None of the Above,,,,NOTA,4859,0,4859,453315,317850,1.55244080500717
226,Lalitpur,PARVAT LAL AHIRWAR,M,60,GEN,CPI,3479,0,3479,453315,317850,1.11153355847293
226,Lalitpur,PRADEEP KUMAR GUPTA,M,44,GEN,IND,1602,0,1602,453315,317850,0.511835803585407
226,Lalitpur,GANESHRAM RAJAK,M,60,SC,IND,1556,0,1556,453315,317850,0.497138895367598
226,Lalitpur,SACHENDRA,M,32,SC,IND,1305,0,1305,453315,317850,0.416944896179123
226,Lalitpur,OMPRAKASH,M,42,SC,BMUP,1186,0,1186,453315,317850,0.378924633615663
226,Lalitpur,KAMALESH KUMAR,M,48,SC,IND,1027,0,1027,453315,317850,0.328124450862804
226,Lalitpur,KRANTI,F,48,GEN,RKMP,947,0,947,453315,317850,0.302564610484008
226,Lalitpur,RAJENDRA KUMAR KUSHWAH,M,45,GEN,JANADIP,710,1,711,453315,317850,0.227163081366557
227,Mehroni ,MANOHAR LAL,M,62,SC,BJP,159227,64,159291,414998,307753,52.4568515548589
227,Mehroni ,FERAN LAL,M,54,SC,BSP,59682,45,59727,414998,307753,19.6689729665647
227,Mehroni ,BRIJ LAL KHABRI,M,54,SC,INC,43125,46,43171,414998,307753,14.2168404898884
227,Mehroni ,RAMESH KHATIK,M,58,SC,SP,26994,37,27031,414998,307753,8.90170288578382
227,Mehroni ,ARADHANA,F,32,SC,CPI,4603,0,4603,414998,307753,1.51583509242214
227,Mehroni ,None of the Above,,,,NOTA,4092,0,4092,414998,307753,1.34755533308525
227,Mehroni ,SUKH DAYAL,M,57,SC,IND,1939,0,1939,414998,307753,0.638541004607111
227,Mehroni ,RAM LAL,M,61,SC,IND,1868,0,1868,414998,307753,0.615159668182612
227,Mehroni ,MANOJ KUMAR,M,33,SC,IND,1492,0,1492,414998,307753,0.491337379512022
227,Mehroni ,DASHRATH,M,62,SC,RRSP,1217,0,1217,414998,307753,0.400775865191776
227,Mehroni ,PRITAM LAL,M,44,SC,IND,1057,0,1057,414998,307753,0.34808552958727
227,Mehroni ,JITENDRA,M,31,SC,IND,786,0,786,414998,307753,0.258841273657137
227,Mehroni ,KANHAIYA,M,45,SC,IND,741,0,741,414998,307753,0.24402211676837
227,Mehroni ,RAKESH KUMAR,M,43,SC,JANADIP,737,1,738,414998,307753,0.243034172975786
228,Hamirpur,ASHOK KUMAR SINGH CHANDEL,M,61,GEN,BJP,110663,225,110888,397024,252606,44.488665997994
228,Hamirpur,DR. MANOJ KUMAR PRAJAPATI,M,38,GEN,SP,61917,316,62233,397024,252606,24.9681043129388
228,Hamirpur,SANJEEV KUMAR URF SANJAY DIXIT,M,34,GEN,BSP,60278,265,60543,397024,252606,24.2900702106319
228,Hamirpur,ANUDDIN (MAULANA KHAN),M,39,GEN,NINSHAD,8501,12,8513,397024,252606,3.41544633901705
228,Hamirpur,None of the Above,,,,NOTA,3355,1,3356,397024,252606,1.34643931795386
228,Hamirpur,DHARMENDRA,M,42,GEN,BSCP,1929,2,1931,397024,252606,0.774724172517553
228,Hamirpur,RAMAKANT,M,31,SC,IND,1022,0,1022,397024,252606,0.410030090270812
228,Hamirpur,LALLU PRASAD,M,47,SC,IND,990,0,990,397024,252606,0.397191574724172
228,Hamirpur,OM PRAKASH,M,53,GEN,BMUP,908,4,912,397024,252606,0.365897693079238
228,Hamirpur,MAHESHWARIDEEN,M,46,GEN,JANADIP,839,2,841,397024,252606,0.33741223671013
228,Hamirpur,JAMAL ALAM,M,36,GEN,VIP,748,0,748,397024,252606,0.300100300902708
228,Hamirpur,RAM MILAN,M,44,SC,ADRSP,629,0,629,397024,252606,0.252357071213641
229,Rath ,MANISHA ANURAGI,F,35,SC,BJP,147146,380,147526,383217,242011,62.1381878222192
229,Rath ,GAYADEEN ANURAGI,M,67,SC,INC,42553,330,42883,383217,242011,18.062388381575
229,Rath ,ANIL KUMAR AHIRWAR,M,48,SC,BSP,38542,168,38710,383217,242011,16.3047140883512
229,Rath ,None of the Above,,,,NOTA,4592,3,4595,383217,242011,1.93542137008458
229,Rath ,AJIT KUMAR,M,40,SC,JANADIP,3079,4,3083,383217,242011,1.29856454493379
229,Rath ,GANGOTRI,F,37,SC,IND,2333,1,2334,383217,242011,0.983084543585942
229,Rath ,RAMESH CHANDRA VERMA,M,40,SC,BMUP,1665,9,1674,383217,242011,0.705091484988375
229,Rath ,DEVI SINGH,M,44,SC,RSOSP,1206,0,1206,383217,242011,0.507969134346464
230,Mahoba,RAKESH KUMAR GOSWAMI,M,63,GEN,BJP,88062,229,88291,298835,197273,45.3814641768567
230,Mahoba,SIDDH GOPAL SAHU,M,51,GEN,SP,56697,207,56904,298835,197273,29.2485852184238
230,Mahoba,ARIMARDAN SINGH,M,67,GEN,BSP,41696,219,41915,298835,197273,21.544257862896
230,Mahoba,None of the Above,,,,NOTA,2719,1,2720,298835,197273,1.39807661665459
230,Mahoba,MUNNALAL DHURIYA,M,43,GEN,BSCP,1666,4,1670,298835,197273,0.858377922725427
230,Mahoba,UTTAM SINGH,M,35,GEN,RLD,1577,0,1577,298835,197273,0.810576038405987
230,Mahoba,PRAMOD KUMAR,M,41,GEN,JANADIP,1220,7,1227,298835,197273,0.630676473762933
230,Mahoba,RAMSWAROOP,M,49,GEN,IND,844,0,844,298835,197273,0.433814950167821
230,Mahoba,SANJAY KUMAR,M,41,GEN,IND,843,0,843,298835,197273,0.433300951411698
230,Mahoba,RAKESH SINGH,M,49,GEN,IND,726,0,726,298835,197273,0.373163096945305
230,Mahoba,SAVITA SINGH,F,33,GEN,FJP,556,0,556,298835,197273,0.285783308404394
231,Charkhari,BRIJBHUSHAN RAJPOOT ALIAS GUDDU BHAIYA,M,35,GEN,BJP,98189,171,98360,322422,213705,46.6315839377993
231,Charkhari,URMILA DEVI,F,50,GEN,SP,54219,127,54346,322422,213705,25.7649457165884
231,Charkhari,JITENDRA KUMAR MISHRA,M,35,GEN,BSP,47268,140,47408,322422,213705,22.4757028398047
231,Charkhari,None of the Above,,,,NOTA,2775,0,2775,322422,213705,1.31560233252738
231,Charkhari,HEMLATA KUSHWAHA,F,41,GEN,JAM,2176,2,2178,322422,213705,1.032570046935
231,Charkhari,SUSHEEL KUMAR,M,40,GEN,BSCP,2023,0,2023,322422,213705,0.959085952685725
231,Charkhari,DILIP SINGH,M,33,GEN,RLD,1627,0,1627,322422,213705,0.771345944152088
231,Charkhari,ARJUN SINGH,M,35,GEN,IND,1269,0,1269,322422,213705,0.601621390982791
231,Charkhari,PREMCHANDRA,M,48,GEN,IND,1261,0,1261,322422,213705,0.597828663537667
231,Charkhari,LAXMI PRASAD,M,69,GEN,IND,1061,0,1061,322422,213705,0.503010477409567
231,Charkhari,RAMBHUVAN SINGH ALIAS PRABHAT,M,36,GEN,IND,754,0,754,322422,213705,0.357464561702935
231,Charkhari,KUNWAR LAL,M,36,SC,IND,643,0,643,322422,213705,0.304840468401839
232,Tindwari,BRAJESH KUMAR PRAJAPATI,M,31,GEN,BJP,82030,167,82197,309634,184823,45.1760942686922
232,Tindwari,JAGDISH PRASAD PRAJAPATI,M,61,GEN,BSP,44572,218,44790,309634,184823,24.6169235166091
232,Tindwari,DALJEET SINGH,M,46,GEN,INC,41799,290,42089,309634,184823,23.132433442522
232,Tindwari,RAMKARAN SINGH BACHCHAN,M,45,GEN,LD,4671,17,4688,309634,184823,2.57656033592015
232,Tindwari,SHYAM BABU,M,33,GEN,CPI,3303,1,3304,309634,184823,1.81590344494031
232,Tindwari,None of the Above,,,,NOTA,2875,0,2875,309634,184823,1.58012179303977
232,Tindwari,YOGENDRA SINGH,M,44,GEN,IND,1035,0,1035,309634,184823,0.568843845494317
232,Tindwari,SURESH KUMAR NISHAD,M,40,GEN,BMUP,1032,2,1034,309634,184823,0.568294237914129
232,Tindwari,SHIVVILAS SINGH,M,44,GEN,IND,1000,0,1000,309634,184823,0.549607580187746
232,Tindwari,ACHCHHE LAL,M,60,GEN,JANADIP,820,3,823,309634,184823,0.452327038494515
232,Tindwari,BABITA DEVI,F,29,SC,ASP,535,2,537,309634,184823,0.29513927056082
232,Tindwari,DILEEP KUMAR,M,32,GEN,KYP,451,0,451,309634,184823,0.247873018664673
233,Baberu,CHANDRAPAL KUSHWAHA,M,64,GEN,BJP,75964,223,76187,327885,193900,40.0265838679002
233,Baberu,KIRAN YADAV,F,41,GEN,BSP,53594,292,53886,327885,193900,28.3102431951077
233,Baberu,BISHAMBHAR SINGH,M,63,GEN,SP,51432,261,51693,327885,193900,27.1581004618028
233,Baberu,None of the Above,,,,NOTA,3558,1,3559,327885,193900,1.86980209203482
233,Baberu,RAJBAHADUR,M,49,GEN,IND,2863,18,2881,327885,193900,1.51359927708691
233,Baberu,HASEEB ALI,M,30,GEN,CPI,2788,0,2788,327885,193900,1.46473959893034
233,Baberu,SHIV SHARAN,M,41,GEN,JANADIP,1931,10,1941,327885,193900,1.01974876668716
233,Baberu,JAGROOP BHASKAR,M,40,SC,ASP,965,0,965,327885,193900,0.506984832484856
234,Naraini ,RAJ KARAN KABIR,M,42,SC,BJP,92107,305,92412,335788,204001,46.126201671109
234,Naraini ,BHARAT LAL DIWAKAR,M,32,SC,INC,47135,270,47405,335788,204001,23.6615654916994
234,Naraini ,GAYACHARAN DINKAR,M,56,SC,BSP,44429,181,44610,335788,204001,22.266478991345
234,Naraini ,None of the Above,,,,NOTA,3655,0,3655,335788,204001,1.82434388507881
234,Naraini ,DAYA RAM,M,38,SC,CPI,3344,0,3344,335788,204001,1.66911243548661
234,Naraini ,MATA PRASAD,M,43,SC,IND,2406,36,2442,335788,204001,1.21889131801983
234,Naraini ,RAMESHCHANDRA KURIL,M,55,SC,RLD,2406,1,2407,335788,204001,1.20142154073453
234,Naraini ,RAMKRIPAL,M,42,SC,IND,1899,0,1899,335788,204001,0.947860201850798
234,Naraini ,BABOORAM VERMA,M,64,SC,ASP,1503,0,1503,335788,204001,0.750202150280016
234,Naraini ,RAMCHARAN,M,32,SC,IND,1083,0,1083,335788,204001,0.540564822856458
234,Naraini ,RAJENDRA KUMAR,M,33,SC,IND,972,0,972,335788,204001,0.485160672037375
234,Naraini ,RAM KHELAVAN,M,44,SC,BMUP,826,0,826,335788,204001,0.412286743932996
234,Naraini ,RAMKISHOR,M,35,SC,IND,770,0,770,335788,204001,0.384335100276522
234,Naraini ,ARUN KUMAR,M,25,SC,IND,671,2,673,335788,204001,0.335918860371557
235,Banda,PRAKASH DWIVEDI,M,39,GEN,BJP,82657,512,83169,304204,182334,45.8597777839045
235,Banda,MADHUSUDAN KUSHWAHA,M,41,GEN,BSP,49895,446,50341,304204,182334,27.7582641779934
235,Banda,VIVEK KUMAR SINGH,M,61,GEN,INC,31920,303,32223,304204,182334,17.7679137603044
235,Banda,MOHD. ASLAM,M,45,GEN,IND,2735,1,2736,304204,182334,1.50864326872708
235,Banda,SHYAM SUNDER SINGH,M,41,GEN,CPI,1952,1,1953,304204,182334,1.07689338590058
235,Banda,VIMAL KRISHAN,M,57,GEN,SARSAMP,1640,2,1642,304204,182334,0.905406523117642
235,Banda,MOHD. IRFAN,M,30,GEN,IND,1399,0,1399,304204,182334,0.771415180171487
235,Banda,RAM PRAKASH,M,35,GEN,JANADIP,1091,8,1099,304204,182334,0.605993769126851
235,Banda,RAVINDRA NATH GUPTA,M,28,GEN,RLD,989,2,991,304204,182334,0.546442061150782
235,Banda,None of the Above,,,,NOTA,978,1,979,304204,182334,0.539825204708996
235,Banda,GULAB CHANDRA KUSHWAHA,M,28,GEN,BSCP,856,5,861,304204,182334,0.474759449698106
235,Banda,KAMTA PRASAD TRIVEDI,M,50,GEN,IND,673,0,673,304204,182334,0.371095365443467
235,Banda,RAM PRAVESH YADAV,M,52,GEN,CPI(ML)(L),575,1,576,304204,182334,0.317609109205702
235,Banda,RAMAUTAR,M,64,SC,BMUP,524,6,530,304204,182334,0.292244492845524
235,Banda,GYANENDRA SRIVASTAVA,M,56,GEN,IND,515,0,515,304204,182334,0.283973422293292
235,Banda,SANJEEV GUPTA,M,50,GEN,IND,476,0,476,304204,182334,0.262468638857489
235,Banda,RAMESH KUMAR,M,42,SC,SWAJANPA,473,3,476,304204,182334,0.262468638857489
235,Banda,AMIT,M,36,SC,SHS,434,0,434,304204,182334,0.23930964131124
235,Banda,RAMSHARAN,M,50,GEN,IND,339,0,339,304204,182334,0.186926194480439
235,Banda,RANJEET,M,30,GEN,LD,324,0,324,304204,182334,0.178655123928207
235,Banda,MOHD. TAUFIQUE,M,33,GEN,ASP,300,0,300,304204,182334,0.165421411044636
235,Banda,RAVIKANT,M,30,GEN,JAM,298,0,298,304204,182334,0.164318601637672
236,Chitrakoot,CHANDRIKA PRASAD UPADHYAY,M,66,GEN,BJP,90002,364,90366,356631,221199,41.515137593605
236,Chitrakoot,VEER SINGH,M,37,GEN,SP,62799,631,63430,356631,221199,29.1404419534157
236,Chitrakoot,JAGDISH PRASAD GAUTAM,M,42,GEN,BSP,47442,338,47780,356631,221199,21.9506592548353
236,Chitrakoot,None of the Above,,,,NOTA,3523,6,3529,356631,221199,1.62126154270226
236,Chitrakoot,AMIT YADAV,M,46,GEN,CPI,3369,9,3378,356631,221199,1.55189047640924
236,Chitrakoot,UGRASEN,M,49,GEN,NINSHAD,2674,5,2679,356631,221199,1.23076216290715
236,Chitrakoot,CHHEDILAL,M,41,GEN,JAM,2523,20,2543,356631,221199,1.16828226213994
236,Chitrakoot,CHANDRA KISHOR DWIVEDI,M,45,GEN,ABHM,1746,0,1746,356631,221199,0.802131667202646
236,Chitrakoot,ASHISH SINGH,M,33,GEN,RLD,1236,1,1237,356631,221199,0.568291450360638
236,Chitrakoot,SHIVA KANT SHASTRI,M,29,GEN,IND,1184,2,1186,356631,221199,0.544861487572932
236,Chitrakoot,DURGESH,M,49,GEN,BMUP,1145,2,1147,356631,221199,0.526944457205862
236,Chitrakoot,SATYNARAYAN,M,40,GEN,IND,1133,3,1136,356631,221199,0.521890935820278
236,Chitrakoot,CHANDAN SINGH,M,29,SC,SWAJANPA,1040,2,1042,356631,221199,0.478706298525291
237,Manikpur,R.K. SINGH PATEL,M,57,GEN,BJP,84715,273,84988,325694,194557,44.5418097010036
237,Manikpur,SAMPAT PAL,F,44,GEN,INC,40176,348,40524,325694,194557,21.2384371478735
237,Manikpur,CHANDRABHAN SINGH PATEL,M,54,GEN,BSP,32382,116,32498,325694,194557,17.0320484264039
237,Manikpur,DADDU PRASAD,M,45,SC,BMUP,9670,27,9697,325694,194557,5.08215193522182
237,Manikpur,SUKHLAL NISHAD,M,30,GEN,NINSHAD,5324,5,5329,325694,194557,2.79290374990173
237,Manikpur,DINESH PRASAD,M,58,GEN,RLD,4565,46,4611,325694,194557,2.41660333848694
237,Manikpur,None of the Above,,,,NOTA,3750,2,3752,325694,194557,1.96640549251854
237,Manikpur,AKHILESH KUMAR,M,35,GEN,RAJSPTY,2201,2,2203,325694,194557,1.15458190298996
237,Manikpur,RAMDAYAL,M,47,GEN,IND,2099,3,2102,325694,194557,1.10164827965724
237,Manikpur,SHEKH KHUDABAKHS,M,63,GEN,IND,1958,1,1959,325694,194557,1.0267026545426
237,Manikpur,SATYADEV,M,44,GEN,IND,1848,0,1848,325694,194557,0.968528078404654
237,Manikpur,HAJARI LAL,M,60,GEN,JAM,1615,3,1618,325694,194557,0.847986163884594
237,Manikpur,ABHISHEK DWIVEDI,M,25,GEN,SWAP,1249,0,1249,325694,194557,0.654595005371977
237,Manikpur,SARYU PRASAD KESHRVANI,M,31,GEN,SHS,1239,0,1239,325694,194557,0.649354052566757
237,Manikpur,INDRAPAL,M,47,GEN,IND,940,0,940,325694,194557,0.492649563690679
238,Jahanabad,JAI KUMAR SINGH JAIKI,M,50,GEN,ADAL,81385,53,81438,296282,181500,45.183590585781
238,Jahanabad,MADANGOPAL VERMA,M,58,GEN,SP,33716,116,33832,296282,181500,18.7707364706666
238,Jahanabad,RAM NARAYAN NISHAD,M,52,GEN,BSP,31942,68,32010,296282,181500,17.7598508638578
238,Jahanabad,ADITYA PANDEY,M,55,GEN,RLD,21774,38,21812,296282,181500,12.1017765399083
238,Jahanabad,VIVEK KUMAR,M,27,GEN,BSCP,2117,0,2117,296282,181500,1.17455808431074
238,Jahanabad,PREM NARAYAN,M,33,GEN,AKBSD,1519,0,1519,296282,181500,0.842774553645735
238,Jahanabad,MANOJ KUMAR,M,32,GEN,JHJBP,1262,0,1262,296282,181500,0.70018531053385
238,Jahanabad,None of the Above,,,,NOTA,1262,0,1262,296282,181500,0.70018531053385
238,Jahanabad,GRISH CHANDRA,M,61,GEN,BSRD,1230,0,1230,296282,181500,0.682431007889568
238,Jahanabad,SHRIRAM,M,44,GEN,SADA,856,0,856,296282,181500,0.474927595734529
238,Jahanabad,ANOOP SACHAN,M,39,GEN,JANADIP,852,1,853,296282,181500,0.473263129861627
238,Jahanabad,SHRINARAYAN,M,56,GEN,LD,783,0,783,296282,181500,0.434425592827262
238,Jahanabad,HARI PRASAD NISHAD,M,64,GEN,PMSP,756,0,756,296282,181500,0.419445399971149
238,Jahanabad,JAGDISHWAR,M,39,GEN,IND,726,0,726,296282,181500,0.402800741242135
238,Jahanabad,KRISHNA DUTT,M,66,GEN,FJP,579,0,579,296282,181500,0.321241913469968
238,Jahanabad,SHIVNARAYAN,M,46,GEN,BIRK,465,0,465,296282,181500,0.257992210299715
239,Bindki,KARAN SINGH PATEL,M,65,GEN,BJP,97899,97,97996,297115,183971,53.8945932717003
239,Bindki,RAMESHWAR DAYAL,M,47,GEN,SP,41456,162,41618,297115,183971,22.8885381319811
239,Bindki,SUKHDEV PRASAD VERMA,M,60,GEN,BSP,32226,71,32297,297115,183971,17.762293143558
239,Bindki,None of the Above,,,,NOTA,2141,1,2142,297115,183971,1.17802990722052
239,Bindki,ABHIMANYU SINGH,M,36,GEN,INC,2002,0,2002,297115,183971,1.10103448844794
239,Bindki,AMARJEET SINGH JANSEWAK,M,65,GEN,LD,1745,0,1745,297115,183971,0.959692898272553
239,Bindki,SHAHEEN HASAN,F,59,GEN,RLD,1561,0,1561,297115,183971,0.858498919314301
239,Bindki,SEWALAL SONKAR,M,59,SC,IND,1539,1,1540,297115,183971,0.846949606498413
239,Bindki,ACHARYA SUBHASH CHANDRA TRIPATHI,M,46,GEN,AKBSD,1493,0,1493,297115,183971,0.821101144481903
239,Bindki,RAMBABU,M,50,GEN,JHJBP,608,0,608,297115,183971,0.334380104383789
239,Bindki,RITA DEVI,F,48,SC,BMUP,542,0,542,297115,183971,0.298082264105286
239,Bindki,MUBARAK ALI,M,27,GEN,FJP,427,0,427,297115,183971,0.234836027256378
240,Fatehpur   ,VIKRAM SINGH,M,49,GEN,BJP,89279,202,89481,332514,195168,46.3135393645158
240,Fatehpur   ,CHANDRA PRAKASH LODHI,M,48,GEN,SP,57733,250,57983,332514,195168,30.0108174134478
240,Fatehpur   ,SAMEER TRIVEDI,M,34,GEN,BSP,35379,169,35548,332514,195168,18.3989192938144
240,Fatehpur   ,GAYA PRASAD,M,78,GEN,CPM,2013,0,2013,332514,195168,1.04188771628357
240,Fatehpur   ,None of the Above,,,,NOTA,1959,2,1961,332514,195168,1.01497357756189
240,Fatehpur   ,SAURABH MISHRA,M,28,GEN,IND,1743,1,1744,332514,195168,0.902658806357948
240,Fatehpur   ,VIKRAM SINGH LODHI,M,36,GEN,RLD,1614,0,1614,332514,195168,0.835373459553743
240,Fatehpur   ,RAJ KUMAR LODHI,M,38,GEN,IND,909,0,909,332514,195168,0.470479848038632
240,Fatehpur   ,MO. ANWAR ALI,M,42,GEN,SARP,815,0,815,332514,195168,0.421827366503284
240,Fatehpur   ,RAMESH KUMAR GUPTA,M,44,GEN,PSJP,677,0,677,332514,195168,0.350401382972667
240,Fatehpur   ,DURGA PRASAD GUPTA,M,44,GEN,IND,548,0,548,332514,195168,0.283633615759263
240,Fatehpur   ,GANGA PRASAD SINGH LODHI,M,63,GEN,IND,513,0,513,332514,195168,0.265518330081208
240,Fatehpur   ,BABU RAM,M,52,GEN,IND,480,0,480,332514,195168,0.248438203584756
240,Fatehpur   ,KAMLESH KUMARI,F,38,SC,BSCP,456,0,456,332514,195168,0.236016293405518
240,Fatehpur   ,SURESH,M,36,SC,BMUP,426,0,426,332514,195168,0.220488905681471
241,Ayah Shah,VIKAS GUPTA,M,40,GEN,BJP,81123,80,81203,260518,150934,54.376766175151
241,Ayah Shah,AYODHYA PRASAD,M,61,GEN,SP,29093,145,29238,260518,150934,19.5789304512033
241,Ayah Shah,RAMBAHADUR,M,47,GEN,BSP,27294,71,27365,260518,150934,18.3246949790403
241,Ayah Shah,ABBAS MEHNDI,M,46,GEN,PECP,2159,0,2159,260518,150934,1.44575247431931
241,Ayah Shah,DEV KUMAR,M,40,GEN,RLD,1706,2,1708,260518,150934,1.14374489399601
241,Ayah Shah,SUKHRAJ,M,48,GEN,IND,1690,1,1691,260518,150934,1.13236101624546
241,Ayah Shah,None of the Above,,,,NOTA,1600,0,1600,260518,150934,1.07142378828666
241,Ayah Shah,HEMLATA,F,42,GEN,IND,1523,3,1526,260518,150934,1.0218704380784
241,Ayah Shah,BHOLA NATH,M,56,SC,IND,953,0,953,260518,150934,0.638166793898241
241,Ayah Shah,B.L.RAI,M,50,SC,IND,823,0,823,260518,150934,0.551113611099951
241,Ayah Shah,RAMRAJ,M,31,GEN,IND,788,0,788,260518,150934,0.52767621573118
241,Ayah Shah,KRISHNA PAL AWASTHI,M,64,GEN,IND,458,0,458,260518,150934,0.306695059397056
241,Ayah Shah,RAJ KUMAR,M,62,GEN,IND,448,0,448,260518,150934,0.299998660720265
241,Ayah Shah,HORALAL,M,40,SC,BKRP,358,0,358,260518,150934,0.23973107262914
241,Ayah Shah,CHHOTELAL,M,47,GEN,PMSP,333,0,333,260518,150934,0.222990075937161
241,Ayah Shah,KRISHNA PAL,M,56,GEN,IND,283,0,283,260518,150934,0.189508082553203
242,Husainganj,RANVENDRA PRATAP SINGH URF DHUNNI BHAIYA,M,53,GEN,BJP,73542,53,73595,286821,175664,42.4660854111008
242,Husainganj,USHA MAURYA,F,47,GEN,INC,54845,157,55002,286821,175664,31.7374771354218
242,Husainganj,MO. ASIF,M,47,GEN,BSP,34366,49,34415,286821,175664,19.8582828918138
242,Husainganj,RAKESH PRAJAPATI,M,42,GEN,CPI,3416,0,3416,286821,175664,1.97111417574999
242,Husainganj,None of the Above,,,,NOTA,2361,0,2361,286821,175664,1.36235379652978
242,Husainganj,PAPPU SINGH,M,38,GEN,RLD,2290,1,2291,286821,175664,1.32196211260047
242,Husainganj,RAJESH KUMAR SAHU (RAJU SAHU),M,44,GEN,IND,1275,0,1275,286821,175664,0.735705671569448
242,Husainganj,ISRAR,M,35,GEN,IND,755,0,755,286821,175664,0.43565316238034
242,Husainganj,SHAMSHER SINGH,M,30,GEN,FJP,724,0,724,286821,175664,0.41776541664022
242,Husainganj,ASHIS,M,48,GEN,SHS,699,0,699,286821,175664,0.403339815236897
242,Husainganj,SHAMSHAD AHMAD,M,35,GEN,BSP(K),647,0,647,286821,175664,0.373334564317986
242,Husainganj,KULDEEP URF KULDEEPAK SINGH PAL,M,60,GEN,ALD,484,0,484,286821,175664,0.279279643168324
243,Khaga,KRISHNA PASWAN,F,53,SC,BJP,94892,62,94954,323594,184571,52.5275211594844
243,Khaga,OM PRAKASH GIHAR,M,45,SC,INC,38393,127,38520,323594,184571,21.3088454942745
243,Khaga,SUNIL KUMAR,M,48,GEN,BSP,38318,41,38359,323594,184571,21.2197820434807
243,Khaga,HEERA LAL,M,59,SC,CPI,4293,0,4293,323594,184571,2.37484095812358
243,Khaga,None of the Above,,,,NOTA,3801,0,3801,323594,184571,2.10267190352381
243,Khaga,RAJESH RAO,M,31,SC,RLD,2846,0,2846,323594,184571,1.57437627924988
243,Khaga,ANIL KUMAR,M,38,SC,BMUP,1796,2,1798,323594,184571,0.994634065386956
244,Rampur Khas,ARADHANA MISHRA MONA,F,42,GEN,INC,80948,515,81463,315794,170655,48.1858511770969
244,Rampur Khas,NAGESH PRATAP SINGH URF CHHOTE SARKAR,M,29,GEN,BJP,64203,194,64397,315794,170655,38.0912102212232
244,Rampur Khas,ASHOK SINGH,M,50,GEN,BSP,7871,62,7933,315794,170655,4.69241689341062
244,Rampur Khas,KAMARUDDIN,M,66,GEN,CPI,3472,0,3472,315794,170655,2.0537087424583
244,Rampur Khas,SURENDRA SINGH,M,40,GEN,NCP,3054,1,3055,315794,170655,1.80705075121259
244,Rampur Khas,None of the Above,,,,NOTA,1595,0,1595,315794,170655,0.943452028865492
244,Rampur Khas,GYANENDRA SINGH,M,40,GEN,SHS,1495,0,1495,315794,170655,0.884301431444458
244,Rampur Khas,VANDNA GUPTA,F,25,GEN,MWSP,1293,0,1293,315794,170655,0.764817224653969
244,Rampur Khas,ARVIND KUMAR,M,60,GEN,RLD,1207,0,1207,315794,170655,0.71394771087188
244,Rampur Khas,KAMTA PATEL,M,58,GEN,BMUP,885,17,902,315794,170655,0.533538388737726
244,Rampur Khas,RAVINDRA KUMAR,M,47,GEN,LD,870,0,870,315794,170655,0.514610197562995
244,Rampur Khas,SURENDRA BAHADUR,M,34,GEN,BRABSVP,856,1,857,315794,170655,0.506920619898261
244,Rampur Khas,NAVEEN PRATAP SINGH,M,31,GEN,IND,645,0,645,315794,170655,0.381521353365669
244,Rampur Khas,NAGESH SINGH,M,47,GEN,SWPI,537,5,542,315794,170655,0.320596238022004
244,Rampur Khas,DURGESH KUMAR,M,37,GEN,PUPP,496,0,496,315794,170655,0.293386963208328
244,Rampur Khas,JAGRAM YADAV,M,43,GEN,ARK,431,2,433,315794,170655,0.256122086833077
245,Babaganj,VINOD KUMAR,M,38,SC,IND,87373,405,87778,305086,167975,53.3316321260838
245,Babaganj,PAWAN KUMAR,M,34,SC,BJP,50432,186,50618,305086,167975,30.7541816281769
245,Babaganj,DAYA RAM,M,58,SC,BSP,17097,108,17205,305086,167975,10.4533109746095
245,Babaganj,None of the Above,,,,NOTA,3386,0,3386,305086,167975,2.05724562394814
245,Babaganj,RAM SARAN,M,66,SC,IND,3351,0,3351,305086,167975,2.03598053332847
245,Babaganj,SANJAY KUMAR,M,32,SC,BMUP,2295,3,2298,305086,167975,1.39620509268542
245,Babaganj,SITARAM,M,39,SC,IND,1936,0,1936,305086,167975,1.17626329827631
245,Babaganj,KUWAR BHARATI,M,31,SC,IND,1403,0,1403,305086,167975,0.852426346839704
246,Kunda,RAGHURAJ PRATAP SINGH,M,43,GEN,IND,136223,374,136597,342877,201038,69.3223917257899
246,Kunda,JANKI SHARAN,M,49,GEN,BJP,32870,80,32950,342877,201038,16.7219836992377
246,Kunda,PARVEZ AKHTAR,M,42,GEN,BSP,17176,85,17261,342877,201038,8.7598834789846
246,Kunda,BHAGWANDEEN,M,54,GEN,IND,5514,0,5514,342877,201038,2.79833135410006
246,Kunda,None of the Above,,,,NOTA,3986,6,3992,342877,201038,2.02592288095166
246,Kunda,RAM KRIPAL,M,49,SC,IND,2615,0,2615,342877,201038,1.32710128599413
246,Kunda,JIYALAL,M,44,GEN,BMUP,2105,4,2109,342877,201038,1.07030845589355
247,Vishwanathganj,RAKESH KUMAR VERMA ALIAS DR.R.K.VERMA,M,44,GEN,ADAL,81548,351,81899,380507,196623,42.0702514999589
247,Vishwanathganj,SANJAY PANDEY,M,37,GEN,INC,58036,505,58541,380507,196623,30.0716076271883
247,Vishwanathganj,PREMANAND TRIPATHI,M,35,GEN,BSP,33628,250,33878,380507,196623,17.402605408071
247,Vishwanathganj,RAKESH KUMAR,M,39,GEN,IND,5805,25,5830,380507,196623,2.99478096490507
247,Vishwanathganj,UPENDRA NARAYAN,M,37,GEN,CPI,2625,2,2627,380507,196623,1.34944933015534
247,Vishwanathganj,SUSHIL KUMAR,M,29,GEN,RTRJP,2050,3,2053,380507,196623,1.05459439467412
247,Vishwanathganj,None of the Above,,,,NOTA,1948,3,1951,380507,196623,1.00219856990219
247,Vishwanathganj,RAJENDRA KUMAR DUBEY,M,46,GEN,LOGAP,1632,0,1632,380507,196623,0.838333196350785
247,Vishwanathganj,RAM LAKHAN CHATURVEDI,M,54,GEN,IND,1616,0,1616,380507,196623,0.830114243445385
247,Vishwanathganj,ABDUL LATIF,M,35,GEN,VIP,1590,1,1591,380507,196623,0.817272129530698
247,Vishwanathganj,NANDLAL YADAV,M,58,GEN,BMUP,1236,2,1238,380507,196623,0.635941481055314
247,Vishwanathganj,INDRAJEET,M,47,SC,IND,1156,0,1156,380507,196623,0.593819347415139
247,Vishwanathganj,ANIL KUMAR,M,40,GEN,IND,984,0,984,380507,196623,0.505465603682091
247,Vishwanathganj,RAKESH KUMAR,M,47,GEN,RLD,873,0,873,380507,196623,0.448446617900879
247,Vishwanathganj,RAJKUMAR,M,44,GEN,NCP,754,0,754,380507,196623,0.387318155666968
248,Pratapgarh,SANGAM LAL GUPTA,M,45,GEN,ADAL,80313,515,80828,330831,185179,44.1712024832229
248,Pratapgarh,NAGENDRA SINGH &QUOT; MUNNA YADAV&QUOT;,M,49,GEN,SP,45944,330,46274,330831,185179,25.2879970271275
248,Pratapgarh,ASHOK TRIPATHI,M,43,GEN,BSP,41391,359,41750,330831,185179,22.8157037619953
248,Pratapgarh,SHIV RAM SHUKLA,M,65,GEN,IND,3423,3,3426,330831,185179,1.87225391828972
248,Pratapgarh,PRAMOD KUMAR,M,39,GEN,IND,3157,17,3174,330831,185179,1.73453996983409
248,Pratapgarh,None of the Above,,,,NOTA,2188,3,2191,330831,185179,1.19734627407262
248,Pratapgarh,VINOD KUMAR,M,41,GEN,LD,1423,6,1429,330831,185179,0.78092552517105
248,Pratapgarh,SHRAWAN KUMAR,M,48,GEN,RSPS,1228,5,1233,330831,185179,0.673814676372221
248,Pratapgarh,YOGENDRA KUMAR,M,43,GEN,IND,1053,0,1053,330831,185179,0.575447570332481
248,Pratapgarh,DHARMENDRA,M,39,GEN,RLD,989,0,989,330831,185179,0.540472599296129
248,Pratapgarh,ATMA PRAKASH,M,38,GEN,SHS,845,1,846,330831,185179,0.462325398386779
248,Pratapgarh,RAM DAYAL,M,56,GEN,BMUP,826,8,834,330831,185179,0.455767591317463
248,Pratapgarh,PARITOSH KUMAR,M,25,GEN,IND,415,0,415,330831,185179,0.226790827813846
248,Pratapgarh,DEEPMALA SHRIVASTAV,F,32,GEN,PUPP,409,2,411,330831,185179,0.224604892124074
248,Pratapgarh,IDRAKAR MISHRA,M,40,GEN,IND,326,0,326,330831,185179,0.178153758716419
249,Patti,RAJENDRA PRATAP SINGH ALIAS MOTI,M,62,GEN,BJP,74428,583,75011,339194,207923,36.4699361626612
249,Patti,RAM SINGH,M,35,GEN,SP,73051,487,73538,339194,207923,35.7537716538879
249,Patti,KUNWAR SHAKTI SINGH,M,55,GEN,BSP,46071,356,46427,339194,207923,22.5725523753033
249,Patti,VIJAY,M,32,GEN,NINSHAD,3023,2,3025,339194,207923,1.47073838359774
249,Patti,None of the Above,,,,NOTA,2243,1,2244,339194,207923,1.09102047365069
249,Patti,LALIT NARAYAN MISHRA,M,41,GEN,CPI,1844,2,1846,339194,207923,0.897515059874854
249,Patti,CHANDRABALI YADAV,M,60,GEN,RLD,1086,2,1088,339194,207923,0.528979623588213
249,Patti,YOGINI NIRMALA DEVI,F,51,GEN,IND,948,1,949,339194,207923,0.461398587118763
249,Patti,RAM SAMUJH MAURYA,M,61,GEN,SUCI,806,3,809,339194,207923,0.393331356142338
249,Patti,SUBHASH CHANDRA,M,41,GEN,IND,705,0,705,339194,207923,0.342767127416994
249,Patti,GUNAKAR PANDEY,M,46,GEN,LD,635,0,635,339194,207923,0.308733511928782
249,Patti,KANT LAL,M,46,SC,ASAP,620,0,620,339194,207923,0.301440594324165
249,Patti,RAM LALE,F,42,GEN,RBCP,549,0,549,339194,207923,0.266920784328979
249,Patti,RAMSHIROMANI,M,59,SC,BMUP,473,4,477,339194,207923,0.231914779826818
250,Raniganj,ABHAY KUMAR ALIAS DHIRAJ OJHA,M,37,GEN,BJP,66755,276,67031,315821,177190,38.100732673605
250,Raniganj,SHAKEEL AHMAD KHAN,M,36,GEN,BSP,57698,324,58022,315821,177190,32.979975103876
250,Raniganj,PROF.SHIVAKANT OJHA,M,65,GEN,SP,37542,274,37816,315821,177190,21.4947905713035
250,Raniganj,SHREENATH,M,55,GEN,NINSHAD,2049,3,2052,315821,177190,1.16636635953868
250,Raniganj,PRANANJANY,M,41,GEN,IND,1874,0,1874,315821,177190,1.06519033029995
250,Raniganj,ANIL YADAV,M,54,GEN,SARSAMP,1378,1,1379,315821,177190,0.783830024270879
250,Raniganj,SHASHI BHUSAN,M,37,GEN,IND,1340,0,1340,315821,177190,0.76166224258374
250,Raniganj,None of the Above,,,,NOTA,1258,1,1259,315821,177190,0.715621465233529
250,Raniganj,RAM SHIROMANI SHUKLA,M,60,GEN,RLD,1207,2,1209,315821,177190,0.6872012323013
250,Raniganj,TRIBHUWAN,M,64,GEN,CPI,1008,0,1008,315821,177190,0.572951895913739
250,Raniganj,DINESH PANDEY,M,45,GEN,IND,818,0,818,315821,177190,0.464955010771268
250,Raniganj,ASHOK KUMAR,M,44,GEN,IND,656,1,657,315821,177190,0.373441860729491
250,Raniganj,NARENDRA KUMAR,M,40,GEN,BMUP,627,2,629,315821,177190,0.357526530287442
250,Raniganj,ANURAG KUMAR,M,32,GEN,BKS,488,0,488,315821,177190,0.277381473418556
250,Raniganj,DHEERAJ,M,26,GEN,IND,418,0,418,315821,177190,0.237593147313435
250,Raniganj,AWADHESH,M,35,GEN,LD,411,0,411,315821,177190,0.233614314702923
250,Raniganj,SUSHIL KUMAR,M,47,GEN,IND,313,0,313,315821,177190,0.177910658155754
250,Raniganj,PARASNATH,M,63,GEN,SUCI,240,1,241,315821,177190,0.136985522733344
250,Raniganj,RAM ASREY,M,66,GEN,PGSP,225,0,225,315821,177190,0.127891048195031
251,Sirathu,SHEETLA PRASAD,M,42,GEN,BJP,78475,146,78621,350708,196186,40.4470624549851
251,Sirathu,VACHASPATI,M,60,SC,SP,52270,148,52418,350708,196186,26.9667661282025
251,Sirathu,SAEEDURRAB,M,54,GEN,BSP,43650,132,43782,350708,196186,22.5239222142196
251,Sirathu,ASHISH KUMAR MAURYA,M,43,GEN,BMUP,4446,7,4453,350708,196186,2.29087354666118
251,Sirathu,VISHWAJEET SINGH,M,45,GEN,IND,2396,0,2396,350708,196186,1.23263710258257
251,Sirathu,SHIV SINGH YADAV,M,54,GEN,CPI,2179,0,2179,350708,196186,1.12100010289124
251,Sirathu,None of the Above,,,,NOTA,1804,2,1806,350708,196186,0.929107932914909
251,Sirathu,MITHLESH KUMAR,M,27,GEN,IND,1641,0,1641,350708,196186,0.844222656651919
251,Sirathu,GOPAL SINGH,M,52,GEN,RLD,1580,0,1580,350708,196186,0.812840827245601
251,Sirathu,SANGITA DEVI,F,30,SC,SWAJANPA,1181,0,1181,350708,196186,0.607572795555098
251,Sirathu,CHHEDDOO,M,42,SC,IND,1147,0,1147,350708,196186,0.590081284082725
251,Sirathu,HARI LAL,M,67,GEN,PSJP,1117,1,1118,350708,196186,0.575162053709229
251,Sirathu,NAFEES AHMAD,M,42,GEN,IND,886,1,887,350708,196186,0.456322666941043
251,Sirathu,SUSHIL KUMAR,M,27,GEN,SHS,788,0,788,350708,196186,0.405391501183249
251,Sirathu,LAAKHAN SINGH RAJPASI,M,50,SC,BKRP,787,0,787,350708,196186,0.404877044963474
251,Sirathu,SHASHI BHUSHAN,M,49,GEN,LD,702,0,702,350708,196186,0.361148266282539
251,Sirathu,JETVAN PRATAP,M,29,SC,BKRD,699,1,700,350708,196186,0.360119353842988
252,Manjhanpur ,LAL BAHADUR,M,56,SC,BJP,92599,219,92818,378420,223633,42.2506873509222
252,Manjhanpur ,INDRAJEET SAROJ,M,55,SC,BSP,88338,320,88658,378420,223633,40.3570583201326
252,Manjhanpur ,HEMANT KUMAR TUNNU,M,47,SC,SP,33613,104,33717,378420,223633,15.3479543344076
252,Manjhanpur ,None of the Above,,,,NOTA,3949,0,3949,378420,223633,1.79758198139145
252,Manjhanpur ,JAYKARAN,M,57,SC,BMUP,1603,1,1604,378420,223633,0.730139655141021
252,Manjhanpur ,BAL CHANDRA GAUTAM,M,32,SC,IND,1473,0,1473,378420,223633,0.670508548642596
252,Manjhanpur ,VIKRAM SINGH RAJPASI,M,29,SC,BKRP,1414,0,1414,378420,223633,0.643651790753992
253,Chail,SANJAY KUMAR,M,42,GEN,BJP,85579,134,85713,365347,203355,42.4315480463161
253,Chail,TALAT AZIM,M,35,GEN,INC,45493,104,45597,365347,203355,22.5724370430142
253,Chail,MOHD  ASIF JAFRI,M,50,GEN,BSP,43717,59,43776,365347,203355,21.6709652826938
253,Chail,SHIKHA SAROJ,F,45,SC,IND,6251,9,6260,365347,203355,3.09896387677411
253,Chail,SUBHASH CHANDRA,M,51,GEN,IND,4556,1,4557,365347,203355,2.25590709048876
253,Chail,ROOPCHAND,M,30,GEN,IND,2625,0,2625,365347,203355,1.2994856512032
253,Chail,NARENDRA KUMAR MAURYA,M,41,GEN,BMUP,2429,3,2432,365347,203355,1.20394251570521
253,Chail,ARUN KUMAR,M,40,GEN,RAJAP,1799,0,1799,365347,203355,0.890580832957926
253,Chail,HARIHAR SINGH,M,51,GEN,RKMP,1634,1,1635,365347,203355,0.809393919892279
253,Chail,VIJAY KUMAR RAMDAS RAVIDAS,M,33,SC,IND,1632,0,1632,365347,203355,0.807908793433761
253,Chail,None of the Above,,,,NOTA,1352,0,1352,365347,203355,0.669296990638753
253,Chail,MOHD. FAROOQUE,M,42,GEN,IND,923,0,923,365347,203355,0.456923907070687
253,Chail,LALBAHADUR,M,54,GEN,JANKP,854,0,854,365347,203355,0.422765998524774
253,Chail,CHANDRIKA PRASAD RAJPASI,M,36,SC,BKRP,699,0,699,365347,203355,0.346034464834681
253,Chail,ASHARFI,M,39,SC,RBCP,648,0,648,365347,203355,0.320787315039876
253,Chail,TEJSINGH VARMA,M,30,SC,SWAJANPA,619,2,621,365347,203355,0.307421176913214
253,Chail,RAM BISHAL PASWAN,M,44,SC,RPI(A),611,0,611,365347,203355,0.302470755384821
253,Chail,QAMAR SAEED,M,36,GEN,BHSVP,581,0,581,365347,203355,0.287619490799642
253,Chail,DHARMENDRA DUTT PANDEY,M,42,GEN,BSCP,550,0,550,365347,203355,0.272273184061623
253,Chail,MANOJ KUMAR TRIPATHI,M,39,GEN,RSJNP,490,0,490,365347,203355,0.242570654891264
254,Phaphamau,VIKRAMAJEET MAURYA,M,61,GEN,BJP,83086,153,83239,356296,205266,41.0661338464195
254,Phaphamau,ANSAR AHMAD,M,62,GEN,SP,57136,118,57254,356296,205266,28.2463800291078
254,Phaphamau,MANOJ PANDEY,M,41,GEN,BSP,51885,98,51983,356296,205266,25.6459212116727
254,Phaphamau,RAJ KUMAR PATEL,M,37,GEN,IND,3167,4,3171,356296,205266,1.56441944793902
254,Phaphamau,None of the Above,,,,NOTA,2570,1,2571,356296,205266,1.26840819951158
254,Phaphamau,CHANDRIKA PRASAD SAHU,M,55,GEN,LD,1502,1,1503,356296,205266,0.741508177310738
254,Phaphamau,RAM SAJIWAN PATEL,M,56,GEN,RLD,1415,2,1417,356296,205266,0.699079898369471
254,Phaphamau,SUDHA PATEL,F,38,GEN,BHASAP,857,0,857,356296,205266,0.422802733170527
254,Phaphamau,AWANISH PANDEY,M,41,GEN,IND,833,0,833,356296,205266,0.41096228323343
254,Phaphamau,KAMLESH KUMAR,M,43,SC,IND,621,0,621,356296,205266,0.306371642122401
254,Phaphamau,PAWAN TRIPATHI,M,38,GEN,YVP,617,0,617,356296,205266,0.304398233799551
254,Phaphamau,SATENDRA PRASAD MAURYA,M,51,GEN,RPI(A),611,1,612,356296,205266,0.301931473395989
254,Phaphamau,RAGHUNATH PRASAD,M,68,SC,BAWPA,588,0,588,356296,205266,0.290091023458891
255,Soraon ,DR.JAMUNA PRASAD SAROJ,M,49,SC,ADAL,77698,116,77814,365758,212679,37.0156836441996
255,Soraon ,GEETA PASI,F,52,SC,BSP,59956,123,60079,365758,212679,28.5792435507732
255,Soraon ,SATYAVEER MUNNA,M,44,SC,SP,54226,119,54345,365758,212679,25.8516118904571
255,Soraon ,SURENDRA CHAUDHARI,M,41,SC,BJP,6492,30,6522,365758,212679,3.10247884349179
255,Soraon ,AJAY PASI,M,43,SC,IND,2904,3,2907,365758,212679,1.38284360595379
255,Soraon ,None of the Above,,,,NOTA,2459,1,2460,365758,212679,1.17020821143664
255,Soraon ,KISHAN SAROJ,M,35,SC,BRJ,1283,2,1285,365758,212679,0.611267297437434
255,Soraon ,MANOJ KUMAR,M,53,SC,RSPS,1208,0,1208,365758,212679,0.574638829030678
255,Soraon ,SUNIL KUMAR RAJPASI,M,46,SC,BKRP,1095,0,1095,365758,212679,0.520885362407775
255,Soraon ,ASHOK KUMAR,M,27,SC,IND,976,0,976,365758,212679,0.464277729415514
255,Soraon ,PHOOL CHANDRA PREMI,M,56,SC,CPM,931,1,932,365758,212679,0.443347176040225
255,Soraon ,JAVAHAR LAL DIVAKAR,M,65,SC,INC,845,2,847,365758,212679,0.402913152474324
255,Soraon ,SHYAM LAL BHARTIYA,M,46,SC,BAWPA,771,0,771,365758,212679,0.366760378462461
255,Soraon ,MUNNA ALIAS PRAMUKH,M,48,SC,PGSP,738,0,738,365758,212679,0.351062463430993
255,Soraon ,LILAWATI CHAMAR,F,48,SC,YVP,700,0,700,365758,212679,0.332986076425062
256,Phulpur,PRAVEEN PATEL,M,38,GEN,BJP,93606,306,93912,380837,223933,42.242003607429
256,Phulpur,MANSOOR ALAM,M,59,GEN,SP,67092,207,67299,380837,223933,30.27136681975
256,Phulpur,MOHAMMAD MASROOR SHAIKH,M,54,GEN,BSP,50230,191,50421,380837,223933,22.6795730459385
256,Phulpur,RAM KISHUN PATEL,M,52,GEN,IND,2047,1,2048,380837,223933,0.921198817914798
256,Phulpur,None of the Above,,,,NOTA,1612,2,1614,380837,223933,0.725983834040275
256,Phulpur,ASHOK KUMAR DUBEY,M,44,GEN,PMSP,1590,6,1596,380837,223933,0.717887360054696
256,Phulpur,VINOD KUMAR PANDEY,M,57,GEN,ABHM,1147,0,1147,380837,223933,0.515925314525524
256,Phulpur,VINAY KUMAR BHASKAR,M,40,SC,IND,922,0,922,380837,223933,0.414719389705783
256,Phulpur,JAWAHAR LAL GUPTA,M,40,GEN,NCP,911,0,911,380837,223933,0.409771544492374
256,Phulpur,MANJU MAURAYA,F,53,GEN,JAM,875,4,879,380837,223933,0.395377812962455
256,Phulpur,ANIL KUMAR SHUKLA,M,41,GEN,AYP,782,0,782,380837,223933,0.351746814262389
256,Phulpur,PRAMOD CHANDRA TRIPATHI,M,44,GEN,RLD,747,0,747,380837,223933,0.33600367040154
256,Phulpur,TAHSEEN AHMAD,M,42,GEN,PSJP,628,0,628,380837,223933,0.282476981274655
256,Phulpur,SHIV CHANDRA YADAV,M,34,GEN,IND,566,0,566,380837,223933,0.254589126435437
256,Phulpur,VINOD KUMAR YADAV,M,37,GEN,PMHP,461,0,461,380837,223933,0.207359694852892
257,Pratappur,MOHD. MUJTABA SIDDQUI,M,61,GEN,BSP,66657,148,66805,374639,207673,32.6264791924086
257,Pratappur,KARAN SINGH,M,33,GEN,ADAL,64021,130,64151,374639,207673,31.3303086097179
257,Pratappur,VIJAMA YADAV,F,46,GEN,SP,51451,194,51645,374639,207673,25.2225809129847
257,Pratappur,SANTOSH YADAV ARMY,M,40,GEN,IND,7260,4,7264,374639,207673,3.54761986159203
257,Pratappur,DR. K. L.PATEL,M,36,GEN,IND,4650,8,4658,374639,207673,2.27489170089423
257,Pratappur,None of the Above,,,,NOTA,2916,0,2916,374639,207673,1.42412713606861
257,Pratappur,PUSHPRAJ SINGH,M,53,GEN,SARSAMP,2020,0,2020,374639,207673,0.986535258867829
257,Pratappur,BRIJESH KUMAR PANDEY,M,38,GEN,IND,1636,4,1640,374639,207673,0.800949418090712
257,Pratappur,RATNA DEVI,F,40,GEN,IND,1393,0,1393,374639,207673,0.680318621585587
257,Pratappur,SURESH KUMAR,M,46,GEN,RLD,1215,2,1217,374639,207673,0.594363074278291
257,Pratappur,RAM KAILASH (R.K. SAROJ),M,39,SC,IND,1156,0,1156,374639,207673,0.564571662995649
257,Pratappur,PANKAJ KUMAR SINGH,M,41,GEN,IND,1095,5,1100,374639,207673,0.5372221706706
257,Pratappur,MOHAMMAD HUSAIN,M,25,GEN,RUC,686,0,686,374639,207673,0.335031280981847
257,Pratappur,MANOJ KUMAR YADAV,M,30,GEN,IND,630,0,630,374639,207673,0.307681788656798
257,Pratappur,WASI AHMAD URF CHAND BHAI,M,50,GEN,PGSP,392,0,392,374639,207673,0.191446446275341
258,Handia,HAKIM LAL BIND,M,39,GEN,BSP,72289,157,72446,369580,202123,36.2757812617358
258,Handia,PRAMILA TRIPATHI,F,54,GEN,ADAL,63790,130,63920,369580,202123,32.0065695587079
258,Handia,NIDHI YADAV,F,33,GEN,SP,55211,192,55403,369580,202123,27.7418644127205
258,Handia,AWADHESH KUMAR TIWARI,M,49,GEN,IND,2990,5,2995,369580,202123,1.49968203736437
258,Handia,None of the Above,,,,NOTA,2414,0,2414,369580,202123,1.20875874397248
258,Handia,MITHAI LAL,M,64,SC,BAWPA,1448,0,1448,369580,202123,0.725054954959466
258,Handia,VIJAY YADAV,M,41,GEN,RLD,1348,1,1349,369580,202123,0.675482827514033
258,Handia,PRABHAT TRIPATHI,M,38,GEN,IND,973,0,973,369580,202123,0.487208888933398
258,Handia,SNEH LATA YADAV,F,38,GEN,NAVSAD,588,0,588,369580,202123,0.294428393312269
258,Handia,MANGALA PRASAD,M,35,GEN,IND,587,0,587,369580,202123,0.293927664752214
259,Meja,NEELAM KARWARIYA,F,47,GEN,BJP,67654,153,67807,310775,181184,37.9392922087005
259,Meja,RAM SEWAK SINGH PATEL,M,62,GEN,SP,47821,143,47964,310775,181184,26.836760386068
259,Meja,SURENDRA ALIAS S.K.MISHRA,M,58,GEN,BSP,44526,96,44622,310775,181184,24.9668485102812
259,Meja,SARVESH CHANDRA ALIAS BABA TIWARI,M,32,GEN,NINSHAD,11532,3,11535,310775,181184,6.45404951741502
259,Meja,None of the Above,,,,NOTA,2459,0,2459,310775,181184,1.37585676318366
259,Meja,SATYENDRA SINGH,M,44,GEN,IND,1434,0,1434,310775,181184,0.802349979018045
259,Meja,SURYABHAN SINGH,M,66,GEN,IND,1327,0,1327,310775,181184,0.742481465939292
259,Meja,HANSRAJ YADAV,M,45,GEN,RLD,675,0,675,310775,181184,0.377675199328577
259,Meja,VIMAL CHANDRA,M,32,SC,IND,546,0,546,310775,181184,0.305497272345783
259,Meja,ANIL KUMAR CHAMAR,M,36,SC,IND,542,0,542,310775,181184,0.303259197090502
259,Meja,LALLAN LAHARI,M,40,SC,DESP,526,0,526,310775,181184,0.29430689606938
259,Meja,KRISHNAKANT,M,64,GEN,BMUP,509,0,509,310775,181184,0.284795076234438
259,Meja,MAHENDRA KUMAR RAWAT,M,42,SC,IND,492,0,492,310775,181184,0.275283256399496
259,Meja,JANARDAN PRASAD PANDEY,M,45,GEN,LOGAP,278,0,278,310775,181184,0.155546230241992
259,Meja,AMIT RAJ ANAND,M,27,SC,IND,248,0,248,310775,181184,0.138760665827388
259,Meja,RAVINDRA KUMAR ALIAS VINAY SINGH MAURYA,M,27,GEN,PGSP,220,0,220,310775,181184,0.123094139040425
260,Karachhana,UJJWAL RAMAN SINGH,M,44,GEN,SP,80624,182,80806,331690,198734,41.1381385356317
260,Karachhana,PIYUSH RANJAN NISHAD SONU,M,44,GEN,BJP,65689,93,65782,331690,198734,33.4894565892499
260,Karachhana,DEEPAK PATEL,M,37,GEN,BSP,40895,103,40998,331690,198734,20.8719823241322
260,Karachhana,None of the Above,,,,NOTA,2306,2,2308,331690,198734,1.17499719996335
260,Karachhana,BABITA PATEL,F,31,GEN,IND,1522,0,1522,331690,198734,0.774846507081547
260,Karachhana,RAJENDRA BAHADUR SINGH,M,58,GEN,RLD,1170,0,1170,331690,198734,0.595644161159928
260,Karachhana,SUVEDAR,M,30,SC,IND,1095,0,1095,331690,198734,0.557461843136856
260,Karachhana,SUJEET,M,43,GEN,IND,1094,0,1094,331690,198734,0.556952745563215
260,Karachhana,RAJESH MAURYA,M,34,GEN,BMUP,783,3,786,331690,198734,0.400150692881798
260,Karachhana,PRAMOD SINGH SINGH,M,33,GEN,IND,729,0,729,331690,198734,0.371132131184263
260,Karachhana,VIMAL JI SHASTRI,M,32,GEN,IND,716,0,716,331690,198734,0.36451386272693
260,Karachhana,AJEET KUMAR PATEL,M,29,GEN,IND,547,0,547,331690,198734,0.278476372781607
260,Karachhana,MANOJ KUMAR SINGH,M,34,GEN,IND,357,0,357,331690,198734,0.181747833789824
260,Karachhana,JAI PRAKESH MISHRA,M,39,GEN,RPI,304,0,304,331690,198734,0.154765662386853
260,Karachhana,KANCHAN DEVI,F,43,GEN,BKSL,292,0,292,331690,198734,0.148656491503161
260,Karachhana,AJAY KUMAR,M,35,SC,IND,228,0,228,331690,198734,0.11607424679014
261,Allahabad West,SIDHARTH NATH SINGH,M,53,GEN,BJP,85301,217,85518,418849,198692,43.4028817507727
261,Allahabad West,RICHA SINGH,F,29,GEN,SP,60094,88,60182,418849,198692,30.544122050621
261,Allahabad West,POOJA PAL,F,37,GEN,BSP,40400,99,40499,418849,198692,20.554424893292
261,Allahabad West,HASAN AKHLAQ ALIAS RIZWAN NIWAN,M,48,GEN,IND,4013,5,4018,418849,198692,2.03925230798902
261,Allahabad West,CHANDRADEV SINGH ALIAS DAYA SINGH BISMARK,M,40,GEN,NINSHAD,2965,9,2974,418849,198692,1.50939182776489
261,Allahabad West,None of the Above,,,,NOTA,1658,1,1659,418849,198692,0.841990935528566
261,Allahabad West,REETA SINGH PASI,F,32,SC,IND,1000,0,1000,418849,198692,0.507529195616978
261,Allahabad West,SUNIL CHAUDHARY,M,33,GEN,RLD,999,0,999,418849,198692,0.507021666421361
261,Allahabad West,RAJENDRA KUMAR PAL,M,37,GEN,IND,435,0,435,418849,198692,0.220775200093385
261,Allahabad West,GANESH JI TRIPATHI,M,52,GEN,IND,368,0,368,418849,198692,0.186770743987048
261,Allahabad West,RAJ KUMAR SRIVASTAVA,M,45,GEN,VP,307,0,307,418849,198692,0.155811463054412
261,Allahabad West,NADIM AHAMAD,M,32,GEN,AWVP,280,0,280,418849,198692,0.142108174772754
261,Allahabad West,NIZAMUDDIN,M,57,GEN,IND,250,0,250,418849,198692,0.126882298904244
261,Allahabad West,DAKKHINI PRASAD KUSHWAHA/MAURYA,M,66,GEN,PGSP,203,0,203,418849,198692,0.103028426710247
262,Allahabad North,HARSHVARDHAN BAJPAI,M,36,GEN,BJP,88766,425,89191,413478,173242,51.6800611879501
262,Allahabad North,ANUGRAH NARAYAN SINGH,M,66,GEN,INC,53918,248,54166,413478,173242,31.3854782916046
262,Allahabad North,AMIT SRIVASTAVA,M,37,GEN,BSP,23230,158,23388,413478,173242,13.5517403220479
262,Allahabad North,BADAL CHATTERRJEE,M,62,GEN,IND,967,13,980,413478,173242,0.567842719155421
262,Allahabad North,None of the Above,,,,NOTA,659,0,659,413478,173242,0.381845257064717
262,Allahabad North,DHEERAJ KUMAR AGRAWAL,M,45,GEN,IND,557,0,557,413478,173242,0.322743259764867
262,Allahabad North,AJAY KUMAR,M,53,SC,RPI(A),492,0,492,413478,173242,0.285080222269864
262,Allahabad North,PRAVEEN KUMAR SRIVASTAVA ALIAS TARJAN,M,50,GEN,IND,445,0,445,413478,173242,0.257846949004247
262,Allahabad North,INDRESH KUMAR SONKAR,M,48,SC,IND,443,0,443,413478,173242,0.256688086312093
262,Allahabad North,PUSHPENDRA KUMAR,M,34,SC,IND,432,1,433,413478,173242,0.250893772851324
262,Allahabad North,SUNIL KUMAR GUPTA,M,41,GEN,BKRP,255,1,256,413478,173242,0.148334424595702
262,Allahabad North,SHAURYA DEEP ALIAS SACHIN SRIVASTAVA,M,32,GEN,IND,252,0,252,413478,173242,0.146016699211394
262,Allahabad North,SHAILENDRA KUMAR PRAJAPATI,M,48,GEN,IND,224,1,225,413478,173242,0.130372052867316
262,Allahabad North,ABHINAVA SRIVASTAVA,M,42,GEN,IND,214,0,214,413478,173242,0.123998308060469
262,Allahabad North,ANSHU TRIPATHI,F,38,GEN,IND,197,0,197,413478,173242,0.114147975177161
262,Allahabad North,DR. ASHUTOOSH BAJPAI (SUMIT),M,29,GEN,SKLP,195,0,195,413478,173242,0.112989112485007
262,Allahabad North,VINDESWARI PRASAD GUPTA,M,46,GEN,SHS,176,0,176,413478,173242,0.101979916909545
262,Allahabad North,MRIGANK SHEKHAR SINGH,M,44,GEN,LOGAP,133,0,133,413478,173242,0.0770643690282357
262,Allahabad North,MADHU SINGH PATEL,F,34,GEN,IND,114,1,115,413478,173242,0.0666346047988504
262,Allahabad North,RAJESH YADAV,M,37,GEN,IND,112,0,112,413478,173242,0.0648963107606195
262,Allahabad North,UMESH CHANDRA,M,64,SC,BAWPA,107,0,107,413478,173242,0.0619991540302347
262,Allahabad North,SUNIL KUMAR,M,35,SC,BMUP,102,0,102,413478,173242,0.0591019972998499
262,Allahabad North,RAMAKANT,M,50,GEN,IND,99,0,99,413478,173242,0.057363703261619
262,Allahabad North,BHAIYA RAM YADAV,M,42,GEN,IND,87,0,87,413478,173242,0.0504105271086955
262,Allahabad North,RITESH KUMAR,M,38,GEN,IND,80,0,80,413478,173242,0.0463545076861568
262,Allahabad North,SHARAD KHARE NAVODAYA,M,39,GEN,RSHP,75,0,75,413478,173242,0.043457350955772
262,Allahabad North,UDAYBHAN SRIVASTAVA,M,46,GEN,RABAP,63,0,63,413478,173242,0.0365041748028485
263,Allahabad South,NAND GOPAL GUPTA NANDI,M,42,GEN,BJP,92819,192,93011,392097,177063,52.7279220852844
263,Allahabad South,HAJI PARVEZ  AHMAD TANKI,M,53,GEN,SP,64333,91,64424,392097,177063,36.5219560312475
263,Allahabad South,MASHOOQ KHAN,M,56,GEN,BSP,12096,66,12162,392097,177063,6.89463599360537
263,Allahabad South,AQEELUR RAHMAN,M,58,GEN,PECP,870,2,872,392097,177063,0.494336670483792
263,Allahabad South,SYED AFZAL MUZIB,M,32,GEN,AIMIM,868,0,868,392097,177063,0.492069071077903
263,Allahabad South,SATISH KESHARWANI (BABA),M,34,GEN,RSAD,801,0,801,392097,177063,0.454086781029263
263,Allahabad South,SHIV SHARAN ALIAS MONU GUPTA,M,36,GEN,IND,672,0,672,392097,177063,0.380956700189345
263,Allahabad South,None of the Above,,,,NOTA,663,2,665,392097,177063,0.376988401229039
263,Allahabad South,AMIR HBIB ALIAS MUNNA MAJDOOR,M,39,GEN,CPI,583,0,583,392097,177063,0.330502613408315
263,Allahabad South,SAVITA SAHOO ADVOCATE,F,32,GEN,IND,428,1,429,392097,177063,0.24320003628159
263,Allahabad South,ARUNESH JAISWAL,M,51,GEN,RLD,395,1,396,392097,177063,0.224492341183007
263,Allahabad South,SATYENDRA KUMAR KUSHWAHA,M,36,GEN,RPI,277,0,277,392097,177063,0.15703125885781
263,Allahabad South,JYOTISHACHARYA RAMA NAND SHUKLA SAGAR,M,47,GEN,NINSHAD,275,0,275,392097,177063,0.155897459154866
263,Allahabad South,PATRAKAR RAIS AHMAD KHAN,M,43,GEN,PSJP,242,0,242,392097,177063,0.137189764056282
263,Allahabad South,GAURAV PANDEY,M,41,GEN,SHS,223,0,223,392097,177063,0.126418666878309
263,Allahabad South,SANJAY SINGH,M,49,GEN,IND,209,0,209,392097,177063,0.118482068957698
263,Allahabad South,RAMESHCHANDRA BHARTIYA,M,42,SC,BMUP,194,0,194,392097,177063,0.109978571185614
263,Allahabad South,DEVENDRA KUMAR TIWARI,M,46,GEN,IND,181,2,183,392097,177063,0.10374267281942
263,Allahabad South,SAMAR BAHADUR SHARMA,M,47,GEN,PGSP,168,0,168,392097,177063,0.0952391750473361
263,Allahabad South,RAMESH CHANDRA,M,64,SC,SABHP,160,0,160,392097,177063,0.0907039762355582
263,Allahabad South,KAMLA PRASAD,M,50,SC,AYP,126,0,126,392097,177063,0.0714293812855021
263,Allahabad South,SHIV PRASAD VERMA,M,45,GEN,IND,123,0,123,392097,177063,0.0697286817310854
264,Bara ,DR. AJAI KUMAR,M,48,SC,BJP,79078,131,79209,320594,189974,42.2117060224784
264,Bara ,AJAY (BHARTI MUNNA BHAIYA),M,39,SC,SP,45033,123,45156,320594,189974,24.064333562487
264,Bara ,ASHOK KUMAR GAUTAM,M,42,SC,BSP,36983,69,37052,320594,189974,19.745586127143
264,Bara ,PHOOL CHANDRA,M,44,SC,NINSHAD,10702,2,10704,320594,189974,5.70432780699931
264,Bara ,HANSRAJ KOL,M,42,SC,IND,3726,3,3729,320594,189974,1.98724200227022
264,Bara ,AYODHYA PRASAD  ADIVASI KOL,M,37,SC,CPI,2573,0,2573,320594,189974,1.37119165241118
264,Bara ,None of the Above,,,,NOTA,2326,1,2327,320594,189974,1.24009443263148
264,Bara ,SURESH KUMAR VERMA,M,55,SC,INC,2039,6,2045,320594,189974,1.08981225385964
264,Bara ,RAJKUMAR,M,47,SC,IND,1452,0,1452,320594,189974,0.773793346016723
264,Bara ,SULOCHANA ADIVASI,F,32,SC,RLD,1107,0,1107,320594,189974,0.589937489008617
264,Bara ,LAL CHANDRA BHARTI,M,52,SC,BMUP,1090,2,1092,320594,189974,0.581943756095221
264,Bara ,BALRAM,M,36,SC,IND,1075,0,1075,320594,189974,0.572884192126706
264,Bara ,RAJESH KUMAR,M,32,SC,LD,770,0,770,320594,189974,0.410344956220989
264,Bara ,AMIT KUMAR,M,25,SC,IND,602,0,602,320594,189974,0.320815147590955
264,Bara ,SHIVBHAJAN,M,51,SC,RSPS,571,0,571,320594,189974,0.304294766236604
264,Bara ,LALIT KUMAR GOND,M,27,SC,JHJBP,510,0,510,320594,189974,0.271786919055461
265,Koraon ,RAJMANI KOL,M,52,SC,BJP,100296,131,100427,329333,196227,52.0295929416275
265,Koraon ,RAM KRIPAL,M,57,SC,INC,46666,65,46731,329333,196227,24.2105699438915
265,Koraon ,RAJ BALI JAISAL,M,49,SC,BSP,26014,42,26056,329333,196227,13.4991891989908
265,Koraon ,DHARM RAJ DHANGAR,M,41,SC,IND,5131,3,5134,329333,196227,2.65984177723437
265,Koraon ,RAM DEV NIDAR,M,52,SC,SP,3940,18,3958,329333,196227,2.05057533196214
265,Koraon ,None of the Above,,,,NOTA,3208,0,3208,329333,196227,1.6620125479875
265,Koraon ,SHIV JANAK,M,36,SC,BMUP,2214,0,2214,329333,196227,1.14703733829312
265,Koraon ,CHIRAUNJI LAL KOL,M,52,SC,CPM,1861,0,1861,329333,196227,0.96415378796906
265,Koraon ,AKHILESH KUMAR,M,29,SC,BSCP,1285,0,1285,329333,196227,0.665737569876541
265,Koraon ,TEJ BALI,M,56,SC,IND,1244,0,1244,329333,196227,0.644496137685927
265,Koraon ,RAVI SHANKAR,M,30,SC,AASAMP,1136,0,1136,329333,196227,0.58854309679358
265,Koraon ,RANG LAL,M,35,SC,JANADIP,1081,2,1083,329333,196227,0.561084660059372
265,Koraon ,MAYAWATI,F,27,SC,RLD,983,0,983,329333,196227,0.509276288862754
265,Koraon ,PANCHAM LAL,M,48,SC,CPI(ML)(L),907,0,907,329333,196227,0.469901926753325
266,Kursi,SAKENDRA PRATAP VERMA,M,56,GEN,BJP,108202,201,108403,374654,262731,41.4906361593901
266,Kursi,FAREED MAHFOOZ KIDWAI,M,72,GEN,SP,79482,242,79724,374654,262731,30.5139108435303
266,Kursi,V.P.SINGH VERMA,M,61,GEN,BSP,50900,191,51091,374654,262731,19.5547917679344
266,Kursi,SARVAR ALI,M,67,GEN,PECP,8328,1,8329,374654,262731,3.18787772083392
266,Kursi,CH.TALIB NAJIB KOKAB,M,48,GEN,IND,4377,4,4381,374654,262731,1.67680301296355
266,Kursi,AMAR SINGH,M,65,GEN,RLD,2444,1,2445,374654,262731,0.935809944463794
266,Kursi,VINOD KUMAR YADAV,M,62,GEN,CPI,1984,1,1985,374654,262731,0.759747541824389
266,Kursi,None of the Above,,,,NOTA,1460,0,1460,374654,262731,0.558806756203329
266,Kursi,MO.HAROON,M,30,GEN,IND,1000,0,1000,374654,262731,0.382744353563924
266,Kursi,ANITA SINGH,F,49,GEN,IND,886,0,886,374654,262731,0.339111497257637
266,Kursi,OMPRAKASH DAS,M,54,GEN,BKRD,817,0,817,374654,262731,0.312702136861726
266,Kursi,RAMOO LAL VERMA,M,39,GEN,BMUP,602,0,602,374654,262731,0.230412100845482
266,Kursi,MAHENDRA PAL SINGH S/O BARATILAL,M,29,GEN,RSJNP,456,0,456,374654,262731,0.174531425225149
266,Kursi,MAHENDRA PAL SINGH S/O SWAMI NATH,M,41,GEN,HAPA,431,1,432,374654,262731,0.165345560739615
266,Kursi,RAM KISHOR,M,52,GEN,BMD,402,0,402,374654,262731,0.153863230132697
266,Kursi,NEELAM SAINI,F,44,GEN,ADRSP,318,0,318,374654,262731,0.121712704433328
267,Ram Nagar,SHARAD KUMAR AWASTHI,M,52,GEN,BJP,88719,218,88937,326186,223077,40.2460822778223
267,Ram Nagar,ARVINDA KUMAR SINGH &#39;GOPE&#39;,M,51,GEN,SP,65950,260,66210,326186,223077,29.9615807550807
267,Ram Nagar,HAFEEZ BHARTI,M,52,GEN,BSP,53670,221,53891,326186,223077,24.3869437920564
267,Ram Nagar,RAJ LUXMI VERMA,F,66,GEN,PECP,3134,3,3137,326186,223077,1.4195662109755
267,Ram Nagar,None of the Above,,,,NOTA,2094,0,2094,326186,223077,0.947584203309757
267,Ram Nagar,PUSHPA SHAHI,F,58,GEN,RLD,1552,0,1552,326186,223077,0.70231646778259
267,Ram Nagar,GULAM MUSTAFA,M,59,GEN,IND,1456,1,1457,326186,223077,0.659326735540743
267,Ram Nagar,SHAHNAWAZ,M,29,GEN,AIMIM,1195,1,1196,326186,223077,0.541218102749985
267,Ram Nagar,SANDEEP SINGH,M,48,GEN,IND,1061,0,1061,326186,223077,0.480127430616835
267,Ram Nagar,AMAR SINGH,M,36,GEN,RSJNP,944,0,944,326186,223077,0.427182181434771
267,Ram Nagar,SURESH PATHAK,M,54,GEN,SHS,880,0,880,326186,223077,0.398220677608685
267,Ram Nagar,WARIS ALI,M,72,GEN,BMUP,533,0,533,326186,223077,0.241195024051624
267,Ram Nagar,RAMESH CHANDRA,M,45,GEN,JHSPT,435,0,435,326186,223077,0.196847721317929
267,Ram Nagar,MOHD. LAIK,M,33,GEN,NEP,398,0,398,326186,223077,0.180104351918473
267,Ram Nagar,JAYNATH,M,50,GEN,MWSP,352,0,352,326186,223077,0.159288271043474
268,Barabanki,DHARMRAJ SINGH YADAV URF SURESH YADAV,M,57,GEN,SP,99088,365,99453,368026,245295,40.8141238463022
268,Barabanki,SURENDRA SINGH,M,57,GEN,BSP,69430,318,69748,368026,245295,28.6236062263772
268,Barabanki,HAR GOVIND SINGH,M,51,GEN,BJP,66882,230,67112,368026,245295,27.5418285981623
268,Barabanki,None of the Above,,,,NOTA,1620,2,1622,368026,245295,0.665646173355275
268,Barabanki,BRIJESH KUMAR,M,46,GEN,RLD,1243,1,1244,368026,245295,0.510520246395785
268,Barabanki,ARJUN SINGH,M,43,GEN,PECP,1221,0,1221,368026,245295,0.501081367242165
268,Barabanki,DEEPAK YADAV,M,27,GEN,IND,941,0,941,368026,245295,0.386173273198097
268,Barabanki,ANIL KUMAR,M,42,GEN,EKSP,711,1,712,368026,245295,0.292194867712057
268,Barabanki,MOHD. ABUL KALAM QURESHI URF MOHD.KALAM,M,42,GEN,AIMIM,707,1,708,368026,245295,0.290553323511427
268,Barabanki,SANJAY KUMAR BALMIKI,M,31,SC,IND,635,0,635,368026,245295,0.260595141849938
268,Barabanki,AMARDEEP SINGH,M,34,GEN,IND,456,1,457,368026,245295,0.187546424921924
268,Barabanki,SURESH CHANDRA SRIVASTAVA,M,77,GEN,BSRD,452,0,452,368026,245295,0.185494494671137
268,Barabanki,SUNEEL KUMAR,M,31,GEN,BMUP,432,0,432,368026,245295,0.177286773667989
268,Barabanki,MOHD. AFTAB,M,31,GEN,LOGAP,321,0,321,368026,245295,0.13173392210052
268,Barabanki,MOHD. SAMI,M,28,GEN,BMD,237,0,237,368026,245295,0.0972614938872998
269,Zaidpur ,UPENDRA SINGH,M,49,SC,BJP,110847,217,111064,366659,256287,43.8435332525393
269,Zaidpur ,TANUJ PUNIA,M,32,SC,INC,81640,243,81883,366659,256287,32.3240657037174
269,Zaidpur ,KM. MEETA GAUTAM,F,46,SC,BSP,47892,203,48095,366659,256287,18.9859426257012
269,Zaidpur ,RAMGOPAL,M,56,SC,SP,4343,40,4383,366659,256287,1.73022947350969
269,Zaidpur ,None of the Above,,,,NOTA,2968,0,2968,366659,256287,1.17164523782267
269,Zaidpur ,KUNJ BIHARI,M,47,SC,IND,2503,2,2505,366659,256287,0.988871738795748
269,Zaidpur ,URMILA,F,51,SC,PECP,1601,0,1601,366659,256287,0.632009442639518
269,Zaidpur ,RAMDAYAL,M,77,SC,IND,1209,0,1209,366659,256287,0.477263845191241
269,Zaidpur ,GYANWATI,F,37,SC,BKRD,718,1,719,366659,256287,0.283831848380895
269,Zaidpur ,RAJKAMAL BHASKAR,M,33,SC,LD,520,0,520,366659,256287,0.205274772125265
269,Zaidpur ,RAMPHAL,M,43,SC,BMUP,518,0,518,366659,256287,0.204485253770937
269,Zaidpur ,LALJI,M,59,SC,BMD,465,0,465,366659,256287,0.183563017381247
269,Zaidpur ,GAYA PRASAD,M,45,SC,RSJNP,357,0,357,366659,256287,0.140929026247538
270,Dariyabad,SATISH CHANDRA SHARMA,M,40,GEN,BJP,118908,265,119173,387493,254570,47.3741537703185
270,Dariyabad,RAJEEV KUMAR SINGH,M,60,GEN,SP,68176,311,68487,387493,254570,27.22524119782
270,Dariyabad,MOHD.MUBASSIR,M,35,GEN,BSP,54367,145,54512,387493,254570,21.6698402350163
270,Dariyabad,None of the Above,,,,NOTA,3012,1,3013,387493,254570,1.19774047233828
270,Dariyabad,SUMAN MISHRA,F,45,GEN,IND,2217,0,2217,387493,254570,0.881311193884487
270,Dariyabad,SURJEET,M,34,GEN,RLD,2030,0,2030,387493,254570,0.806974164900997
270,Dariyabad,RAM NARAYAN,M,64,GEN,IND,1263,0,1263,387493,254570,0.502073088802935
270,Dariyabad,USHA DWIVEDI,F,47,GEN,ISSP,1216,1,1217,387493,254570,0.483786974721435
270,Dariyabad,KAPIL MUNI YADAV,M,41,GEN,LD,982,1,983,387493,254570,0.390766307437281
270,Dariyabad,ANIRUDH DAYAL CHAUDHARY,M,44,GEN,RPI(A),885,0,885,387493,254570,0.351808933959301
270,Dariyabad,DHIRENDRA KUMAR,M,31,GEN,BMUP,789,1,790,387493,254570,0.314044133138811
271,Rudauli,RAM CHANDRA YADAV,M,48,GEN,BJP,90152,159,90311,336229,210239,43.4158277808224
271,Rudauli,ABBAS ALI ZAIDI URF RUSHDI MIYAN,M,44,GEN,SP,58879,173,59052,336229,210239,28.3884738527215
271,Rudauli,FIROZ KHAN URF GABBAR,M,40,GEN,BSP,47196,61,47257,336229,210239,22.7181824300287
271,Rudauli,None of the Above,,,,NOTA,2225,0,2225,336229,210239,1.06963954349227
271,Rudauli,PRAMOD KUMAR LODHI,M,36,GEN,SDU,2103,1,2104,336229,210239,1.01147038180122
271,Rudauli,BALRAM YADAV,M,45,GEN,RLD,1707,0,1707,336229,210239,0.820617843029796
271,Rudauli,GIRISH TIWARI,M,44,GEN,IND,1342,0,1342,336229,210239,0.645148884209717
271,Rudauli,RAGHVENDER SINGH VERMA,M,50,GEN,IND,1212,0,1212,336229,210239,0.58265309065736
271,Rudauli,MRITYUNJAY MISHRA,M,31,GEN,AVIRP,1105,1,1106,336229,210239,0.531694982068515
271,Rudauli,PAWAN PRAJAPATI,M,28,GEN,IND,999,0,999,336229,210239,0.48025613660619
271,Rudauli,SANDEEP KUMAR,M,30,SC,MADP,747,0,747,336229,210239,0.359110444489313
271,Rudauli,SYED SUHAIL AHMAD,M,47,GEN,BMUP,683,0,683,336229,210239,0.328343284586614
271,Rudauli,VISHWAJEET TRIPATHI,M,27,GEN,JSK,541,0,541,336229,210239,0.260078648552501
271,Rudauli,SANT RAM,M,42,GEN,SHS,524,0,524,336229,210239,0.251906121703347
271,Rudauli,SALIMAN,F,52,GEN,HAPA,429,0,429,336229,210239,0.206236118722778
272,Haidergarh ,BAIJNATH RAWAT,M,63,SC,BJP,97299,198,97497,331504,214170,46.4107885792625
272,Haidergarh ,RAM MAGAN,M,48,SC,SP,63769,208,63977,331504,214170,30.4545065072308
272,Haidergarh ,KAMALA PRASAD RAWAT,M,55,SC,BSP,48485,115,48600,331504,214170,23.1347049135067
272,Haidergarh ,None of the Above,,,,NOTA,4094,2,4096,331504,214170,1.94978912192846
273,Milkipur ,BABA GORAKHNATH,M,32,SC,BJP,86644,316,86960,341888,199866,44.1110079689965
273,Milkipur ,AWADHESH PRASAD,M,72,SC,SP,58308,376,58684,341888,199866,29.7678287908532
273,Milkipur ,RAMGOPAL KORI,M,42,SC,BSP,45875,152,46027,341888,199866,23.3474857841422
273,Milkipur ,None of the Above,,,,NOTA,2726,1,2727,341888,199866,1.38328793389436
273,Milkipur ,PREM KUMAR,M,29,SC,IND,1629,1,1630,341888,199866,0.826827771267989
273,Milkipur ,UMASHANKAR,M,48,SC,BMUP,1380,0,1380,341888,199866,0.700013695920138
273,Milkipur ,DESHRAJ,M,44,SC,MADP,1359,0,1359,341888,199866,0.689361313590918
273,Milkipur ,KARAN RAWAT,M,30,SC,IND,1099,0,1099,341888,199866,0.557474675229153
274,Bikapur,SHOBHA SINGH CHAUHAN,F,57,GEN,BJP,93844,230,94074,361298,222916,42.6332032683915
274,Bikapur,ANAND SEN,M,53,GEN,SP,67146,276,67422,361298,222916,30.554838007967
274,Bikapur,JITENDRA SINGH,M,49,GEN,BSP,49450,240,49690,361298,222916,22.5189092672404
274,Bikapur,JUVER AHMAD,M,54,GEN,AIMIM,3271,4,3275,361298,222916,1.48419053834197
274,Bikapur,None of the Above,,,,NOTA,2257,0,2257,361298,222916,1.0228452045917
274,Bikapur,AZAHARUDDIN,M,36,GEN,BMUP,1643,0,1643,361298,222916,0.744587802899497
274,Bikapur,ALOK DWIVEDI,M,34,GEN,RLD,1259,2,1261,361298,222916,0.571470005755487
274,Bikapur,RAM JANAK,M,56,SC,MADP,1038,0,1038,361298,222916,0.470409092763042
274,Bikapur,DASRATH KUMAR SINGH,M,42,GEN,IND,952,0,952,361298,222916,0.431434929008108
274,Bikapur,RAJENDRA,M,57,GEN,IND,832,0,832,361298,222916,0.377052374931455
274,Bikapur,ANIL KUMAR,M,28,SC,AACP,472,0,472,361298,222916,0.213904712701499
275,Ayodhya,VED PRAKASH GUPTA,M,69,GEN,BJP,106347,667,107014,351003,217488,49.5563664653799
275,Ayodhya,TEJ NARAYAN PANDEY ALIAS PAWAN PANDEY,M,36,GEN,SP,56318,256,56574,351003,217488,26.1984588597044
275,Ayodhya,MO. BAZMI SIDDEKE,M,34,GEN,BSP,39246,308,39554,351003,217488,18.3167858333642
275,Ayodhya,BANSHI LAL YADAV,M,41,GEN,BMUP,5644,17,5661,351003,217488,2.62151298484792
275,Ayodhya,SUSHIL JAISWAL,M,45,GEN,ADHIKAR,1631,4,1635,351003,217488,0.757140740191902
275,Ayodhya,None of the Above,,,,NOTA,1541,3,1544,351003,217488,0.715000185233209
275,Ayodhya,SURYAKANT PANDEY,M,54,GEN,CPI,1350,3,1353,351003,217488,0.626551328122106
275,Ayodhya,DR. RIPUNJAY SINGH,M,41,GEN,AACP,737,0,737,351003,217488,0.341292186863261
275,Ayodhya,DHARMENDRA KUMAR UPPADHYAY,M,41,GEN,RLD,644,0,644,351003,217488,0.29822546586152
275,Ayodhya,DEVKI NANDAN MAURYA,M,30,GEN,JANADIP,583,2,585,351003,217488,0.270903567591598
275,Ayodhya,MAHESH KUMAR NISHAD,M,42,SC,JPS,532,0,532,351003,217488,0.246360167450821
275,Ayodhya,RADHE SHYAM SHRIVASTAVA,M,57,GEN,IND,492,0,492,351003,217488,0.227836846589857
275,Ayodhya,PRADEEP KUMAR KORI,M,35,SC,RPI(A),406,0,406,351003,217488,0.188011706738784
275,Ayodhya,DEELIP CHAUDHARI,M,27,SC,MADP,397,1,398,351003,217488,0.184307042566591
275,Ayodhya,AKHILESH KUMAR ALIAS AKHILESH CHATURVEDI,M,41,GEN,CPI(ML)(L),359,0,359,351003,217488,0.166246804727151
276,Goshainganj,INDRA PRATAP ALIAS KHABBU TIWARI,M,47,GEN,BJP,89339,247,89586,376167,227339,39.9116104802171
276,Goshainganj,ABHAY SINGH,M,42,GEN,SP,77658,308,77966,376167,227339,34.7347646138973
276,Goshainganj,DHARMRAJ NISHAD,M,54,GEN,BSP,46363,165,46528,376167,227339,20.7287680265169
276,Goshainganj,RAM NAYAN,M,43,GEN,NINSHAD,5135,2,5137,376167,227339,2.28859356413809
276,Goshainganj,None of the Above,,,,NOTA,2875,3,2878,376167,227339,1.28218265088367
276,Goshainganj,NAGESHWAR PRASAD SAROJ,M,60,SC,IND,1284,0,1284,376167,227339,0.572037013111409
276,Goshainganj,DR. AMIT PATEL,M,35,GEN,BMUP,1277,1,1278,376167,227339,0.569363942956683
276,Goshainganj,SHIV PRAKASH KORI,M,31,SC,SWAJANPA,1162,0,1162,376167,227339,0.517684586631976
276,Goshainganj,AAN SHIKHAR SHRIVASTAVA,M,26,GEN,SATSHIP,861,1,862,376167,227339,0.384031078895666
276,Goshainganj,NASIB ALI,M,58,GEN,MBCOI,657,1,658,376167,227339,0.293146693634974
277,Katehari,LAL JI VERMA,M,61,GEN,BSP,84049,309,84358,370154,234407,36.3342694209465
277,Katehari,AWDHESH KUMAR DWIVEDI,M,40,GEN,BJP,77906,165,78071,370154,234407,33.6263632134797
277,Katehari,JAISHANKAR PANDEY,M,68,GEN,SP,45353,179,45532,370154,234407,19.6113226401116
277,Katehari,AJAY PRATAP SINGH,M,37,GEN,NINSHAD,18682,39,18721,370154,234407,8.06341850007753
277,Katehari,None of the Above,,,,NOTA,2235,0,2235,370154,234407,0.962648381372431
277,Katehari,MUNIR AHMAD,M,61,GEN,CPI(ML)(L),2024,0,2024,370154,234407,0.871767482728322
277,Katehari,DR.ASHOK KUMAR SEN,M,61,SC,RLD,1717,0,1717,370154,234407,0.739537928776941
277,Katehari,RAMANAND NISHAD,M,33,GEN,BMUP,1118,2,1120,370154,234407,0.482400978584842
277,Katehari,ZURGHAM MEHDI,M,53,GEN,IND,629,0,629,370154,234407,0.270919835294523
278,Tanda,SANJU DEVI,F,41,GEN,BJP,74623,145,74768,305077,205700,36.620463339374
278,Tanda,AZEEMUL HAQ PAHALWAN,M,54,GEN,SP,72863,180,73043,305077,205700,35.7755791742176
278,Tanda,MANOJ KUMAR VERMA,M,40,GEN,BSP,49356,170,49526,305077,205700,24.257236616545
278,Tanda,IRFAN PATHAN,M,39,GEN,AIMIM,2065,5,2070,305077,205700,1.01386099818778
278,Tanda,None of the Above,,,,NOTA,1529,1,1530,305077,205700,0.749375520399667
278,Tanda,ANIL MISHRA,M,40,GEN,SHS,1043,0,1043,305077,205700,0.510848802468531
278,Tanda,VINOD KUMAR YADOW,M,56,GEN,RLD,940,0,940,305077,205700,0.460400646520057
278,Tanda,OM PRAKASH,M,48,SC,BMUP,862,1,863,305077,205700,0.422686976539159
278,Tanda,NIRMALA,F,40,GEN,IND,851,0,851,305077,205700,0.4168095214772
278,Tanda,SHANTI DEVI,F,50,GEN,MADP,749,2,751,305077,205700,0.367830729294216
278,Tanda,AGYARAM,M,64,GEN,MBCOI,315,0,315,305077,205700,0.154283195376402
279,Alapur ,ANEETA,F,31,SC,BJP,72366,0,72366,323508,197802,36.9491404267486
279,Alapur ,SANGEETA,F,40,SC,SP,59853,0,59853,323508,197802,30.5601650217255
279,Alapur ,TRIBHUWAN DUTT,M,52,SC,BSP,58591,0,58591,323508,197802,29.9158042000888
279,Alapur ,None of the Above,,,,NOTA,1949,0,1949,323508,197802,0.995134105681302
279,Alapur ,RAJMANI,M,49,SC,BMUP,1219,0,1219,323508,197802,0.622405579694975
279,Alapur ,R C GOND,M,62,SC,RAJAP,1087,0,1087,323508,197802,0.555008092804297
279,Alapur ,SUMPATTI DEVI,F,38,SC,IND,1061,0,1061,323508,197802,0.541732830234921
279,Alapur ,ASHARAM,M,46,SC,IND,579,0,579,323508,197802,0.295629885679566
279,Alapur ,RAMESH KUMAR,M,36,SC,UPRP,432,0,432,323508,197802,0.220573593460401
279,Alapur ,CHHOTELAL,M,45,SC,PECP,340,0,340,323508,197802,0.173599587445686
279,Alapur ,RAJKUMAR,M,40,SC,RMGP,325,0,325,323508,197802,0.1659407821172
280,Jalalpur,RITESH PANDEY,M,33,GEN,BSP,90027,282,90309,384276,240787,37.7457618617715
280,Jalalpur,DR. RAJESH SINGH,M,44,GEN,BJP,77133,146,77279,384276,240787,32.2997124419032
280,Jalalpur,SHANKHLAL MAJHI,M,62,GEN,SP,58479,294,58773,384276,240787,24.5649011937005
280,Jalalpur,RAJESH KUMAR VERMA,M,38,GEN,BMUP,2144,7,2151,384276,240787,0.899037014745712
280,Jalalpur,JAGDISH SINGH,M,43,GEN,NINSHAD,2121,2,2123,384276,240787,0.887334068947069
280,Jalalpur,SALIK RAM CHAUHAN,M,58,GEN,IND,1557,0,1557,384276,240787,0.650767378874511
280,Jalalpur,None of the Above,,,,NOTA,1530,1,1531,384276,240787,0.639900357775772
280,Jalalpur,PREM PRAKASH MAURYA,M,31,GEN,JAM,1431,3,1434,384276,240787,0.599358009830474
280,Jalalpur,RAJMANI,M,43,GEN,IND,1276,0,1276,384276,240787,0.533319958538135
280,Jalalpur,RAVISH CHANDRA VERMA,M,46,GEN,RLD,1259,1,1260,384276,240787,0.526632560938911
280,Jalalpur,SHYAMNARAYAN PANDAY,M,51,GEN,CPI,1180,0,1180,384276,240787,0.493195572942789
280,Jalalpur,BRIJESH KUMAR TIWARI,M,27,GEN,LD,751,0,751,384276,240787,0.313889724813589
280,Jalalpur,RAMPALAT,M,52,GEN,MBCOI,634,0,634,384276,240787,0.264988129869261
280,Jalalpur,PRAMILA BAUDDH,F,32,SC,MADP,529,0,529,384276,240787,0.221102083124352
281,Akbarpur  ,RAM ACHAL RAJBHAR,M,62,GEN,BSP,72106,219,72325,306161,204316,35.6989491453477
281,Akbarpur  ,RAM MURTI VERMA,M,52,GEN,SP,58132,180,58312,306161,204316,28.7822623237264
281,Akbarpur  ,CHANDRA PRAKASH VERMA,M,45,GEN,BJP,57686,135,57821,306161,204316,28.5399092780248
281,Akbarpur  ,SHRIRAM,M,58,GEN,NINSHAD,6549,1,6550,306161,204316,3.23301924510235
281,Akbarpur  ,None of the Above,,,,NOTA,1719,0,1719,306161,204316,0.8484824553177
281,Akbarpur  ,RAVI SINHA,M,35,GEN,IND,1528,0,1528,306161,204316,0.754206626949066
281,Akbarpur  ,TIGER RAM NIHOR PATEL,M,66,GEN,IND,1475,0,1475,306161,204316,0.728046318553582
281,Akbarpur  ,RAJA RAM NISHAD,M,74,GEN,CPM,976,0,976,306161,204316,0.481744547056472
281,Akbarpur  ,NAND KUMAR TIWARI RANA,M,45,GEN,SHS,800,0,800,306161,204316,0.394872579554485
281,Akbarpur  ,SAROJ SHARMA,F,42,GEN,MADP,704,0,704,306161,204316,0.347487870007947
281,Akbarpur  ,RAGHUNATH,M,47,SC,IND,702,0,702,306161,204316,0.346500688559061
281,Akbarpur  ,SRIRAM VERMA,M,49,GEN,IND,625,0,625,306161,204316,0.308494202776941
281,Akbarpur  ,NAND LAL &#39;BHARTI&#39;,M,60,SC,BMUP,428,2,430,306161,204316,0.212244011510536
281,Akbarpur  ,RAJESH KUMAR,M,29,GEN,JPS,349,0,349,306161,204316,0.172263162830644
282,BALHA (S.C.),AKSHAYVARALAL,M,71,SC,BJP,104066,69,104135,349485,202367,52.3330904339523
282,BALHA (S.C.),KIRAN BHARTI,F,48,SC,BSP,57446,73,57519,349485,202367,28.9061989597206
282,BALHA (S.C.),BANSHI DHAR BAUDH,M,61,SC,SP,29272,77,29349,349485,202367,14.749352966304
282,BALHA (S.C.),None of the Above,,,,NOTA,3381,1,3382,349485,202367,1.69962559991959
282,BALHA (S.C.),BECHELAL,M,65,SC,IND,1700,0,1700,349485,202367,0.854335753951303
282,BALHA (S.C.),KAMLAVATI DEVI,F,43,SC,RPI(A),1053,0,1053,349485,202367,0.529185617006307
282,BALHA (S.C.),BHAGWAN DAS,M,49,SC,RMGP,1008,0,1008,349485,202367,0.506570847048773
282,BALHA (S.C.),BABADEEN,M,64,SC,IND,975,0,975,349485,202367,0.489986682413247
282,BALHA (S.C.),POOJA,F,27,SC,IND,792,0,792,349485,202367,0.398019951252607
282,BALHA (S.C.),LALJEE,M,50,SC,BMUP,725,1,726,349485,202367,0.364851621981556
282,BALHA (S.C.),GURU PRASAD,M,67,SC,IND,643,0,643,349485,202367,0.323139935170993
282,BALHA (S.C.),GOVIND PRASAD,M,35,SC,RTKP,545,0,545,349485,202367,0.273889991707918
282,BALHA (S.C.),INDRAJEET,M,25,SC,IND,540,0,540,349485,202367,0.271377239490414
283,Nanpara,MADHURI VERMA,F,55,GEN,BJP,86238,74,86312,331660,193040,45.44674308521
283,Nanpara,WARIS ALI,M,56,GEN,INC,67546,97,67643,331660,193040,35.6167629357779
283,Nanpara,ABDUL WAHEED,M,53,GEN,BSP,25399,31,25430,331660,193040,13.3899188601456
283,Nanpara,KULERAJ YADAV,M,53,GEN,CPI,3131,0,3131,331660,193040,1.64859756001243
283,Nanpara,None of the Above,,,,NOTA,3121,0,3121,331660,193040,1.64333215739342
283,Nanpara,KRIPARAM,M,45,GEN,RLD,2281,0,2281,331660,193040,1.20103833739647
283,Nanpara,YASEEN,M,33,GEN,RTKP,2070,0,2070,331660,193040,1.08993834213533
283,Nanpara,SURENDAR DALMIYA,M,45,GEN,IND,1073,0,1073,331660,193040,0.564977701019909
283,Nanpara,VIRJESH KUMAR,M,41,SC,IND,1043,0,1043,331660,193040,0.549181493162875
283,Nanpara,VINEETA GUPTA,F,42,GEN,IND,936,0,936,331660,193040,0.492841685139454
284,Matera,YASAR SHAH,M,39,GEN,SP,79046,142,79188,324805,200725,39.9923235424831
284,Matera,ARUN VEER SINGH,M,58,GEN,BJP,77498,95,77593,324805,200725,39.1868005333118
284,Matera,SULTAN AHMAD KHAN,M,25,GEN,BSP,33393,89,33482,324805,200725,16.909417801301
284,Matera,None of the Above,,,,NOTA,2717,0,2717,324805,200725,1.37216678114016
284,Matera,GANGA RAM,M,63,GEN,RLD,2141,0,2141,324805,200725,1.08126944365884
284,Matera,SHIV KUMAR SINGH,M,48,GEN,IND,1457,0,1457,324805,200725,0.735828855399782
284,Matera,MOHD AKIULLA,M,51,GEN,AIMIM,1225,1,1226,324805,200725,0.61916690234738
284,Matera,RAM GOPAL,M,37,GEN,IND,1106,0,1106,324805,200725,0.558563290372106
284,Matera,SANTOSH KUMAR,M,32,GEN,IND,882,1,883,324805,200725,0.445941578118056
284,Matera,NEEKA RAM,M,45,GEN,IND,501,0,501,324805,200725,0.253020079996768
284,Matera,ASLAM KHAN,M,65,GEN,IND,431,0,431,324805,200725,0.217667973011191
285,Mahasi,SURESHWAR SINGH,M,58,GEN,BJP,104516,138,104654,322816,197137,53.9631631053543
285,Mahasi,ALI AKBAR,M,41,GEN,INC,45626,59,45685,322816,197137,23.5567403679564
285,Mahasi,KRISHNA KUMAR OJHA,M,45,GEN,BSP,34602,83,34685,322816,197137,17.8847661084069
285,Mahasi,None of the Above,,,,NOTA,3201,0,3201,322816,197137,1.65054450952892
285,Mahasi,PARMOD KUMAR,M,36,GEN,SDU,2757,0,2757,322816,197137,1.42160300305255
285,Mahasi,PIYUSH,M,36,GEN,IND,1903,0,1903,322816,197137,0.981251546902071
285,Mahasi,SHIV NARAYAN,M,47,SC,IND,1004,0,1004,322816,197137,0.517696559689795
285,Mahasi,SHYAM LAL,M,47,SC,IND,909,0,909,322816,197137,0.46871132744823
285,Mahasi,VANDAN TIWARI,M,34,GEN,IND,879,0,879,322816,197137,0.453242306740368
285,Mahasi,RAM NIWAS,M,41,SC,BMUP,843,2,845,322816,197137,0.435710749938124
285,Mahasi,MISHRI LAL,M,41,GEN,IND,615,0,615,322816,197137,0.317114924511179
286,Bahraich,ANUPMA JAISWAL,F,50,GEN,BJP,87299,180,87479,357076,213375,41.5042866428494
286,Bahraich,RUBAB SAYEDA,F,66,GEN,SP,80592,185,80777,357076,213375,38.32453231232
286,Bahraich,AJEET PRATAP SINGH,M,55,GEN,BSP,36181,144,36325,357076,213375,17.2343443832406
286,Bahraich,None of the Above,,,,NOTA,2604,0,2604,357076,213375,1.23546408187085
286,Bahraich,ROSHAN LAL,M,33,GEN,IND,1191,0,1191,357076,213375,0.565068249427103
286,Bahraich,RUSTAM ALI SAIDA,M,69,GEN,NCP,1005,0,1005,357076,213375,0.476820815007757
286,Bahraich,MOHD.SHAKIL,M,43,GEN,PECP,750,0,750,357076,213375,0.355836429110267
286,Bahraich,INDRA KUMAR,M,45,GEN,RKMP,669,0,669,357076,213375,0.317406094766358
286,Bahraich,JUBAIR AHMAD,M,47,GEN,IND,665,0,665,357076,213375,0.31550830047777
286,Bahraich,RAJWANT SINGH,M,45,GEN,SHS,552,1,553,357076,213375,0.262370060397303
286,Bahraich,RAM PHERAN,M,64,SC,BDPTY,540,1,541,357076,213375,0.256676677531539
286,Bahraich,MOHD. USMAN KHAN,M,45,GEN,IND,466,0,466,357076,213375,0.221093034620512
286,Bahraich,FARRUKH AFZAL,M,47,GEN,NAP,350,0,350,357076,213375,0.166057000251458
287,Payagpur,SUBHASH TRIPATHI,M,63,GEN,BJP,102091,163,102254,363024,206193,50.2916556004761
287,Payagpur,MUKESH SRIVASTAVA ALIAS GYANENDERA PRATAP,M,40,GEN,SP,60548,165,60713,363024,206193,29.8605168156914
287,Payagpur,MOHD. MUSHRAF,M,47,GEN,BSP,29075,47,29122,363024,206193,14.3230934183217
287,Payagpur,BHAGAT RAM,M,64,GEN,INC,4226,13,4239,363024,206193,2.08487030424647
287,Payagpur,None of the Above,,,,NOTA,2871,0,2871,363024,206193,1.41204591731342
287,Payagpur,ASWANI KUMAR,M,25,GEN,LSPS,2284,0,2284,363024,206193,1.12334130099055
287,Payagpur,CHHOTEY LAL,M,47,GEN,IND,1630,0,1630,363024,206193,0.801684028290101
287,Payagpur,SUBHASH CHAND,M,50,GEN,SP(I),1039,0,1039,363024,206193,0.511012089198414
287,Payagpur,DHARMENDRA KUMAR PANDEY,M,25,GEN,IND,1032,0,1032,363024,206193,0.507569274352997
287,Payagpur,RAM SWAROOP,M,47,GEN,IND,1009,0,1009,363024,206193,0.496257168432339
288,Kaiserganj,MUKUT BIHARI,M,69,GEN,BJP,85123,89,85212,371265,209536,41.315910688744
288,Kaiserganj,KHALID KHAN,M,53,GEN,BSP,57792,57,57849,371265,209536,28.0486799679992
288,Kaiserganj,RAMTEJ YADAV,M,71,GEN,SP,53982,135,54117,371265,209536,26.2391815559165
288,Kaiserganj,DANISH JAMEEL,M,40,GEN,AIMIM,3719,0,3719,371265,209536,1.80319522897525
288,Kaiserganj,None of the Above,,,,NOTA,3291,0,3291,371265,209536,1.5956750466678
288,Kaiserganj,RAJ BAHADUR,M,33,GEN,RLD,2963,0,2963,371265,209536,1.43664088826396
288,Kaiserganj,DR. HARISH CHANDRA VISHWAKARMA,M,50,GEN,MADP,1275,0,1275,371265,209536,0.618196804771025
288,Kaiserganj,PRASAD,M,36,SC,IND,1110,0,1110,371265,209536,0.538194865330069
289,Bhinga,MOHAMMAD ASLAM,M,51,GEN,BSP,75908,132,76040,357529,225590,34.4315444386082
289,Bhinga,ALEKSHENDRA KANT SINGH,M,49,GEN,BJP,69792,158,69950,357529,225590,31.6739417869627
289,Bhinga,INDRANI DEVI,F,47,GEN,SP,57742,244,57986,357529,225590,26.2565430801833
289,Bhinga,RAM ABHILAKH,M,43,GEN,IND,7421,2,7423,357529,225590,3.36119613845067
289,Bhinga,None of the Above,,,,NOTA,4746,0,4746,357529,225590,2.14902827335133
289,Bhinga,MANSHARAM,M,49,GEN,BSRD,3141,0,3141,357529,225590,1.42227092427234
289,Bhinga,RAMNARESH,M,54,GEN,IND,1706,0,1706,357529,225590,0.772490989114488
289,Bhinga,ASHWANI KUMAR VERMA,M,26,GEN,IND,1228,0,1228,357529,225590,0.556048613500933
289,Bhinga,MALIKRAM,M,40,GEN,IND,1181,0,1181,357529,225590,0.534766622593324
289,Bhinga,BHOLA PRASAD,M,30,SC,IND,1166,0,1166,357529,225590,0.527974497835576
289,Bhinga,PRABHAKAR PANDEY,M,32,GEN,IND,1022,1,1023,357529,225590,0.463222908478383
290,Shrawasti,RAM FERAN,M,47,GEN,BJP,79322,115,79437,380716,241733,33.4550462424824
290,Shrawasti,MOHD. RAMZAN,M,64,GEN,SP,78822,170,78992,380716,241733,33.2676336315089
290,Shrawasti,SUBHASH,M,44,GEN,BSP,52895,119,53014,380716,241733,22.3269486700022
290,Shrawasti,ENG. VINOD KUMAR TRIPATHI,M,48,GEN,RLD,10835,21,10856,380716,241733,4.57202540388471
290,Shrawasti,None of the Above,,,,NOTA,4289,0,4289,380716,241733,1.80632064823706
290,Shrawasti,KALIM,M,42,GEN,AIMIM,2932,1,2933,380716,241733,1.23523862468624
290,Shrawasti,NEETU MISHRA,F,41,GEN,IND,2352,0,2352,380716,241733,0.990549350583717
290,Shrawasti,MOHD YUSUS KHAN,M,36,GEN,IND,2212,0,2212,380716,241733,0.931588079715638
290,Shrawasti,SIYA RAM,M,52,SC,IND,1756,0,1756,380716,241733,0.739542797459611
290,Shrawasti,MOLHU RAM,M,51,GEN,IND,1513,1,1514,380716,241733,0.63762402924479
290,Shrawasti,RAJENDRA,M,40,GEN,BSRD,1002,0,1002,380716,241733,0.421994238641532
290,Shrawasti,SUBHAS CHANDRE,M,45,GEN,BKJP,978,1,979,380716,241733,0.412307744141777
290,Shrawasti,SHARDINDU TRIVEDI,M,52,GEN,BDSAP,859,0,859,380716,241733,0.361769511969138
290,Shrawasti,KAUSHAL KUMAR YADAVA,M,44,GEN,IND,789,1,790,380716,241733,0.332710028469871
290,Shrawasti,VIRENDRA KUMAR MAURYA,M,34,GEN,VP,748,0,748,380716,241733,0.315021647209447
291,Tulsipur,KAILASH NATH SHUKLA,M,57,GEN,BJP,62200,96,62296,367415,197479,31.9433904214952
291,Tulsipur,ZEBA RIZWAN,F,33,GEN,INC,43602,35,43637,367415,197479,22.3756537790996
291,Tulsipur,ABDUL MASHHOOD KHAN MASOOD,M,55,GEN,SP,36413,136,36549,367415,197479,18.7411547533586
291,Tulsipur,KRISHN KUMAR URF DR. K. K. SACHAN,M,58,GEN,BSP,23199,74,23273,367415,197479,11.9336478309917
291,Tulsipur,RAJESHWAR MISHRA,M,35,GEN,IND,16911,36,16947,367415,197479,8.68987796123474
291,Tulsipur,None of the Above,,,,NOTA,2459,0,2459,367415,197479,1.26089631832633
291,Tulsipur,MAHBUB AALAM,M,34,GEN,LD,2047,0,2047,367415,197479,1.04963593477592
291,Tulsipur,RENU,F,33,GEN,IND,1796,0,1796,367415,197479,0.92093118654497
291,Tulsipur,VINEETA YADAV,F,40,GEN,RLD,1685,0,1685,367415,197479,0.864013947287458
291,Tulsipur,SANTOSH KUMAR,M,29,GEN,IND,1268,0,1268,367415,197479,0.650189724130858
291,Tulsipur,AATMARAM,M,40,GEN,BSRD,1087,0,1087,367415,197479,0.557378730386627
291,Tulsipur,SOHAIL AHMAD,M,33,GEN,IND,1061,0,1061,367415,197479,0.544046764434417
291,Tulsipur,VIJAI PRATAP,M,32,GEN,IND,1004,0,1004,367415,197479,0.514818992923803
291,Tulsipur,ABDUL RAHMAN,M,53,GEN,IND,821,0,821,367415,197479,0.420982463337094
291,Tulsipur,ARMAN,M,26,GEN,PECP,794,0,794,367415,197479,0.407137729463645
291,Tulsipur,PARVEJ KHAN,M,31,GEN,IND,755,0,755,367415,197479,0.38713978053533
292,Gainsari,SHAILESH KUMAR SINGH,M,48,GEN,BJP,55637,79,55716,349774,196103,28.6916354685384
292,Gainsari,ALAUDDIN,M,62,GEN,BSP,53267,146,53413,349774,196103,27.5056774585584
292,Gainsari,DR.SHIV PRATAP YADAV,M,65,GEN,SP,46215,163,46378,349774,196103,23.8829181879509
292,Gainsari,ANURAG,M,35,GEN,IND,27628,24,27652,349774,196103,14.2397355153999
292,Gainsari,MANJOOR ALAM KHAN,M,40,GEN,AIMIM,3158,2,3160,349774,196103,1.62728063896513
292,Gainsari,None of the Above,,,,NOTA,1914,0,1914,349774,196103,0.98563770347445
292,Gainsari,SWAYAMBAR PRASAD,M,26,GEN,NINSHAD,1651,1,1652,349774,196103,0.85071759986405
292,Gainsari,RAM NIWAS,M,70,GEN,IND,1179,0,1179,349774,196103,0.607140466246801
292,Gainsari,SAJJAD HUSAIN,M,34,GEN,RLD,1153,1,1154,349774,196103,0.594266410558785
292,Gainsari,A WAHID,M,42,GEN,IND,925,0,925,349774,196103,0.476340060456566
292,Gainsari,RAM DULARE,M,37,GEN,IND,815,0,815,349774,196103,0.419694215429298
292,Gainsari,NAND KUMAR PANDEY,M,38,GEN,IND,646,0,646,349774,196103,0.332665598978315
292,Gainsari,MUSTAFA KHAN,M,62,GEN,IND,613,0,613,349774,196103,0.315671845470135
292,Gainsari,MUKTIYAR,M,51,GEN,BSRD,484,0,484,349774,196103,0.249241718119976
292,Gainsari,MAHESH KUMAR,M,47,GEN,IND,402,0,402,349774,196103,0.207014815463286
293,Utraula,RAM PRATAP ALIAS SHASHIKANT VERMA,M,33,GEN,BJP,85062,178,85240,411396,198526,43.368320367949
293,Utraula,ARIF ANWAR HASHMI,M,52,GEN,SP,55926,140,56066,411396,198526,28.5252023668398
293,Utraula,PARVEZ AHMAD ALIAS PARVEZ UMAR,M,54,GEN,BSP,44684,115,44799,411396,198526,22.7927895842767
293,Utraula,MOHAMMAD NIZAMULLAH KHAN,M,55,GEN,AIMIM,2966,0,2966,411396,198526,1.5090384586032
293,Utraula,None of the Above,,,,NOTA,1977,0,1977,411396,198526,1.00585604607502
293,Utraula,DHARMENDRA,M,42,GEN,PECP,1680,0,1680,411396,198526,0.854748688622176
293,Utraula,RAM KHILAVAN,M,54,SC,IND,1542,0,1542,411396,198526,0.78453718919964
293,Utraula,HEERA LAL,M,42,SC,IND,863,0,863,411396,198526,0.43907626088151
293,Utraula,RAJESHWARI PRASAD,M,57,GEN,IND,792,0,792,411396,198526,0.402952953207597
293,Utraula,AFIROJ,M,33,GEN,IND,790,0,790,411396,198526,0.401935395244952
293,Utraula,PERCY GARDEN DAS,M,51,GEN,IND,539,0,539,411396,198526,0.274231870932948
293,Utraula,RISHI KUMAR,M,32,GEN,IND,510,0,510,411396,198526,0.259477280474589
293,Utraula,NAND LAL,M,59,GEN,BSRD,439,0,439,411396,198526,0.223353972800676
293,Utraula,GYAN CHAND VERMA,M,27,GEN,YVP,322,1,323,411396,198526,0.16433561096724
294,Balrampur ,PALTURAM,M,45,SC,BJP,89279,122,89401,410725,193307,47.0796711832453
294,Balrampur ,SHIVLAL,M,59,SC,INC,64413,128,64541,410725,193307,33.9880880285213
294,Balrampur ,RAM SAGAR AKELA,M,55,SC,BSP,25935,76,26011,410725,193307,13.6977139757653
294,Balrampur ,None of the Above,,,,NOTA,3414,0,3414,410725,193307,1.79785458126419
294,Balrampur ,SHIV KUMAR,M,42,SC,PECP,2355,2,2357,410725,193307,1.2412253216285
294,Balrampur ,MADAN LAL,M,39,SC,MAHAD,1798,0,1798,410725,193307,0.946849014971589
294,Balrampur ,HARIRAM,M,50,SC,BSRD,1433,1,1434,410725,193307,0.755162117613603
294,Balrampur ,BAAL MUKUND,M,29,SC,IND,1214,0,1214,410725,193307,0.639307399430205
294,Balrampur ,SHREE RAM,M,29,SC,IND,982,0,982,410725,193307,0.517133332982258
294,Balrampur ,DADDAN,M,59,SC,IND,808,1,809,410725,193307,0.426029395501677
294,Balrampur ,RAMDAS,M,67,SC,BMUP,737,0,737,410725,193307,0.388113305914383
294,Balrampur ,MEVALAL,M,57,SC,BHASSS,609,0,609,410725,193307,0.320706924425861
295,Mehnaun,VINAY KUMAR,M,42,GEN,BJP,84150,154,84304,356065,206971,41.133533705453
295,Mehnaun,ARSHAD ALI KHAN,M,52,GEN,BSP,47808,118,47926,356065,206971,23.3840118661931
295,Mehnaun,RAHUL SHUKLA,M,30,GEN,SP,42248,278,42526,356065,206971,20.7492486045513
295,Mehnaun,PRATIBHA SINGH,F,42,GEN,IND,17582,37,17619,356065,206971,8.59664701979
295,Mehnaun,MADHURI TIWARI,F,27,GEN,BSRD,2041,0,2041,356065,206971,0.995842929076076
295,Mehnaun,None of the Above,,,,NOTA,2019,0,2019,356065,206971,0.985108708380499
295,Mehnaun,HANOMAN PRASAD,M,38,GEN,IND,1943,1,1944,356065,206971,0.94851477419103
295,Mehnaun,SAVIT ALI,M,46,GEN,IND,1650,1,1651,356065,206971,0.805554471290839
295,Mehnaun,AMBIKA DUTT VERMA,M,53,GEN,RLD,1531,1,1532,356065,206971,0.747492095710215
295,Mehnaun,OMPRAKASH,M,55,GEN,IND,1214,0,1214,356065,206971,0.592333814746868
295,Mehnaun,SIYARAM,M,40,GEN,IND,1137,0,1137,356065,206971,0.554764042312346
295,Mehnaun,AVINASH,M,43,GEN,IND,1072,0,1072,356065,206971,0.52304929934814
295,Mehnaun,ASHOK KUMAR,M,37,GEN,IND,815,0,815,356065,206971,0.397654084858894
295,Mehnaun,SUHAVAN,M,34,GEN,BDPTY,631,0,631,356065,206971,0.307876966314064
295,Mehnaun,OMPRAKASH,M,49,GEN,IND,540,0,540,356065,206971,0.263476326164175
296,Gonda,PRATEEK BHUSHAN SINGH,M,32,GEN,BJP,57938,316,58254,342315,193555,30.3467891915545
296,Gonda,MO. JALEEL KHAN,M,56,GEN,BSP,46297,279,46576,342315,193555,24.2632618083882
296,Gonda,SURAJ SINGH,M,36,GEN,SP,41183,294,41477,342315,193555,21.6069930871375
296,Gonda,MAHESH NARAYAN TIWARI,M,61,GEN,SHS,35454,152,35606,342315,193555,18.5485593427832
296,Gonda,RUPESH KUMAR ALIAS NIRMAL SRIVASTAVA,M,42,GEN,IND,3772,33,3805,342315,193555,1.98217346231787
296,Gonda,None of the Above,,,,NOTA,1585,9,1594,342315,193555,0.830377003662202
296,Gonda,ISHWAR SARAN,M,46,GEN,CPI,1460,3,1463,342315,193555,0.762133975130365
296,Gonda,SAIYED ABDUL MUEED,M,64,GEN,IND,964,0,964,342315,193555,0.502185339730466
296,Gonda,KANHAIYA LAL,M,44,SC,IND,855,0,855,342315,193555,0.445402972478785
296,Gonda,VISHWANATH,M,25,SC,BDPTY,738,1,739,342315,193555,0.384974031183417
296,Gonda,NANDU LAL,M,37,SC,IND,581,1,582,342315,193555,0.303186584775032
296,Gonda,RAKSHARAM PATHAK,M,27,GEN,IND,566,3,569,342315,193555,0.296414375836759
296,Gonda,DURGESH KUMAR,M,39,GEN,IND,396,0,396,342315,193555,0.206291903042806
296,Gonda,ABHISHEK SINGH,M,33,GEN,IND,358,0,358,342315,193555,0.186496215377082
296,Gonda,GULAB SINGH,M,35,GEN,IND,317,0,317,342315,193555,0.165137710264064
297,Katra Bazar,BAWAN SINGH,M,59,GEN,BJP,91949,146,92095,362165,221535,42.1446908992728
297,Katra Bazar,BAIJ NATH,M,59,GEN,SP,61028,256,61284,362165,221535,28.0449018629788
297,Katra Bazar,MASOOD AALAM KHAN,M,25,GEN,BSP,55863,84,55947,362165,221535,25.6025736656889
297,Katra Bazar,AMAR SINGH,M,43,GEN,IND,3091,1,3092,362165,221535,1.41496698257833
297,Katra Bazar,None of the Above,,,,NOTA,3014,0,3014,362165,221535,1.37927247266853
297,Katra Bazar,PAWAN KUMAR,M,40,GEN,HAPA,1434,0,1434,362165,221535,0.656229836034065
297,Katra Bazar,HARISHYAM,M,25,GEN,RKSP,1398,0,1398,362165,221535,0.639755446844926
297,Katra Bazar,RAJESH KUMAR,M,30,GEN,IND,1193,0,1193,362165,221535,0.545942952851213
297,Katra Bazar,RITENDRA PAL,M,29,GEN,IND,896,0,896,362165,221535,0.410029242040811
297,Katra Bazar,BACHCHA LAL,M,38,SC,IND,640,0,640,362165,221535,0.292878030029151
297,Katra Bazar,PATESAR SINGH,M,54,GEN,IND,542,0,542,362165,221535,0.248031081680937
298,Colonelganj,AJAY PRATAP SINGH,M,54,GEN,BJP,82664,203,82867,314862,182468,46.1089472512798
298,Colonelganj,YOGESH PRATAP SINGH,M,58,GEN,SP,54244,218,54462,314862,182468,30.3038059203205
298,Colonelganj,SANTOSH KUMAR TIWARI,M,37,GEN,BSP,33108,133,33241,314862,182468,18.4959937680837
298,Colonelganj,None of the Above,,,,NOTA,2748,0,2748,314862,182468,1.52904518139328
298,Colonelganj,RAJDUTT MISHRA,M,59,GEN,IND,1415,2,1417,314862,182468,0.788448697974627
298,Colonelganj,DEEP PRAKASH SINGH,M,27,GEN,LD,1290,0,1290,314862,182468,0.717783218339639
298,Colonelganj,VASDEV,M,59,GEN,IND,1103,0,1103,314862,182468,0.613732472735366
298,Colonelganj,RAJESH KUMAR,M,57,GEN,IND,990,0,990,314862,182468,0.550856888493212
298,Colonelganj,JAGDISH PRASAD,M,47,GEN,IND,897,1,898,314862,182468,0.499666147340307
298,Colonelganj,CHET RAM,M,62,GEN,IND,896,0,896,314862,182468,0.498553305141331
298,Colonelganj,KRISHNA  KUMAR,M,37,GEN,IND,626,0,626,314862,182468,0.348319608279546
298,Colonelganj,PREM SAGAR,M,64,GEN,IND,605,0,605,314862,182468,0.336634765190296
298,Colonelganj,BHANU PRATAP,M,35,GEN,BSRD,525,1,526,314862,182468,0.292677498330737
298,Colonelganj,UDAI BHAN,M,57,GEN,IND,439,0,439,314862,182468,0.244268862675273
298,Colonelganj,AMIT KUMAR,M,27,GEN,IND,360,0,360,314862,182468,0.200311595815713
299,Tarabganj,PREM NARAYAN PANDEY,M,58,GEN,BJP,100051,243,100294,354551,203268,50.1761021392408
299,Tarabganj,VINOD KUMAR ALIS PANDIT SINGH,M,50,GEN,SP,61629,223,61852,354551,203268,30.9439474895439
299,Tarabganj,INDRA BAHADUR SINGH  ALIS PAPPU,M,44,GEN,BSP,29229,103,29332,354551,203268,14.6745112165056
299,Tarabganj,None of the Above,,,,NOTA,3381,3,3384,354551,203268,1.69298192951912
299,Tarabganj,DIGVIJAY,M,37,GEN,MAHAD,1824,3,1827,354551,203268,0.914030137479738
299,Tarabganj,SURENDRA,M,41,GEN,IND,1769,0,1769,354551,203268,0.885013307718477
299,Tarabganj,NARENDRA SINGH,M,47,GEN,IND,1451,0,1451,354551,203268,0.725921034199836
299,Tarabganj,VINOD,M,36,GEN,IND,1093,3,1096,354551,203268,0.548318024454183
299,Tarabganj,ARUN KUMAR,M,36,GEN,IND,863,0,863,354551,203268,0.43175041524084
299,Tarabganj,RAMJI,M,37,GEN,IND,721,1,722,354551,203268,0.361209501510876
299,Tarabganj,MAHESH SINGH,M,49,GEN,IND,678,0,678,354551,203268,0.339196734105781
300,Mankapur ,RAMAPATI  SHASTRI,M,67,SC,BJP,102555,307,102862,318835,179521,58.1956639811714
300,Mankapur ,RAMESH CHANDRA,M,50,SC,BSP,42513,188,42701,318835,179521,24.1587082465828
300,Mankapur ,RAM BISHUN AZAD,M,60,SC,SP,24490,205,24695,318835,179521,13.971553362904
300,Mankapur ,None of the Above,,,,NOTA,2768,1,2769,318835,179521,1.56660179234181
300,Mankapur ,SHIV BAHADUR,M,25,SC,NINSHAD,1599,0,1599,318835,179521,0.904657373042455
300,Mankapur ,VIRENDRA KUMAR,M,34,SC,IND,1070,0,1070,318835,179521,0.605367973205395
300,Mankapur ,DEEN BANDHU,M,62,SC,IND,1034,0,1034,318835,179521,0.585000452611569
300,Mankapur ,SUBHASH CHAND,M,47,SC,BMUP,803,1,804,318835,179521,0.454874626595456
300,Mankapur ,PRAVEEN KUMAR RAO,M,26,SC,JANADIP,760,0,760,318835,179521,0.429980990314112
300,Mankapur ,RAJENDRA  PRASAD,M,36,SC,IND,630,0,630,318835,179521,0.356431610391962
300,Mankapur ,RAM NARAYAN,M,36,SC,IND,596,1,597,318835,179521,0.337761383180954
301,Gaura,PRABHAT KUMAR VERMA,M,48,GEN,BJP,72304,151,72455,311835,173380,42.1384745121987
301,Gaura,RAM PRATAP SINGH,M,66,GEN,SP,42347,253,42600,311835,173380,24.7753642153014
301,Gaura,ABDUL KALAM,M,56,GEN,BSP,38566,101,38667,311835,173380,22.4880048852831
301,Gaura,VIKRAM SINGH,M,37,GEN,IND,7995,18,8013,311835,173380,4.66021111401902
301,Gaura,TARUNENDRA CHANDRA PATEL,M,34,GEN,INC,2740,6,2746,311835,173380,1.59702230364361
301,Gaura,VAIBHAV PANDEY,M,31,GEN,RLD,1507,7,1514,311835,173380,0.880514117886533
301,Gaura,None of the Above,,,,NOTA,1432,3,1435,311835,173380,0.8345691936375
301,Gaura,ISRAR AHMAD NANKU,M,52,GEN,CPI,1158,1,1159,311835,173380,0.674052749425688
301,Gaura,VIRENDER,M,36,GEN,IND,785,1,786,311835,173380,0.457122917211899
301,Gaura,VIJAY PRATAP,M,33,GEN,IND,783,0,783,311835,173380,0.455378173253075
301,Gaura,SARVESH KUMAR  SINGH,M,38,GEN,IND,727,0,727,311835,173380,0.422809619355026
301,Gaura,GIRISH NARAYAN PANDE,M,62,GEN,SABHP,709,1,710,311835,173380,0.41292273692169
301,Gaura,TILAK RAM,M,53,GEN,BMUP,521,1,522,311835,173380,0.303585448835383
301,Gaura,RAM AVATAR,M,32,GEN,IND,451,0,451,311835,173380,0.262293175143214
301,Gaura,SAKIR ALI,M,32,GEN,IND,451,0,451,311835,173380,0.262293175143214
301,Gaura,RAJESH KUMAR,M,34,GEN,IND,361,0,361,311835,173380,0.209950856378493
302,Shohratgarh,AMAR SINGH CHAUDHARY,M,43,GEN,ADAL,67552,101,67653,342644,186719,36.5308811300582
302,Shohratgarh,MOHD. JAMEEL,M,39,GEN,BSP,45393,136,45529,342644,186719,24.5844897782866
302,Shohratgarh,UGRASEN SINGH,M,41,GEN,SP,36695,212,36907,342644,186719,19.9288313876259
302,Shohratgarh,CHAUDHARY RAVINDRA PRATAP ALIAS PAPPU CHAUDHARY,M,60,GEN,RLD,8526,17,8543,342644,186719,4.61300042117995
302,Shohratgarh,HAJI ALI AHMAD,M,62,GEN,AIMIM,4930,1,4931,342644,186719,2.66261325960884
302,Shohratgarh,ANIL SINGH,M,57,GEN,INC,4146,2,4148,342644,186719,2.23981338488288
302,Shohratgarh,SUKHARAJ YADAV,M,52,GEN,IND,4059,5,4064,342644,186719,2.19445554391611
302,Shohratgarh,RADHARAMAN TRIPATHI,M,50,GEN,PECP,3207,0,3207,342644,186719,1.73169757119561
302,Shohratgarh,AMIRULLAH,M,51,GEN,IND,2204,0,2204,342644,186719,1.19010335108049
302,Shohratgarh,SAMSUDDIN KHAN,M,35,GEN,BAHUMP,1779,1,1780,342644,186719,0.961154249057745
302,Shohratgarh,DR. ASHEESH PRATAP SINGH,M,40,GEN,IND,1727,1,1728,342644,186719,0.933075585602125
302,Shohratgarh,None of the Above,,,,NOTA,1525,0,1525,342644,186719,0.823460803265765
302,Shohratgarh,VRIJ VASINI GIRI,F,25,GEN,IND,1381,0,1381,342644,186719,0.745704504465587
302,Shohratgarh,PRAMOD KUMAR MISHRA,M,33,GEN,RAJSPTY,1135,0,1135,342644,186719,0.612870827348618
302,Shohratgarh,DR. SATYENDRA NATH PANDEY,M,68,GEN,AAMJP,1080,0,1080,342644,186719,0.583172241001328
302,Shohratgarh,VIJAY LAXMI CHAUDHARY,F,29,GEN,BJBCD,904,0,904,342644,186719,0.488136764690001
303,Kapilvastu ,SHYAM DHANI,M,64,SC,BJP,113923,159,114082,430611,235129,49.066260655639
303,Kapilvastu ,VIJAY KUMAR,M,41,SC,SP,75702,226,75928,430611,235129,32.6563615562609
303,Kapilvastu ,CHANDRA BHAN,M,48,SC,BSP,36994,172,37166,430611,235129,15.9849638288904
303,Kapilvastu ,None of the Above,,,,NOTA,2622,1,2623,430611,235129,1.12814292964483
303,Kapilvastu ,PINGAL PRASAD,M,49,SC,IND,2106,0,2106,430611,235129,0.905783076565766
303,Kapilvastu ,DEVENDRA NATH,M,66,SC,BMUP,2063,0,2063,430611,235129,0.887288930178146
303,Kapilvastu ,NAND RAM,M,67,SC,IND,1159,2,1161,430611,235129,0.499341952465743
304,Bansi,JAI PRATAP SINGH,M,63,GEN,BJP,77399,149,77548,363403,184514,42.4053851580058
304,Bansi,LAL JI,M,51,GEN,SP,58411,195,58606,363403,184514,32.0473771415135
304,Bansi,LALCHANDRA NISHAD,M,51,GEN,BSP,35288,137,35425,363403,184514,19.3713670142667
304,Bansi,RAMSURESH,M,50,GEN,SDU,2388,3,2391,363403,184514,1.30746474329179
304,Bansi,KIRAN,F,34,GEN,RLD,2300,4,2304,363403,184514,1.25989074384956
304,Bansi,MO. UMAR,M,45,GEN,IND,2019,0,2019,363403,184514,1.10404488360775
304,Bansi,None of the Above,,,,NOTA,1641,0,1641,363403,184514,0.897344058444932
304,Bansi,MANOJ KUMAR GUPTA,M,44,GEN,IND,1461,0,1461,363403,184514,0.798915094081685
304,Bansi,ARVIND KUMAR SHUKLA,M,28,GEN,BAHUMP,836,0,836,363403,184514,0.457147856709301
304,Bansi,SHIV KUMAR,M,39,GEN,BSRD,646,4,650,363403,184514,0.355437926867279
304,Bansi,ARJUN,M,29,GEN,IND,635,0,635,363403,184514,0.347235513170342
304,Bansi,SURESH,M,36,GEN,BEP,434,0,434,363403,184514,0.237323169631384
304,Bansi,KAMLESH,M,30,SC,OP,287,3,290,363403,184514,0.158579998140786
304,Bansi,JAWAHAR LAL,M,32,SC,BMUP,274,0,274,363403,184514,0.149830756864053
305,Itwa,DR. SATISH CHANDRA DWIVEDI,M,38,GEN,BJP,59469,55,59524,321638,160935,37.3922657486745
305,Itwa,ARSHAD KHURSHEED,M,39,GEN,BSP,49216,100,49316,321638,160935,30.9797220896047
305,Itwa,MATA PRASAD PANDEY,M,78,GEN,SP,46434,167,46601,321638,160935,29.274191521974
305,Itwa,None of the Above,,,,NOTA,1747,0,1747,321638,160935,1.0974445309948
305,Itwa,RAKESH,M,36,ST,BMUP,1318,0,1318,321638,160935,0.827951855667513
305,Itwa,ANAND SWAROOP URF BABBU MISHRA,M,41,GEN,RLD,1264,0,1264,321638,160935,0.794029700731211
305,Itwa,LAL JI YADAV,M,27,GEN,IND,1165,0,1165,321638,160935,0.731839083347991
306,Doomariyaganj,RAGHVENDRA PRATAP SINGH,M,50,GEN,BJP,67177,50,67227,394351,201595,33.6161892951436
306,Doomariyaganj,SAIYADA KHATOON,F,43,GEN,BSP,66901,155,67056,394351,201595,33.5306824545964
306,Doomariyaganj,RAM KUMAR URF CHINKU YADAV,M,33,GEN,SP,52074,148,52222,394351,201595,26.1130890471238
306,Doomariyaganj,ASHOK KUMAR SINGH,M,49,GEN,PECP,10343,8,10351,394351,201595,5.17591407312585
306,Doomariyaganj,None of the Above,,,,NOTA,1611,0,1611,394351,201595,0.805564445155612
306,Doomariyaganj,RAM BILAS,M,56,GEN,IND,1073,1,1074,394351,201595,0.537042963437075
306,Doomariyaganj,GANESH DATT,M,46,GEN,IND,1006,0,1006,394351,201595,0.503040243219458
306,Doomariyaganj,RAM BILAS,M,37,GEN,RPI(A),530,0,530,394351,201595,0.265021201696136
306,Doomariyaganj,MANGAL PRASAD,M,41,SC,BMUP,518,0,518,394351,201595,0.259020721657733
307,Harraiya,AJAY KUMAR SINGH &#39;&#39;AJAY SINGH&#39;&#39;,M,43,GEN,BJP,96787,227,97014,368897,214632,45.6841748368321
307,Harraiya,RAJKISHOR SINGH,M,48,GEN,SP,66721,187,66908,368897,214632,31.5071718513077
307,Harraiya,VIPIN KUMAR SHUKLA,M,46,GEN,BSP,39527,222,39749,368897,214632,18.7179197393082
307,Harraiya,None of the Above,,,,NOTA,2274,0,2274,368897,214632,1.07083321560761
307,Harraiya,CHANDRAMANI PANDEY,M,54,GEN,RLD,1949,1,1950,368897,214632,0.918260673014438
307,Harraiya,RAJ SHEKHAR SINGH,M,39,GEN,IND,1309,1,1310,368897,214632,0.616882811102007
307,Harraiya,SARVJEET SINGH,M,33,GEN,IND,1074,0,1074,368897,214632,0.505749724521798
307,Harraiya,RAM GYAN,M,44,GEN,IND,796,0,796,368897,214632,0.374838715753586
307,Harraiya,RAMPHER,M,40,SC,IND,697,0,697,368897,214632,0.328219327739007
307,Harraiya,SURYA PRAKASH SINGH,M,38,GEN,IND,665,0,665,368897,214632,0.313150434643385
307,Harraiya,KAILASH NATH SHARMA,M,38,GEN,RSHP,527,0,527,368897,214632,0.248165833168517
307,Harraiya,SALIKRAM MAURYA,M,52,GEN,JANADIP,523,1,524,368897,214632,0.246753124440803
307,Harraiya,SHIV PRASAD,M,47,GEN,BMUP,438,0,438,368897,214632,0.20625547424632
307,Harraiya,KRISHNA KUMAR UPADHYAY,M,52,GEN,IND,363,0,363,368897,214632,0.170937756053457
307,Harraiya,CHHAKKANRAM CHAUHAN ADVOCATE,M,53,GEN,MBCOI,342,1,343,368897,214632,0.161519697868693
308,Kaptanganj,CHANDRA PRAKASH ALIAS CA CHANDRA PRAKASH SHUKL,M,46,GEN,BJP,70396,131,70527,345727,201124,35.4004999347475
308,Kaptanganj,RAM PRASAD CHAUDHARY,M,63,GEN,BSP,63334,366,63700,345727,201124,31.9737383674822
308,Kaptanganj,KRISHNA KINKAR SINGH RANA,M,70,GEN,INC,59862,280,60142,345727,201124,30.1878268900645
308,Kaptanganj,None of the Above,,,,NOTA,1898,0,1898,345727,201124,0.952686898296407
308,Kaptanganj,SHER SINGH,M,32,GEN,RLD,1229,0,1229,345727,201124,0.616887354060213
308,Kaptanganj,JITENDRA KUMAR VERMA,M,26,GEN,IND,1151,0,1151,345727,201124,0.577735837691868
308,Kaptanganj,RADHESHYAM,M,35,SC,IND,964,0,964,345727,201124,0.483872586911347
308,Kaptanganj,SUGREEV PRASAD,M,43,GEN,BMUP,809,1,810,345727,201124,0.406573439209742
308,Kaptanganj,PREM PRAKASH NISHAD,M,53,GEN,MBCOI,703,0,703,345727,201124,0.352865589832652
309,Rudhauli,SANJAY PRATAP JAISWAL,M,45,GEN,BJP,90117,111,90228,408883,222611,40.9401515495258
309,Rudhauli,RAJENDRA PRASAD CHAUDHARY,M,56,GEN,BSP,68194,229,68423,408883,222611,31.0463269658333
309,Rudhauli,SAYEED AHMAD KHAN,M,56,GEN,INC,51567,176,51743,408883,222611,23.4779254957121
309,Rudhauli,None of the Above,,,,NOTA,2219,2,2221,408883,222611,1.00775897273016
309,Rudhauli,SURYAMANI,M,32,GEN,IND,1705,0,1705,408883,222611,0.773628567539362
309,Rudhauli,KANTHRAM PRAJAPATI,M,31,GEN,BASAP,1561,0,1561,408883,222611,0.708289849811697
309,Rudhauli,"PRAMOD KUMAR SINGH, PRABHAT BHAIYA",M,44,GEN,RLD,1452,0,1452,408883,222611,0.658832070420618
309,Rudhauli,DHRUV CHANDRA,M,38,GEN,IND,1188,0,1188,408883,222611,0.539044421253233
309,Rudhauli,JAIPRAKASH UPADHYAY,M,28,GEN,IND,1009,4,1013,408883,222611,0.459639729570307
309,Rudhauli,RAJEEV KUMAR PANDEY,M,33,GEN,PECP,741,0,741,408883,222611,0.336222151640274
309,Rudhauli,VINOD KUMAR CHAUDHARY,M,45,GEN,SSD,693,0,693,408883,222611,0.314442579064386
309,Rudhauli,SURENDRA KUMAR YADAV,M,26,GEN,BMUP,637,4,641,408883,222611,0.290848042107174
309,Rudhauli,RAJ KUMAR VERMA,M,44,GEN,PBI,568,0,568,408883,222611,0.25772494214801
309,Rudhauli,BRAHMANAND VISHWAKARMA,M,57,GEN,MBCOI,434,0,434,408883,222611,0.196923635373656
310,Basti Sadar,DAYARAM CHAUDHARY,M,66,GEN,BJP,92411,286,92697,347784,206622,45.1264750554971
310,Basti Sadar,MAHENDRA NATH YADAV,M,42,GEN,SP,49865,238,50103,347784,206622,24.3909919383105
310,Basti Sadar,JITENDRA KUMAR ALIAS NANDU CHAUDHARY,M,54,GEN,BSP,49231,307,49538,347784,206622,24.115940335709
310,Basti Sadar,RAJA ASHWARYA RAJ SINGH,M,35,GEN,RLD,4136,16,4152,347784,206622,2.02126416637458
310,Basti Sadar,GAURI SHANKER SUT PAL ALIAS AMARPAL SINGH,M,33,GEN,NINSHAD,1705,2,1707,347784,206622,0.83099661175371
310,Basti Sadar,SUDHA VISHNUDUTT OJHA,F,46,GEN,SHS,1477,6,1483,347784,206622,0.721949604704599
310,Basti Sadar,K. K. TIWARI,M,46,GEN,CPM,1324,3,1327,347784,206622,0.646006153366826
310,Basti Sadar,RAKESH SRIVASTAV,M,33,GEN,IND,1235,8,1243,347784,206622,0.60511352572341
310,Basti Sadar,None of the Above,,,,NOTA,1204,2,1206,347784,206622,0.587101296880477
310,Basti Sadar,NEELAM SINGH,F,57,GEN,IND,853,0,853,347784,206622,0.415254897378977
310,Basti Sadar,KRISHNA KUMAR UPADHYAY,M,52,GEN,IND,787,0,787,347784,206622,0.38312497565915
310,Basti Sadar,SUDHA DEVI,F,53,GEN,ABSKP,486,0,486,347784,206622,0.236593059936909
310,Basti Sadar,DR. R. J.  CHAUDHARY,M,62,GEN,SSD,442,0,442,347784,206622,0.21517311212369
310,Basti Sadar,RAM PRASAD CHAURASIYA ADVOCATE,M,46,GEN,MBCOI,362,2,364,347784,206622,0.177201386454804
310,Basti Sadar,RAJU,M,36,GEN,JANADIP,234,0,234,347784,206622,0.11391517700666
311,Mahadewa S.C,RAVI KUMAR SONKAR,M,40,SC,BJP,82269,160,82429,341194,199317,41.8238738418761
311,Mahadewa S.C,DOODHRAM,M,56,SC,BSP,56300,245,56545,341194,199317,28.6905208893579
311,Mahadewa S.C,RAM KARAN ARYA,M,73,SC,SP,47704,210,47914,341194,199317,24.3112143937164
311,Mahadewa S.C,GOVARDHAN,M,48,SC,NINSHAD,5634,5,5639,341194,199317,2.86118750190272
311,Mahadewa S.C,None of the Above,,,,NOTA,2230,1,2231,341194,199317,1.13199314005054
311,Mahadewa S.C,MANSHARAM,M,54,SC,IND,1642,0,1642,341194,199317,0.833138832793806
311,Mahadewa S.C,LAVKUSH,M,36,SC,RLD,1233,1,1234,341194,199317,0.626122606374882
311,Mahadewa S.C,DEVI PRASAD,M,39,SC,IND,713,0,713,341194,199317,0.361771003521305
311,Mahadewa S.C,CHANDRESH GAUTAM,M,27,SC,BMUP,545,1,546,341194,199317,0.277036420648854
311,Mahadewa S.C,UMESH CHANDRA VYAS,M,60,SC,IND,424,0,424,341194,199317,0.215134509807901
312,Menhdawal,RAKESH SINGH BAGHEL,M,47,GEN,BJP,86863,113,86976,438464,224820,39.1506907277286
312,Menhdawal,ANIL KUMAR TRIPATHI,M,51,GEN,BSP,43882,180,44062,438464,224820,19.8337211971714
312,Menhdawal,JAICHAND ALIAS JAIRAM PANDEY,M,53,GEN,SP,37361,196,37557,438464,224820,16.9056117970624
312,Menhdawal,ER. MOHAMMAD IRFAN,M,31,GEN,PECP,25475,24,25499,438464,224820,11.4779187691587
312,Menhdawal,MOHD. TABISH KHAN,M,55,GEN,AIMIM,19014,26,19040,438464,224820,8.57051544628348
312,Menhdawal,MOHD. AKRAM HUSAIN,M,53,GEN,RLD,3438,7,3445,438464,224820,1.55070513195623
312,Menhdawal,None of the Above,,,,NOTA,2663,0,2663,438464,224820,1.19870181898387
312,Menhdawal,MUKESH KUMAR,M,28,GEN,IND,1435,0,1435,438464,224820,0.645939583267689
312,Menhdawal,RAM KRISHNA,M,46,GEN,IND,1249,0,1249,438464,224820,0.562215010105466
312,Menhdawal,RAJARAM,M,65,GEN,IND,854,2,856,438464,224820,0.385313089391736
312,Menhdawal,AWADHESH,M,53,SC,IND,746,1,747,438464,224820,0.336248688990219
312,Menhdawal,AJAY KUMAR,M,38,GEN,IND,731,0,731,438464,224820,0.329046575169812
312,Menhdawal,AMIT KUMAR,M,30,GEN,IND,560,0,560,438464,224820,0.25207398371422
313,KHALILABAD,DIGVIJAY NARAYAN ALIS JAY CHAUBEY,M,47,GEN,BJP,71959,102,72061,427321,224008,32.2893002289703
313,KHALILABAD,MASHHOOR ALAM CHOUDHARY,M,52,GEN,BSP,55764,260,56024,427321,224008,25.1033951239621
313,KHALILABAD,DR. MOHD. AYUB,M,61,GEN,PECP,42017,24,42041,427321,224008,18.837852249152
313,KHALILABAD,JAVED AHMED,M,47,GEN,SP,28114,160,28274,427321,224008,12.6690952758622
313,KHALILABAD,GANGA SINGH,M,50,GEN,RLD,6849,23,6872,427321,224008,3.07922553355469
313,KHALILABAD,VIJAY KUMAR SHUKLA ADVOCATE,M,43,GEN,CPI,2590,0,2590,427321,224008,1.16053465248932
313,KHALILABAD,TAFSIRULLAH,M,30,GEN,AIMIM,2578,0,2578,427321,224008,1.15515765796042
313,KHALILABAD,DHANUSHDHARI,M,44,GEN,NCP,1530,0,1530,427321,224008,0.685566802435779
313,KHALILABAD,PREM PRAKASH TRIPATHI,M,64,GEN,IND,1500,0,1500,427321,224008,0.672124316113508
313,KHALILABAD,MANBHAWATI,F,43,GEN,IND,1394,0,1394,427321,224008,0.624627531108154
313,KHALILABAD,SUNITA YADAV,F,35,GEN,IND,1294,2,1296,427321,224008,0.580715409122071
313,KHALILABAD,DHARMENDRA KUMAR,M,26,SC,IND,896,0,896,427321,224008,0.401482258158469
313,KHALILABAD,None of the Above,,,,NOTA,832,3,835,427321,224008,0.37414920263652
313,KHALILABAD,PRADEEP GUPTA,M,30,GEN,IND,749,0,749,427321,224008,0.335614075179345
313,KHALILABAD,RAM AJOR,M,55,GEN,IND,726,0,726,427321,224008,0.325308168998938
313,KHALILABAD,MOHAMMAD ALI,M,30,GEN,PPI,686,1,687,427321,224008,0.307832936779987
313,KHALILABAD,ALAUDDIN,M,36,GEN,SASEP,667,1,668,427321,224008,0.299319362109216
313,KHALILABAD,RAMSWARATH,M,55,GEN,BSRD,651,0,651,427321,224008,0.291701953193263
313,KHALILABAD,SATYA NARAYAN,M,45,GEN,IND,622,0,622,427321,224008,0.278707549748401
313,KHALILABAD,SHAILENDRA KUMAR,M,40,SC,BMUP,527,0,527,427321,224008,0.236139676394546
313,KHALILABAD,BAIJNATH,M,44,SC,IND,507,0,507,427321,224008,0.227178018846366
313,KHALILABAD,BADDHNATH TIWARI,M,46,GEN,IND,503,0,503,427321,224008,0.22538568733673
313,KHALILABAD,AMRATA SINGH,M,38,GEN,IND,477,0,477,427321,224008,0.213735532524096
314,Dhanghata ,SHRI RAM CHAUHAN,M,59,SC,BJP,79523,49,79572,357096,200275,40.1060462490676
314,Dhanghata ,ALGOO PRASAD,M,46,SC,SP,62518,145,62663,357096,200275,31.5835366222455
314,Dhanghata ,NEEL MANI,M,42,SC,BSP,51745,193,51938,357096,200275,26.1778996391202
314,Dhanghata ,None of the Above,,,,NOTA,1869,2,1871,357096,200275,0.943025342231003
314,Dhanghata ,JOKHOO PRASAD,M,49,SC,BMUP,1362,0,1362,357096,200275,0.686478095199694
314,Dhanghata ,BANTI LAL,M,35,SC,IND,751,0,751,357096,200275,0.378520594342856
314,Dhanghata ,LOTAN ALIAS LAUTAN PRASAD,M,58,SC,SHSP,746,0,746,357096,200275,0.376000483861212
314,Dhanghata ,DHARM DAS,M,49,SC,BSRD,698,0,698,357096,200275,0.351807423237435
314,Dhanghata ,AJAY KUMAR,M,36,SC,IND,674,0,674,357096,200275,0.339710892925546
315,Pharenda,BAJRANG BAHADUR SINGH,M,45,GEN,BJP,76115,197,76312,333601,198945,38.7462998786513
315,Pharenda,VIRENDRA CHAUDHARY,M,42,GEN,INC,73590,368,73958,333601,198945,37.5510908693952
315,Pharenda,VECHAN,M,45,GEN,BSP,35609,156,35765,333601,198945,18.1591547221926
315,Pharenda,VIJAY SINGH,M,51,GEN,RLD,2739,3,2742,333601,198945,1.39221032429057
315,Pharenda,None of the Above,,,,NOTA,1992,0,1992,333601,198945,1.01140881327017
315,Pharenda,RAJ KUMAR NISHAD,M,32,GEN,NINSHAD,1930,0,1930,333601,198945,0.979929221692485
315,Pharenda,REENA,F,38,GEN,AIMIM,1876,2,1878,333601,198945,0.953526983595071
315,Pharenda,JITENDAR,M,36,GEN,SHS,1000,6,1006,333601,198945,0.510781760115357
315,Pharenda,SHASHI BHOOSHAN,M,30,GEN,LD,883,2,885,333601,198945,0.449345783004067
315,Pharenda,GOBIND DAS,M,58,GEN,IND,769,0,769,333601,198945,0.390448482632912
315,Pharenda,RAJENDERA,M,56,GEN,PECP,644,1,645,333601,198945,0.32748929947754
315,Pharenda,SHIV KUMARI DEVI,F,35,GEN,JHSPT,634,0,634,333601,198945,0.321904210649241
315,Pharenda,NAGENDRA NATH,M,45,GEN,BMUP,429,0,429,333601,198945,0.217818464303666
316,Nautanwa,AMAN MANI TRIPATHI,M,35,GEN,IND,79512,154,79666,349621,214927,37.6783628220226
316,Nautanwa,KUNWAR KAUSHAL KISHORE SINGH (MUNNA SINGH),M,45,GEN,SP,47188,222,47410,349621,214927,22.4227547685599
316,Nautanwa,SAMEER TRIPATHI,M,39,GEN,BJP,44984,66,45050,349621,214927,21.3065830483785
316,Nautanwa,AIJAZ AHMAD,M,37,GEN,BSP,26110,100,26210,349621,214927,12.3961274516759
316,Nautanwa,ANIL KUMAR NISHAD (SAHANI),M,40,GEN,NINSHAD,5446,1,5447,349621,214927,2.57618108467298
316,Nautanwa,None of the Above,,,,NOTA,3489,1,3490,349621,214927,1.65060987433609
316,Nautanwa,SADA MOHAN UPADHYAY,M,52,GEN,RLD,2763,7,2770,349621,214927,1.31008290885701
316,Nautanwa,KAMINI JAISWAL,F,31,GEN,AIMIM,1796,1,1797,349621,214927,0.849898551341534
316,Nautanwa,SHAMBHOO PRASAD PRAJAPATI,M,31,GEN,BMUP,1355,3,1358,349621,214927,0.64227169322304
316,Nautanwa,ABHISHEK JOSHI,M,26,GEN,JANADIP,926,1,927,349621,214927,0.438428468054314
316,Nautanwa,SATISH KUMAR CHATURVEDI,M,38,GEN,NCP,801,1,802,349621,214927,0.379309203214196
317,Siswa,PREMSAGAR PATEL,M,54,GEN,BJP,122693,191,122884,366103,239366,51.8793405526355
317,Siswa,SHIVENDRA SINGH ALIAS SHIVBABU,M,59,GEN,SP,54429,269,54698,366103,239366,23.0924788381568
317,Siswa,RAGHVENDRA PRATAP ALIAS ANKIT SINGH,M,32,GEN,BSP,46050,135,46185,366103,239366,19.4984484833133
317,Siswa,RAKESH KUMAR ALIAS R. K. MISHRA,M,57,GEN,IND,4056,17,4073,366103,239366,1.71954488843856
317,Siswa,YASH TRIPATHI,M,33,GEN,PECP,2658,1,2659,366103,239366,1.12258037278619
317,Siswa,None of the Above,,,,NOTA,2501,0,2501,366103,239366,1.0558757097925
317,Siswa,MANORAMA,F,34,GEN,IND,2300,1,2301,366103,239366,0.971439427522006
317,Siswa,SAHAJAD AHAMAD ALIAS SAHAJAD ALI,M,44,GEN,IND,1312,2,1314,366103,239366,0.55474637451713
317,Siswa,HARISHCHANDRA JAISAWAL ALIAS HARISH BHAI,M,44,GEN,CPI(ML)(L),842,1,843,366103,239366,0.355898929770122
317,Siswa,HARISHCHANDRA,M,53,GEN,RLD,839,1,840,366103,239366,0.354632385536065
317,Siswa,DIGVIJAY,M,41,GEN,ASP,546,0,546,366103,239366,0.230511050598442
317,Siswa,BHUNESHWAR ALIAS  BHUVANESHWAR KUMAR PATEL,M,41,GEN,BMUP,522,0,522,366103,239366,0.220378696725983
318,Maharajganj ,JAIMANGAL,M,43,SC,BJP,124804,350,125154,386617,247216,51.1578095428849
318,Maharajganj ,NIRMESH MANGAL,M,51,SC,BSP,56504,289,56793,386617,247216,23.2146433783104
318,Maharajganj ,ALOK PRASAD,M,48,SC,INC,49931,286,50217,386617,247216,20.5266449479446
318,Maharajganj ,RAMKEVAL,M,55,SC,CPI,3886,0,3886,386617,247216,1.58843702864991
318,Maharajganj ,SANT KIRPAL,M,38,SC,NINSHAD,3604,0,3604,386617,247216,1.47316702296816
318,Maharajganj ,None of the Above,,,,NOTA,2571,2,2573,386617,247216,1.05173661212461
318,Maharajganj ,DR. SUNIL KUMAR,M,27,SC,IND,1535,1,1536,386617,247216,0.627853647968673
318,Maharajganj ,RAM ASISH,M,50,SC,IND,1397,1,1398,386617,247216,0.571444921783987
318,Maharajganj ,MANOJ KUMAR KANNOJIA,M,38,SC,BHAKALP,1156,0,1156,386617,247216,0.47252527151809
318,Maharajganj ,SADHU SHARAN,M,46,SC,BMUP,899,0,899,386617,247216,0.367474237971248
319,Paniyara,GYANENDRA,M,59,GEN,BJP,119151,157,119308,398745,243886,49.3493601144928
319,Paniyara,GANESH SHANKER PANDEY,M,59,GEN,BSP,51665,152,51817,398745,243886,21.4330622678502
319,Paniyara,TALAT AZIZ,F,65,GEN,INC,47836,168,48004,398745,243886,19.8558913311439
319,Paniyara,SUMAN,F,54,GEN,NINSHAD,10744,18,10762,398745,243886,4.45148534509145
319,Paniyara,GANPAT SINGH,M,72,GEN,RLD,3558,3,3561,398745,243886,1.47293619344645
319,Paniyara,None of the Above,,,,NOTA,2123,1,2124,398745,243886,0.878549978904873
319,Paniyara,AJAY KUMAR,M,41,GEN,LD,1638,0,1638,398745,243886,0.677525831189352
319,Paniyara,PRAFULL,M,27,GEN,IND,1187,0,1187,398745,243886,0.490978731148816
319,Paniyara,SANTOSH,M,36,GEN,IND,1118,0,1118,398745,243886,0.462438265732415
319,Paniyara,RAJESH KUMAR,M,33,SC,IND,994,0,994,398745,243886,0.411148153969606
319,Paniyara,SATRUGHNA ALIAS SATRUGHAN SINGH NISHAD,M,36,GEN,ABHASP,879,0,879,398745,243886,0.363580711608938
319,Paniyara,UMESH,M,38,GEN,IND,719,0,719,398745,243886,0.297399922237573
319,Paniyara,GHANSHYAM KUMAR GUPT,M,37,GEN,MAHAD,682,0,682,398745,243886,0.282095614695444
319,Paniyara,JANARDAN,M,35,GEN,IND,547,0,547,398745,243886,0.226255573663355
319,Paniyara,RAKESH,M,31,SC,BMUP,546,0,546,398745,243886,0.225841943729784
320,Caimpiyarganj,FATEH BAHADUR,M,49,GEN,BJP,91532,104,91636,364225,216710,42.6404347987939
320,Caimpiyarganj,CHINTA YADAV,F,41,GEN,INC,58662,120,58782,364225,216710,27.3526784052414
320,Caimpiyarganj,ANANDA NISHAD,M,41,GEN,BSP,39154,89,39243,364225,216710,18.2607117596694
320,Caimpiyarganj,MOHAMMAD MAINUDDIN,M,47,GEN,NINSHAD,10932,3,10935,364225,216710,5.08831850500689
320,Caimpiyarganj,GORAKH SINGH,M,59,GEN,RLD,7253,12,7265,364225,216710,3.38057923537952
320,Caimpiyarganj,None of the Above,,,,NOTA,1806,0,1806,364225,216710,0.840375237315266
320,Caimpiyarganj,SRIKANT GUPTA SAHU,M,64,GEN,NCP,1681,0,1681,364225,216710,0.782209730856569
320,Caimpiyarganj,ASHOK,M,57,GEN,IND,897,0,897,364225,216710,0.417395674347616
320,Caimpiyarganj,AKHTAR,M,46,GEN,IND,882,0,882,364225,216710,0.410415813572572
320,Caimpiyarganj,SATISH CHANDRA GOND,M,33,GEN,BMUP,739,1,740,364225,216710,0.344339798235491
320,Caimpiyarganj,VINOD SINGH FAUZI,M,41,GEN,LD,694,0,694,364225,216710,0.32293489185869
320,Caimpiyarganj,RAMPAL,M,27,GEN,IND,594,0,594,364225,216710,0.276402486691732
320,Caimpiyarganj,MAHESH KUMAR,M,39,GEN,RKSP,563,0,563,364225,216710,0.261977441089975
320,Caimpiyarganj,DINESH NISHAD,M,34,GEN,RMGP,501,0,501,364225,216710,0.233127349886461
320,Caimpiyarganj,MRITUNJAN,M,34,GEN,JAPL,491,0,491,364225,216710,0.228474109369765
321,Pipraich,MAHENDRA PAL SINGH,M,37,GEN,BJP,82665,74,82739,386459,246015,33.7970924509111
321,Pipraich,AFATAB ALAM URF GUDDU BHAIYA,M,35,GEN,BSP,69787,143,69930,386459,246015,28.5648929173934
321,Pipraich,AMRENDRA NISHAD,M,27,GEN,SP,50919,112,51031,386459,246015,20.8450600667454
321,Pipraich,ANITA JAISWAL,F,46,GEN,IND,31042,31,31073,386459,246015,12.6926486146456
321,Pipraich,None of the Above,,,,NOTA,1203,1,1204,386459,246015,0.491807966145312
321,Pipraich,BHPUENDRA,M,33,GEN,IND,1177,0,1177,386459,246015,0.48077904996099
321,Pipraich,SURJEET,M,46,GEN,BSCP,1144,0,1144,386459,246015,0.467299263513486
321,Pipraich,NAUMI NATH,M,27,GEN,JANADIP,1080,0,1080,386459,246015,0.441156647372871
321,Pipraich,KANHAI,M,49,GEN,IND,1021,1,1022,386459,246015,0.417464901495439
321,Pipraich,ABHIMANYU,M,25,GEN,IND,970,0,970,386459,246015,0.39622402588119
321,Pipraich,BAHADUR NISHAD,M,46,GEN,BMUP,953,0,953,386459,246015,0.389279893468839
321,Pipraich,ANUPAMA ARYA,F,51,GEN,RLD,676,0,676,386459,246015,0.276131382985242
321,Pipraich,SANGEETA DEVI,F,38,GEN,IND,605,0,605,386459,246015,0.247129418204247
321,Pipraich,ANIL,M,32,GEN,NCP,544,0,544,386459,246015,0.222212237195224
321,Pipraich,SHIVDATT,M,55,GEN,LD,437,0,437,386459,246015,0.178505050835134
321,Pipraich,SATYENDRA,M,32,GEN,SWJP,366,0,366,386459,246015,0.14950308605414
321,Pipraich,BHARAT SINGH,M,55,GEN,RAJAP,309,1,310,386459,246015,0.126628296931102
321,Pipraich,KAMLESH SAHANI,M,34,GEN,IND,305,0,305,386459,246015,0.124585905045116
321,Pipraich,RADHESHYAM SEHRA,M,47,GEN,IND,246,0,246,386459,246015,0.100485680790487
321,Pipraich,RAM SAJEEVAN,M,49,GEN,IND,203,0,203,386459,246015,0.0829211105710119
322,Gorakhpur Urban,DR. RADHA MOHAN DAS AGRAWAL,M,64,GEN,BJP,121946,275,122221,429226,218831,56.0667363939961
322,Gorakhpur Urban,RANA RAHUL SINGH,M,32,GEN,INC,61388,103,61491,429226,218831,28.2079158868215
322,Gorakhpur Urban,JANARDAN CHOUDHARI,M,47,GEN,BSP,24228,69,24297,429226,218831,11.1458218650226
322,Gorakhpur Urban,ARUN KUMAR SHRIVASTAVA,M,55,GEN,PECP,2251,1,2252,429226,218831,1.03306543359389
322,Gorakhpur Urban,VINOD KUMAR RAI,M,45,GEN,RLD,946,0,946,429226,218831,0.433960879298323
322,Gorakhpur Urban,PRABAL PRATAP SHAHI,M,37,GEN,IND,851,0,851,429226,218831,0.390381298396271
322,Gorakhpur Urban,None of the Above,,,,NOTA,839,0,839,429226,218831,0.384876509229697
322,Gorakhpur Urban,ANIL,M,43,GEN,IND,702,3,705,429226,218831,0.323406363536277
322,Gorakhpur Urban,MOHAN DAS AGRAWAL,M,55,GEN,IND,620,0,620,429226,218831,0.284414106939704
322,Gorakhpur Urban,SATYA PRAKASH,M,48,GEN,IND,606,0,606,429226,218831,0.277991852912033
322,Gorakhpur Urban,VINDU DEVI,F,34,GEN,IND,468,1,469,429226,218831,0.21514550992697
322,Gorakhpur Urban,SHAILESH KUMAR,M,44,GEN,IND,391,2,393,429226,218831,0.180281845205329
322,Gorakhpur Urban,NANDA SINGH,F,45,GEN,SATKP,385,0,385,429226,218831,0.176611985760945
322,Gorakhpur Urban,MOHIT JAYSAWAL,M,30,GEN,IND,343,0,343,429226,218831,0.157345223677933
322,Gorakhpur Urban,AJAY PANDEY,M,38,GEN,SABHP,334,0,334,429226,218831,0.153216631803002
322,Gorakhpur Urban,VINOD KUMAR BHARTIYA,M,53,SC,BMUP,305,0,305,429226,218831,0.139913391317113
322,Gorakhpur Urban,MINA TRIPATHI,F,47,GEN,BSCP,291,0,291,429226,218831,0.133491137289442
322,Gorakhpur Urban,ARUN KUMAR,M,38,GEN,IND,279,1,280,429226,218831,0.128445080553415
322,Gorakhpur Urban,AMRENDRA,M,38,GEN,GGP,269,0,269,429226,218831,0.123399023817388
322,Gorakhpur Urban,KISHAN CHAND,M,27,GEN,IND,232,0,232,429226,218831,0.106425923887115
322,Gorakhpur Urban,RAM DAVAN MAURYA,M,36,GEN,JANADIP,205,0,205,429226,218831,0.0940401482623216
322,Gorakhpur Urban,SHATRUGHAN KUMAR,M,26,SC,IND,181,1,182,429226,218831,0.0834893023597196
322,Gorakhpur Urban,SESHNATH PANDEY,M,67,GEN,RAJAP,172,0,172,429226,218831,0.0789019780542405
322,Gorakhpur Urban,VINAY KUMAR PANDEY,M,41,GEN,IND,143,0,143,429226,218831,0.0655987375683511
323,Gorakhpur Rural,BIPIN SINGH,M,51,GEN,BJP,83507,179,83686,394353,235963,35.7130359451882
323,Gorakhpur Rural,VIJAY BAHADUR YADAV,M,47,GEN,SP,79069,207,79276,394353,235963,33.8310665773336
323,Gorakhpur Rural,SANJAY KUMAR,M,53,GEN,NINSHAD,34869,32,34901,394353,235963,14.8940165323114
323,Gorakhpur Rural,RAJESH PANDEY,M,36,GEN,BSP,29985,112,30097,394353,235963,12.8439074975782
323,Gorakhpur Rural,None of the Above,,,,NOTA,1631,3,1634,394353,235963,0.697310192080366
323,Gorakhpur Rural,ADIL AKHTAR,M,64,GEN,CPI,1539,0,1539,394353,235963,0.656768901843135
323,Gorakhpur Rural,KAUSHILYA DEVI,F,65,GEN,ADUP,1006,0,1006,394353,235963,0.429310926091094
323,Gorakhpur Rural,MALTI DEVI,F,49,GEN,IND,936,0,936,394353,235963,0.399438396442608
323,Gorakhpur Rural,BINAY KUMAR PANDEY,M,45,GEN,SABHP,797,0,797,394353,235963,0.340120087569187
323,Gorakhpur Rural,SANTOSH KUMAR GUPTA,M,37,GEN,IND,652,0,652,394353,235963,0.278241276154467
323,Gorakhpur Rural,VAKIL KUMAR NISHAD,M,42,GEN,BMUP,540,0,540,394353,235963,0.230445228716889
323,Gorakhpur Rural,ISHRAWATI,F,57,GEN,NCP,465,0,465,394353,235963,0.198438946950655
323,Gorakhpur Rural,GULAB CHANDRA YADAV,M,38,GEN,RLD,433,1,434,394353,235963,0.185209683820611
324,Sahajanwa,SHEETAL PANDEY,M,63,GEN,BJP,72041,172,72213,356165,209383,34.7746316093615
324,Sahajanwa,YASPAL SINGH RAWAT,M,40,GEN,SP,56615,221,56836,356165,209383,27.3697389964365
324,Sahajanwa,DEVNARAYAN SINGH URF G.M. SINGH,M,44,GEN,BSP,53943,200,54143,356165,209383,26.0729076374843
324,Sahajanwa,SHIVAJI SINGH,M,52,GEN,NINSHAD,15769,11,15780,356165,209383,7.59895983819705
324,Sahajanwa,ASHA NISHAD,F,39,SC,SSD,2023,1,2024,356165,209383,0.974670133872677
324,Sahajanwa,None of the Above,,,,NOTA,1722,1,1723,356165,209383,0.829721660406434
324,Sahajanwa,INDRESH SINGH YADAV,M,48,GEN,IND,1648,0,1648,356165,209383,0.793604931137436
324,Sahajanwa,PRINCE KUMAR SINGH,M,27,GEN,IND,1261,0,1261,356165,209383,0.60724260810941
324,Sahajanwa,AMIT RAM TRIPATHI,M,37,GEN,NCP,1162,0,1162,356165,209383,0.559568525474333
324,Sahajanwa,ARVIND KUMAR RAI ( ADVOCATE),M,48,GEN,IND,1049,0,1049,356165,209383,0.50515265337571
324,Sahajanwa,RAMESH CHANDRA,M,46,GEN,VP,600,0,600,356165,209383,0.288933834151979
324,Sahajanwa,RAJESH KUMAR,M,36,SC,BMUP,553,0,553,356165,209383,0.266300683810074
324,Sahajanwa,KESRI,M,27,GEN,BASAPA,391,0,391,356165,209383,0.18828854858904
325,Khajani ,SANT PRASAD,M,63,SC,BJP,71399,93,71492,364495,187798,38.4959588181764
325,Khajani ,RAJKUMAR,M,36,SC,BSP,51271,142,51413,364495,187798,27.6841147361789
325,Khajani ,RUPAWATI BELDAR,F,35,SC,SP,41973,112,42085,364495,187798,22.6613107321512
325,Khajani ,VIDYA SAGAR,M,47,SC,NINSHAD,11272,17,11289,364495,187798,6.07873439123809
325,Khajani ,COMMANDO KAMAL KISHOR,M,65,SC,INC,4649,4,4653,364495,187798,2.50547888408458
325,Khajani ,None of the Above,,,,NOTA,2084,1,2085,364495,187798,1.12270008023132
325,Khajani ,SHYAM CHARAN,M,50,SC,IND,1175,0,1175,364495,187798,0.632696687900147
325,Khajani ,RAJESH,M,40,SC,ASP,1112,0,1112,364495,187798,0.598773376123373
325,Khajani ,VIRENDRA KUMAR,M,31,SC,BMUP,932,3,935,364495,187798,0.503465023988628
325,Khajani ,RAM CHANDRA,M,53,SC,JANADIP,781,0,781,364495,187798,0.420541372978736
325,Khajani ,KALI CHARAN BELDAR,M,40,SC,IND,778,0,778,364495,187798,0.418925977179842
326,Chauri-Chaura,SANGEETA YADAV,F,35,GEN,BJP,87810,53,87863,339854,193724,45.625577700001
326,Chauri-Chaura,MANUROJAN YADAV,M,39,GEN,SP,42090,113,42203,339854,193724,21.915211814679
326,Chauri-Chaura,JAI PRAKASH,M,44,GEN,BSP,37393,85,37478,339854,193724,19.4616095630771
326,Chauri-Chaura,ISHVAR CHAND,M,53,GEN,NINSHAD,13035,13,13048,339854,193724,6.77557718072014
326,Chauri-Chaura,DUDHNATH KEWAT,M,35,GEN,NCP,2045,0,2045,339854,193724,1.06192944011133
326,Chauri-Chaura,AMAR SINGH PASWAN,M,33,SC,BMUP,1340,0,1340,339854,193724,0.695836405745324
326,Chauri-Chaura,RAKESH,M,51,GEN,IND,1268,0,1268,339854,193724,0.658448180959008
326,Chauri-Chaura,None of the Above,,,,NOTA,1150,0,1150,339854,193724,0.597173034781435
326,Chauri-Chaura,FAKHRUDDIN ALI,M,36,GEN,IND,882,0,882,339854,193724,0.45800575363237
326,Chauri-Chaura,ADYA,M,65,GEN,RLD,846,0,846,339854,193724,0.439311641239212
326,Chauri-Chaura,BHOLA PRASAD,M,46,GEN,GGP,831,0,831,339854,193724,0.431522427742063
326,Chauri-Chaura,SURESH,M,48,GEN,IND,757,0,757,339854,193724,0.393095641156127
326,Chauri-Chaura,SARVADANAND,M,26,GEN,MNVP,627,0,627,339854,193724,0.325589124180834
326,Chauri-Chaura,DAYA  SHANKAR NISHAD,M,46,GEN,RMGP,610,1,611,339854,193724,0.317280629783875
326,Chauri-Chaura,VIRENDRA TIWARI,M,61,GEN,SHS,555,1,556,339854,193724,0.288720180294328
326,Chauri-Chaura,VIRENDRA VIKRAM SINGH,M,40,GEN,IND,539,0,539,339854,193724,0.279892404997559
326,Chauri-Chaura,AMIT DUBEY URF CHANDAN,M,32,GEN,IND,449,0,449,339854,193724,0.233157124014664
326,Chauri-Chaura,RAMKISHUN,M,46,GEN,LD,390,0,390,339854,193724,0.202519550925878
326,Chauri-Chaura,RAJAN YADAV URF ARTHI BABA,M,39,GEN,IND,383,0,383,339854,193724,0.198884584627208
326,Chauri-Chaura,BAIJNATH VERMA,M,34,GEN,BASAP,259,0,259,339854,193724,0.134493753050775
326,Chauri-Chaura,SURBJIT,M,44,GEN,IND,199,0,199,339854,193724,0.103336899062179
327,Bansgaon,VIMLESH PASWAN,M,36,SC,BJP,71848,118,71966,370785,178818,40.7335503042309
327,Bansgaon,DHARMENDRA KUMAR,M,39,SC,BSP,48968,125,49093,370785,178818,27.7871798500071
327,Bansgaon,SHARADA DEVI,F,62,SC,SP,43909,142,44051,370785,178818,24.9333522003679
327,Bansgaon,NANDLAL,M,48,SC,NINSHAD,7880,12,7892,370785,178818,4.46695910570256
327,Bansgaon,None of the Above,,,,NOTA,2130,13,2143,370785,178818,1.21296165275223
327,Bansgaon,RAMDHARI,M,42,SC,IND,1496,0,1496,370785,178818,0.846752511673978
327,Bansgaon,PUSHPA DEVI,F,43,SC,BMUP,798,0,798,370785,178818,0.45167680769775
327,Bansgaon,RAM SINGH,M,49,SC,JANADIP,742,0,742,370785,178818,0.419980189613697
327,Bansgaon,SAVITRI,F,36,SC,HAPA,637,0,637,370785,178818,0.360549030706099
328,Chillupar,VINAY SHANKAR TIWARI,M,49,GEN,BSP,77985,192,78177,431450,220317,35.8931154013912
328,Chillupar,RAJESH TRIPATHI,M,52,GEN,BJP,74704,114,74818,431450,220317,34.3509102178554
328,Chillupar,RAM BHUAL NISHAD,M,57,GEN,SP,55299,123,55422,431450,220317,25.4456968389155
328,Chillupar,YOGESH MANI TIWARI,M,28,GEN,NINSHAD,3240,1,3241,431450,220317,1.48802828217901
328,Chillupar,None of the Above,,,,NOTA,2508,4,2512,431450,220317,1.15332522210234
328,Chillupar,POONAM GUPTA,F,34,GEN,IND,1418,0,1418,431450,220317,0.651041068845986
328,Chillupar,GANESH SHANKAR SINGH SAINTHWAR,M,41,GEN,BMUP,1276,0,1276,431450,220317,0.585845136704851
328,Chillupar,RADHESHYAM,M,44,GEN,JANADIP,1228,0,1228,431450,220317,0.563807075136016
328,Chillupar,SONIYA SHUKLA,F,37,GEN,IND,1122,0,1122,431450,220317,0.515139689171507
328,Chillupar,SINDH VIJAY YADAV,M,40,GEN,IND,1103,0,1103,431450,220317,0.50641628980051
329,Khadda,JATASHANKER TRIPATHI,M,48,GEN,BJP,82425,112,82537,311729,195328,42.7236681367373
329,Khadda,VIJAY PRATAP KUSHWAHA,M,38,GEN,BSP,43908,132,44040,311729,195328,22.7964469842847
329,Khadda,VIJENDRA PAL YADAV,M,34,GEN,SP,34803,179,34982,311729,195328,18.1077499637659
329,Khadda,NISAR AHMAD,M,52,GEN,AIMIM,8900,3,8903,311729,195328,4.60846429384848
329,Khadda,KISHOR KUMAR,M,56,GEN,PECP,7121,5,7126,311729,195328,3.68863490485952
329,Khadda,AJAY GOVIND RAO,M,44,GEN,SHS,4715,6,4721,311729,195328,2.4437335652318
329,Khadda,None of the Above,,,,NOTA,2140,0,2140,311729,195328,1.10772925854608
329,Khadda,RAJKUMAR TULSYAN,M,45,GEN,IND,2115,5,2120,311729,195328,1.09737664865313
329,Khadda,DHANANJAY,M,42,GEN,RLD,1932,2,1934,311729,195328,1.00109737664865
329,Khadda,VIJAI YADAV,M,45,GEN,IND,1548,1,1549,311729,195328,0.801809636209288
329,Khadda,HASINA,F,31,GEN,IND,1412,0,1412,311729,195328,0.730894258442553
329,Khadda,VIJAY KUSHWAHA,M,28,GEN,IND,1371,0,1371,311729,195328,0.709671408161998
329,Khadda,CHHOTELAL,M,60,GEN,IND,821,0,821,311729,195328,0.424974636105762
329,Khadda,LACHHAN PRASAD PRAJAPATI,M,50,GEN,JHJBP,590,0,590,311729,195328,0.305401991842143
329,Khadda,RAJANISH KUSHWAHA,M,31,GEN,IND,573,0,573,311729,195328,0.296602273433133
329,Khadda,RAMDHANI,M,39,GEN,JANADIP,509,0,509,311729,195328,0.26347392177568
330,Padrauna,SWAMI PRASAD MAURYA,M,62,GEN,BJP,93269,380,93649,348913,210742,44.7901321956726
330,Padrauna,JAVED IQBAL,M,46,GEN,BSP,52822,275,53097,348913,210742,25.3950565323028
330,Padrauna,SHIVKUMARI DEVI,F,60,GEN,INC,40804,358,41162,348913,210742,19.6868244341987
330,Padrauna,RAJENDRA ALIAS MUNNA YADAV,M,47,GEN,PECP,8307,22,8329,348913,210742,3.98356641349888
330,Padrauna,RAJESH PRASAD SAINI,M,55,GEN,IND,2195,1,2196,348913,210742,1.05029557498422
330,Padrauna,AJAY KUMAR ALIYAS PAPPU PANDEY,M,36,GEN,IND,1672,5,1677,348913,210742,0.802069981442865
330,Padrauna,None of the Above,,,,NOTA,1657,1,1658,348913,210742,0.792982724646554
330,Padrauna,RAMPRATAP,M,38,GEN,IND,1594,0,1594,348913,210742,0.762373017543188
330,Padrauna,DR. PARSHURAM MISHRA,M,69,GEN,IND,1580,8,1588,348913,210742,0.759503357502248
330,Padrauna,RAMESH,M,31,GEN,BMUP,1469,2,1471,348913,210742,0.703544986703909
330,Padrauna,KANHAIYA PANDEY,M,62,GEN,RLD,1224,0,1224,348913,210742,0.585410648351859
330,Padrauna,VIJAY KUMAR CHAURASIYA,M,54,GEN,IND,954,0,954,348913,210742,0.456275946509537
330,Padrauna,KANHAIYA SHARMA,M,37,GEN,IND,938,1,939,348913,210742,0.449101796407186
330,Padrauna,RAJU  SINGH PATEL,M,43,GEN,IND,752,0,752,348913,210742,0.359664058464541
330,Padrauna,ARVIND,M,53,GEN,IND,452,0,452,348913,210742,0.216181056417516
331,Tamkuhi Raj,AJAY KUMAR LALLU,M,38,GEN,INC,60980,231,61211,378534,215288,28.8754286900365
331,Tamkuhi Raj,JAGADISH MISHRA  ALIAS  BALTI BABA,M,70,GEN,BJP,43052,45,43097,378534,215288,20.3304038531392
331,Tamkuhi Raj,BIJAY RAI,M,45,GEN,BSP,41552,133,41685,378534,215288,19.6643127043206
331,Tamkuhi Raj,DR.P.K.RAI,M,67,GEN,NINSHAD,29712,47,29759,378534,215288,14.0383898708859
331,Tamkuhi Raj,NANDKISHOR MISHRA,M,62,GEN,IND,23365,58,23423,378534,215288,11.0494709481421
331,Tamkuhi Raj,None of the Above,,,,NOTA,3304,1,3305,378534,215288,1.55908728530118
331,Tamkuhi Raj,SHRIKANT MISHRA,M,35,GEN,IND,3206,4,3210,378534,215288,1.51427237089767
331,Tamkuhi Raj,VISHNU PRABHAKAR,M,38,GEN,IND,2857,1,2858,378534,215288,1.34822131963412
331,Tamkuhi Raj,RANJAN RAI NIRALA,M,30,GEN,BASAPA,1891,0,1891,378534,215288,0.892052664600463
331,Tamkuhi Raj,MUNIR AHAMAD,M,65,GEN,NCP,1094,0,1094,378534,215288,0.51607911955204
331,Tamkuhi Raj,CHANDAN SINGH,M,28,GEN,IND,944,1,945,378534,215288,0.445790464329687
331,Tamkuhi Raj,VINOD KUMAR BHARTI,M,35,SC,BMUP,674,0,674,378534,215288,0.317950024294401
331,Tamkuhi Raj,SUBHASH,M,42,GEN,LD,661,0,661,378534,215288,0.311817457060236
331,Tamkuhi Raj,NURUL HODA,M,39,GEN,RAJAP,604,0,604,378534,215288,0.284928508418128
331,Tamkuhi Raj,SWAMINATH,M,58,GEN,RLD,492,0,492,378534,215288,0.232094083016091
331,Tamkuhi Raj,KESHAV PAL,M,32,GEN,POOPEP,379,0,379,378534,215288,0.178787921672964
332,Fazilnagar,GANGA,M,80,GEN,BJP,102505,273,102778,382962,214409,48.5722927437877
332,Fazilnagar,VISHWNATH,M,78,GEN,SP,60418,438,60856,382962,214409,28.7601962211363
332,Fazilnagar,JAGDISH SINGH,M,78,GEN,BSP,34055,195,34250,382962,214409,16.1863533681793
332,Fazilnagar,None of the Above,,,,NOTA,2809,2,2811,382962,214409,1.32846246183801
332,Fazilnagar,MOHAN,M,38,GEN,CPI,2577,4,2581,382962,214409,1.21976578228528
332,Fazilnagar,AZIMULLAH ALIAS GUDDU,M,46,GEN,PECP,2206,4,2210,382962,214409,1.04443331222412
332,Fazilnagar,SUNIL ALIAS MANOJ SINGH,M,33,GEN,IND,1963,3,1966,382962,214409,0.929120313046437
332,Fazilnagar,BIRJA,M,45,GEN,IND,1050,0,1050,382962,214409,0.49622397187119
332,Fazilnagar,RAJMANGAL YADAV,M,46,GEN,BMUP,1000,2,1002,382962,214409,0.473539447442792
332,Fazilnagar,SAHARUN NISA,F,32,GEN,IND,893,0,893,382962,214409,0.422026673219974
332,Fazilnagar,JAWAHAR LAL YADAV,M,53,GEN,RLD,816,1,817,382962,214409,0.386109509541678
332,Fazilnagar,RAJKUMAR,M,42,GEN,IND,808,0,808,382962,214409,0.381856161211354
332,Fazilnagar,SAROJ AHAMAD,M,48,GEN,NCP,735,0,735,382962,214409,0.347356780309833
332,Fazilnagar,NANDLAL GUPT VIDROHI,M,55,GEN,IND,582,2,584,382962,214409,0.275995047212166
332,Fazilnagar,ARCHANA PANDEY,F,46,GEN,IND,550,0,550,382962,214409,0.259926842408718
332,Fazilnagar,VINOD,M,40,GEN,BASAPA,518,0,518,382962,214409,0.24480382612312
333,Kushinagar,RAJNIKANT MANI TRIPATHI,M,58,GEN,BJP,96775,357,97132,354951,203549,48.2425338107986
333,Kushinagar,RAJESH PRATAP RAV ALIAS BANTI BHAIYA,M,43,GEN,BSP,48732,297,49029,354951,203549,24.3512250361327
333,Kushinagar,BRAHMASHANKAR TRIPATHI,M,64,GEN,SP,45983,386,46369,354951,203549,23.0300832915303
333,Kushinagar,None of the Above,,,,NOTA,2206,2,2208,354951,203549,1.09664698198579
333,Kushinagar,ZAKIR ALI,M,72,GEN,NCP,1763,1,1764,354951,203549,0.876125577999513
333,Kushinagar,SATVANT YADAV,M,32,GEN,PECP,1725,1,1726,354951,203549,0.857252124505193
333,Kushinagar,VIDAYA SAGAR SINGH,M,26,GEN,BSCP,1358,0,1358,354951,203549,0.674477627507562
333,Kushinagar,SUDHAKAR PANDEY,M,45,GEN,IND,1085,0,1085,354951,203549,0.538886764245732
333,Kushinagar,RADHIKA DEVI,F,45,SC,IND,1011,0,1011,354951,203549,0.502133196914687
333,Kushinagar,AMBRISH KUMAR SRIVASTAV,M,42,GEN,IND,964,0,964,354951,203549,0.478789714961185
333,Kushinagar,MANISH KUMAR GUPTA,M,27,GEN,JANADIP,903,0,903,354951,203549,0.448492855404513
334,Hata,PAWAN KUMAR,M,52,GEN,BJP,103712,152,103864,352915,208257,50.3402415618154
334,Hata,RADHESHYAM SINGH,M,53,GEN,SP,50559,229,50788,352915,208257,24.6156530505419
334,Hata,VIRENDRA,M,38,GEN,BSP,42465,186,42651,352915,208257,20.671855915938
334,Hata,AJAY RAV,M,39,GEN,NINSHAD,2364,2,2366,352915,208257,1.14674007871115
334,Hata,None of the Above,,,,NOTA,1933,0,1933,352915,208257,0.936875981466044
334,Hata,SHAILENDRA PRATAP SINGH ALIAS HIMALAY,M,35,GEN,IND,1432,0,1432,352915,208257,0.694054012136252
334,Hata,ANIL,M,51,SC,RLD,1328,0,1328,352915,208257,0.643647854830267
334,Hata,RANAPRATAP,M,36,GEN,BSCP,1179,1,1180,352915,208257,0.571916015587135
334,Hata,MAHENDRA,M,46,GEN,IND,827,0,827,352915,208257,0.400825885500475
334,Hata,VRIJEMOHAN,M,36,GEN,SHS,800,0,800,352915,208257,0.387739671584498
334,Hata,MAMATA SINGH,F,26,GEN,SATKP,464,1,465,352915,208257,0.22537368410849
334,Hata,ARTI,F,36,GEN,ADUP,340,0,340,352915,208257,0.164789360423412
334,Hata,JAMASED AALAM BEG,M,37,GEN,RAJAP,283,0,283,352915,208257,0.137162908823016
335,Ramkola,RAMANAND BAUDH,M,47,SC,SBSP,102658,124,102782,346086,197263,52.9479339992479
335,Ramkola,PURNMASI DEHATI,M,59,SC,SP,46850,203,47053,346086,197263,24.23925530216
335,Ramkola,VIJAY KUMAR,M,41,SC,BSP,28367,104,28471,346086,197263,14.6667765648906
335,Ramkola,BUDDHA UPASAK KASHYAP,M,32,SC,NINSHAD,6587,15,6602,346086,197263,3.40100659904492
335,Ramkola,None of the Above,,,,NOTA,3139,5,3144,346086,197263,1.61962507534038
335,Ramkola,MAHENDRA PRASAD,M,64,SC,IND,1861,7,1868,346086,197263,0.962296323389261
335,Ramkola,CHANDARIKA,M,55,SC,RLD,1527,1,1528,346086,197263,0.787146028982222
335,Ramkola,MADANLAL ALIAS BAGGHA BHAI,M,54,SC,UPRP,1466,0,1466,346086,197263,0.755206857649174
335,Ramkola,RAMMURAT PASWAN,M,70,SC,IND,1354,1,1355,346086,197263,0.698025438004523
335,Ramkola,SITARAM MORYA,M,53,SC,BMUP,1207,0,1207,346086,197263,0.621783545144988
335,Ramkola,MRITYUNJAI KUMAR,M,33,SC,IND,927,0,927,346086,197263,0.477542126221545
335,Ramkola,CHHEDI,M,46,SC,BASAP,860,0,860,346086,197263,0.443027215264863
336,Rudrapur,JAI PRAKASH NISHAD,M,59,GEN,BJP,77640,114,77754,293183,164353,48.0580003955696
336,Rudrapur,AKHILESH PRATAP SINGH,M,56,GEN,INC,50811,154,50965,293183,164353,31.5003214003165
336,Rudrapur,CHANDRIKA NISHAD,M,56,GEN,BSP,23016,65,23081,293183,164353,14.2658475079114
336,Rudrapur,KAUSHAL PANDEY,M,44,GEN,NINSHAD,2589,2,2591,293183,164353,1.60143888449367
336,Rudrapur,None of the Above,,,,NOTA,2560,1,2561,293183,164353,1.5828965585443
336,Rudrapur,VEER SEN SINGH YADAV,M,32,GEN,IND,1856,0,1856,293183,164353,1.14715189873418
336,Rudrapur,AWADH NARAYAN,M,61,GEN,MNVP,1431,0,1431,293183,164353,0.88446894778481
336,Rudrapur,SABBIR AHAMAD,M,46,GEN,IND,1327,1,1328,293183,164353,0.820806962025316
336,Rudrapur,PRABHA SHANKAR TRIPATHI,M,39,GEN,IND,732,0,732,293183,164353,0.452432753164557
336,Rudrapur,RAMPRAVESH ALIAS PAHALWAN SADHU YADAV,M,27,GEN,ADVP,707,2,709,293183,164353,0.438216969936709
336,Rudrapur,SHESHNATH,M,29,GEN,JANADIP,459,0,459,293183,164353,0.283697587025316
336,Rudrapur,RAMBRICHH RAO,M,67,SC,BASAP,453,0,453,293183,164353,0.279989121835443
336,Rudrapur,KUMARI KUNJAWATI,F,44,SC,BSNPTY,433,0,433,293183,164353,0.267627571202532
337,Deoria,JANMEJAI SINGH,M,72,GEN,BJP,87734,296,88030,324208,183289,48.4082947940324
337,Deoria,J.P. JAISWAL,M,54,GEN,SP,41661,133,41794,324208,183289,22.9828044146517
337,Deoria,ABHAY NATH TRIPATHI,M,48,GEN,BSP,28991,227,29218,324208,183289,16.067176613564
337,Deoria,VIJAY PRATAP YADAV,M,40,GEN,PECP,12631,65,12696,324208,183289,6.98161661598359
337,Deoria,RAKESH KUMAR PATHAK,M,41,GEN,CPI,1791,0,1791,324208,183289,0.984883062320937
337,Deoria,BAKRIDAN,M,43,GEN,IND,1737,0,1737,324208,183289,0.955188095617793
337,Deoria,NITYANAND PANDEY,M,57,GEN,IND,1443,5,1448,324208,183289,0.796265033076893
337,Deoria,None of the Above,,,,NOTA,1439,1,1440,324208,183289,0.791865778750502
337,Deoria,MANNU TIWARI,F,37,GEN,IND,952,0,952,324208,183289,0.52351126484061
337,Deoria,KRISHNA,F,53,GEN,RLD,819,1,820,324208,183289,0.450923568455147
337,Deoria,RAJU CHAUHAN,M,35,GEN,MOP,657,0,657,324208,183289,0.361288761554916
337,Deoria,NARENDRA MANI TRIPATHI,M,74,GEN,LD,610,0,610,324208,183289,0.335443142387365
337,Deoria,VIJAY JUAATHA,M,49,GEN,IND,599,0,599,324208,183289,0.329394167688577
337,Deoria,PUSHPENDRA VERMA,M,38,GEN,JANADIP,557,0,557,324208,183289,0.30629808247502
337,Deoria,SANJAY KUMAR VISWAKARMA,M,43,GEN,MAHAD,523,0,523,324208,183289,0.287601251587856
337,Deoria,UDAI BHAN NISHAD,M,43,GEN,BASAP,417,0,417,324208,183289,0.229311131763166
338,Pathardeva,SURYA PRATAP SHAHI,M,64,GEN,BJP,99588,224,99812,317739,191614,52.487326728508
338,Pathardeva,SHAKIR ALI,M,63,GEN,SP,56577,238,56815,317739,191614,29.8768431459162
338,Pathardeva,NEERAJ,M,39,GEN,BSP,22697,93,22790,317739,191614,11.984392419175
338,Pathardeva,HARUN ALI,M,32,GEN,PECP,4137,2,4139,317739,191614,2.17654235291643
338,Pathardeva,ZAINUL ABEDIN,M,35,GEN,AIMIM,1818,2,1820,317739,191614,0.957068635493574
338,Pathardeva,None of the Above,,,,NOTA,1449,1,1450,317739,191614,0.762499737069056
338,Pathardeva,GUDDU,M,35,SC,IND,1051,2,1053,317739,191614,0.553732567678425
338,Pathardeva,RANJIT,M,41,GEN,RLD,1002,0,1002,317739,191614,0.5269136114091
338,Pathardeva,RAMBADAN SINGH,M,35,GEN,IND,567,0,567,317739,191614,0.298163690288383
338,Pathardeva,PRADEEP,M,40,SC,BSCP,455,0,455,317739,191614,0.239267158873394
338,Pathardeva,DURGA SINGH PATEL,M,66,GEN,ADUP,442,0,442,317739,191614,0.232430954334154
338,Pathardeva,SANJAY SRIVASTAVA,M,45,GEN,BASAP,398,0,398,317739,191614,0.209293031278265
338,Pathardeva,RAMA ISHVAR KURMI,M,46,GEN,BJDI,365,0,365,317739,191614,0.191939588986349
338,Pathardeva,SURAJAN,M,44,SC,BMUP,270,2,272,317739,191614,0.143034433436402
338,Pathardeva,SHANKER LAL,M,77,GEN,BJS,234,0,234,317739,191614,0.123051681706317
339,Rampur Karkhana,KAMLESH SHUKLA,M,64,GEN,BJP,62732,154,62886,328341,192377,33.0379048569702
339,Rampur Karkhana,FASIHA MANZER GHAZALA LARI,F,46,GEN,SP,52680,219,52899,328341,192377,27.7911161312354
339,Rampur Karkhana,GIRIJESH ALIAS GUDDU SHAHI,M,45,GEN,IND,41711,103,41814,328341,192377,21.9674801019202
339,Rampur Karkhana,RAJEEV KUMAR SINGH,M,41,GEN,BSP,22508,102,22610,328341,192377,11.8784312695369
339,Rampur Karkhana,ANAND PRAKASH,M,42,GEN,CPI,2453,1,2454,328341,192377,1.28923796264677
339,Rampur Karkhana,None of the Above,,,,NOTA,2032,0,2032,328341,192377,1.06753526491371
339,Rampur Karkhana,GIRIJESH YADAV,M,39,GEN,IND,1716,2,1718,328341,192377,0.902571646221335
339,Rampur Karkhana,SHIVAJI,M,54,GEN,RLD,1410,1,1411,328341,192377,0.741285560429746
339,Rampur Karkhana,DAROGA YADAV,M,40,GEN,IND,1222,2,1224,328341,192377,0.643042895794478
339,Rampur Karkhana,SHAMBHU SHARAN KUSHWAHA,M,32,GEN,JANADIP,817,7,824,328341,192377,0.43289815860674
339,Rampur Karkhana,SAROJ PANDEY,F,66,GEN,RPI(A),816,0,816,328341,192377,0.428695263862986
339,Rampur Karkhana,ANAND PRAKASH SHAHI,M,32,GEN,SARSAMP,746,0,746,328341,192377,0.391919934855131
339,Rampur Karkhana,SANJAY KUSHWAHA,M,46,GEN,NCP,532,0,532,328341,192377,0.279492500459692
339,Rampur Karkhana,NATTHU YADAV,M,40,GEN,BMUP,411,0,411,328341,192377,0.215923717460401
340,Bhatpar Rani,ASHUTOSH,M,35,GEN,SP,61653,209,61862,315706,181465,34.4777234068641
340,Bhatpar Rani,JAYNATH KUSHWAHA URF GUDDAN,M,50,GEN,BJP,50706,59,50765,315706,181465,28.2930010143457
340,Bhatpar Rani,SABHAKUNWAR,M,62,GEN,BSP,43966,195,44161,315706,181465,24.6123750181133
340,Bhatpar Rani,ASHWANI KUMAR SINGH,M,28,GEN,IND,13472,25,13497,315706,181465,7.52232117976213
340,Bhatpar Rani,None of the Above,,,,NOTA,2039,0,2039,315706,181465,1.13640163632918
340,Bhatpar Rani,RAM PRAVESH YADAV,M,46,GEN,IND,1421,0,1421,315706,181465,0.791969948613913
340,Bhatpar Rani,BASADEV,M,61,GEN,RLD,1221,2,1223,315706,181465,0.681618048666302
340,Bhatpar Rani,SANTOSH KUMAR,M,37,GEN,IND,1120,2,1122,315706,181465,0.625327433036461
340,Bhatpar Rani,DAYANAND,M,61,GEN,ADUP,1023,0,1023,315706,181465,0.570151483062655
340,Bhatpar Rani,JITENDRA,M,40,GEN,IND,948,1,949,315706,181465,0.528908853789306
340,Bhatpar Rani,MAHESH,M,33,GEN,IND,917,0,917,315706,181465,0.511074203292722
340,Bhatpar Rani,SADHUSARAN,M,56,GEN,CPM,859,1,860,315706,181465,0.479306232095683
340,Bhatpar Rani,AMARNATH,M,43,ST,CPI(ML)(L),579,1,580,315706,181465,0.323253040250577
340,Bhatpar Rani,VINDYACHAL,M,52,GEN,RPI,561,0,561,315706,181465,0.31266371651823
340,Bhatpar Rani,BHARTENDU URF MARTAND,M,66,GEN,NAP,485,0,485,315706,181465,0.270306421588844
341,Salempur,KALI PRASAD,M,51,SC,BJP,75958,217,76175,309089,162421,47.4699320745311
341,Salempur,VIJAY LAXMI GAUTAM,F,54,SC,SP,50313,208,50521,309089,162421,31.4831432666542
341,Salempur,RANVIJAY,M,37,SC,BSP,28045,107,28152,309089,162421,17.543466068424
341,Salempur,SATISH KUMAR,M,55,SC,CPM,2279,1,2280,309089,162421,1.42082632267714
341,Salempur,None of the Above,,,,NOTA,1949,2,1951,309089,162421,1.21580357699258
341,Salempur,RAMKRIPAL,M,46,SC,IND,1055,0,1055,309089,162421,0.657443758958061
341,Salempur,MUNNILAL PASWAN,M,61,SC,PECP,811,1,812,309089,162421,0.506013585093787
341,Salempur,RAMESH CHANDA SAHANI,M,62,SC,JANADIP,661,0,661,309089,162421,0.411914999688415
341,Salempur,ARUN KUMAR,M,36,SC,CPI(ML)(L),441,0,441,309089,162421,0.274817722938867
341,Salempur,CHANDESHWAR,M,43,SC,BMUP,373,0,373,309089,162421,0.232442201034461
342,Barhaj,SURESH TIWARI,M,76,GEN,BJP,61836,160,61996,292657,168628,37.0589993424592
342,Barhaj,MURLI MANOHAR JAISWAL,M,27,GEN,BSP,50091,189,50280,292657,168628,30.0555920855999
342,Barhaj,PURNENDU TIWARI URF P.D.TIWARI,M,31,GEN,SP,27624,137,27761,292657,168628,16.5945364337378
342,Barhaj,GIRENDRA PRATAP YADAV,M,38,GEN,IND,18445,44,18489,292657,168628,11.0520652758683
342,Barhaj,JAI PRAKASH KUSHWAHA,M,35,GEN,CPI,2103,3,2106,292657,168628,1.25889174487417
342,Barhaj,None of the Above,,,,NOTA,1338,0,1338,292657,168628,0.799808715404388
342,Barhaj,DR. CHATURANAN OJHA,M,45,GEN,IND,1277,0,1277,292657,168628,0.763345089365772
342,Barhaj,SURESH SINGH YADAV,M,46,GEN,RLD,1002,0,1002,292657,168628,0.598959890011358
342,Barhaj,JAI PRAKASH URF SWAMIJI,M,49,GEN,BSCP,821,0,821,292657,168628,0.490764540618088
342,Barhaj,BIJAI SHANKAR SINGH KAUSHIK,M,58,GEN,HJ,791,2,793,292657,168628,0.474027138502003
342,Barhaj,HAREKRISHAN SINGH VISHEN,M,40,GEN,SASAP,786,1,787,292657,168628,0.47044055233427
342,Barhaj,CHHOTELAL TIWARI,M,26,GEN,SARSAMP,787,0,787,292657,168628,0.47044055233427
342,Barhaj,KLECTOR SHARMA,M,51,GEN,CPI(ML)(L),459,0,459,292657,168628,0.27437384183155
342,Barhaj,RAJESH KUMAR YADAV,M,30,GEN,MAHAD,371,0,371,292657,168628,0.221770578038137
342,Barhaj,RAIN MISHRA URF DIMPU,M,31,GEN,MNVP,360,1,361,292657,168628,0.21579293442525
343,Atrauliya,DR.SANGRAM YADAV,M,46,GEN,SP,74031,245,74276,359276,211210,35.4996893370932
343,Atrauliya,KANHAIYA LAL NISHAD,M,49,GEN,BJP,71703,106,71809,359276,211210,34.3206041198681
343,Atrauliya,AKHAND PRATAP SINGH,M,41,GEN,BSP,56342,194,56536,359276,211210,27.0209816947856
343,Atrauliya,TRILOKI NATH,M,60,SC,CPI,2729,1,2730,359276,211210,1.30478420876547
343,Atrauliya,None of the Above,,,,NOTA,1980,0,1980,359276,211210,0.946327008555178
343,Atrauliya,HARISHCHAND,M,36,GEN,RLD,952,1,953,359276,211210,0.455479615733881
343,Atrauliya,VIDESHI,M,77,SC,IND,812,1,813,359276,211210,0.38856760502796
343,Atrauliya,LAUTAN,M,52,GEN,BSRD,446,2,448,359276,211210,0.214118434258949
343,Atrauliya,LAXMI PRASAD,M,51,GEN,IND,403,1,404,359276,211210,0.193088945179946
343,Atrauliya,ANANT PRASAD,M,43,SC,BMUP,377,0,377,359276,211210,0.180184485972375
343,Atrauliya,SHRAVAN,M,38,GEN,RMGP,369,0,369,359276,211210,0.176360942503465
343,Atrauliya,RAMKRIPAL,M,31,GEN,FDDP,317,0,317,359276,211210,0.151507909955551
343,Atrauliya,YADUNATH,M,39,GEN,ASSP,198,0,198,359276,211210,0.0946327008555179
344,Gopalpur,NAFEES AHMAD,M,39,GEN,SP,70976,4,70980,335970,189300,37.7997539660984
344,Gopalpur,SHRIKRISHNA PAL,M,53,GEN,BJP,56018,2,56020,335970,189300,29.8329419157627
344,Gopalpur,KAMLA PRASAD YADAV,M,55,GEN,BSP,54270,1,54271,335970,189300,28.9015278598778
344,Gopalpur,IMTEYAZ BEG,M,60,GEN,CPI,2351,0,2351,335970,189300,1.25200368518311
344,Gopalpur,None of the Above,,,,NOTA,1521,0,1521,335970,189300,0.809994727844967
344,Gopalpur,CHANDRMOHAN,M,37,GEN,RLD,1117,0,1117,335970,189300,0.594848199212905
344,Gopalpur,ANIRUDDHA RAM PASI,M,54,GEN,ASSP,742,0,742,335970,189300,0.395145357042055
344,Gopalpur,MUNNA LAL,M,36,GEN,IND,592,0,592,335970,189300,0.315264220173715
344,Gopalpur,RAJARAM YADAV,M,41,GEN,BMUP,529,0,529,335970,189300,0.281714142689012
344,Gopalpur,HAUSHILA,F,32,GEN,PMHP,442,0,442,335970,189300,0.235383083305375
344,Gopalpur,VEENA,F,56,SC,BBPP,385,0,385,335970,189300,0.205028251295406
344,Gopalpur,HARIHAR PRASAD PANDEY,M,57,GEN,FDDP,350,0,350,335970,189300,0.18638931935946
345,Sagri,BANDANA SINGH,F,35,GEN,BSP,61980,223,62203,327363,179125,34.9139261679043
345,Sagri,JAIRAM PATEL,M,61,GEN,SP,56434,294,56728,327363,179125,31.8408630396102
345,Sagri,DEVENDRA KUMAR SINGH,M,57,GEN,BJP,40716,70,40786,327363,179125,22.8927767581008
345,Sagri,GOPAL NISHAD,M,55,GEN,IND,5876,0,5876,327363,179125,3.29814044600109
345,Sagri,RITU KHARE,F,39,GEN,NINSHAD,2427,0,2427,327363,179125,1.3622509976931
345,Sagri,VIJAY KUMAR GOND,M,31,GEN,IND,1715,1,1716,327363,179125,0.96317375856669
345,Sagri,SANJAY RAI,M,41,GEN,RSJNP,1515,0,1515,327363,179125,0.850354454678633
345,Sagri,ANURAG YADAV,M,35,GEN,NCP,1472,2,1474,327363,179125,0.827341561845746
345,Sagri,SHREEKANT SINGH,M,65,GEN,CPI,1268,1,1269,327363,179125,0.712277097681311
345,Sagri,DAYA SHANKAR BHATT,M,60,GEN,RLD,981,1,982,327363,179125,0.551186847851101
345,Sagri,None of the Above,,,,NOTA,963,1,964,327363,179125,0.541083626607394
345,Sagri,RANAJEET SINGH ALIAS KAVIJI,M,47,GEN,AD,577,4,581,327363,179125,0.326109530144083
345,Sagri,DHANESH YADAV,M,38,GEN,LD,544,0,544,327363,179125,0.305341797587575
345,Sagri,AJAY KUMAR GAUTAM,M,40,GEN,IND,539,0,539,327363,179125,0.302535347242101
345,Sagri,AWADHESH GAUTAM,M,32,GEN,PMHP,539,0,539,327363,179125,0.302535347242101
345,Sagri,RAJESH KUMAR YADAV,M,57,GEN,BMUP,524,3,527,327363,179125,0.295799866412964
345,Sagri,RADHEY SHYAM YADAV,M,53,GEN,HAPA,455,0,455,327363,179125,0.255386981438137
346,Mubarakpur,SHAH ALAM URF GUDDU JAMALI,M,43,GEN,BSP,70518,187,70705,317233,192991,36.9481038654285
346,Mubarakpur,AKHILESH YADAV,M,54,GEN,SP,69785,232,70017,317233,192991,36.5885777292371
346,Mubarakpur,LUXMAN MOURYA,M,39,GEN,BJP,44412,77,44489,317233,192991,23.2484858619482
346,Mubarakpur,AVINASH YADAV,M,26,GEN,PECP,1697,0,1697,317233,192991,0.886796298134958
346,Mubarakpur,None of the Above,,,,NOTA,1628,0,1628,317233,192991,0.850739171104132
346,Mubarakpur,RAMHARSH,M,52,GEN,CPI,1061,0,1061,317233,192991,0.554443648981256
346,Mubarakpur,RAMESH RAJBHAR,M,50,GEN,IND,957,0,957,317233,192991,0.500096674905807
346,Mubarakpur,TEJBAHADUR SINGH,M,63,GEN,RLD,687,0,687,317233,192991,0.359003569133009
346,Mubarakpur,NIRMAL YADAV,M,49,GEN,BMUP,516,0,516,317233,192991,0.26964460214357
346,Mubarakpur,HARIVANS MISHRA,M,39,GEN,SHS,433,0,433,317233,192991,0.226271536294895
346,Mubarakpur,AFTAB QAMAR ANSARI,M,42,GEN,IPH,410,0,410,317233,192991,0.214252493951286
346,Mubarakpur,TRILOKI,M,65,GEN,IND,391,0,391,317233,192991,0.204323719841349
347,Azamgarh,DURGA PRASAD,M,64,GEN,SP,87666,421,88087,375021,213948,41.5869583691352
347,Azamgarh,AKHILESH,M,40,GEN,BJP,61643,182,61825,375021,213948,29.1883444909213
347,Azamgarh,BHUPENDRA,M,44,GEN,BSP,57937,248,58185,375021,213948,27.469855628051
347,Azamgarh,None of the Above,,,,NOTA,2133,1,2134,375021,213948,1.00748770147393
347,Azamgarh,PATIRAM,M,62,GEN,RLD,1345,0,1345,375021,213948,0.634991077077058
347,Azamgarh,PRIYANKA CHAUHAN,F,26,GEN,BMUP,1059,2,1061,375021,213948,0.500911176787181
347,Azamgarh,MANJAY,M,33,GEN,JANADIP,792,0,792,375021,213948,0.37391296137177
347,Azamgarh,BHOLA,M,57,GEN,RASJM,517,2,519,375021,213948,0.245026296656501
348,Nizamabad,ALAMBADI,M,78,GEN,SP,67055,219,67274,303975,167475,40.4699456181722
348,Nizamabad,CHANDRA DEV RAM,M,64,GEN,BSP,48604,141,48745,303975,167475,29.3234756244285
348,Nizamabad,VINOD KUMAR RAI,M,54,GEN,BJP,43690,96,43786,303975,167475,26.3402954906396
348,Nizamabad,JITENDRA,M,43,GEN,CPI,1364,2,1366,303975,167475,0.821743106020501
348,Nizamabad,None of the Above,,,,NOTA,1242,1,1243,303975,167475,0.747750132345156
348,Nizamabad,HARIDAS,M,52,GEN,IND,861,0,861,303975,167475,0.517950815727417
348,Nizamabad,RAJNET YADAV,M,41,GEN,IND,655,1,656,303975,167475,0.394629192935175
348,Nizamabad,JAI JAI RAM,M,44,GEN,PMHP,651,0,651,303975,167475,0.391621348476828
348,Nizamabad,RAJKUMAR,M,48,GEN,IND,651,0,651,303975,167475,0.391621348476828
348,Nizamabad,YATINJAY RAJ,M,27,GEN,NCP,537,1,538,303975,167475,0.323644063718177
348,Nizamabad,BABLU,M,40,GEN,IND,443,0,443,303975,167475,0.266495019009577
348,Nizamabad,RAM NAYAN CHAUHAN,M,49,GEN,BMUP,404,2,406,303975,167475,0.244236970017806
348,Nizamabad,JAI RAM SONKAR,M,49,GEN,IND,257,0,257,303975,167475,0.154603205159055
348,Nizamabad,RAMKESH,M,34,GEN,MAHAD,241,0,241,303975,167475,0.144978102892343
348,Nizamabad,DINESH,M,37,SC,ASSP,182,0,182,303975,167475,0.109485538283844
348,Nizamabad,NALINIKANT,M,54,GEN,RSJNP,175,0,175,303975,167475,0.105274556042158
349,Phoolpur Pawai,ARUN KUMAR YADAV,M,32,GEN,BJP,68320,115,68435,304955,178455,38.6975108286306
349,Phoolpur Pawai,ABUL QAIS AZMI,M,34,GEN,BSP,60999,141,61140,304955,178455,34.5724528685975
349,Phoolpur Pawai,SHYAM BAHADUR SINGH YADAV,M,44,GEN,SP,37937,162,38099,304955,178455,21.5436029087455
349,Phoolpur Pawai,RAMSURAT,M,56,GEN,NINSHAD,4009,3,4012,304955,178455,2.26864051208396
349,Phoolpur Pawai,None of the Above,,,,NOTA,1607,2,1609,304955,178455,0.909831152528188
349,Phoolpur Pawai,RAMAGYA YADAV,M,54,GEN,CPI,1380,2,1382,304955,178455,0.781470884272192
349,Phoolpur Pawai,RAMSINGH YADAV,M,48,GEN,RLD,915,1,916,304955,178455,0.517964782918471
349,Phoolpur Pawai,NESAR AHAMAD,M,56,GEN,IND,692,0,692,304955,178455,0.391300905872906
349,Phoolpur Pawai,BHANUPRATAP YADAV,M,42,GEN,MAHAD,574,0,574,304955,178455,0.32457618492926
349,Phoolpur Pawai,ABUSHAD QURAISHI,M,50,GEN,IND,415,0,415,304955,178455,0.234667450776382
349,Phoolpur Pawai,GHANSHYAM,M,34,GEN,IND,389,0,389,304955,178455,0.219965393619307
349,Phoolpur Pawai,REETA MAURYA,F,26,GEN,ASSP,316,0,316,304955,178455,0.178686540832136
349,Phoolpur Pawai,MO. MAJKKIR,M,32,GEN,BMUP,251,0,251,304955,178455,0.14193139793945
349,Phoolpur Pawai,ACHCHELAL,M,49,GEN,IND,225,0,225,304955,178455,0.127229340782376
350,Didarganj,SUKHDEV RAJBHAR,M,74,GEN,BSP,61989,136,62125,341579,187419,33.4426105961263
350,Didarganj,ADIL SHAIKH,M,41,GEN,SP,58349,131,58480,341579,187419,31.4804646706071
350,Didarganj,KRISHNA MURARI,M,54,GEN,BJP,49924,55,49979,341579,187419,26.9042774242865
350,Didarganj,ARCHANA,F,36,GEN,IND,6806,22,6828,341579,187419,3.67559187364749
350,Didarganj,JASHWANT,M,54,GEN,MAHAD,2227,0,2227,341579,187419,1.19882002088649
350,Didarganj,RANVIJAY,M,54,GEN,NINSHAD,2103,2,2105,341579,187419,1.13314600088283
350,Didarganj,None of the Above,,,,NOTA,1645,8,1653,341579,187419,0.889829139885663
350,Didarganj,RAM SINGH,M,49,GEN,RLD,1064,0,1064,341579,187419,0.57276358429422
350,Didarganj,KRISHNA KANT YADAV,M,35,GEN,AIFB,727,1,728,341579,187419,0.391890873464466
350,Didarganj,SHIVBACHAN,M,58,GEN,IND,684,0,684,341579,187419,0.368205161331998
350,Didarganj,SUKHNAYAN,M,38,SC,JSEP,537,0,537,341579,187419,0.289073350343981
350,Didarganj,RIZVAN,M,32,GEN,BASAPA,366,1,367,341579,187419,0.197560371650356
350,Didarganj,NARENDRA,M,49,GEN,LD,364,0,364,341579,187419,0.195945436732233
350,Didarganj,JITENDRA KUMAR,M,36,SC,BMUP,278,0,278,341579,187419,0.149650635746046
351,Lalganj,AZAD ARI MARDAN,M,44,SC,BSP,72546,169,72715,383486,203646,36.0827300109665
351,Lalganj,DAROGA PRASAD SAROJ,M,68,SC,BJP,70352,136,70488,383486,203646,34.9776452315617
351,Lalganj,BECHAI SAROJ,M,46,SC,SP,54062,134,54196,383486,203646,26.8932082194092
351,Lalganj,None of the Above,,,,NOTA,2121,2,2123,383486,203646,1.05347776680577
351,Lalganj,UMA SHANKAR SONKAR,M,32,SC,MAHAD,1705,3,1708,383486,203646,0.847545937684532
351,Lalganj,RAM CHANDAR,M,55,SC,IND,864,0,864,383486,203646,0.428735181592176
351,Lalganj,SANDEEP,M,40,SC,MHD,573,0,573,383486,203646,0.284334790569811
351,Lalganj,SUNITA BHARTI,F,34,SC,BMUP,530,0,530,383486,203646,0.2629972757452
351,Lalganj,MANTRAJ,M,44,SC,NADEF,449,0,449,383486,203646,0.222803352470934
352,Mehnagar ,KALPNATH PASWAN,M,70,SC,SP,68823,214,69037,386952,202135,34.5802257028796
352,Mehnagar ,MANJOO SAROJ,F,35,SC,SBSP,63511,114,63625,386952,202135,31.8693868555371
352,Mehnagar ,VIDHYA CHAUDHARI,F,62,SC,BSP,60020,178,60198,386952,202135,30.1528227886778
352,Mehnagar ,None of the Above,,,,NOTA,2490,2,2492,386952,202135,1.24822808713554
352,Mehnagar ,KARMVEER AZAD,M,40,SC,UPRP,1141,0,1141,386952,202135,0.571520163491833
352,Mehnagar ,DULARE,M,45,SC,RLD,1076,0,1076,386952,202135,0.538962047254349
352,Mehnagar ,RAM BRIKSH,M,68,SC,CPM,1039,1,1040,386952,202135,0.520929859799742
352,Mehnagar ,RENU DEVI,F,28,SC,ASSP,922,1,923,386952,202135,0.462325250572272
352,Mehnagar ,PRAKASH CHANDRA,M,36,SC,BMUP,913,0,913,386952,202135,0.457316309612659
352,Mehnagar ,SUMAN,F,32,SC,MAHAD,886,1,887,386952,202135,0.444293063117665
352,Mehnagar ,SANGITA,F,45,SC,PMHP,803,0,803,386952,202135,0.402217959056917
353,Madhuban,DARA SINGH CHAUHAN,M,58,GEN,BJP,85925,313,86238,377976,214219,40.3856960887157
353,Madhuban,AMRESH CHAND,M,60,GEN,INC,56253,570,56823,377976,214219,26.6105012737899
353,Madhuban,UMESH PANDEY,M,46,GEN,BSP,54464,339,54803,377976,214219,25.6645249512963
353,Madhuban,RAMKUNWAR SINGH,M,61,GEN,CPI,2361,2,2363,377976,214219,1.10660497527349
353,Madhuban,BANSHRAJ,M,57,GEN,NINSHAD,2290,0,2290,377976,214219,1.07241870223288
353,Madhuban,RAJU SHARMA,M,36,GEN,MBCOI,1669,2,1671,377976,214219,0.7825378390529
353,Madhuban,BHIRGUN,M,77,GEN,RLD,1298,1,1299,377976,214219,0.608328338078825
353,Madhuban,VIJAYSHANKAR,M,54,SC,BMUP,1082,0,1082,377976,214219,0.506706129177282
353,Madhuban,PAHLAWAN,M,56,GEN,JANADIP,985,2,987,377976,214219,0.462217143713472
353,Madhuban,BHANU PRATAP,M,64,GEN,POOPEP,862,1,863,377976,214219,0.404147310055447
353,Madhuban,RAMESH CHAND PANDEY,M,42,GEN,IND,750,1,751,377976,214219,0.351697137719167
353,Madhuban,RAMPRAVESH,M,25,GEN,IND,725,0,725,377976,214219,0.339521204855387
353,Madhuban,None of the Above,,,,NOTA,682,1,683,377976,214219,0.319852390229282
353,Madhuban,KANHAIYA YADAV,M,58,GEN,LD,521,1,522,377976,214219,0.244455267495879
353,Madhuban,SHRIKANT YADAV,M,36,GEN,IND,505,0,505,377976,214219,0.236494080623408
353,Madhuban,ANAND KUMAR PANDEY,M,41,GEN,RSJNP,438,0,438,377976,214219,0.205117638243669
353,Madhuban,CHANDRIKA PAL,M,36,GEN,RSPS,429,1,430,377976,214219,0.201371197362506
353,Madhuban,RAGHUBEER YADAV,M,38,GEN,NCP,384,2,386,377976,214219,0.18076577251611
353,Madhuban,SURYA KUMAR,M,30,GEN,IND,367,3,370,377976,214219,0.173272890753784
353,Madhuban,DEVENDRA SINGH,M,38,GEN,SHS,356,1,357,377976,214219,0.167184924321894
353,Madhuban,ASHUTOSH KUMAR VISHVAKARMA,M,34,GEN,DNP,341,0,341,377976,214219,0.159692042559568
353,Madhuban,NARENDRA,M,31,GEN,ASP,292,0,292,377976,214219,0.136745092162446
354,Ghosi,FAGU CHAUHAN,M,69,GEN,BJP,88012,286,88298,410326,241634,36.7833234048049
354,Ghosi,ABBAS ANSARI,M,25,GEN,BSP,80860,435,81295,410326,241634,33.8660023578519
354,Ghosi,SUDHAKAR,M,58,GEN,SP,58808,448,59256,410326,241634,24.6849601539686
354,Ghosi,VIVEK RAI,M,26,GEN,CPI,2282,3,2285,410326,241634,0.951888989331345
354,Ghosi,YOGENDRA,M,49,GEN,IND,1878,16,1894,410326,241634,0.789005578027819
354,Ghosi,None of the Above,,,,NOTA,1582,3,1585,410326,241634,0.66028185912043
354,Ghosi,DEV PRAKASH,M,59,GEN,RLD,1395,9,1404,410326,241634,0.584880586880179
354,Ghosi,VIJAY YADAV,M,28,GEN,IND,1246,6,1252,410326,241634,0.521560181462951
354,Ghosi,SANJAY KUMAR YADAV,M,32,GEN,IND,1111,2,1113,410326,241634,0.463655337035355
354,Ghosi,SANJAY SINGH,M,33,GEN,IND,910,4,914,410326,241634,0.380755595732538
354,Ghosi,MD. HUSAIN,M,41,GEN,IND,658,0,658,410326,241634,0.27411070239826
354,Ghosi,CHAKLAL,M,55,GEN,ASP,635,0,635,410326,241634,0.264529325262759
354,Ghosi,DINANATH CHAUHAN,M,53,GEN,IND,293,0,293,410326,241634,0.122058413073997
354,Ghosi,RAMPYARE CHAUHAN,M,55,GEN,BMUP,283,1,284,410326,241634,0.118309178542714
354,Ghosi,DARBARI CHAUHAN,M,43,GEN,IND,248,1,249,410326,241634,0.103728822032168
354,Ghosi,MOHAN,M,53,SC,JANADIP,219,0,219,410326,241634,0.0912313735945578
355,Muhammadabad- Gohna (SC),SHRIRAM SONKAR,M,53,SC,BJP,73225,268,73493,357208,211785,35.0233511246664
355,Muhammadabad- Gohna (SC),RAJENDRA KUMAR,M,57,SC,BSP,72668,287,72955,357208,211785,34.7669653069005
355,Muhammadabad- Gohna (SC),BAIJNATH,M,52,SC,SP,59547,324,59871,357208,211785,28.5317384674037
355,Muhammadabad- Gohna (SC),None of the Above,,,,NOTA,1944,1,1945,357208,211785,0.92689668318719
355,Muhammadabad- Gohna (SC),PRABHU RAM,M,66,SC,PMHP,1177,2,1179,357208,211785,0.561856652687762
355,Muhammadabad- Gohna (SC),SURYABHAN BHASKAR,M,42,SC,JANADIP,936,0,936,357208,211785,0.446054136484941
355,Muhammadabad- Gohna (SC),FAUJDAR PRASAD,M,63,SC,BMUP,767,1,768,357208,211785,0.365993137628669
355,Muhammadabad- Gohna (SC),MEENA DEVI,F,54,SC,POOPEP,638,0,638,357208,211785,0.304041174227983
356,Mau,MUKHTAR ANSHARI,M,57,GEN,BSP,96463,330,96793,442270,266015,36.6237844791706
356,Mau,MAHENDRA RAJBHAR,M,51,GEN,SBSP,87893,202,88095,442270,266015,33.332702712929
356,Mau,ALTAF ANSARI,M,45,GEN,SP,71563,453,72016,442270,266015,27.2488554239661
356,Mau,None of the Above,,,,NOTA,1722,3,1725,442270,266015,0.652692118506186
356,Mau,RAM SOCH YADAV,M,60,GEN,CPI,1507,7,1514,442270,266015,0.572855575314995
356,Mau,MAHFUJURRAHMAN,M,43,GEN,PECP,1299,2,1301,442270,266015,0.492262287638579
356,Mau,RAM ASHISH,M,56,GEN,IND,933,1,934,442270,266015,0.353399674599871
356,Mau,RAMESH SINGH,M,42,GEN,LOGAP,849,1,850,442270,266015,0.32161640622044
356,Mau,HAISAMUDDIN,M,76,GEN,IND,757,0,757,442270,266015,0.286427787657497
356,Mau,BASANT KUMAR,M,52,GEN,CPI(ML)(L),582,0,582,442270,266015,0.220212645200348
356,Mau,LAKHAN,M,48,SC,BMUP,349,0,349,442270,266015,0.132051912671686
356,Mau,SHAH ALAM QURESHI,M,51,GEN,PMHP,332,0,332,442270,266015,0.125619584547278
356,Mau,KAUSHLENDRA PRATAP SINGH,M,42,GEN,SHS,291,0,291,442270,266015,0.110106322600174
356,Mau,KANHAIYA,M,47,GEN,ASP,263,0,263,442270,266015,0.0995118998070302
356,Mau,PRAMOD,M,45,SC,JANADIP,212,1,213,442270,266015,0.0805932876764161
357,Belthara Road ,DHANANJAY KANNOUJIA,M,34,SC,BJP,77203,301,77504,332833,189878,41.1002635584097
357,Belthara Road ,GORAKH PASWAN,M,54,SC,SP,58840,345,59185,332833,189878,31.3857233007907
357,Belthara Road ,GHOORA RAM,M,58,SC,BSP,46962,335,47297,332833,189878,25.081533411464
357,Belthara Road ,None of the Above,,,,NOTA,1305,0,1305,332833,189878,0.692039687548058
357,Belthara Road ,DHEERENDRA KUMAR,M,34,SC,RLD,1031,0,1031,332833,189878,0.546737868093523
357,Belthara Road ,SHIVKUMARI,F,44,SC,IND,750,0,750,332833,189878,0.397723958360953
357,Belthara Road ,RAM LAKHAN,M,42,SC,IND,487,1,488,332833,189878,0.258785722240193
357,Belthara Road ,BARAKHU RAM,M,62,SC,GGP,478,1,479,332833,189878,0.254013034739862
357,Belthara Road ,BINDUMATI,F,31,SC,IND,476,1,477,332833,189878,0.252952437517566
357,Belthara Road ,TARA DEVI,F,45,SC,PAJD,255,0,255,332833,189878,0.135226145842724
357,Belthara Road ,SONI,F,27,SC,MANKP,233,0,233,332833,189878,0.123559576397469
357,Belthara Road ,RAM SHARIK ADVOCATE,M,71,SC,BMUP,229,0,229,332833,189878,0.121438381952878
357,Belthara Road ,PANKAJ,M,28,SC,IND,222,1,223,332833,189878,0.11825659028599
357,Belthara Road ,SHAILENDRA,M,52,SC,SUCI,218,0,218,332833,189878,0.11560509723025
357,Belthara Road ,RAMLAL RAHI,M,49,SC,JANADIP,203,1,204,332833,189878,0.108180916674179
358,Rasara,UMA SHANKER SINGH,M,46,GEN,BSP,91787,485,92272,335654,193151,48.1604233975145
358,Rasara,RAM IQBALL SINGH,M,57,GEN,BJP,58129,256,58385,335654,193151,30.4734515352857
358,Rasara,SANATAN PANDEY,M,58,GEN,SP,36753,253,37006,335654,193151,19.3149019014265
358,Rasara,None of the Above,,,,NOTA,1558,0,1558,335654,193151,0.81318210999358
358,Rasara,RAM JANAM SINGH CHUHAN,M,64,GEN,NCP,1251,0,1251,335654,193151,0.652946610784319
358,Rasara,RAMASHRY,M,30,GEN,IND,690,0,690,335654,193151,0.360138418418209
358,Rasara,BHOLA PRASAD,M,70,SC,IND,546,0,546,335654,193151,0.28497909631354
358,Rasara,ARUN KUMAR SINGH CHAUHAN,M,39,GEN,JANADIP,463,0,463,335654,193151,0.241658098155987
358,Rasara,BANDHU,M,42,SC,BMUP,255,3,258,335654,193151,0.1346604521042
358,Rasara,AJAY KUMAR SHARMA,M,49,GEN,IND,254,0,254,335654,193151,0.132572693156848
358,Rasara,SUNIL,M,44,GEN,RJBVP,238,0,238,335654,193151,0.12422165736744
358,Rasara,GEETA,F,40,SC,ASP,230,0,230,335654,193151,0.120046139472736
359,Sikanderpur,SANJAY YADAV,M,37,GEN,BJP,69156,380,69536,286805,164615,42.5314845283896
359,Sikanderpur,ZIAUDDIN RIZWI,M,51,GEN,SP,45640,348,45988,286805,164615,28.1284214003046
359,Sikanderpur,RAJNARAIN,M,46,GEN,BSP,34636,332,34968,286805,164615,21.3880716605604
359,Sikanderpur,ARVIND RAI,M,59,GEN,IND,2898,38,2936,286805,164615,1.79579553864691
359,Sikanderpur,SATYENDRA YADAV,M,27,GEN,JANADIP,2255,5,2260,286805,164615,1.38232217893121
359,Sikanderpur,MUNNA CHAUHAN,M,42,GEN,IND,2062,4,2066,286805,164615,1.26366266445658
359,Sikanderpur,SRI RAM CHAUDHARY,M,58,GEN,CPI(ML)(L),1365,0,1365,286805,164615,0.834898130195177
359,Sikanderpur,VINOD TIWARI,M,49,GEN,IND,1290,5,1295,286805,164615,0.792082841467219
359,Sikanderpur,None of the Above,,,,NOTA,1121,1,1122,286805,164615,0.68626791361098
359,Sikanderpur,BALWANT SINGH YADAV,M,44,GEN,IND,1058,0,1058,286805,164615,0.64712250677399
359,Sikanderpur,AJIT KUMAR PANDEY,M,32,GEN,RLD,1038,0,1038,286805,164615,0.634889567137431
359,Sikanderpur,MUSTAK,M,61,GEN,BMUP,981,2,983,286805,164615,0.601248983136893
360,Phephana,UPENDRA TIWARI,M,45,GEN,BJP,70265,323,70588,314893,178647,39.8410602007067
360,Phephana,AMBIKA CHOUDHARY,M,66,GEN,BSP,52324,367,52691,314893,178647,29.7396909253051
360,Phephana,SANGRAM SINGH YADAV,M,66,GEN,SP,49751,265,50016,314893,178647,28.2298757153984
360,Phephana,None of the Above,,,,NOTA,1473,0,1473,314893,178647,0.831386095025229
360,Phephana,SAUDAGAR YADAV,M,54,GEN,RLD,1083,0,1083,314893,178647,0.611263503674354
360,Phephana,MATADEEN,M,59,GEN,JAM,626,2,628,314893,178647,0.354453813764999
360,Phephana,RAJU SINGH,F,52,GEN,IND,500,0,500,314893,178647,0.28220845044984
360,Phephana,USHA RAI,F,44,GEN,IND,406,0,406,314893,178647,0.22915326176527
360,Phephana,AMRITA DEVI,F,29,GEN,IND,399,3,402,314893,178647,0.226895594161672
360,Phephana,SATYANAND,M,33,GEN,BMUP,336,2,338,314893,178647,0.190772912504092
360,Phephana,HARENDRA YADAV,M,48,GEN,VIP,277,0,277,314893,178647,0.156343481549212
360,Phephana,DHIRENDRA KUMAR,M,49,GEN,IND,245,0,245,314893,178647,0.138282140720422
361,Ballia Nagar,ANAND,M,40,GEN,BJP,92289,600,92889,358157,185942,50.4212217602293
361,Ballia Nagar,LAXMAN,M,45,GEN,SP,52457,421,52878,358157,185942,28.7027889657269
361,Ballia Nagar,NARAD,M,53,GEN,BSP,31195,320,31515,358157,185942,17.1067058938478
361,Ballia Nagar,None of the Above,,,,NOTA,1716,0,1716,358157,185942,0.931464614115271
361,Ballia Nagar,RAMJI,M,59,GEN,IND,1418,14,1432,358157,185942,0.777306134856101
361,Ballia Nagar,ARVIND KUMAR GOND,M,38,ST,GGP,1043,4,1047,358157,185942,0.568323689381521
361,Ballia Nagar,SHAILESH,M,45,GEN,CPM,874,4,878,358157,185942,0.47658853799138
361,Ballia Nagar,MITHILESH KUMAR PANDEY,M,47,GEN,RLD,778,1,779,358157,185942,0.422850194869345
361,Ballia Nagar,DR SYED SHUAIBUL ISLAM,M,36,GEN,IND,739,7,746,358157,185942,0.404937413828667
361,Ballia Nagar,SUNIL,M,41,GEN,IND,468,0,468,358157,185942,0.254035803849619
361,Ballia Nagar,RADHA KRISHN,M,45,GEN,IND,428,1,429,358157,185942,0.232866153528818
361,Ballia Nagar,SURENDRA PRASAD,M,51,ST,IND,378,0,378,358157,185942,0.20518276464777
361,Ballia Nagar,SUNITA DEVI,F,40,SC,BMUP,318,1,319,358157,185942,0.173156883393224
361,Ballia Nagar,LACHHUMAN,M,45,GEN,NAP,240,0,240,358157,185942,0.130274771204933
361,Ballia Nagar,MADAN LAL VERMA,M,61,GEN,JANADIP,228,0,228,358157,185942,0.123761032644686
362,Bansdih,RAM GOVIND CHAUDHERI,M,70,GEN,SP,50855,346,51201,385426,209933,24.4963280147358
362,Bansdih,KETAKEE SINGH,F,33,GEN,IND,49276,238,49514,385426,209933,23.6892089084515
362,Bansdih,ARVIND RAJBHAR,M,28,GEN,SBSP,40150,84,40234,385426,209933,19.2493361720451
362,Bansdih,SHIVSHANKAR,M,65,GEN,BSP,38459,286,38745,385426,209933,18.5369471090592
362,Bansdih,NIRAJ SINGH GUDU,M,42,GEN,LD,10277,38,10315,385426,209933,4.93505250819319
362,Bansdih,ARVIND,M,35,SC,IND,6077,3,6080,385426,209933,2.90888213764562
362,Bansdih,JAWAHIR,M,40,GEN,IND,2716,2,2718,385426,209933,1.3003851398225
362,Bansdih,PUNAM,F,35,GEN,IND,1683,1,1684,385426,209933,0.8056838025979
362,Bansdih,SANJAY KUMAR SINGH,M,35,GEN,BJKD,1241,3,1244,385426,209933,0.595172595268282
362,Bansdih,RAMESH PANDEY (BABLU JI),M,34,GEN,RLD,1171,0,1171,385426,209933,0.56024687223405
362,Bansdih,CHHOOTTU PRASAD GUPTA,M,51,GEN,PSJP,1164,0,1164,385426,209933,0.556897830299261
362,Bansdih,None of the Above,,,,NOTA,916,2,918,385426,209933,0.43920292801952
362,Bansdih,PRAMOD PASWAN,M,32,SC,IND,770,0,770,385426,209933,0.368394612826831
362,Bansdih,JAIRAM,M,43,SC,IND,754,1,755,385426,209933,0.361218094395139
362,Bansdih,RAJESH,M,40,GEN,JANADIP,733,2,735,385426,209933,0.351649403152884
362,Bansdih,AMARJIT KUMAR SINGH,M,49,GEN,IND,710,0,710,385426,209933,0.339688539100065
362,Bansdih,DHARMENDRA,M,27,SC,IND,697,0,697,385426,209933,0.333468889792599
362,Bansdih,RAJEEV,M,48,GEN,IND,688,0,688,385426,209933,0.329162978733584
362,Bansdih,SANGRAM SINGH,M,46,GEN,IND,589,1,590,385426,209933,0.282276391646533
363,Bairia,SURENDRA,M,55,GEN,BJP,64569,299,64868,342434,162100,40.2062750251026
363,Bairia,JAY PRAKASH ANCHAL,M,49,GEN,SP,47586,205,47791,342434,162100,29.62166383617
363,Bairia,JAVAHAR,M,51,GEN,BSP,27766,208,27974,342434,162100,17.3387546641213
363,Bairia,ASHANI SINGH,F,32,GEN,IND,6096,26,6122,342434,162100,3.79451834037858
363,Bairia,MANOJ,M,43,GEN,IND,5935,11,5946,342434,162100,3.68543058671857
363,Bairia,SANJAY,M,43,GEN,IND,2197,0,2197,342434,162100,1.36173747040375
363,Bairia,BARMESHWAR,M,67,GEN,RLD,934,0,934,342434,162100,0.578908874536687
363,Bairia,SANTOSH,M,46,GEN,IND,926,0,926,342434,162100,0.573950340279413
363,Bairia,GOPAL,M,46,GEN,BMUP,820,0,820,342434,162100,0.508249761370539
363,Bairia,None of the Above,,,,NOTA,762,0,762,342434,162100,0.472300388005306
363,Bairia,SUCHIT,M,70,ST,GGP,758,1,759,342434,162100,0.470440937658828
363,Bairia,VIKRAMADITYA,M,42,GEN,IND,657,0,657,342434,162100,0.40721962587859
363,Bairia,ANIL,M,46,GEN,IND,594,1,595,342434,162100,0.36879098538472
363,Bairia,LALIT,M,54,GEN,IND,451,0,451,342434,162100,0.279537368753796
363,Bairia,JANARDAN,M,65,GEN,IND,388,0,388,342434,162100,0.240488911477767
363,Bairia,BHARAT,M,40,GEN,PAJD,335,0,335,342434,162100,0.20763862202333
363,Bairia,ROHIT KUMAR SINGH,M,65,GEN,POOPEP,288,0,288,342434,162100,0.178507233261848
363,Bairia,MOHAN,M,46,SC,BHAKALP,287,0,287,342434,162100,0.177887416479689
364,Badlapur,RAMESH CHANDRA MISHRA,M,39,GEN,BJP,60027,210,60237,312911,190590,31.8751389050577
364,Badlapur,LALJI YADAVA,M,57,GEN,BSP,57606,259,57865,312911,190590,30.6199663452889
364,Badlapur,OMPRAKASH &AMP;AMP;AMP;#39;BABA&AMP;AMP;AMP;#39; DUBEY,M,53,GEN,SP,46288,257,46545,312911,190590,24.6298510937781
364,Badlapur,SABHAPATI,M,44,GEN,NINSHAD,15552,13,15565,312911,190590,8.23640847082729
364,Badlapur,MRIGENDRA SINGH ALIAS SHIVBABA,M,30,GEN,RLD,3741,22,3763,312911,190590,1.9912370752151
364,Badlapur,None of the Above,,,,NOTA,1611,1,1612,312911,190590,0.853009345003122
364,Badlapur,PARITOSH,M,36,GEN,SHS,1078,0,1078,312911,190590,0.570436770417721
364,Badlapur,SANTOSH KUMAR YADAV,M,36,GEN,IND,809,0,809,312911,190590,0.428092158875636
364,Badlapur,JAI NARAYAN MAURYA,M,67,GEN,SUCI,776,3,779,312911,190590,0.412217295134883
364,Badlapur,ANIL KUMAR SINGH,M,41,GEN,HUSP,778,0,778,312911,190590,0.411688133010192
364,Badlapur,ASHFAK,M,48,GEN,LD,555,1,556,312911,190590,0.29421414132862
364,Badlapur,ANJANA SINGH,F,35,GEN,RASHVIP,368,0,368,312911,190590,0.194731661886569
364,Badlapur,ARVIND KUMAR SHUKLA,M,36,GEN,BHANVIP,341,0,341,312911,190590,0.180444284519891
364,Badlapur,MO..KASIM,M,35,GEN,NDPF,294,0,294,312911,190590,0.155573664659378
365,Shahganj,SHAILENDRA YADAV LALAI,M,52,GEN,SP,67536,282,67818,351509,214243,31.8738543967665
365,Shahganj,RANA AJEET PRATAP SINGH,M,48,GEN,SBSP,58523,133,58656,351509,214243,27.567796211872
365,Shahganj,OM PRAKASH(O.P. SINGH),M,39,GEN,BSP,51018,158,51176,351509,214243,24.0522630070029
365,Shahganj,DR. SURYABHAN YADAV,M,34,GEN,NINSHAD,21412,34,21446,351509,214243,10.0794284908587
365,Shahganj,DINESH YADAV ALIAS DINESH KANT,M,36,GEN,RLD,6448,14,6462,351509,214243,3.03708229543639
365,Shahganj,None of the Above,,,,NOTA,1472,1,1473,351509,214243,0.692296846359919
365,Shahganj,PAVAN,M,33,GEN,JANADIP,1178,0,1178,351509,214243,0.553649480659867
365,Shahganj,LAL BAHADUR VERMA,M,35,GEN,IND,887,0,887,351509,214243,0.416882079240494
365,Shahganj,SUDAMA DEVI YADAV,F,55,GEN,IND,871,0,871,351509,214243,0.40936222211778
365,Shahganj,ANURAG PANDEY,M,25,GEN,SAMSAMPA,853,0,853,351509,214243,0.400902382854726
365,Shahganj,OM PRAKASH TIWARI,M,65,GEN,IND,734,1,735,351509,214243,0.345443436574705
365,Shahganj,RAM SUMER BIND,M,48,GEN,MADP,716,1,717,351509,214243,0.336983597311651
365,Shahganj,RAMANAND NISHAD,M,33,GEN,BMUP,599,1,600,351509,214243,0.2819946421018
365,Shahganj,SONU KHAN,F,30,GEN,AIJCP,576,0,576,351509,214243,0.270714856417728
365,Shahganj,BAJRANG BALI DUBEY,M,32,GEN,IND,461,0,461,351509,214243,0.216665883348216
365,Shahganj,RAHUL,M,38,GEN,IND,334,0,334,351509,214243,0.156977017436669
366,Jaunpur,GIRISH CHANDRA YADAV,M,43,GEN,BJP,89879,445,90324,390593,225577,40.3884849623052
366,Jaunpur,NADEEM JAVED,M,40,GEN,INC,77651,389,78040,390593,225577,34.8956796251084
366,Jaunpur,DINESH TANDAN,M,65,GEN,BSP,41627,250,41877,390593,225577,18.7253507901162
366,Jaunpur,SHER BAHADUR,M,46,GEN,NINSHAD,5793,4,5797,390593,225577,2.59213550469956
366,Jaunpur,None of the Above,,,,NOTA,1936,3,1939,390593,225577,0.867026176231231
366,Jaunpur,MANNA LAL VERMA,M,53,GEN,IND,1473,0,1473,390593,225577,0.658653717167923
366,Jaunpur,SACHCHIDANAND,M,45,GEN,IND,1423,0,1423,390593,225577,0.63629615718259
366,Jaunpur,SUNIL KUMAR SINGH,M,43,GEN,RLD,1098,0,1098,390593,225577,0.490972017277922
366,Jaunpur,ABHISHEK KUMAR,M,33,GEN,SARSAMP,1008,0,1008,390593,225577,0.450728409304322
366,Jaunpur,LAL PRAKASH PAL,M,56,GEN,PECP,581,0,581,390593,225577,0.259794847029575
366,Jaunpur,MANOJ KUMAR,M,38,GEN,LD,376,0,376,390593,225577,0.168128851089707
366,Jaunpur,RAYEES AHAMAD,M,34,GEN,MAHAD,363,0,363,390593,225577,0.162315885493521
366,Jaunpur,MAHENDRA LAL,M,33,GEN,BMUP,349,5,354,390593,225577,0.158291524696161
366,Jaunpur,LADLAY,M,59,GEN,IEMC,335,0,335,390593,225577,0.149795651901734
366,Jaunpur,DAYA RAM,M,56,GEN,MHD,301,1,302,390593,225577,0.135039662311414
366,Jaunpur,PRAVEEN KUMAR,M,41,GEN,RASHVIP,287,0,287,390593,225577,0.128332394315814
367,Malhani,PARASNATH YADAV,M,67,GEN,SP,68735,616,69351,345857,207665,33.6723992270269
367,Malhani,DHANANJAY SINGH,M,41,GEN,NINSHAD,47893,248,48141,345857,207665,23.3741830858719
367,Malhani,VIVEK  YADAV,M,34,GEN,BSP,45705,306,46011,345857,207665,22.3399916487828
367,Malhani,SATISH KUMAR SINGH,M,51,GEN,BJP,38744,222,38966,345857,207665,18.9193913322134
367,Malhani,None of the Above,,,,NOTA,1707,0,1707,345857,207665,0.828809757329164
367,Malhani,SANDEEP PANDEY,M,30,GEN,MAHAD,1129,4,1133,345857,207665,0.550112158789656
367,Malhani,PRAVIN KUMAR SHUKLA,M,57,GEN,SUCI,1012,0,1012,345857,207665,0.491362316588819
367,Malhani,BHARAT RAM YADAV,M,40,GEN,IND,740,0,740,345857,207665,0.359296555608425
367,Malhani,MUSTAKIM,M,45,GEN,IND,604,0,604,345857,207665,0.293263675118228
368,Mungra Badshahpur,SUSHMA PATEL,F,30,GEN,BSP,69328,229,69557,354027,204332,34.4184826712586
368,Mungra Badshahpur,SEEMA DWIVEDI,F,47,GEN,BJP,63414,223,63637,354027,204332,31.4891237654138
368,Mungra Badshahpur,AJAY SHANKAR DUBEY,M,37,GEN,INC,59037,251,59288,354027,204332,29.3371335827247
368,Mungra Badshahpur,SUBHAS CHANDRA,M,47,GEN,CPI,2425,4,2429,354027,204332,1.2019278348475
368,Mungra Badshahpur,None of the Above,,,,NOTA,2240,0,2240,354027,204332,1.10840607248184
368,Mungra Badshahpur,SUSHIL,M,40,GEN,IND,1659,0,1659,354027,204332,0.820913247431863
368,Mungra Badshahpur,CHAKRAPANI,M,63,GEN,RLD,1178,0,1178,354027,204332,0.582902836331968
368,Mungra Badshahpur,MATAPHER ALIAS TILAKDHARI,M,44,GEN,IND,1164,0,1164,354027,204332,0.575975298378956
368,Mungra Badshahpur,KAMALA SHANKAR,M,40,GEN,NINSHAD,887,0,887,354027,204332,0.438909011737229
368,Mungra Badshahpur,LALJI,M,43,GEN,BMUP,602,0,602,354027,204332,0.297884131979494
368,Mungra Badshahpur,MUSTAK AHMAD,M,29,GEN,MAKDL,495,0,495,354027,204332,0.244937949052907
368,Mungra Badshahpur,AKHILESH KUMAR TIWARI,M,39,GEN,IND,472,1,473,354027,204332,0.234051817983889
368,Mungra Badshahpur,NILESH RAVINDRANATH,M,36,GEN,SHS,394,0,394,354027,204332,0.194960710963324
368,Mungra Badshahpur,NEELAM KUMAR,M,57,GEN,SAPP,329,0,329,354027,204332,0.16279714189577
369,Machhlishahr S.C.,JAGDISH SONKAR,M,48,SC,SP,72000,368,72368,365147,208344,35.0995979221938
369,Machhlishahr S.C.,ANITA RAWAT,F,45,SC,BJP,67956,233,68189,365147,208344,33.07271836608
369,Machhlishahr S.C.,SUSHILA SAROJ,F,46,SC,BSP,52581,215,52796,365147,208344,25.6068755789872
369,Machhlishahr S.C.,RAM SEVAK,M,47,SC,NINSHAD,4481,3,4484,365147,208344,2.17480926767518
369,Machhlishahr S.C.,None of the Above,,,,NOTA,2164,1,2165,365147,208344,1.05005844436145
369,Machhlishahr S.C.,SUBAS CHANDRA,M,62,SC,CPI,1773,0,1773,365147,208344,0.859932388846585
369,Machhlishahr S.C.,LAKSHMI SAROJ,F,34,SC,IND,1237,0,1237,365147,208344,0.599964108856867
369,Machhlishahr S.C.,MULCHAND,M,82,SC,RLD,1070,0,1070,365147,208344,0.518966529083951
369,Machhlishahr S.C.,ANIL KUMAR,M,38,SC,RSPS,960,0,960,365147,208344,0.46561482983233
369,Machhlishahr S.C.,CHANDAN,M,29,SC,SARSAMP,900,0,900,365147,208344,0.43651390296781
369,Machhlishahr S.C.,SUKHRAM,M,66,SC,OP,739,1,740,365147,208344,0.358911431329088
369,Machhlishahr S.C.,JAI PRAKASH,M,48,SC,IND,495,0,495,365147,208344,0.240082646632295
369,Machhlishahr S.C.,BACCHU LAL,M,50,SC,IND,445,0,445,365147,208344,0.215831874245195
369,Machhlishahr S.C.,RAM SAKAL,M,47,SC,MAHAD,418,0,418,365147,208344,0.20273645715616
369,Machhlishahr S.C.,NANDLAL,M,36,SC,MANKP,304,0,304,365147,208344,0.147444696113571
370,Mariyahu,LEENA TIWARI,F,40,GEN,ADAL,58572,232,58804,308120,180043,32.8754563395558
370,Mariyahu,SHRADDHA YADAV,F,44,GEN,SP,47184,270,47454,308120,180043,26.5300303574124
370,Mariyahu,BHOLANATH SHUKLA,M,52,GEN,BSP,36892,174,37066,308120,180043,20.7224281457379
370,Mariyahu,SEEMA SINGH,F,40,GEN,IND,21378,62,21440,308120,180043,11.9864258200135
370,Mariyahu,LAL PRATAP,M,39,GEN,IND,1687,3,1690,308120,180043,0.944825542715619
370,Mariyahu,BANSHNARAYAN SINGH PATEL,M,63,GEN,RLD,1444,6,1450,308120,180043,0.810649134282631
370,Mariyahu,MUNSHI,M,58,GEN,IND,1417,1,1418,308120,180043,0.792758946491566
370,Mariyahu,None of the Above,,,,NOTA,1174,0,1174,308120,180043,0.656346264584696
370,Mariyahu,RAMDULAR GOND,M,75,GEN,GGP,1119,1,1120,308120,180043,0.626156572687274
370,Mariyahu,ABBAS AHAMAD,M,46,GEN,IEMC,1057,0,1057,308120,180043,0.590935265473615
370,Mariyahu,JAGAT SINGH,M,48,GEN,IND,923,0,923,308120,180043,0.51602010409853
370,Mariyahu,SABHAJEET DOOBE,M,70,GEN,LD,710,0,710,308120,180043,0.396938541614254
370,Mariyahu,ASHARAM,M,46,GEN,MANKP,701,0,701,308120,180043,0.391906926298017
370,Mariyahu,AGANOO,M,68,GEN,IND,701,0,701,308120,180043,0.391906926298017
370,Mariyahu,RAJENDRA PRASAD,M,52,GEN,IND,655,0,655,308120,180043,0.366189781348361
370,Mariyahu,RAJESH,M,41,GEN,IND,632,0,632,308120,180043,0.353331208873533
370,Mariyahu,PRADEEP KUMAR PAL,M,25,GEN,RSPS,543,1,544,308120,180043,0.304133192448104
370,Mariyahu,GULABCHAND DUBEY,M,47,GEN,SHS,472,0,472,308120,180043,0.263880269918208
370,Mariyahu,SATISH KUMAR,M,28,GEN,IND,459,0,459,308120,180043,0.256612381128088
370,Mariyahu,HARISHCHAND,M,42,GEN,IND,450,0,450,308120,180043,0.251580765811851
370,Mariyahu,NASIM AHMAD,M,25,GEN,MAHAD,409,0,409,308120,180043,0.228658962704549
370,Mariyahu,INDRESH KUMAR GAUTAM,M,31,SC,BMUP,362,0,362,308120,180043,0.202382749386422
370,Mariyahu,MUKTESHWAR,M,58,GEN,MANBP,352,0,352,308120,180043,0.196792065701715
371,Zafrabad,DR HARENDRA PRASAD SINGH,M,55,GEN,BJP,85661,328,85989,368210,206451,41.8941501464047
371,Zafrabad,SHACHINDRA NATH TRIPATHI,M,65,GEN,SP,60715,409,61124,368210,206451,29.7798326942846
371,Zafrabad,SANJIV KUAMR UPADHYAY,M,43,GEN,BSP,45206,284,45490,368210,206451,22.1628916507919
371,Zafrabad,JAI PRAKASH,M,49,GEN,CPI,2843,2,2845,368210,206451,1.38609423491983
371,Zafrabad,MOTILAL BIND,M,75,GEN,RLD,1351,0,1351,368210,206451,0.658212060237853
371,Zafrabad,GHAN SHYAM DUBEY,M,51,GEN,LD,1339,3,1342,368210,206451,0.65382722786025
371,Zafrabad,PRADEEP NISHAD,M,37,GEN,IND,1268,0,1268,368210,206451,0.61777416164441
371,Zafrabad,None of the Above,,,,NOTA,1197,1,1198,368210,206451,0.583669909818614
371,Zafrabad,DEEPAK YADAV ALIAS PAPPU,M,34,GEN,IND,1148,10,1158,368210,206451,0.564181765918159
371,Zafrabad,ANAND GOPAL MISHRA,M,37,GEN,NYP,1014,1,1015,368210,206451,0.494511651474034
371,Zafrabad,RAMLAKHAN CHAUHAN,M,44,GEN,IND,931,1,932,368210,206451,0.454073752880591
371,Zafrabad,RAJENDR,M,52,GEN,IND,871,0,871,368210,206451,0.424354333432398
371,Zafrabad,YOGISH CHANDRA DUBEY,M,47,GEN,IND,763,0,763,368210,206451,0.371736344901171
371,Zafrabad,CHHOTELAL,M,59,GEN,MAHAD,471,0,471,368210,206451,0.229472894427852
371,Zafrabad,PRADEEP,M,49,GEN,BMUP,364,0,364,368210,206451,0.177342109494137
371,Zafrabad,MANOJ,M,40,GEN,SAJPCS,269,1,270,368210,206451,0.131544971328068
372,Kerakat S.C.,DINESH CHAUDHARY,M,56,SC,BJP,83814,264,84078,388528,227142,37.4370505599216
372,Kerakat S.C.,SANJAI KUMAR SAROJ,M,33,SC,SP,68561,258,68819,388528,227142,30.642741055725
372,Kerakat S.C.,URMILA RAJ,F,41,SC,BSP,66031,276,66307,388528,227142,29.5242335863927
372,Kerakat S.C.,None of the Above,,,,NOTA,2556,1,2557,388528,227142,1.13854442638645
372,Kerakat S.C.,VIJAI,M,62,SC,MAHAD,2401,3,2404,388528,227142,1.07041877240243
372,Kerakat S.C.,JITENDRA,M,35,SC,PMSP,1785,0,1785,388528,227142,0.794799296480175
372,Kerakat S.C.,SADABRIJ,M,47,SC,MHD,1192,0,1192,388528,227142,0.530756729078077
373,Jakhanian ,TRIVENI RAM,M,45,SC,SBSP,83910,248,84158,399513,240534,35.2572508242667
373,Jakhanian ,GAREEB,M,54,SC,SP,78376,625,79001,399513,240534,33.0967712204175
373,Jakhanian ,SANJIV KUMAR,M,32,SC,BSP,66643,434,67077,399513,240534,28.1013167320913
373,Jakhanian ,KESHNATH PRASAD,M,47,SC,NCP,2368,0,2368,399513,240534,0.992052686041299
373,Jakhanian ,KUNWER,M,56,SC,SAJPCS,1917,1,1918,399513,240534,0.803529160400005
373,Jakhanian ,RAMLAL,M,62,SC,CPI,1859,1,1860,399513,240534,0.779230572650683
373,Jakhanian ,None of the Above,,,,NOTA,1833,4,1837,399513,240534,0.769594925784572
373,Jakhanian ,LAL BAHADUR,M,47,SC,CPI(ML)(L),1212,0,1212,399513,240534,0.507756695727219
373,Jakhanian ,RAMJEET,M,52,SC,MAHAD,1101,2,1103,399513,240534,0.462092108405217
374,Saidpur ,SUBHASH PASSI,M,53,SC,SP,76237,427,76664,356182,213188,36.2647291167024
374,Saidpur ,VIDYASAGAR SONKAR,M,55,SC,BJP,67737,217,67954,356182,213188,32.1445972346394
374,Saidpur ,RAJIV KIRAN,M,33,SC,BSP,59407,319,59726,356182,213188,28.2524680583346
374,Saidpur ,SANTOSH,M,33,SC,NINSHAD,2451,0,2451,356182,213188,1.15940794982048
374,Saidpur ,SANJAY,M,36,SC,MAHAD,2105,13,2118,356182,213188,1.00188740829041
374,Saidpur ,None of the Above,,,,NOTA,1782,5,1787,356182,213188,0.845312936078827
374,Saidpur ,KAMTA PRASAD,M,64,SC,BMUP,729,0,729,356182,213188,0.344842266592873
374,Saidpur ,SANTOSH KUMAR RAM,M,33,SC,RSHP,698,0,698,356182,213188,0.330178192156139
374,Saidpur ,RAMASHRAY SONKAR,M,45,SC,JANADIP,440,3,443,356182,213188,0.209554354047521
374,Saidpur ,ROHIT KUMAR,M,25,SC,JRPA,343,0,343,356182,213188,0.162250888122573
374,Saidpur ,MAHENDRA,M,33,SC,SAJPCS,274,1,275,356182,213188,0.130084531293608
375,Ghazipur,SANGEETA,F,39,GEN,BJP,91604,486,92090,338759,213558,43.4224982200029
375,Ghazipur,RAJESH KUSHWAHA,M,39,GEN,SP,59036,447,59483,338759,213558,28.0475671801546
375,Ghazipur,SANTOSH KUMAR,M,41,GEN,BSP,54462,525,54987,338759,213558,25.9276024500304
375,Ghazipur,None of the Above,,,,NOTA,1473,6,1479,338759,213558,0.697381636088439
375,Ghazipur,JYOTSANA SINGH,F,37,GEN,NINSHAD,1418,0,1418,338759,213558,0.668618769420829
375,Ghazipur,RUDRA DATT TIWARI,M,52,GEN,CPI,1136,1,1137,338759,213558,0.53612097378807
375,Ghazipur,SATYADEV YADAV,M,48,GEN,LD,727,1,728,338759,213558,0.343268310393768
375,Ghazipur,ASHOK KUMAR,M,55,GEN,IND,593,0,593,338759,213558,0.279612785801517
375,Ghazipur,AWADHESH,M,47,GEN,JRPA,542,2,544,338759,213558,0.256508187986552
375,Ghazipur,YOGENDRA,M,32,SC,CPI(ML)(L),482,1,483,338759,213558,0.227745321318942
375,Ghazipur,ANGAD,M,29,GEN,MAHAD,335,2,337,338759,213558,0.158903050278434
375,Ghazipur,CHANDAN,M,26,GEN,BMUP,276,3,279,338759,213558,0.131554750823985
376,Jangipur,VIRENDRA KUMAR YADAV,M,35,GEN,SP,71135,306,71441,346551,214622,33.4597893336706
376,Jangipur,RAM NARESH KUSHWAHA,M,68,GEN,BJP,67987,215,68202,346551,214622,31.9427856851808
376,Jangipur,MANISH CHANDRA PANDEY,M,44,GEN,BSP,66890,333,67223,346551,214622,31.4842655950692
376,Jangipur,MANOJ KUMAR SINGH,M,41,GEN,CPI,2375,6,2381,346551,214622,1.11515458075152
376,Jangipur,AJIT PRATAP KUSHWAHA,M,44,GEN,JAM,1470,8,1478,346551,214622,0.692229512957056
376,Jangipur,NEELABH SINGH,M,34,GEN,RLD,1375,0,1375,346551,214622,0.643988890606193
376,Jangipur,None of the Above,,,,NOTA,1108,1,1109,346551,214622,0.519406312496195
376,Jangipur,RAJENDRA,M,62,GEN,IND,804,0,804,346551,214622,0.376557867670821
376,Jangipur,SATYADEV YADAV,M,48,GEN,LD,608,1,609,346551,214622,0.285228534093943
377,Zahoorabad,OM PRAKASH RAJBHAR,M,50,GEN,SBSP,86382,201,86583,374525,230520,37.8058684831019
377,Zahoorabad,KALICHARAN,M,64,GEN,BSP,68170,332,68502,374525,230520,29.9109248100603
377,Zahoorabad,MAHENDRA,M,41,GEN,SP,64291,283,64574,374525,230520,28.1957907606323
377,Zahoorabad,KANHAIYA,M,65,GEN,NINSHAD,2680,1,2681,374525,230520,1.17064011876692
377,Zahoorabad,None of the Above,,,,NOTA,1499,1,1500,374525,230520,0.654964631909877
377,Zahoorabad,SHAMEEM,M,57,GEN,CPI,1333,6,1339,374525,230520,0.58466509475155
377,Zahoorabad,SUBHASH,M,43,GEN,RLD,940,0,940,374525,230520,0.410444502663523
377,Zahoorabad,VIJAY URF RANA VIJAY RAJBHAR,M,43,GEN,IND,678,1,679,374525,230520,0.296480656711204
377,Zahoorabad,ANAND BIHARI RAI,M,43,GEN,IND,674,3,677,374525,230520,0.295607370535324
377,Zahoorabad,RAM AUTAR,M,58,SC,IND,625,0,625,374525,230520,0.272901929962449
377,Zahoorabad,RAMESH,M,37,GEN,IND,514,1,515,374525,230520,0.224871190289058
377,Zahoorabad,JAI RAM PANDEY,M,46,GEN,AIFB,440,0,440,374525,230520,0.192122958693564
377,Zahoorabad,RAM SARAN,M,49,SC,IND,439,0,439,374525,230520,0.191686315605624
377,Zahoorabad,DIVAKAR TIWARI,M,45,GEN,POOPEP,418,0,418,374525,230520,0.182516810758886
377,Zahoorabad,PRAKASH SINGH YADAV,M,38,GEN,JRPA,304,1,305,374525,230520,0.133176141821675
377,Zahoorabad,RAJESH KUMAR CHAUHAN,M,27,GEN,NAP,301,2,303,374525,230520,0.132302855645795
378,Mohammadabad,ALKA RAI,F,57,GEN,BJP,121732,424,122156,394670,230144,53.6098761964531
378,Mohammadabad,SIBGATULLA ANSARI,M,64,GEN,BSP,89029,400,89429,394670,230144,39.2471726183946
378,Mohammadabad,JANAK KUMAR,M,45,GEN,INC,9857,53,9910,394670,230144,4.34914267908944
378,Mohammadabad,SURENDRA,M,51,GEN,CPI,2501,2,2503,394670,230144,1.09847670290221
378,Mohammadabad,None of the Above,,,,NOTA,2283,0,2283,394670,230144,1.00192661315451
378,Mohammadabad,JAIGOBIND,M,61,GEN,IND,901,0,901,394670,230144,0.39541650392125
378,Mohammadabad,DILIP KUMAR,M,25,SC,BMUP,684,0,684,394670,230144,0.300183006306476
378,Mohammadabad,SRIKRISHNA,M,52,SC,IND,634,0,634,394670,230144,0.278239804091091
378,Mohammadabad,SAGIR,M,62,GEN,CPI(ML)(L),565,0,565,394670,230144,0.247958185033858
378,Mohammadabad,PARMANAND,M,42,GEN,JANADIP,556,0,556,394670,230144,0.244008408635089
378,Mohammadabad,SVATI,F,33,GEN,SAJPCS,523,0,523,394670,230144,0.229525895172934
379,Zamania,SUNITA,F,51,GEN,BJP,76689,134,76823,395078,217230,35.669745046965
379,Zamania,ATUL KUMAR,M,40,GEN,BSP,67357,202,67559,395078,217230,31.3683702228227
379,Zamania,OM PRAKASH,M,57,GEN,SP,49365,192,49557,395078,217230,23.0098480310902
379,Zamania,KARTAR SINGH YADAV,M,26,GEN,IND,12194,12,12206,395078,217230,5.66737706212014
379,Zamania,TAUQEER KHAN,M,27,GEN,JANADIP,6127,12,6139,395078,217230,2.85040371820052
379,Zamania,None of the Above,,,,NOTA,1856,1,1857,395078,217230,0.862225069994846
379,Zamania,RAM PYARE,M,40,SC,CPI(ML)(L),1080,1,1081,395078,217230,0.501919924967382
379,Zamania,HARINARAYAN SINGH YADAV,M,25,GEN,RPD,1028,0,1028,395078,217230,0.47731145501061
379,Zamania,BHARAT,M,26,GEN,JRPA,535,0,535,395078,217230,0.248406253337234
379,Zamania,RENU,F,29,GEN,MAHAD,444,1,445,395078,217230,0.20661828548611
380,Mughalsarai,SADHANA SINGH,F,42,GEN,BJP,87222,179,87401,376583,232617,37.890552181283
380,Mughalsarai,BABULAL,M,53,GEN,SP,73984,174,74158,376583,232617,32.1493755066828
380,Mughalsarai,TILAK DHARI,M,42,GEN,BSP,57066,153,57219,376583,232617,24.8058890088309
380,Mughalsarai,BABBAN,M,47,GEN,PMSP,7803,8,7811,376583,232617,3.38626678285147
380,Mughalsarai,None of the Above,,,,NOTA,1950,0,1950,376583,232617,0.8453745009039
380,Mughalsarai,GOVIND LAL,M,30,GEN,BMUP,1109,0,1109,376583,232617,0.480779652052526
380,Mughalsarai,SHALIGRAM,M,37,GEN,IND,736,0,736,376583,232617,0.319074683418088
380,Mughalsarai,RAJENDRA,M,25,GEN,MADP,602,0,602,376583,232617,0.260982281817512
380,Mughalsarai,RATAN LAL,M,42,GEN,IND,530,0,530,376583,232617,0.229768454091829
380,Mughalsarai,SHASHIKANT,M,37,GEN,CPI(ML)(L),462,0,462,376583,232617,0.200288727906463
380,Mughalsarai,MADINA,F,43,GEN,IND,378,0,378,376583,232617,0.163872595559833
380,Mughalsarai,SHWETA PANDEY,F,28,GEN,POOPEP,261,0,261,376583,232617,0.113150125505599
381,Sakaldiha,PRABHUNARAYAN YADAV,M,53,GEN,SP,79521,354,79875,317765,202392,39.8170534134244
381,Sakaldiha,SURYAMUNI TIWARI,M,44,GEN,BJP,64710,196,64906,317765,202392,32.3551257446225
381,Sakaldiha,UPENDRA,M,34,GEN,BSP,51967,208,52175,317765,202392,26.0088233094888
381,Sakaldiha,None of the Above,,,,NOTA,1786,1,1787,317765,202392,0.890805313925376
381,Sakaldiha,HARIDWAR SINGH YADAV,M,75,GEN,RLD,943,0,943,317765,202392,0.470078014007627
381,Sakaldiha,RAMESH,M,40,GEN,CPI(ML)(L),679,0,679,317765,202392,0.338476109767952
381,Sakaldiha,BABITA YADAV,F,26,GEN,IND,678,0,678,317765,202392,0.337977617706438
381,Sakaldiha,NASIM ANSHARI,M,31,GEN,LD,529,0,529,317765,202392,0.263702300540864
381,Sakaldiha,CHANDRA VIJAY SINGH,M,28,GEN,BMUP,511,0,511,317765,202392,0.254729443433613
381,Sakaldiha,BABU LAL,M,46,GEN,BSD,309,0,309,317765,202392,0.154034047007801
382,Saiyadraja,SUSHIL SINGH,M,38,GEN,BJP,78711,158,78869,317452,197724,40.1851587657441
382,Saiyadraja,SHYAM NARAYAN SINGH,M,42,GEN,BSP,64173,202,64375,317452,197724,32.8002078832593
382,Saiyadraja,MANOJ KUMAR,M,43,GEN,SP,44689,143,44832,317452,197724,22.8427016671422
382,Saiyadraja,CHANDRAVANSH,M,43,GEN,RLD,1498,0,1498,317452,197724,0.763257652957241
382,Saiyadraja,None of the Above,,,,NOTA,1459,1,1460,317452,197724,0.743895976847512
382,Saiyadraja,TRIBHUN NARAYAN,M,56,GEN,IND,1451,0,1451,317452,197724,0.73931031671626
382,Saiyadraja,BABU LAL,M,49,GEN,IND,1086,2,1088,317452,197724,0.554355358089105
382,Saiyadraja,BRIJESH YADAV,M,29,GEN,IND,1020,0,1020,317452,197724,0.519708148208535
382,Saiyadraja,CHHAVINATH,M,65,GEN,PGSP,760,0,760,317452,197724,0.387233522194595
382,Saiyadraja,CHANDRIKA,M,33,GEN,BMTP,704,0,704,317452,197724,0.358700525822362
382,Saiyadraja,NITYANAND YADAV,M,28,GEN,IND,381,5,386,317452,197724,0.196673867851465
382,Saiyadraja,KUSUM,F,49,SC,IND,381,0,381,317452,197724,0.194126278889659
382,Saiyadraja,CHANDRAKALA,F,57,GEN,IND,340,1,341,317452,197724,0.173745567195206
382,Saiyadraja,BRIJNATH,M,30,GEN,JRPA,309,0,309,317452,197724,0.157440997839645
382,Saiyadraja,RAJENDRA,M,68,GEN,JANADIP,250,0,250,317452,197724,0.127379448090327
383,Chakia ,SHARADA PRASAD,M,58,SC,BJP,96679,211,96890,365218,234587,41.8666954736956
383,Chakia ,JITENDRA KUMAR,M,50,SC,BSP,76594,233,76827,365218,234587,33.1973641568543
383,Chakia ,POONAM,F,51,SC,SP,48443,244,48687,365218,234587,21.0379172518094
383,Chakia ,None of the Above,,,,NOTA,3162,0,3162,365218,234587,1.36631738144107
383,Chakia ,SRIPRASAD,M,60,SC,CPM,3097,1,3098,365218,234587,1.33866263368262
383,Chakia ,ANIL ALIAS ANIL PASWAN,M,36,SC,CPI(ML)(L),1445,2,1447,365218,234587,0.625256562601275
383,Chakia ,DHARMENDRA,M,28,SC,IND,1423,0,1423,365218,234587,0.614886032191855
383,Chakia ,RAMCHANDRA,M,33,SC,JANADIP,897,3,900,365218,234587,0.388894890353246
383,Chakia ,RAMDHAWAL,M,43,SC,PMSP,845,2,847,365218,234587,0.365993302365777
383,Chakia ,PARDESHI,M,31,SC,BHAKALP,723,0,723,365218,234587,0.312412228583774
383,Chakia ,RADHESHYAM,M,34,SC,LEP,583,0,583,365218,234587,0.251917467862158
384,Pindra,AVADHESH SINGH,M,62,GEN,BJP,90512,102,90614,342536,204375,44.9728517117815
384,Pindra,BABULAL,M,51,GEN,BSP,53561,204,53765,342536,204375,26.6842361255869
384,Pindra,AJAY RAI,M,47,GEN,INC,48042,147,48189,342536,204375,23.9167981894524
384,Pindra,None of the Above,,,,NOTA,2888,1,2889,342536,204375,1.43384652035377
384,Pindra,SHYAMLAL SINGH,M,66,GEN,CPI,2672,0,2672,342536,204375,1.3261467297976
384,Pindra,SHRIPRAKASH MISHRA,M,40,GEN,IND,1318,1,1319,342536,204375,0.654636054117904
384,Pindra,DHARMENDRA RAJBHAR,M,45,GEN,IND,1126,0,1126,342536,204375,0.558847761134769
384,Pindra,NARENDRA PANDEY,M,38,GEN,SHS,793,0,793,342536,204375,0.393575732308945
384,Pindra,TASAUVAR,M,43,GEN,IND,711,0,711,342536,204375,0.352878115601084
384,Pindra,MUMTAZ,M,33,GEN,MHD,624,0,624,342536,204375,0.309698936898842
384,Pindra,CHIRAG KUMAR PANDEY,M,33,GEN,SAJPCS,621,0,621,342536,204375,0.308209999702213
384,Pindra,DEEPAK,M,36,GEN,JPS,538,0,538,342536,204375,0.267016070595476
384,Pindra,JASWANT,M,39,GEN,RPI(A),514,0,514,342536,204375,0.255104573022443
385,Ajagara ,KAILASH NATH SONKAR,M,54,SC,SBSP,83646,132,83778,336882,219858,38.5172039649116
385,Ajagara ,LALJI SONKAR,M,37,SC,SP,62284,145,62429,336882,219858,28.7019328024716
385,Ajagara ,TRIBHUVAN RAM,M,68,SC,BSP,52264,216,52480,336882,219858,24.1278481711018
385,Ajagara ,ARTI,F,40,SC,IND,8638,1,8639,336882,219858,3.9718079335013
385,Ajagara ,SAURABH KUMAR,M,25,SC,IND,3532,7,3539,336882,219858,1.62706659065414
385,Ajagara ,None of the Above,,,,NOTA,2347,3,2350,336882,219858,1.08042003052761
385,Ajagara ,AMAR NATH,M,46,SC,NCP,1470,0,1470,336882,219858,0.675837210585358
385,Ajagara ,RAJESH,M,38,SC,RLD,1287,1,1288,336882,219858,0.592162127370028
385,Ajagara ,SHASHIKANT,M,28,SC,ASP,1196,0,1196,336882,219858,0.549864832557883
385,Ajagara ,MAHENDRA PRATAP GAUTAM,M,40,SC,MAHAD,953,1,954,336882,219858,0.438604557073763
385,Ajagara ,SADANAND PRASAD,M,29,SC,IND,835,0,835,336882,219858,0.383893925740662
385,Ajagara ,LALATA,M,52,SC,BSKD,452,0,452,336882,219858,0.207808448424886
385,Ajagara ,VIDYA DEVI,F,47,SC,BMUP,448,0,448,336882,219858,0.205969435606966
386,Shivpur,ANIL RAJBHAR,M,44,GEN,BJP,110245,208,110453,341279,227886,48.6418524357698
386,Shivpur,ANAND MOHAN &QUOT;GUDDU YADAV&QUOT;,M,45,GEN,SP,56085,109,56194,341279,227886,24.7469987757295
386,Shivpur,VIRENDRA SINGH,M,58,GEN,BSP,46457,200,46657,341279,227886,20.5470463373174
386,Shivpur,SAROJ CHAUDHARI,M,40,GEN,NINSHAD,2928,1,2929,341279,227886,1.28988787796049
386,Shivpur,SRIRAM,M,39,GEN,MADP,2379,0,2379,341279,227886,1.04767608797132
386,Shivpur,RAMDULAR,M,68,GEN,SSD,1113,0,1113,341279,227886,0.490148585923532
386,Shivpur,ARVIND KUMAR PANDEY,M,46,GEN,JANADIP,1056,4,1060,341279,227886,0.46680817707003
386,Shivpur,SHIVA SONKAR,M,32,SC,RKSP,1001,0,1001,341279,227886,0.440825457780283
386,Shivpur,NISHANT,M,25,GEN,NCP,964,0,964,341279,227886,0.424531210090103
386,Shivpur,None of the Above,,,,NOTA,810,2,812,341279,227886,0.357592679038551
386,Shivpur,HAVALDAR YADAV,M,59,GEN,RLD,723,1,724,341279,227886,0.318838792640285
386,Shivpur,SANTOSH MURAT SINGH &QUOT;JINDA&QUOT;,M,36,GEN,IND,702,0,702,341279,227886,0.309150321040718
386,Shivpur,INDRAJEET KUMAR SINGH &QUOT;PATEL&QUOT;,M,36,GEN,SARSAMP,546,0,546,341279,227886,0.240450249698336
386,Shivpur,MINTU RAJBHAR,M,34,GEN,BSD,503,0,503,341279,227886,0.22151369157191
386,Shivpur,INDRAKANT SHARMA,M,28,GEN,RVMP,414,0,414,341279,227886,0.182319420100936
386,Shivpur,DHANANJAY PANDEY (CHHEDI BABA),M,44,GEN,SHS,410,0,410,341279,227886,0.180557879810106
386,Shivpur,AJAY GUPTA,M,32,GEN,RPI(A),368,0,368,341279,227886,0.162061706756388
386,Shivpur,BUDDHU RAM,M,47,SC,GEKP,329,0,329,341279,227886,0.144886688920792
386,Shivpur,KRISHNA KANT &QUOT;MASTER SAHAB&QUOT;,M,43,GEN,BMUP,327,1,328,341279,227886,0.144446303848085
387,Rohaniya,SURENDRA NARAYAN SINGH,M,61,GEN,BJP,119676,209,119885,379258,233782,51.7656050295347
387,Rohaniya,MAHENDRA SINGH  PATEL,M,49,GEN,SP,62185,147,62332,379258,233782,26.9145739058344
387,Rohaniya,PRAMOD KUMAR SINGH,M,39,GEN,BSP,30411,120,30531,379258,233782,13.1830978617569
387,Rohaniya,KRISHNA PATEL,F,61,GEN,IND,9525,24,9549,379258,233782,4.12319941966907
387,Rohaniya,PARVATI DEVI,F,45,GEN,IND,2918,8,2926,379258,233782,1.26342878855919
387,Rohaniya,None of the Above,,,,NOTA,2187,3,2190,379258,233782,0.945628519119831
387,Rohaniya,AMEERCHAND PATEL,M,49,GEN,IND,1507,0,1507,379258,233782,0.650713323430861
387,Rohaniya,PRABHUNARAYAN,M,61,GEN,IND,1270,0,1270,379258,233782,0.548378182320633
387,Rohaniya,PRAVEEN KUMAR PANDEY,M,27,GEN,RSPS,1261,0,1261,379258,233782,0.54449203772151
387,Rohaniya,SANGEETA VISHWAKARMA,F,32,GEN,MADP,734,0,734,379258,233782,0.316936681750665
387,Rohaniya,MANOJ KUMAR SINGH,M,50,GEN,RKSP,595,0,595,379258,233782,0.256917337386438
387,Rohaniya,UMESH YADAV,M,30,GEN,IND,526,1,527,379258,233782,0.227555355970845
387,Rohaniya,SEWARAM SINGH,M,58,GEN,SSD,475,0,475,379258,233782,0.205102076064804
388,Varanasi North,RAVINDRA JAISWAL,M,50,GEN,BJP,115716,301,116017,384603,227695,51.2035484155707
388,Varanasi North,ABDUL SAMAD ANSARI,M,42,GEN,INC,70416,99,70515,384603,227695,31.1214582046076
388,Varanasi North,SUJEET KUMAR MAURYA,M,41,GEN,BSP,32443,131,32574,384603,227695,14.3763792038132
388,Varanasi North,SUJEET SINGH TEEKA,M,43,GEN,IND,1946,11,1957,384603,227695,0.863712595992585
388,Varanasi North,None of the Above,,,,NOTA,1114,1,1115,384603,227695,0.49209992055786
388,Varanasi North,DR. ASHOK KUMAR SINGH,M,60,GEN,IND,1072,3,1075,384603,227695,0.47444611174861
388,Varanasi North,SUVRAT KOSHIK,M,47,GEN,IND,778,0,778,384603,227695,0.343366581339924
388,Varanasi North,VIBYA KUMAR ALIAS DIVYA KUMAR GUPTA,M,25,GEN,RLD,768,0,768,384603,227695,0.338953129137611
388,Varanasi North,VINOD KUMAR YADAV,M,39,GEN,NJAP,490,0,490,384603,227695,0.21625915791332
388,Varanasi North,AMAAN AKHTAR,M,34,GEN,CPI(ML)(L),407,0,407,384603,227695,0.179627504634125
388,Varanasi North,VISHAL MISHRA,M,33,GEN,SAJPCS,384,1,385,384603,227695,0.169917909789037
388,Varanasi North,VINOD KUMAR AGRAHARI,M,35,GEN,RBCP,370,0,370,384603,227695,0.163297731485568
388,Varanasi North,RAJENDRA KUMAR GUPT,M,59,GEN,RVMP,277,0,277,384603,227695,0.12225262600406
388,Varanasi North,KUNDAN PANDEY,M,25,GEN,MAJP,267,0,267,384603,227695,0.117839173801748
388,Varanasi North,KIRAN,F,41,GEN,BHASP,220,0,220,384603,227695,0.0970959484508783
388,Varanasi North,NARENDRA NATH DUBEY ADIG,M,50,GEN,BHAKALP,185,0,185,384603,227695,0.081648865742784
388,Varanasi North,NARENDRA BAHADUR SINGH,M,58,GEN,MAKM,178,0,178,384603,227695,0.0785594492011652
388,Varanasi North,ASHUTOSH SINGH,M,31,GEN,NLIP,117,0,117,384603,227695,0.051637390767058
389,Varanasi South,DR. NEELKANTH TIWARI,M,45,GEN,BJP,92450,110,92560,281290,178837,51.8892252494674
389,Varanasi South,RAJESH MISHRA,M,56,GEN,INC,75287,47,75334,281290,178837,42.2323130395784
389,Varanasi South,RAKESH TRIPATHI,M,39,GEN,BSP,5904,18,5922,281290,178837,3.31987891019173
389,Varanasi South,SATISH KUMAR AGRAHARI,M,36,GEN,IND,844,0,844,281290,178837,0.473147213813208
389,Varanasi South,RUBI FATMA,F,34,GEN,IND,799,0,799,281290,178837,0.447920170422693
389,Varanasi South,SHIVNATH YADAV,M,69,GEN,CPM,740,0,740,281290,178837,0.414844713532907
389,Varanasi South,MU. MUSA ANSARI,M,47,GEN,IND,464,0,464,281290,178837,0.260118847404418
389,Varanasi South,None of the Above,,,,NOTA,456,1,457,281290,178837,0.256194640654782
389,Varanasi South,RITIKA RANI,F,26,GEN,RKSP,319,0,319,281290,178837,0.178831707590537
389,Varanasi South,HAJI HARIS MAOUZ RAJBEE,M,42,GEN,PECP,259,0,259,281290,178837,0.145195649736518
389,Varanasi South,ROYAL AJEET SINGH,M,37,GEN,IND,225,0,225,281290,178837,0.126135216952573
389,Varanasi South,VIMLESH KUMAR SHARMA,M,36,GEN,MADP,196,0,196,281290,178837,0.109877788989797
389,Varanasi South,PARVEZ QUADIR KHAN,M,45,GEN,IND,188,0,188,281290,178837,0.105392981275928
389,Varanasi South,ABHISHEK KUMAR SINGH,M,39,GEN,JANADIP,127,0,127,281290,178837,0.0711963224576746
389,Varanasi South,KISHAN SETH,M,43,GEN,IND,120,0,120,281290,178837,0.067272115708039
389,Varanasi South,PRIYA AGRAWAL,F,36,GEN,MAJP,106,0,106,281290,178837,0.0594237022087678
389,Varanasi South,NARENDRA NATH DUBEY ADIG,M,50,GEN,BHAKALP,91,0,91,281290,178837,0.0510146877452629
389,Varanasi South,IMRAN,M,32,GEN,VIP,86,0,86,281290,178837,0.0482116829240946
390,Varanasi Cantt.,SAURABH SRIVASTAVA,M,41,GEN,BJP,132358,251,132609,412316,227600,58.4587510249425
390,Varanasi Cantt.,ANIL SRIVASTAVA,M,60,GEN,INC,71168,115,71283,412316,227600,31.4240749067633
390,Varanasi Cantt.,RIJWAN AHMAD,M,33,GEN,BSP,14070,48,14118,412316,227600,6.22371518501865
390,Varanasi Cantt.,AJOY MUKHERJEE,M,55,GEN,CPI,1514,1,1515,412316,227600,0.667865739148835
390,Varanasi Cantt.,DHURANDHAR SINGH,M,63,GEN,IND,991,0,991,412316,227600,0.436867952142901
390,Varanasi Cantt.,AJAY KUMAR SINGH,M,48,GEN,SAJPCS,765,0,765,412316,227600,0.337239135609808
390,Varanasi Cantt.,None of the Above,,,,NOTA,755,3,758,412316,227600,0.33415328731011
390,Varanasi Cantt.,VINOD KUMAR NISHAD &AMP;QUOT;GURU&AMP;QUOT;,M,33,GEN,NINSHAD,631,0,631,412316,227600,0.278167182444168
390,Varanasi Cantt.,MRITYUNJAI VERMA,M,38,GEN,NCP,601,0,601,412316,227600,0.264942118302607
390,Varanasi Cantt.,RAM PRAKASH OJHA,M,62,GEN,IND,555,0,555,412316,227600,0.24466368661888
390,Varanasi Cantt.,GANESH SHANKAR CHATURVEDI,M,40,GEN,IND,469,0,469,412316,227600,0.206751836079738
390,Varanasi Cantt.,BHUVANESHWAR DWIVEDI URF BABA,M,55,GEN,IND,422,2,424,412316,227600,0.186914239867397
390,Varanasi Cantt.,CHANDAN URF RAM RENU CHANDAN ADVOCATE,M,43,GEN,MADP,379,2,381,412316,227600,0.167958314597826
390,Varanasi Cantt.,SANJAY BAJAJ,M,48,GEN,NJAP,288,0,288,412316,227600,0.126960615758986
390,Varanasi Cantt.,SHANKAR PRASAD,M,64,SC,RTSJP,279,0,279,412316,227600,0.122993096516518
390,Varanasi Cantt.,SUNIL KUMAR SHUKLA,M,51,GEN,IND,262,1,263,412316,227600,0.115939728974352
390,Varanasi Cantt.,SURAJ,M,33,GEN,BHAKALP,254,0,254,412316,227600,0.111972209731884
390,Varanasi Cantt.,PARVEZ QUADIR KHAN,M,45,GEN,IEMC,252,0,252,412316,227600,0.111090538789113
390,Varanasi Cantt.,PANNA LAL YADAV,M,52,GEN,IND,239,0,239,412316,227600,0.105359677661103
390,Varanasi Cantt.,SATISH KUMAR,M,37,GEN,SSCP,216,0,216,412316,227600,0.0952204618192398
390,Varanasi Cantt.,SHATRUGHAN,M,55,GEN,AACP,195,0,195,412316,227600,0.0859629169201471
390,Varanasi Cantt.,SUNIL KUMAR MAURYA,M,36,GEN,IND,160,0,160,412316,227600,0.0705336754216591
390,Varanasi Cantt.,MUHAMMAD AKRAM,M,55,GEN,IND,137,0,137,412316,227600,0.0603944595797956
390,Varanasi Cantt.,MAHESH CHANDRA SHARMA,M,73,GEN,IND,110,1,111,412316,227600,0.048932737323776
390,Varanasi Cantt.,VIJAY SHANKAR PANDEY,M,40,GEN,IND,106,0,106,412316,227600,0.0467285599668492
391,Sevapuri,NEEL RATAN SINGH PATEL &AMP;QUOT;NEELU&AMP;QUOT;,M,45,GEN,ADAL,103285,138,103423,318423,206507,50.4795466636731
391,Sevapuri,SURENDRA SINGH PATEL,M,59,GEN,SP,54131,110,54241,318423,206507,26.474392452204
391,Sevapuri,MAHENDRA KUMAR PANDEY,M,47,GEN,BSP,35558,99,35657,318423,206507,17.4037612077255
391,Sevapuri,VIBHUTI NARAYAN SINGH,M,63,GEN,IND,2784,5,2789,318423,206507,1.361278010162
391,Sevapuri,None of the Above,,,,NOTA,1626,0,1626,318423,206507,0.793631425071139
391,Sevapuri,YUSUF,M,41,GEN,IEMC,1550,0,1550,318423,206507,0.756536721316276
391,Sevapuri,MANOJ KUMAR CHAUBEY,M,37,GEN,IND,1200,0,1200,318423,206507,0.585705848760988
391,Sevapuri,SHYAMLAL MAURYA,M,58,GEN,CPM,1148,1,1149,318423,206507,0.560813350188646
391,Sevapuri,AKHILESH KUMAR SINGH &AMP;QUOT;MUNNA&AMP;QUOT;,M,48,GEN,LD,966,1,967,318423,206507,0.471981296459896
391,Sevapuri,NAGESHWAR,M,36,GEN,BSD,862,0,862,318423,206507,0.42073203469331
391,Sevapuri,JAY PRAKASH,M,37,SC,RSPS,609,4,613,318423,206507,0.299198071075405
391,Sevapuri,TEJ BAHADUR SINGH PATEL,M,66,GEN,IND,609,0,609,318423,206507,0.297245718246201
391,Sevapuri,SURLIDHAR,M,35,GEN,IND,509,0,509,318423,206507,0.248436897516119
391,Sevapuri,DILIP KUMAR RAJBHAR,M,30,GEN,RPI(A),496,0,496,318423,206507,0.242091750821208
391,Sevapuri,VIJAY PRATAP BHARATI,M,30,GEN,BMUP,457,0,457,318423,206507,0.223056310736476
391,Sevapuri,ASHUTOSH KUMAR,M,26,GEN,IND,359,0,359,318423,206507,0.175223666420996
392,Bhadohi,RAVINDRA NATH TRIPATHI,M,56,GEN,BJP,79356,163,79519,415458,239518,33.3150388792063
392,Bhadohi,ZAHID BEG,M,52,GEN,SP,78217,197,78414,415458,239518,32.852091433168
392,Bhadohi,RANGNATH MISHRA,M,57,GEN,BSP,56436,119,56555,415458,239518,23.6941111409036
392,Bhadohi,DR. R.K. PATEL,M,47,GEN,NINSHAD,11411,22,11433,415458,239518,4.78993497787907
392,Bhadohi,RAMDHANI YADAV,M,30,GEN,BMUP,1354,0,1354,415458,239518,0.567267730258748
392,Bhadohi,KHUSHIYAL CHANDRA,M,40,GEN,IND,1140,0,1140,415458,239518,0.477610939804263
392,Bhadohi,TASAUWAR,M,52,GEN,IND,1115,0,1115,415458,239518,0.467137015685749
392,Bhadohi,KAMLA,M,55,GEN,SHSAP,916,0,916,415458,239518,0.383764579702373
392,Bhadohi,KAPILMUNI SHUKLA,M,48,GEN,IND,859,0,859,415458,239518,0.35988403271216
392,Bhadohi,None of the Above,,,,NOTA,830,0,830,415458,239518,0.347734280734683
392,Bhadohi,JAGANNATH MAURYA,M,64,GEN,CPM,801,4,805,415458,239518,0.337260356616168
392,Bhadohi,DR. AKHILESH KUMAR DWIVEDI,M,48,GEN,RLD,710,0,710,415458,239518,0.297459444965813
392,Bhadohi,SURESH GAUTAM,M,49,GEN,IND,630,0,630,415458,239518,0.263942887786567
392,Bhadohi,NISHA,F,30,GEN,IND,572,0,572,415458,239518,0.239643383831613
392,Bhadohi,RAGHURAJ PAL,M,32,GEN,BEP,569,0,569,415458,239518,0.238386512937391
392,Bhadohi,MAHENDRA KUMAR GOND,M,42,GEN,GGP,564,1,565,415458,239518,0.236710685078429
392,Bhadohi,JAY RAM PANDEY,M,48,GEN,LD,559,0,559,415458,239518,0.234196943289985
392,Bhadohi,RAJESH KUMAR VISHWKARMA,M,43,GEN,PMSP,546,0,546,415458,239518,0.228750502748358
392,Bhadohi,PANKAJ KUMAR,M,31,GEN,OP,529,0,529,415458,239518,0.221628234347768
392,Bhadohi,DINESH KUMAR TIWARI,M,29,GEN,SAMSAMPA,481,0,481,415458,239518,0.20151830004022
392,Bhadohi,BHARAT,M,48,GEN,SHS,440,1,441,415458,239518,0.184760021450597
392,Bhadohi,RAMJEET,M,46,GEN,CPI(ML)(L),415,0,415,415458,239518,0.173867140367341
392,Bhadohi,VALIULLAH ENGINEER,M,50,GEN,BAWPA,310,0,310,415458,239518,0.12987665906958
392,Bhadohi,SARITA,F,44,GEN,JANADIP,251,0,251,415458,239518,0.105158198149886
393,Gyanpur,VIJAY MISHRA,M,63,GEN,NINSHAD,66299,149,66448,368117,208900,31.9667478086844
393,Gyanpur,MAHENDRA KUMAR BIND,M,44,GEN,BJP,46151,67,46218,368117,208900,22.2345164673395
393,Gyanpur,RAJESH KUMAR YADAV,M,46,GEN,BSP,44243,76,44319,368117,208900,21.3209471486438
393,Gyanpur,RAMRATI BIND,M,80,GEN,SP,39049,156,39205,368117,208900,18.8607083409504
393,Gyanpur,SEEMA DEVI,F,34,GEN,IND,1698,0,1698,368117,208900,0.816872408186043
393,Gyanpur,RANGLAL GOND,M,55,GEN,GGP,1486,0,1486,368117,208900,0.714883626951979
393,Gyanpur,SUSHIL,M,47,GEN,CPI,1374,0,1374,368117,208900,0.66100276139436
393,Gyanpur,GANGARAM PAL,M,69,GEN,RLD,1123,0,1123,368117,208900,0.540251893046482
393,Gyanpur,None of the Above,,,,NOTA,1033,1,1034,368117,208900,0.497435848094445
393,Gyanpur,RAMESH KUMAR,M,29,GEN,IND,1018,0,1018,368117,208900,0.489738581586214
393,Gyanpur,SHIVMANI,M,34,GEN,RSHJP,1004,0,1004,368117,208900,0.483003473391512
393,Gyanpur,SATISH BAHADUR (KHANIJ WALE),M,44,GEN,IND,995,0,995,368117,208900,0.478673760980632
393,Gyanpur,PREMCHAND BIND,M,48,GEN,PMSP,859,0,859,368117,208900,0.413246995660666
393,Gyanpur,KOMAL,M,43,SC,IND,693,0,693,368117,208900,0.333387855637767
393,Gyanpur,JAMALUDDIN,M,53,GEN,RVLP,575,0,575,368117,208900,0.276620515139561
393,Gyanpur,SUSHIL KUMAR,M,34,SC,BMUP,432,0,432,368117,208900,0.207826195722244
393,Gyanpur,SEETA DEVI,F,41,GEN,AAPA,419,0,419,368117,208900,0.201572166684306
394,Aurai ,DINANATH BHASHKAR,M,53,SC,BJP,83237,88,83325,349041,206026,40.9366924429859
394,Aurai ,MADHUBALA PASI,F,47,SC,SP,63438,108,63546,349041,206026,31.2194786436481
394,Aurai ,BAIJNATH GAUTAM,M,48,SC,BSP,48995,64,49059,349041,206026,24.1021685515805
394,Aurai ,SURESH KUMAR PASI,M,25,SC,NINSHAD,3505,3,3508,349041,206026,1.72344334941487
394,Aurai ,None of the Above,,,,NOTA,2480,0,2480,349041,206026,1.21839780688395
394,Aurai ,GULAB BANVASI,M,42,SC,PMSP,947,2,949,349041,206026,0.466233676908414
394,Aurai ,GYANENDRA DHRUW (DHURWE JI),M,27,SC,GGP,944,0,944,349041,206026,0.463777229717116
394,Aurai ,RANJU RATNA SAROJ,F,34,SC,LD,742,0,742,349041,206026,0.364536763188665
394,Aurai ,SUMAN DEVI,F,32,SC,UPRP,565,1,566,349041,206026,0.278069822054965
394,Aurai ,VIJAY SINGH PAL,M,27,SC,RSPS,554,0,554,349041,206026,0.27217434879585
394,Aurai ,RADHESHYAM INSAN,M,62,SC,BRPI,353,0,353,349041,206026,0.173425171705659
395,Chhanbey ,RAHUL PRAKASH,M,33,SC,ADAL,106665,342,107007,357230,215798,50.6180197823095
395,Chhanbey ,DHANESHWAR,M,37,SC,BSP,43347,192,43539,357230,215798,20.5954560290633
395,Chhanbey ,BHAI LAL,M,53,SC,SP,36805,303,37108,357230,215798,17.5533701354298
395,Chhanbey ,SAROJ SARGAM,F,30,SC,NINSHAD,15075,20,15095,357230,215798,7.14045818137095
395,Chhanbey ,None of the Above,,,,NOTA,4393,4,4397,357230,215798,2.07993339671998
395,Chhanbey ,SUSHIL KUMAR,M,31,SC,RSPS,2062,2,2064,357230,215798,0.976343536690933
395,Chhanbey ,VAKEEL KUMAR SAROJ,M,25,SC,RLD,1910,0,1910,357230,215798,0.903496199166513
395,Chhanbey ,SURESH,M,33,SC,CPI(ML)(L),1630,1,1631,357230,215798,0.771519529235907
395,Chhanbey ,SINDHORA DEVI,F,36,SC,BMUP,1578,4,1582,357230,215798,0.748340830932682
395,Chhanbey ,DHARMRAJ,M,29,SC,CPM,1464,1,1465,357230,215798,0.692995775800493
396,Mirzapur,RATNAKAR MISHR,M,58,GEN,BJP,108506,690,109196,385084,225234,48.7684619060592
396,Mirzapur,KAILASH CHAURASIYA,M,58,GEN,SP,51360,424,51784,385084,225234,23.1274591683154
396,Mirzapur,MO. PARVEZ KHAN,M,48,GEN,BSP,49571,384,49955,385084,225234,22.3106021696508
396,Mirzapur,DOCTOR ASHA KUMAR,M,61,GEN,IND,2272,3,2275,385084,225234,1.0160468408759
396,Mirzapur,RAJIV KUMAR,M,30,GEN,IND,1910,0,1910,385084,225234,0.853032732339766
396,Mirzapur,AJAY KUMAR,M,41,GEN,IND,1363,1,1364,385084,225234,0.60918149052955
396,Mirzapur,None of the Above,,,,NOTA,1317,10,1327,385084,225234,0.592656772677942
396,Mirzapur,DINESH KUMAR YADAV,M,44,GEN,CPI,1160,4,1164,385084,225234,0.519858691331669
396,Mirzapur,AMRESH,M,32,SC,BCB,1133,2,1135,385084,225234,0.506906885447976
396,Mirzapur,MANISH SINGH,M,45,GEN,IND,1018,2,1020,385084,225234,0.455546275909194
396,Mirzapur,DINESH PRASAD,M,61,GEN,RLD,841,5,846,385084,225234,0.377835440607038
396,Mirzapur,RAMCHANDER,M,38,GEN,IND,744,1,745,385084,225234,0.332727427012108
396,Mirzapur,MO. SAGIR BAJIGAR,M,49,GEN,SURSAP,452,0,452,385084,225234,0.201869526187212
396,Mirzapur,RAMESH CHANDRA,M,45,GEN,PMSP,443,1,444,385084,225234,0.198296614219296
396,Mirzapur,GYANPRAKASH PANDEY,M,61,GEN,IND,388,0,388,385084,225234,0.17328623044389
396,Mirzapur,DROPADI DEVI,F,56,GEN,BMUP,320,2,322,385084,225234,0.143809706708589
396,Mirzapur,PARVEZ KHAN,M,46,GEN,BHANYD,293,4,297,385084,225234,0.132644356808854
396,Mirzapur,RAKESH KUMAR,M,35,GEN,RSHJP,228,0,228,385084,225234,0.101827991085585
396,Mirzapur,RAMPAL,M,29,GEN,IND,193,0,193,385084,225234,0.0861965012259554
396,Mirzapur,SHASHIPRAKASH SINGH,M,36,GEN,IND,189,0,189,385084,225234,0.0844100452419978
397,Majhawan,SHUCHISMITA MAURYA,F,42,GEN,BJP,107311,528,107839,376709,240169,45.212859622496
397,Majhawan,RAMESH CHAND BIND,M,42,GEN,BSP,66308,372,66680,376709,240169,27.9564302305106
397,Majhawan,ROHIT SHUKLA,M,29,GEN,SP,43830,382,44212,376709,240169,18.5364381126475
397,Majhawan,TULSIDAS,M,40,GEN,NINSHAD,4855,12,4867,376709,240169,2.04055107876267
397,Majhawan,KANHAIYA LAL,M,45,SC,IND,3663,4,3667,376709,240169,1.53743595763771
397,Majhawan,ASHISH,M,27,GEN,SHSAP,1833,0,1833,376709,240169,0.768508347518385
397,Majhawan,ARVIND KUMAR,M,47,GEN,IND,1671,0,1671,376709,240169,0.700587806166514
397,Majhawan,None of the Above,,,,NOTA,1653,2,1655,376709,240169,0.693879604551515
397,Majhawan,BABAU SINGH,M,56,GEN,IND,1606,3,1609,376709,240169,0.674593524908391
397,Majhawan,ISRAR AHMAD,M,35,GEN,IND,1047,1,1048,376709,240169,0.43938720578247
397,Majhawan,RAJESH,M,31,GEN,IND,806,0,806,376709,240169,0.337925656355602
397,Majhawan,HARISHANKAR,M,63,SC,BMUP,787,7,794,376709,240169,0.332894505144352
397,Majhawan,SURYAPRAKASH,M,35,GEN,MAJP,583,3,586,376709,240169,0.245687884149358
397,Majhawan,SHYAMDHAR DUBEY,M,45,GEN,RPI,573,3,576,376709,240169,0.241495258139983
397,Majhawan,GANESH PRASAD,M,36,GEN,SHS,531,0,531,376709,240169,0.222628441097797
397,Majhawan,RAMKALI,F,56,SC,VP,526,1,527,376709,240169,0.220951390694047
397,Majhawan,RAJESH KUMAR PANDEY,M,28,GEN,PMSP,508,2,510,376709,240169,0.21382392647811
397,Majhawan,RAJESHWER PRASAD,M,54,GEN,RSAD,402,0,402,376709,240169,0.168543565576863
397,Majhawan,VIVEK KUMAR,M,29,GEN,BRJ,356,0,356,376709,240169,0.14925748593374
398,Chunar,ANURAG SINGH,M,46,GEN,BJP,105149,459,105608,335557,216603,49.3352393231867
398,Chunar,JAGTAMBA SINGH PATEL,M,67,GEN,SP,43094,286,43380,335557,216603,20.265156823724
398,Chunar,ANMOL SINGH,M,62,GEN,BSP,38861,206,39067,335557,216603,18.2503200007474
398,Chunar,RAMRAJ SINGH PATEL,M,52,GEN,IND,16876,133,17009,335557,216603,7.94582877857817
398,Chunar,SARVESH KUMAR SINGH ALIAS RAJA BHAIYA,M,46,GEN,IND,3879,19,3898,335557,216603,1.82096775700498
398,Chunar,None of the Above,,,,NOTA,2536,5,2541,335557,216603,1.18703926899683
398,Chunar,AJIT,M,25,GEN,MADP,1621,0,1621,335557,216603,0.757257243228597
398,Chunar,DOCTOR MEERA,F,34,SC,IND,780,0,780,335557,216603,0.36438041315133
398,Chunar,BHAKT PRAKASH,M,54,GEN,CPI(ML)(L),663,1,664,335557,216603,0.310190505554466
398,Chunar,RAMASHANKAR SINGH,M,52,GEN,IND,529,1,530,335557,216603,0.24759181919257
398,Chunar,MUMTAZ RAYEEN ALIAS WHITE BABA,M,31,GEN,IND,514,0,514,335557,216603,0.24011734917921
398,Chunar,RANAJEET KHARWAR (BABA),M,47,GEN,RPI(A),503,0,503,335557,216603,0.234978651045024
398,Chunar,SHARADA PRASAD BAUDH,M,51,SC,UPRP,488,0,488,335557,216603,0.227971335407499
399,Marihan,RAMA SHANKAR SINGH,M,47,GEN,BJP,106225,292,106517,344921,238300,45.1944536374668
399,Marihan,LALITESH PATI TRIPATHI,M,40,GEN,INC,59581,338,59919,344921,238300,25.4232326060946
399,Marihan,AWADHESH KUMAR SINGH,M,47,GEN,BSP,52600,182,52782,344921,238300,22.3950510424887
399,Marihan,SIDDHARTH SHEKHAR BAUDDH,M,26,SC,IND,2787,0,2787,344921,238300,1.18250553702808
399,Marihan,None of the Above,,,,NOTA,2614,0,2614,344921,238300,1.10910278930441
399,Marihan,RAJENDRA PRASAD,M,55,SC,IND,2421,0,2421,344921,238300,1.02721417479188
399,Marihan,KAUSHILYA,F,62,GEN,NINSHAD,2252,0,2252,344921,238300,0.955508600425991
399,Marihan,ARVIND,M,44,GEN,CPM,2079,2,2081,344921,238300,0.882954439381211
399,Marihan,RAJARAM,M,59,SC,IND,1497,3,1500,344921,238300,0.636440009164736
399,Marihan,RAM LAUTAN SINGH,M,71,GEN,BMUP,1465,5,1470,344921,238300,0.623711208981441
399,Marihan,BASANT LAL,M,43,SC,CPI(ML)(L),1141,0,1141,344921,238300,0.484118700304643
399,Marihan,KAILASH NATH,M,54,SC,IND,856,2,858,344921,238300,0.364043685242229
399,Marihan,AJAY SINGH,M,44,GEN,IND,712,3,715,344921,238300,0.303369737701858
399,Marihan,PARAS NATH,M,62,SC,AASAMP,644,0,644,344921,238300,0.273244910601393
399,Marihan,NEERMALA,F,33,SC,BRPI,599,0,599,344921,238300,0.254151710326451
400,Ghorawal,ANIL KUMAR MAURYA,M,47,GEN,BJP,114140,165,114305,366165,239030,48.8890314578388
400,Ghorawal,RAMESH CHANDRA DUBEY,M,50,GEN,SP,56476,180,56656,366165,239030,24.2321592780308
400,Ghorawal,BEENA SINGH,F,54,GEN,BSP,52965,125,53090,366165,239030,22.7069566519108
400,Ghorawal,None of the Above,,,,NOTA,5224,1,5225,366165,239030,2.23476828981416
400,Ghorawal,BABA,M,67,ST,IND,1924,0,1924,366165,239030,0.822907978871282
400,Ghorawal,EN. VINAY  SINGH MAURYA,M,30,GEN,IND,1801,0,1801,366165,239030,0.770300036355082
400,Ghorawal,RAJENDRA PRASAD,M,54,SC,RLD,1108,0,1108,366165,239030,0.47389918949552
400,Ghorawal,GANGESHWAR SINGH CHAUHAN,M,47,GEN,JPS,977,2,979,366165,239030,0.418725005880969
400,Ghorawal,DHEERENDRA KUMAR URF DHEERAJ CHAUBEY,M,31,GEN,IND,935,1,936,366165,239030,0.400333611342786
400,Ghorawal,AMBIKESH,M,45,GEN,IND,763,0,763,366165,239030,0.326340326340326
400,Ghorawal,RAM PRAVESH,M,38,SC,CPI(ML)(L),742,0,742,366165,239030,0.317358482496097
400,Ghorawal,JITENDRA SINGH,M,42,GEN,BSRD,604,0,604,366165,239030,0.25833493723402
400,Ghorawal,KAILASH NATH,M,38,SC,IND,532,0,532,366165,239030,0.227540044053806
400,Ghorawal,GHANSHYAM YADAV,M,25,GEN,BMUP,364,1,365,366165,239030,0.156113000149697
401,Robertsganj,BHUPESH CHAUBEY,M,42,GEN,BJP,89765,167,89932,325035,203438,44.4602644914102
401,Robertsganj,AVINASH KUSHVAHA,M,34,GEN,SP,49208,186,49394,325035,203438,24.4192312445928
401,Robertsganj,SUNIL KUMAR SINGH YADAV,M,35,GEN,BSP,39212,124,39336,325035,203438,19.4467927326659
401,Robertsganj,PRABHUDAYAL,M,63,GEN,IND,3697,0,3697,325035,203438,1.82770980101347
401,Robertsganj,KAILASH NATH PRAJAPATI,M,39,GEN,GGP,3326,0,3326,325035,203438,1.64429613150414
401,Robertsganj,KALI PRASAD DHANGAR,M,63,SC,CPI,2536,0,2536,325035,203438,1.25373872203683
401,Robertsganj,RAMESH DEV PANDEY,M,57,GEN,IND,2483,6,2489,325035,203438,1.23050302805586
401,Robertsganj,CH. YASHVANT PATEL,M,60,GEN,RLD,2049,3,2052,325035,203438,1.01446051167964
401,Robertsganj,NAVNIT KUMAR SINGH,M,45,GEN,IND,1578,1,1579,325035,203438,0.780620442466939
401,Robertsganj,TAMESHVAR,M,36,GEN,IND,1223,1,1224,325035,203438,0.605116796440489
401,Robertsganj,SAMRIDDHI KUSHAWAHA,F,25,GEN,IND,1185,0,1185,325035,203438,0.585836114200964
401,Robertsganj,None of the Above,,,,NOTA,1162,1,1163,325035,203438,0.574959831912001
401,Robertsganj,PRABHA SHANKAR LALSRIWASTVA,M,60,GEN,IND,1060,0,1060,325035,203438,0.524039055740947
401,Robertsganj,RAHUL SINGH YADAV,M,27,GEN,NCP,844,0,844,325035,203438,0.417253738722037
401,Robertsganj,BINDU KUMAR,M,27,GEN,BSRD,686,0,686,325035,203438,0.339142256828575
401,Robertsganj,SANTOSH SINGH PATEL,M,29,GEN,IND,654,0,654,325035,203438,0.323322209862811
401,Robertsganj,CHANDRA KUMAR,M,45,GEN,IND,601,0,601,325035,203438,0.297120257075763
401,Robertsganj,M AYUB KHAN,M,72,GEN,IND,598,0,598,325035,203438,0.295637127672723
401,Robertsganj,M.SO. RAJAN,M,45,GEN,AMKP,560,0,560,325035,203438,0.276850821900878
401,Robertsganj,RAM SHRINGAR,M,41,SC,JANADIP,522,0,522,325035,203438,0.258064516129032
402,Obra,SANJIV KUMAR,M,41,ST,BJP,77952,106,78058,307843,162843,49.2361452774729
402,Obra,RAVI GOND,M,28,ST,SP,33690,99,33789,307843,162843,21.3128713620709
402,Obra,VIRENDRA PRATAP SINGH,M,33,ST,BSP,29056,57,29113,307843,162843,18.3634207571686
402,Obra,SUBHASH KHARVAR,M,47,ST,IND,6194,4,6198,307843,162843,3.9094728077811
402,Obra,None of the Above,,,,NOTA,4303,2,4305,307843,162843,2.71543730840556
402,Obra,BAHADUR RAM PANIKA,M,69,ST,CPI,3271,1,3272,307843,162843,2.06385850710871
402,Obra,JAGDEESH BAIGA,M,43,ST,NINSHAD,1825,0,1825,307843,162843,1.15114357441118
402,Obra,RAM SURAT,M,43,ST,IND,1709,0,1709,307843,162843,1.0779749965308
402,Obra,KRIPA SHANKAR,M,32,ST,AIPF,1631,0,1631,307843,162843,1.02877543554227
402,Obra,INDRASHAH,M,65,ST,IND,1110,0,1110,307843,162843,0.700147598682966
402,Obra,JOY DENIYAL VANI,M,26,ST,IND,1102,0,1102,307843,162843,0.695101489863629
402,Obra,OM PRAKASH,M,51,ST,IND,731,0,731,307843,162843,0.46108819336689
403,Duddhi ,HAR IRAM,M,51,ST,ADAL,64364,35,64399,308054,196600,34.2405810355278
403,Duddhi ,VIJAY SINGH GOND,M,61,ST,BSP,63274,40,63314,308054,196600,33.6636927232319
403,Duddhi ,ANIL KUMAR SINGH,M,33,ST,INC,45991,99,46090,308054,196600,24.5057901508948
403,Duddhi ,None of the Above,,,,NOTA,8521,1,8522,308054,196600,4.53109879943428
403,Duddhi ,PRATOSH KUMAR,M,55,ST,IND,4699,0,4699,308054,196600,2.49843150182371
403,Duddhi ,SHIVKUMAR KHARWAR,M,44,ST,RLD,3311,1,3312,308054,196600,1.76097151181956
403,Duddhi ,VIGAN RAM,M,49,ST,CPI(ML)(L),2430,1,2431,308054,196600,1.29254883612118
403,Duddhi ,AMAR SINGH,M,35,ST,BRJ,2146,1,2147,308054,196600,1.14154765575984
403,Duddhi ,ASHARFI,M,53,ST,GGP,1686,0,1686,308054,196600,0.896436584821191
