{"type":"FeatureCollection","features":[{"type":"Feature","properties":{"ST_NM":"Arunachal Pradesh"},"geometry":{"type":"Polygon","coordinates":[[[96.08866297155515,29.459965441753653],[96.24422995247279,29.232583763911574],[96.39337937888217,29.25377363808159],[96.11488865386106,29.074837119900018],[96.16640575440772,28.902629969614406],[96.52514294962324,29.07579760437748],[96.47715831043801,28.99040174547011],[96.61505607830067,28.774052826101876],[96.26229013300069,28.408603527070884],[96.39761841192693,28.339256875294616],[96.66278592203368,28.460259515349463],[96.99398143539139,28.309513221374598],[97.09007500556291,28.362889788712387],[97.39732956769092,28.192397529802946],[97.30432350445598,28.06887958651322],[97.41149826167937,28.015397564574325],[97.38509370503746,27.88739945602381],[97.2527074149549,27.900973563843888],[96.88981200542577,27.605873903125133],[96.90338067870331,27.45278363124546],[97.13821021137292,27.09148687254269],[96.86766541561987,27.184722440728237],[96.88427232324068,27.260187525094867],[96.70421722006722,27.372258741506986],[96.22858935182332,27.278800821749183],[95.8022563344712,27.015073312798286],[95.72305902735833,26.881477709698192],[95.25957412608606,26.655351560572836],[95.19656582673062,27.037083310181398],[95.45317956253227,27.129530325551606],[95.50908173254449,27.262133255270626],[95.89233539006644,27.255379219975207],[96.01765838337678,27.365013800274607],[95.84441385752989,27.421679394475518],[95.87655793288005,27.544377774811156],[95.75217596166073,27.72101270826514],[95.97120258427864,27.962813475193208],[95.6051971901679,27.954710090108588],[94.46165456889953,27.55533907356858],[94.23749044793405,27.632776643811486],[94.26817903602993,27.520937848706446],[93.8059176033437,27.148857516940247],[93.82914772936724,27.06691117467499],[93.48902456827308,26.93627427771936],[93.0217823654086,26.9135137821572],[92.6724082951281,27.031745965902907],[92.11995202388798,26.889079979125455],[92.02294266081016,27.11432622799301],[92.04056732551193,27.266138608449033],[92.12154370023087,27.28698675813373],[92.02013537434333,27.479345227171297],[91.65502081614366,27.48280324968032],[91.564079045499,27.58412795318048],[91.64231884284209,27.757962474646323],[91.55509711795986,27.858638937173215],[91.82639946389033,27.810269738272257],[91.92067393752664,27.71490165552691],[92.21225504222537,27.858715274389713],[92.31755671955487,27.777831914504212],[92.56208551236575,27.820490759665006],[92.74100334389794,27.988882106180753],[92.68886028737985,28.125444349499457],[93.22070420058948,28.333183468742448],[93.18463818042184,28.439614572279304],[93.33917482155641,28.639926921536443],[93.92783403148479,28.67110195622663],[94.21708979945983,29.08383421494689],[94.56033287601109,29.22861259147602],[94.63083573084873,29.348474078175798],[94.79998870995256,29.163918788308788],[95.44842133828757,29.034202292476074],[95.60014214907861,29.260396973245268],[96.08866297155515,29.459965441753653]]]}},{"type":"Feature","properties":{"ST_NM":"Assam"},"geometry":{"type":"Polygon","coordinates":[[[95.97165975309642,27.96254244803744],[95.75217596166073,27.72101270826514],[95.87655793288005,27.544377774811156],[95.84441385752989,27.421679394475518],[96.01765838337678,27.365013800274607],[95.89233539006644,27.255379219975207],[95.50871835323227,27.2619704738971],[95.45317956253227,27.129530325551606],[95.01667161721443,26.92115992762176],[94.92340013145746,26.94646279095774],[94.75823650675004,26.766103246566406],[94.46019316713743,26.66172797307085],[94.31649403694912,26.458412597230947],[94.25624635298823,26.541321533380493],[94.00098547820782,26.172366297419195],[93.97859914961217,25.91682877734492],[93.79537854327761,25.809027454947245],[93.7955795161696,25.90660880510592],[93.77709587430834,25.968338399915663],[93.76535641439267,25.969850961635473],[93.68143590026322,25.904485757041634],[93.7142274058117,25.84461278135233],[93.32659244815513,25.546023206957358],[93.45809611741988,25.43108452218574],[93.47040459988094,25.30516118384988],[93.24378308625174,25.018387458750528],[93.1967038662279,24.811244300187827],[93.10932803446038,24.811576868956603],[93.04153699583613,24.413113320431012],[92.82949260062922,24.37369563095198],[92.76289705884969,24.521233948924486],[92.46537553980585,24.136368814368126],[92.42243290805344,24.25495851034798],[92.21992383134679,24.23433268872984],[92.19229319202137,24.24326784552022],[92.29587194914498,24.736559082797047],[92.23363600240619,24.900623209253425],[92.4878232691495,24.871393018832602],[92.41587519300465,24.990080334270363],[92.48053864635595,25.10840841826535],[92.80282185340569,25.216272602322835],[92.73792940152217,25.379432903485007],[92.56457794651205,25.465582512181545],[92.65290428927494,25.59102692072507],[92.57240491368366,25.55744935173275],[92.38393692527934,25.7546210118642],[92.15606641833365,25.672280830582594],[92.2254826683087,25.909266068071847],[92.15235833992743,25.944415855474304],[92.27481511100014,26.06574799513613],[91.91890894741937,25.99792914279421],[91.87909669829372,26.098072609205595],[91.82532618284,26.119502083417228],[91.67052640988739,25.90424779649559],[91.57976919991451,26.03334367728273],[91.47473592931038,25.874116928229295],[91.52651272022928,25.89116957893134],[91.53036021177769,25.871349940913692],[91.33528283004291,25.840639726283584],[91.22238172790492,25.722658612848274],[91.19575907827834,25.861488648931356],[91.00594513150742,25.82047794052966],[90.94736687307729,25.948186253680397],[90.62180068568514,25.89792977796054],[90.58780679950192,25.958164074070723],[90.5149153899008,25.89619433181912],[90.4760711796984,26.009679538854257],[90.15103242914219,25.966781802996913],[89.8946781528457,25.74505956367731],[90.02018693482486,25.60757855839893],[89.85129089994346,25.466350859046816],[89.81675400822213,25.81489332778077],[89.887246515366,25.94514343143216],[89.6986022784013,26.19076146661001],[89.7204004251832,26.307881917942083],[89.85635842671687,26.384252381028283],[89.86237854588222,26.73697381458175],[90.13996849962524,26.753806149803975],[90.41278283324804,26.90439741039295],[90.71703859527716,26.768446867209228],[91.69011310925569,26.80680146578285],[91.89240389175504,26.91882760099084],[92.0561884381096,26.84666981827973],[92.6724082951281,27.031745965902907],[93.0217823654086,26.9135137821572],[93.58659118596601,26.950567581931974],[93.82914772936724,27.06691117467499],[93.8059176033437,27.148857516940247],[94.26817903602993,27.520937848706446],[94.23749044793405,27.632776643811486],[94.46165456889953,27.55533907356858],[95.6051971901679,27.954710090108588],[95.97165975309642,27.96254244803744]]]}},{"type":"Feature","properties":{"ST_NM":"Chandigarh"},"geometry":{"type":"Polygon","coordinates":[[[76.77175476907951,30.794975271144825],[76.84825647636644,30.73038209556407],[76.80857098581559,30.667368860115392],[76.70515164372233,30.742971970106787],[76.77175476907951,30.794975271144825]]]}},{"type":"Feature","properties":{"ST_NM":"Karnataka"},"geometry":{"type":"Polygon","coordinates":[[[77.32647005622245,18.458838418279793],[77.41414725839478,18.393100107710712],[77.36584244347259,18.307118267146933],[77.60546612491339,18.28134301902875],[77.54768303181655,18.056127693723656],[77.65589998388984,17.968836947418062],[77.44316300376857,17.583965336844308],[77.69255794352405,17.498938028176998],[77.51303975890434,17.43087443006733],[77.38022890884885,17.22253708343567],[77.5025688180862,17.014113904065457],[77.41889546462741,16.668586128617854],[77.46743014046449,16.59885169571969],[77.23591259653445,16.472661392766984],[77.59783801240631,16.29313162333594],[77.49009577234997,16.255199968496616],[77.51346826787129,15.926810324278092],[77.18532270558305,15.956761165852102],[77.03265151135739,15.856935338448967],[77.12891461877582,15.665886452811431],[77.0304640507585,15.634515061458835],[77.03006961039871,15.50267159913053],[76.97404815669316,15.498258062714543],[77.1691569174791,15.171375305638623],[77.08247333645268,15.006109268727117],[76.77672063081727,15.078429550809274],[76.76656426563859,14.97564686173467],[76.86964518361827,14.937740177534371],[76.7650152484919,14.602157763892087],[76.86797879079992,14.4740735883859],[76.97483029465822,14.485365120706206],[76.88483375291507,14.39574476586198],[76.94006892832044,14.244644952998348],[77.1077686210424,14.219946170107422],[77.15735449105193,14.342134242849854],[77.28657666946373,14.340134386217954],[77.39199508106779,14.198938614306625],[77.39281209163218,14.335867459225346],[77.50386878091363,14.263783632549707],[77.50351051481202,14.157154636558023],[77.35137527345121,14.130017076256001],[77.40092576510989,14.11875012094729],[77.3323076278406,14.030727018525221],[77.43788420042682,13.975560740145298],[77.40002151196171,13.888328792370194],[77.32223562614519,14.030033425901864],[77.14922966229504,14.001202687380577],[77.02780331993868,14.06218091381123],[77.02334023807887,14.176725765340127],[76.89454694592644,14.16784994484616],[77.04166447658793,13.933474045173654],[76.99850866833039,13.745616785471887],[77.17305546298007,13.762052268128997],[77.12820421487947,13.85649990607147],[77.18471507344677,13.925226410980235],[77.20043513277804,13.863078364703377],[77.43252100395742,13.843257185007403],[77.45533255278778,13.682304121462154],[77.52523403495005,13.691045186356291],[77.52726385558964,13.75385184646231],[77.71735858966723,13.741115207691573],[77.8265856209207,13.94476277717894],[77.98261723116454,13.957725071387838],[77.95297639040535,13.827392839074239],[78.04885893014695,13.896130252111975],[78.12362642540488,13.845392071200344],[78.08709825256628,13.643107123059998],[78.16756687972371,13.655865469317408],[78.19295901887074,13.564887992574484],[78.40224109637562,13.587299309632698],[78.36579296163221,13.35869685708471],[78.56951522301154,13.309268078932085],[78.57974123008262,13.167406613708806],[78.41113825798622,12.945316491987917],[78.46667056015497,12.905458451653448],[78.46474446169302,12.86681296669072],[78.35585090303931,12.94078945888857],[78.23092787652435,12.760710107975598],[77.83599545286062,12.870381119338248],[77.73990879612354,12.673043956964857],[77.59885555389157,12.667212498298946],[77.61678543648249,12.368258272627251],[77.47189279203124,12.208479328837493],[77.73331717506264,12.178140614601931],[77.7763643985619,12.112342664521288],[77.67564961788776,11.95207918942064],[77.49475968426961,11.943950490031613],[77.42723914993698,11.7609537333848],[77.24983086627284,11.81312017365265],[77.11765843361839,11.721181703494356],[76.98294492753664,11.811961020628297],[76.90033032847168,11.78403085811561],[76.8535308959296,11.597084910654736],[76.61393274550748,11.607671344139622],[76.11999716056927,11.850388543581065],[76.11248340000462,11.978798815299925],[75.85852052702936,11.958930661902944],[75.80272633810753,12.07950439282958],[75.66164594968605,12.098500870704854],[75.41408524128164,12.289636578279735],[75.36564208311076,12.456821813409992],[75.41737282548988,12.498515068605155],[75.33633549289236,12.464166704620604],[75.27314218011426,12.536877091447144],[75.32619029556932,12.593669274980297],[75.22033850702778,12.5682010521295],[75.15247030940881,12.6822604542289],[75.04662690304718,12.666750663703596],[75.00318767631755,12.791739318042643],[74.86482340883626,12.760449888236142],[74.61006424404037,13.866907052976703],[74.26310601574838,14.719243771051168],[74.09300140724666,14.80419293318401],[74.08568785959928,14.900641739228085],[74.29655158824848,15.041243196535694],[74.25139839751627,15.25859097983875],[74.33649918743629,15.294979120108835],[74.25050758675803,15.657287208118492],[74.08812969344223,15.672285016301851],[74.22109662577836,15.786025691694352],[74.3584941416222,15.774861756551578],[74.46329937219649,16.039208649707888],[74.36140634951761,16.053852330916623],[74.49130762643642,16.10432119531925],[74.48055739670154,16.250139719976943],[74.32501428132603,16.271769614162658],[74.36377531561796,16.405102978722034],[74.24745636187745,16.49692331245357],[74.27062780006514,16.547973390966607],[74.37991433212981,16.528602314958977],[74.46882403724497,16.663811479508198],[74.56861576482868,16.553878924684625],[74.68705943723538,16.606797823400026],[74.6910979645121,16.715549942523104],[74.91951971634371,16.772499550153782],[74.9317838651488,16.944761217490996],[75.0894080284913,16.951588448467632],[75.21427366074444,16.841707203123164],[75.27967408027672,16.956563008271107],[75.67038636695767,16.962059357375825],[75.65778441567312,17.263211275751605],[75.57421335247741,17.383301038239985],[75.63305039308301,17.477215271676645],[75.79300780640847,17.369699885051137],[75.88425477158607,17.4179616328097],[75.93088413687519,17.32257606986049],[76.11901562625553,17.37050734122461],[76.17637572604127,17.30079147303118],[76.24214758457052,17.378840266234825],[76.38321760014541,17.314529891706837],[76.33134774466141,17.5974191763816],[76.48980813353221,17.66049929057734],[76.52333558208055,17.75979622685629],[76.69089645095517,17.68100491411407],[76.79045015732795,17.826332607914768],[76.74002992579433,17.89969872048157],[76.9190366114879,17.91595136819251],[76.95199218893312,18.188093787156273],[77.11159808699632,18.1558284777961],[77.32647005622245,18.458838418279793]]]}},{"type":"Feature","properties":{"ST_NM":"Manipur"},"geometry":{"type":"Polygon","coordinates":[[[94.57315482111545,25.69156231359162],[94.55388861009783,25.502621380478242],[94.67545193565354,25.445610547355752],[94.57563994477198,25.21386287805357],[94.73647672072569,25.13505256426853],[94.74408122999866,25.037007641089374],[94.32172028076192,24.328896220749947],[94.15664060631273,23.848169686126855],[93.80776267556365,23.926760203086634],[93.7543018516092,24.005539799657768],[93.50511773477277,23.942493835357276],[93.34869903957468,24.10498611355127],[93.2532747870534,24.021244170700626],[93.2497524658749,24.080428442492842],[93.09937244095107,24.04324880348596],[92.97284510957692,24.112612754076842],[93.10932803446038,24.811576868956603],[93.19685238649046,24.81146088233428],[93.24378308625174,25.018387458750528],[93.45389382726688,25.324915826952036],[93.60517885992367,25.19901455206996],[93.80498854321898,25.463309590692614],[93.7649255473481,25.538483513718084],[94.01283821298587,25.592601546003877],[94.32158707497832,25.502932421231435],[94.57315482111545,25.69156231359162]]]}},{"type":"Feature","properties":{"ST_NM":"Meghalaya"},"geometry":{"type":"Polygon","coordinates":[[[91.82533634188755,26.119496972943175],[91.91890894741937,25.99792914279421],[92.27481511100014,26.06574799513613],[92.15235833992743,25.944415855474304],[92.2254826683087,25.909266068071847],[92.15606641833365,25.672280830582594],[92.38393692527934,25.7546210118642],[92.57240491368366,25.55744935173275],[92.65290428927494,25.59102692072507],[92.56457794651205,25.465582512181545],[92.78170681161696,25.333282551363876],[92.80199392651397,25.215225000745644],[92.5215267093401,25.13912850082029],[92.42891515563521,25.029153450535347],[92.06213984513889,25.187859904562988],[91.64201434180855,25.124343562186052],[91.26464437720807,25.20678734229268],[90.44456596282211,25.143812864371455],[89.83488657858886,25.296042139937487],[89.87710524907065,25.549080234474562],[90.02018693482486,25.60757855839893],[89.8946781528457,25.74505956367731],[90.11678942216436,25.957309653633345],[90.39968427171485,26.01260872845697],[90.50247148820733,25.991553921608066],[90.5149153899008,25.89619433181912],[90.58780679950192,25.958164074070723],[90.62180068568514,25.89792977796054],[90.94736687307729,25.948186253680397],[91.00594513150742,25.82047794052966],[91.19575907827834,25.861488648931356],[91.22238172790492,25.722658612848274],[91.33528283004291,25.840639726283584],[91.4450756579916,25.839833654806117],[91.53036021177769,25.871349940913692],[91.47473592931038,25.874116928229295],[91.57976919991451,26.03334367728273],[91.67052640988739,25.90424779649559],[91.82533634188755,26.119496972943175]]]}},{"type":"Feature","properties":{"ST_NM":"Mizoram"},"geometry":{"type":"Polygon","coordinates":[[[92.7634967130479,24.521224052310995],[92.82927079580575,24.37379036641964],[93.02462035180028,24.392550184637066],[92.97284510957692,24.112612754076842],[93.33751168513096,24.04128846113933],[93.43617078087186,23.68673366254927],[93.38510366172235,23.13399516552012],[93.29362002370507,23.006661671930505],[93.12562361115654,23.04081762356057],[93.1064147584681,22.526887951097223],[93.20184922932575,22.26340059196771],[93.1506913408067,22.17631481590959],[93.03775719863256,22.19540883133186],[93.00339402312088,21.982521887061104],[92.95123519308471,22.030018281714067],[92.90410319074972,21.94117422421981],[92.86253176182002,22.0629304883395],[92.69954201428611,22.155041425206605],[92.67963540328559,22.01152301181652],[92.60316723998965,21.977135856026244],[92.52895127707849,22.66590093636364],[92.37109776486086,22.936123616978193],[92.3463333837057,23.23667263592186],[92.4034838256873,23.240887900024763],[92.25696299736002,23.812575514000127],[92.32508718519054,23.91419297824843],[92.29228206747058,24.250492575781326],[92.42243290805344,24.25495851034798],[92.47857825560634,24.14212518903565],[92.7634967130479,24.521224052310995]]]}},{"type":"Feature","properties":{"ST_NM":"Nagaland"},"geometry":{"type":"Polygon","coordinates":[[[95.19345606133793,27.03583942863219],[95.23391968067268,26.68245856965871],[95.06174618290139,26.44989018213666],[95.13219898271312,26.37774158037744],[95.11774097820255,26.101248412441766],[95.18568340271513,26.073299559295272],[95.0115934588796,25.89795309974385],[95.0486707610716,25.759796778961043],[94.8982310817247,25.565570273407264],[94.61651057549061,25.462252214601722],[94.55339513946112,25.504098158529683],[94.57176078401653,25.691797741941613],[94.32158707497832,25.502932421231435],[94.01283821298587,25.592601546003877],[93.83440865982807,25.560604251171007],[93.61015451509469,25.20339259449657],[93.50125199933929,25.24238018010091],[93.45809611741988,25.43108452218574],[93.32659244815513,25.546023206957358],[93.7142274058117,25.84461278135233],[93.68143590026322,25.904485757041634],[93.76535641439267,25.969850961635473],[93.79537854327761,25.809027454947245],[93.97859914961217,25.91682877734492],[94.00098547820782,26.172366297419195],[94.25624635298823,26.541321533380493],[94.31649403694912,26.458412597230947],[94.46019316713743,26.66172797307085],[95.19345606133793,27.03583942863219]]]}},{"type":"Feature","properties":{"ST_NM":"Punjab"},"geometry":{"type":"Polygon","coordinates":[[[75.83873440705788,32.5126967060539],[75.9347380648526,32.393384884697014],[75.61786144020557,32.23670643292893],[75.67305892050496,32.158765597002755],[75.59482340543086,32.069865839063034],[75.9103671026728,31.95017612387864],[76.17978880399639,31.30659228180074],[76.32260066278867,31.32166316714196],[76.37395535871175,31.437225985405007],[76.43967313147434,31.279040802343626],[76.64177368762746,31.22273518474582],[76.62471386650836,30.998826576934192],[76.8569634511567,30.79480192592862],[76.70515164372233,30.742971970106787],[76.9259879799723,30.610117774979916],[76.93671965141175,30.385800880230544],[76.74102700096248,30.426266517005164],[76.74606910990494,30.34958225709367],[76.5566530530245,30.26248142099205],[76.65608244693499,30.18524566003706],[76.54622399974976,30.075873830323406],[76.4227128580618,30.192281624407556],[76.32173648977358,30.09509782823206],[76.20763104687688,30.15658676054414],[76.25345729764075,30.088957396370375],[76.1719478150215,29.926306537685],[76.24379332422215,29.852441637341375],[76.04344114383515,29.742726414685386],[75.77879606066006,29.822371638987367],[75.58004272696854,29.73944592627115],[75.4595124127856,29.807529507443306],[75.23534206290194,29.54207982547574],[75.1675349740785,29.670186873143095],[75.24157831852128,29.7546497784537],[75.19145826622638,29.841250612788762],[75.10071997297673,29.806793211967015],[75.0887646964073,29.91720324122074],[74.9909139056574,29.86768915953055],[74.81243347910839,29.99233814346527],[74.64684139034985,29.90434544404143],[73.89468376185788,29.973831442243775],[73.97512232240277,30.120022859835817],[73.87984832119756,30.359767068301867],[73.97375378038988,30.44389129880939],[73.92645444347704,30.438909897276307],[73.93458882851193,30.490149285372894],[74.07227887354153,30.522869507172743],[74.41639074134676,30.940318313970305],[74.70237091672432,31.0916870355041],[74.5102838522972,31.1320126179825],[74.55164759612308,31.364420353226325],[74.65458693871567,31.42591998837608],[74.48655240076815,31.715055384877434],[74.60777452102613,31.889958203888362],[74.81894454374618,31.958661410801543],[74.87935144061645,32.053838106925845],[75.26115332002794,32.10162563609747],[75.37249873143497,32.22603706838868],[75.34140744027533,32.346092764438154],[75.53342603870473,32.27765453330259],[75.83873440705788,32.5126967060539]]]}},{"type":"Feature","properties":{"ST_NM":"Rajasthan"},"geometry":{"type":"Polygon","coordinates":[[[73.9725888702823,30.198127560826826],[73.89468376185788,29.973831442243775],[74.52715904986246,29.942785226137097],[74.56103623051722,29.869643852978417],[74.47378148356516,29.76834108315663],[74.616092094107,29.752155861702988],[74.6218572525301,29.522243971132674],[74.5346190588338,29.44770786497685],[74.59924998059537,29.327455068327623],[74.85051890754318,29.40360721227946],[75.07551193456402,29.22969492742992],[75.41049835728538,29.255689255213788],[75.37147440856765,29.13809775606301],[75.52179861756959,29.003874862226763],[75.47336689674893,28.92338929698415],[75.56149396533407,28.613221116361956],[75.77676252279181,28.40041585790184],[75.9182313795731,28.372002297985144],[76.0954456109662,28.15085732636339],[75.94526164425145,28.10629376595169],[76.04079374131922,28.07404262100063],[75.93239627099297,27.930129983767312],[75.98106667059136,27.84544334756583],[76.2177083288695,27.81720858831027],[76.15777992233029,27.98897276794449],[76.18040387148827,28.054515718988736],[76.34231064245498,28.030563232761388],[76.29226174840869,28.17921600594131],[76.47572146201739,28.148585994480744],[76.45465509993393,28.0423239823817],[76.54380594251575,28.03422037355829],[76.54470425061335,27.963681791360454],[76.8083882154862,28.21088730052009],[76.97053708601528,28.138448502856356],[76.91054275930387,27.654688296606643],[77.08565183284607,27.738106559223123],[77.04478851171889,27.821833301642098],[77.30285409480126,27.794054328644375],[77.33998487549874,27.526618896803207],[77.43996924230358,27.390329542663977],[77.62270291324512,27.33618645775736],[77.68112422970692,27.19440391650266],[77.5193392505298,27.06661631843959],[77.75951243412482,27.01798381131623],[77.42727708579142,26.864080309418007],[77.45455710816988,26.7418659982537],[77.50116596222615,26.844448576418735],[77.61033278569435,26.828572762876117],[77.76059343799166,26.93261989519863],[78.02646955266921,26.84953512538121],[78.12450608896872,26.949288048519552],[78.27225358568109,26.919190043851422],[78.1840602438859,26.784038751615846],[78.10610294693673,26.789991991617654],[78.09266956622913,26.676255471894745],[77.90360060040817,26.658965925485994],[77.82363825745665,26.550447771078513],[77.03002932365314,26.17172220070098],[76.79096963598876,25.943127335841957],[76.58225453826029,25.87021146290822],[76.47311164231797,25.70919227929138],[76.5558278552146,25.452559020279455],[76.72932116319126,25.32854058361571],[77.20917624175247,25.30616024636944],[77.29123993998626,25.422721282510764],[77.3709224882695,25.408367282915506],[77.40658330715856,25.111691096872732],[76.8568659444225,25.002453065626216],[76.94962582794706,24.869356696245433],[76.80261732401497,24.809274809456053],[77.03066649688753,24.712196553307848],[77.07132775366965,24.572426225809508],[76.97782534698574,24.461228482289567],[76.91760755985581,24.543377615124],[76.81640457896077,24.53361081448681],[76.84149821871866,24.322509949861647],[76.94714447002825,24.20101277831509],[76.90075575531888,24.127207208165853],[76.69885480212697,24.168376189479204],[76.69543910648112,24.284279220235742],[76.52764252147259,24.15701073341491],[76.47054876947365,24.225948987490476],[76.2124604069123,24.209804427987102],[76.1854232620372,24.329312066701792],[76.12707980435769,24.088023497969342],[75.96345367320853,24.018657575303312],[75.981361909096,23.928920369720046],[75.78209193542,23.84879777972796],[75.70602758820051,23.89926886990068],[75.68692551106335,23.755335365883223],[75.58354172518733,23.79472778177053],[75.47390181385623,23.981961094383674],[75.71752652330052,23.9668598952912],[75.83681101072833,24.056979082459538],[75.75101578087289,24.143434020873208],[75.83025953447918,24.233418699283618],[75.72776832634756,24.390467644714004],[75.78938569048674,24.471554215049697],[75.83878701958744,24.41413082412865],[75.90919065550197,24.455028373941417],[75.83627522405185,24.727788675087638],[75.21943808609262,24.702499166799825],[75.22422582987588,24.843973098401097],[75.31105358062393,24.800933760130658],[75.42566122308696,24.868766615160798],[75.26342841757099,24.874801500069346],[75.33433439408735,25.041055426221877],[75.1658127545585,25.047563103379797],[75.11681861470811,24.8778572083731],[75.03403866544376,24.844593955780486],[74.84309762853701,24.968950053911005],[74.84932090260216,24.775922680026156],[75.0162896397707,24.731925090639933],[74.88883687297403,24.63362636400426],[74.79989786122103,24.779140524995007],[74.8136403818623,24.649539029357577],[74.70872234624454,24.486408549141668],[74.8542251479963,24.444498056921514],[74.74710440018272,24.253402061422005],[74.89684529354486,24.227115060892444],[74.98244759941325,24.025697271925594],[74.90249829820303,23.873155886913292],[74.93651696531165,23.628550816697626],[74.60406044995867,23.45745702765649],[74.51415541240704,23.328243267920623],[74.74153757629966,23.2083593413509],[74.32916007912578,23.061220269181163],[73.96237026353252,23.38082894180524],[73.89194900357043,23.33403944943464],[73.82872699860216,23.447618709250325],[73.62722950934707,23.448492110264954],[73.6556742756448,23.621208238510203],[73.5231029119525,23.606818364331705],[73.50741293809838,23.702960177486517],[73.35186240713021,23.79131067915264],[73.42084164468582,23.930740835049082],[73.36200680315602,24.104574971973523],[73.2428035360063,24.00219505456202],[73.06745417210877,24.194596939489507],[73.21927252107501,24.363806407761928],[73.07651219863055,24.396508080824006],[73.0872393263913,24.497950371905503],[72.91074011174356,24.337115948649394],[72.7308703121486,24.364199530735913],[72.53895701244016,24.519513533266426],[72.45725322153001,24.414694222139335],[72.4414459402762,24.514957237335352],[72.24640647642954,24.58549486424176],[72.34738276566605,24.628410384664303],[72.16481841637575,24.62117683497934],[72.06131965782146,24.71200090183998],[71.93988163107818,24.63368749093553],[71.87176205789328,24.68164695914294],[71.85217618228009,24.609244983544574],[71.79153773656051,24.677216033050723],[71.28758462196912,24.615841462265074],[71.11201349546893,24.67567759228883],[70.8881684650755,25.14834688443521],[70.66451003542788,25.397065768745456],[70.6598314701893,25.702197519089275],[70.26837380909629,25.71377813821129],[70.09951715995022,25.938344584969506],[70.17402977980582,26.551401439766384],[69.79168573388273,26.598305697932332],[69.48422685443494,26.80489553583903],[69.58690286039355,27.18353288172891],[70.02565331596921,27.562880454230196],[70.13220090449552,27.805608621740884],[70.37191892521082,28.011794687524688],[70.58917220159267,28.01044668438217],[70.73946152182565,27.741882128552312],[70.8716106099608,27.705557247483192],[71.8982659735955,27.9615331595678],[71.92773446088935,28.12161360385348],[72.20611721829479,28.39412402724347],[72.39216362088266,28.771941016062584],[72.94523685505989,29.02773503166105],[73.28242142743372,29.571966235183602],[73.39699061661265,29.945880838385424],[73.8062347532446,30.067678359211545],[73.9725888702823,30.198127560826826]]]}},{"type":"Feature","properties":{"ST_NM":"Sikkim"},"geometry":{"type":"Polygon","coordinates":[[[88.61280558602812,28.128232838230925],[88.83617460993229,28.0150202004509],[88.88284018271725,27.89108487349892],[88.76376324025608,27.56484593674358],[88.90788902439024,27.277235263611093],[88.73884984027337,27.13631215104065],[88.54125583366005,27.181755954339906],[88.43064887155253,27.079449114794897],[88.09615538946187,27.13344551170311],[88.01347875633667,27.21748689673973],[88.04425607013486,27.49647690752412],[88.19807203603608,27.7907416057556],[88.12905022282759,27.949470119865648],[88.39870643205104,27.97785356109021],[88.61280558602812,28.128232838230925]]]}},{"type":"Feature","properties":{"ST_NM":"Tripura"},"geometry":{"type":"Polygon","coordinates":[[[92.16803746752282,24.527494459457525],[92.25807345339176,24.389415705892738],[92.19229319202137,24.24326784552022],[92.33195844371456,24.17966365892565],[92.31662946324727,23.864451077557998],[92.22752024410413,23.652766668881984],[92.12929349852634,23.73578518164038],[92.04255386532111,23.646425644497604],[91.95844872224794,23.738564551646988],[91.94741522585618,23.43084911208378],[91.86364090894597,23.408295588329445],[91.86553941475563,23.446154714631668],[91.80113421626874,23.517800066652942],[91.79853042785815,23.506219064600856],[91.84235222191448,23.388912115727656],[91.75989844015002,23.282805138247795],[91.83512879595138,23.093208182173345],[91.61894604009696,22.939183734373383],[91.40867103584391,23.28530256697274],[91.41720743493477,23.064993578908318],[91.3468549598723,23.10236658771646],[91.32348727393102,23.36299756519663],[91.16083594871411,23.594537932324844],[91.15697016387324,23.67043245465853],[91.2144618021694,23.65663693696492],[91.1568211046215,23.742089644566786],[91.22748133621211,23.753370937370686],[91.28016383105833,23.982256198301197],[91.37932879598347,23.974547943134688],[91.37614158054193,24.10582989988764],[91.58096965995117,24.07441057126921],[91.66226854962007,24.231931142490385],[91.75625230327762,24.141841470755313],[91.74658315466465,24.245272175182205],[91.91827209129025,24.115530590320144],[91.92243594882046,24.33841130627289],[92.1635311192057,24.41886639717342],[92.16803746752282,24.527494459457525]]]}},{"type":"Feature","properties":{"ST_NM":"Uttarakhand"},"geometry":{"type":"Polygon","coordinates":[[[79.07185082211919,31.45610035662369],[79.42643459014326,31.024027844608636],[79.60105851683821,30.933221732774264],[79.86481691521719,30.972724802094774],[80.23595142100399,30.759293602442156],[80.2126039471566,30.584186140897344],[80.6072084237579,30.471684952662237],[81.04515135587688,30.210972112092865],[80.90738921296088,30.22268457993899],[80.74395971943412,30.00448230475528],[80.36797056513835,29.748572020653615],[80.4092394693281,29.597530812066505],[80.24212843632361,29.44273074324496],[80.29789186872671,29.205209714465912],[80.14463722052066,29.102582111564523],[80.02519003651679,28.74653841918434],[79.95417132322893,28.72289700588437],[79.88809458098385,28.83668339423848],[79.81019710015453,28.798361607399226],[79.81802976713661,28.887870715526038],[79.42557262069555,28.866478832953828],[79.37236130470956,28.987532182446785],[79.17105656427006,29.011927886415805],[79.1535012072874,29.115244398857772],[79.03943696112967,29.168627452656626],[78.90662280886718,29.124859090888062],[78.87446359420954,29.230259967596748],[78.80762536806441,29.236566694935686],[78.76501271805861,29.279363126424858],[78.7226874112644,29.299375641702905],[78.71858479188707,29.30669765794415],[78.94233080008843,29.438632602777982],[78.61772794354911,29.558086059381893],[78.50095874879831,29.73296520971331],[78.335651480782,29.79666482084687],[77.96748720597311,29.58011619724016],[77.95300815842704,29.70739990304231],[77.7990420858385,29.686241773272197],[77.71428516202609,29.869506419898322],[77.801182498971,30.09553387647985],[77.96168597659813,30.242430277164495],[77.57234788143482,30.407965023474198],[77.82732637709387,30.52918349436777],[77.70242182892432,30.74602003163761],[77.75820980689427,30.87686603087348],[77.80566865855043,30.853282160918116],[77.74877438285023,30.952250251587333],[77.83830790684478,30.95425442178549],[77.81134277810939,31.059172531660984],[77.90129763353173,31.151899295317527],[78.37030690879833,31.28641760943166],[78.48374484594673,31.199020423309282],[78.80990966615263,31.19837198582515],[78.88543154861983,31.098809167380413],[79.00891512191004,31.110012428483547],[78.88116667463761,31.28428667179742],[79.07185082211919,31.45610035662369]]]}},{"type":"Feature","properties":{"ST_NM":"Telangana"},"geometry":{"type":"Polygon","coordinates":[[[78.32305764397938,19.916785480849736],[78.49025594561881,19.792685352906368],[78.84097822095245,19.761895941179823],[78.85193531113772,19.658367321188422],[78.95557251984023,19.655798922139414],[78.94045815048759,19.55187652924345],[79.18973335918874,19.459146695139875],[79.24356864676771,19.616700934593812],[79.47143471244263,19.50020733401787],[79.75345519399787,19.60755268557709],[79.91487139858118,19.495862065145428],[79.97972266540387,19.38942763910561],[79.94567481382828,19.168960193957414],[79.85843685099898,19.102439061927505],[79.94026982952846,19.032588139517326],[79.92105536326784,18.81025605615603],[80.11812773436536,18.680545488881688],[80.27844499213239,18.72164320735568],[80.34661677180834,18.595052895995753],[80.51472952696597,18.619375963648004],[80.73483554187314,18.412859651796282],[80.79417646369127,18.256928259330902],[80.73682889540373,18.177221974572415],[80.83672317915185,18.242296166171723],[80.86666862514919,18.140300852844714],[80.97902736943439,18.178789895359547],[81.0082439412748,17.7982752842528],[81.10426012248291,17.77205375684865],[80.8855466175387,17.735722858532565],[80.8554022872324,17.60191539242292],[81.12727783287434,17.52647246080858],[81.32263379475512,17.374597553268426],[81.19040843516076,17.324865984265447],[81.17397560038079,17.23038939985671],[80.91887846332382,17.219786557153427],[80.8453119176844,17.040016923406696],[80.58002435043493,17.153117438131826],[80.46486602812632,17.03006870804559],[80.40903758734103,17.09154066365687],[80.36341256189576,16.976109595257967],[80.60194711241137,16.918637321008365],[80.5702470832893,16.76805746919483],[80.3804396133716,16.81749544794234],[80.19646240278558,17.04407494944679],[80.01739568268155,16.9150147510181],[80.07061371267598,16.801733873062126],[79.96162252601552,16.642620740932998],[79.77400614499214,16.730813448913054],[79.25908949121003,16.566954108695754],[79.2133800699421,16.22474663642315],[79.00953436297475,16.240246773700242],[78.74093616793336,16.00869292426259],[78.62100587446129,16.088075042536598],[78.26247377181166,16.02673435570838],[78.25165256259287,15.93524855910911],[78.09901440660676,15.83602582612155],[78.03192760224947,15.907367034162018],[77.51346826787129,15.926810324278092],[77.49009577234997,16.255199968496616],[77.59541187392801,16.342217804757087],[77.23591259653445,16.472661392766984],[77.46743014046449,16.59885169571969],[77.41889546462741,16.668586128617854],[77.5025688180862,17.014113904065457],[77.38022890884885,17.22253708343567],[77.51303975890434,17.43087443006733],[77.69243478000703,17.496882488369483],[77.44316300376857,17.583965336844308],[77.65589998388984,17.968836947418062],[77.54768303181655,18.056127693723656],[77.60547049431892,18.281275169101644],[77.52754815620739,18.442105722887067],[77.59640042138915,18.548936219372774],[77.73852919854446,18.55678555697549],[77.75353260260336,18.700988194218812],[77.94830180021194,18.82909539240373],[77.76181757582258,19.03299621879341],[77.85042133631153,19.088552322020508],[77.86348409548907,19.304190823942523],[77.945146306978,19.342448412850008],[78.0416374912572,19.243425469752474],[78.17534369574963,19.237577799498688],[78.1762120441342,19.412260825484054],[78.3043616475715,19.456136985714377],[78.26266933864225,19.66506257222558],[78.3636728315605,19.775774218601175],[78.28609454371116,19.84793494536905],[78.32305764397938,19.916785480849736]]]}},{"type":"Feature","properties":{"ST_NM":"Bihar"},"geometry":{"type":"Polygon","coordinates":[[[84.10851152191714,27.52134731479078],[84.29413406611627,27.382421531212586],[84.6201546788713,27.339288955806197],[84.69137969834902,27.214936684439376],[84.64278402690414,27.04684940938397],[84.96216939461145,26.96057126941388],[85.02307865633807,26.855233777229667],[85.19052789786052,26.87020609140584],[85.21116782249213,26.758155189494644],[85.63519282084265,26.872382019127638],[85.84992422977794,26.56845568733841],[86.02727627890528,26.666270272118503],[86.3328319723208,26.619473565988915],[86.73017646235395,26.422457214236445],[87.0707462873669,26.58652152773352],[87.09113680464132,26.450771983889695],[87.34024963387172,26.34773755143224],[87.46371440811801,26.44019774361862],[87.6052506448338,26.38090967061552],[87.88840030151461,26.486835339876603],[88.01923952379465,26.363799917235443],[88.09810175840819,26.547515590764174],[88.23094373329165,26.57248010520767],[88.18258345638385,26.5042315074839],[88.29974145995591,26.348781458529185],[88.07324906747074,26.175170820813452],[87.97514832678124,26.1430977573785],[87.81079751391256,25.927962965080283],[88.0496952568908,25.70224962411259],[88.0732085983672,25.483682677968787],[87.92709001855617,25.5390402198844],[87.78704738820538,25.449283577170064],[87.81849243951719,25.241959472988167],[87.58402540221759,25.349452022007856],[87.48739943471315,25.297323570067842],[87.47810605318018,25.19440699825097],[87.32752132196605,25.22364245402737],[87.29550496908297,25.08856273448551],[87.14576730785927,25.019334026697774],[87.05107242805985,24.60855888838768],[86.93980204574197,24.65255544660787],[86.91644128311657,24.545150505623994],[86.60341513961122,24.608160249266582],[86.44528040620058,24.36785016689473],[86.27613316822978,24.46591216118944],[86.32280732082403,24.586905525669074],[86.12460550151307,24.61128275362537],[86.05529381723369,24.779738560420395],[85.94534914974753,24.732960312659912],[85.73668833631336,24.820782013190378],[85.66799870213062,24.578982457721303],[85.37081855816612,24.555259248032357],[85.15264619116255,24.455174187176564],[85.17394443986188,24.420586866104603],[85.12317087757084,24.401980670025967],[85.10394924724581,24.377282833202965],[85.08876040575944,24.372266079693137],[85.07952723919827,24.433482011592748],[84.90391216711441,24.372219173714676],[84.80218797470833,24.53063336658868],[84.66529389541095,24.390981663141893],[84.56754894776105,24.409209774525863],[84.49621829449077,24.28632737317969],[84.29741128196949,24.449046058058354],[84.29722319720688,24.560478395612307],[84.1083415723435,24.477495142997405],[84.00835443513434,24.64280078336329],[83.87268959879364,24.532201235142594],[83.5032947551147,24.52543975680424],[83.54798316201048,24.62329658554658],[83.39312431045488,24.782968256374655],[83.32023795297891,25.01728210271007],[83.35727623774486,25.199699871840995],[83.84637850736547,25.434375438353783],[84.10445937438406,25.72101342421086],[84.27645487816837,25.659351044390377],[84.33664057298476,25.743578470198106],[84.49921910142604,25.67487711905561],[84.6346905107231,25.727958166550085],[84.53402124229454,25.876276895360036],[84.17005906989078,25.987719670776475],[84.05595483253322,26.100082524353763],[84.01226539175924,26.232328415042595],[84.16628757491709,26.24109102238951],[84.17694334859652,26.370691120964928],[83.90805515402522,26.44711833944555],[84.0865361734623,26.639172878473087],[84.41991381232444,26.626432376445194],[84.24070685172985,26.738755416819824],[84.25409777087062,26.85658865273496],[84.06029560697044,26.888168819743253],[84.0303797730381,27.0976637358807],[83.9465137893414,27.090854995057725],[83.99422724870189,27.175205839767653],[83.93306303611453,27.31109965829397],[83.83675890533196,27.32227755225004],[83.8480971084715,27.448824834973646],[84.01632214944635,27.437165348233446],[84.10851152191714,27.52134731479078]],[[88.27559636657786,26.332611375584662],[88.27417163763894,26.33082797020643],[88.27570556039392,26.332423076043455],[88.27559636657786,26.332611375584662]]]}},{"type":"Feature","properties":{"ST_NM":"Kerala"},"geometry":{"type":"Polygon","coordinates":[[[74.9896164419431,12.795546750164178],[75.04662690304718,12.666750663703596],[75.15247030940881,12.6822604542289],[75.22033850702778,12.5682010521295],[75.32619029556932,12.593669274980297],[75.26974062754424,12.5496147528115],[75.33633549289236,12.464166704620604],[75.41580101089791,12.50047910447263],[75.41408524128164,12.289636578279735],[75.57702727659587,12.156910788264081],[75.80272633810753,12.07950439282958],[75.87009146569265,11.951987291654639],[76.11248340000462,11.978798815299925],[76.11999716056927,11.850388543581065],[76.41401386480285,11.760177694578404],[76.44340841266397,11.643702551355103],[76.2343359588273,11.571363636741436],[76.24722594592458,11.467987698647654],[76.54783047134538,11.35896837110648],[76.45841393225535,11.187765637059615],[76.73454195512859,11.21807401762112],[76.70019005527033,11.153631351836916],[76.80077286803933,11.053978536362855],[76.65905766535936,10.930588113269302],[76.90728614721,10.783407270025698],[76.88212093597846,10.638965535985793],[76.81012200440875,10.623840723749995],[76.82992965969254,10.30315321540764],[76.98359357405383,10.219659293726579],[77.23525271029641,10.352869869019992],[77.2952790897955,10.218546066864459],[77.20118377975268,10.107203462288817],[77.2727897980986,9.964293512469489],[77.16582739901511,9.61294070168897],[77.36105476167307,9.602365849241547],[77.41232049024705,9.509082635352339],[77.14700999349995,9.021366285015706],[77.25833876990457,8.874972032966614],[77.16999157904053,8.741850180160423],[77.28375606367617,8.54685140048988],[77.20127547528531,8.500969788757327],[77.17556474952109,8.32000302643087],[76.97965520264306,8.382065221352406],[76.54683811682409,8.904209099701797],[75.83022006070895,11.116728733810715],[75.54441045743756,11.704809014267502],[75.52456879283542,11.708302692508239],[75.47314983233525,11.769228085584903],[75.45394146383872,11.771655497978541],[75.38625347275735,11.85638338080758],[75.35640261037628,11.860293955895877],[75.25033141730977,12.009835225664986],[75.20124565648693,12.006354083315292],[74.86765619847402,12.751435167220304],[74.9896164419431,12.795546750164178]],[[75.5555057246832,11.721747549478474],[75.54160290866264,11.738838633216078],[75.52663646668445,11.726135068231097],[75.53116885177178,11.708435936222598],[75.5555057246832,11.721747549478474]]]}},{"type":"Feature","properties":{"ST_NM":"Madhya Pradesh"},"geometry":{"type":"Polygon","coordinates":[[[78.35863824690685,26.869184000334812],[78.57624323528202,26.74879711865969],[78.7255724585972,26.795931833084843],[79.00478765243705,26.673353358464006],[79.13883375158524,26.337549243244567],[79.06344347949366,26.225911874763142],[78.99172759179861,26.23897135912705],[78.9489057816553,26.128686616948396],[79.01190737868043,26.08267119626789],[78.75292235643002,25.750938677750003],[78.81176103915597,25.620782074519923],[78.44360198894877,25.563202792217588],[78.30530965316557,25.37674716175745],[78.45825964043796,25.163715113482223],[78.16896864592736,24.862605870248334],[78.27669510168583,24.662978931418987],[78.22582073225024,24.520096638305937],[78.3895523157323,24.262651459665395],[78.51862086067098,24.387810333204833],[78.80636707359145,24.17836848994087],[78.97145320513087,24.347597896997335],[78.8832206635516,24.641290879139277],[78.75202907350814,24.600171165082962],[78.78983785137807,24.810971036084073],[78.63172952484355,24.957687213432116],[78.57800495911495,25.25328711434187],[78.43502884876283,25.284160950332097],[78.65818230933812,25.44102031791889],[78.77463096722924,25.353046797166805],[78.74826219407838,25.409784718864802],[78.8214168432954,25.42252625150395],[78.7353114575117,25.49139918969673],[78.84655917533496,25.42868545472959],[78.89339453599686,25.555314403251085],[78.98933064407547,25.37404025811137],[78.88024132724998,25.38589102650679],[78.79231998184805,25.308084596943612],[78.849652134147,25.228782096600355],[78.88200256509434,25.343634918404547],[78.96061431706731,25.345082399987593],[78.88190711999368,25.156890656339435],[79.00587222890378,25.19504564799271],[79.01322040301208,25.27404900378575],[79.03100252801008,25.138390143987536],[79.09058448309035,25.191073181778755],[79.1239751828996,25.111045125162725],[79.28297520862621,25.117290587565364],[79.27936515528212,25.244710334645372],[79.33845972671,25.197980763176282],[79.35209522206831,25.212195131299783],[79.26304236502273,25.27218671419476],[79.2998298500428,25.337657564337036],[79.4945115454545,25.266865769486657],[79.40533943256338,25.106230769334037],[79.49150789265644,25.079616926744006],[79.56919323722974,25.171824951379204],[79.85123657551904,25.094207234080745],[79.8513684401179,25.235616599426965],[80.26387319622816,25.424061295244666],[80.43169421810738,25.177626569005557],[80.2858403547426,25.056037006747125],[80.33057380945493,24.992333770793124],[80.4484741996424,25.07865173396803],[80.50196371848202,25.03663966931515],[80.44897652227795,25.040559948567868],[80.43726993890503,24.994336909398065],[80.54930952973609,25.002114237291575],[80.47963363071133,25.096367734346273],[80.61320797419816,25.065682873577146],[80.59236326781776,25.09019823769954],[80.60185395711639,25.15046272000899],[80.67958674890637,25.048552389527078],[80.7762202622592,25.054836897386487],[80.70441664599181,25.128385069774133],[80.82990616809123,25.10004801164414],[80.83817537138566,25.180561302314473],[80.88468317844716,25.18795026010085],[80.8121656000566,24.922525926080503],[80.94665553702373,24.966300207843343],[81.13963412547142,24.887529583602095],[81.21966757007766,24.928617443117453],[81.27755320586418,25.166008646403903],[81.49119522785442,25.072278441849264],[81.57334543744335,25.192115171853935],[81.61165808035618,25.056334812675818],[81.90707741856598,25.00621314566481],[81.96528923802202,24.827054200737464],[82.20361408222445,24.819220203185083],[82.17746849191265,24.732339997865253],[82.25082679908606,24.76985087929428],[82.29666766094803,24.605842591397394],[82.41610952782375,24.5911532816866],[82.42951525389529,24.70266350276361],[82.53910998715415,24.647770396111767],[82.6710388074833,24.696983247416235],[82.80336115099234,24.596988427010096],[82.719251306137,24.552476443235147],[82.77278563833285,24.307644460715558],[82.72811553281436,24.135596189158797],[82.66447267162704,24.12833096012469],[82.81032738928965,23.962434224855883],[82.63531820301716,23.837748508243738],[82.52337858569409,23.783716858309532],[81.92145917407518,23.870945629839543],[81.81556564800893,23.806396997904162],[81.60900453426198,23.90323451405569],[81.69589561444096,23.721350852904063],[81.57667155488569,23.58537398459333],[81.62703965179347,23.482056981297568],[81.74662308058154,23.56982844595228],[81.92327094125598,23.53269272488272],[81.98531864243371,23.414529132953394],[82.1939448051524,23.32387999049112],[82.16134284323059,23.143151093933003],[81.94223569652888,23.0789989942705],[81.94629211016124,22.956812864165318],[81.77566876321052,22.874469197293408],[81.76852082807058,22.664260549617918],[81.62192938048388,22.5380468121436],[81.40669295396721,22.44098009271495],[81.32651577352559,22.52617216239635],[81.11115484590043,22.437600196671028],[81.00619664121642,22.06323264266318],[80.90792665163916,22.10959700341091],[80.81973273402386,21.74804707665939],[80.72613699507687,21.71368852609587],[80.67133563768178,21.338462592092743],[80.41230289512687,21.376633782997374],[80.25328247764334,21.62477528411357],[79.89121814899089,21.51802797099437],[79.73763943354608,21.603857435728003],[79.54062279842037,21.542679401408243],[79.49617793378127,21.67399874933836],[79.2311990644943,21.72228070920034],[79.22390582416224,21.64862521354716],[78.9141349866003,21.588962691337667],[78.93671033779975,21.48571502628249],[78.45138120437484,21.49652712165902],[78.38744463990369,21.614825960221417],[77.94109557878308,21.38570323394911],[77.48864016022988,21.374165997807456],[77.42561451889787,21.537783525514637],[77.61177491320367,21.538540759525908],[77.54380608271336,21.70383652711769],[77.47911897672064,21.769965028182533],[77.28979480491734,21.760236371587865],[76.79518548800762,21.593905201940988],[76.7857965257284,21.46502279245195],[76.62149647306319,21.332228399623503],[76.62318526088158,21.18491704210026],[76.49238838069246,21.193545779236675],[76.37620084059654,21.073037042695777],[76.16662075238608,21.078945563782973],[76.09562065219089,21.371118382500566],[75.21708450364149,21.408560087064423],[74.90177538077475,21.62918697379833],[74.55418998109074,21.681301015426115],[74.43172335010948,22.030224518898144],[74.28099466836265,21.93296055507582],[74.14421029581932,21.95306038461899],[74.09211643284281,22.014979057242552],[74.17863314821196,22.0854950159109],[74.0649235156059,22.354460346838607],[74.19018631370739,22.320182446169856],[74.29105778302493,22.39387782340396],[74.19063664634585,22.47586273586356],[74.11944611678516,22.418801734112193],[74.0411722490383,22.541720602226633],[74.37906625512794,22.634572992163744],[74.47656899990925,22.855456407097588],[74.3188922186473,23.05875247757871],[74.74153757629966,23.2083593413509],[74.51415541240704,23.328243267920623],[74.60406044995867,23.45745702765649],[74.93651696531165,23.628550816697626],[74.90249829820303,23.873155886913292],[74.98244759941325,24.025697271925594],[74.89684529354486,24.227115060892444],[74.74710440018272,24.253402061422005],[74.8542251479963,24.444498056921514],[74.70872234624454,24.486408549141668],[74.8136403818623,24.649539029357577],[74.79989786122103,24.779140524995007],[74.88883687297403,24.63362636400426],[75.0162896397707,24.731925090639933],[74.84932090260216,24.775922680026156],[74.83364071050316,24.95960887518808],[75.03403866544376,24.844593955780486],[75.11681861470811,24.8778572083731],[75.1658127545585,25.047563103379797],[75.33433439408735,25.041055426221877],[75.26342841757099,24.874801500069346],[75.42566122308696,24.868766615160798],[75.31105358062393,24.800933760130658],[75.22422582987588,24.843973098401097],[75.21943808609262,24.702499166799825],[75.83627522405185,24.727788675087638],[75.90919065550197,24.455028373941417],[75.83878701958744,24.41413082412865],[75.78938569048674,24.471554215049697],[75.72776832634756,24.390467644714004],[75.83025953447918,24.233418699283618],[75.75101578087289,24.143434020873208],[75.83681101072833,24.056979082459538],[75.71752652330052,23.9668598952912],[75.47390181385623,23.981961094383674],[75.58354172518733,23.79472778177053],[75.68692551106335,23.755335365883223],[75.70602758820051,23.89926886990068],[75.78209193542,23.84879777972796],[75.981361909096,23.928920369720046],[75.96345367320853,24.018657575303312],[76.12707980435769,24.088023497969342],[76.1854232620372,24.329312066701792],[76.2124604069123,24.209804427987102],[76.47054876947365,24.225948987490476],[76.52764252147259,24.15701073341491],[76.69543910648112,24.284279220235742],[76.69885480212697,24.168376189479204],[76.90075575531888,24.127207208165853],[76.94714447002825,24.20101277831509],[76.84149821871866,24.322509949861647],[76.81640457896077,24.53361081448681],[76.91760755985581,24.543377615124],[76.97782534698574,24.461228482289567],[77.07132775366965,24.572426225809508],[77.03066649688753,24.712196553307848],[76.80261732401497,24.809274809456053],[76.94962582794706,24.869356696245433],[76.8568659444225,25.002453065626216],[77.40658330715856,25.111691096872732],[77.3709224882695,25.408367282915506],[77.29123993998626,25.422721282510764],[77.20917624175247,25.30616024636944],[76.72932116319126,25.32854058361571],[76.5558278552146,25.452559020279455],[76.47412746532612,25.71116368628446],[76.90114892456255,26.09316869342429],[77.82363825745665,26.550447771078513],[77.90360060040817,26.658965925485994],[78.08972728004309,26.674467341728946],[78.112049476114,26.794926408558496],[78.35863824690685,26.869184000334812]],[[79.35610641450924,25.04047070320837],[79.42591071422916,25.05859109295065],[79.36030437568091,25.144263387207697],[79.35610641450924,25.04047070320837]],[[79.35446513768791,25.175894063907098],[79.37255518989396,25.180018400295662],[79.35951991646918,25.188555376772474],[79.35446513768791,25.175894063907098]]]}},{"type":"Feature","properties":{"ST_NM":"Andaman & Nicobar"},"geometry":{"type":"MultiPolygon","coordinates":[[[[93.89996760416021,7.082447437861835],[93.8984514177422,7.081986373152123],[93.89838354463261,7.082628400827205],[93.89996760416021,7.082447437861835]]],[[[93.83724528347544,7.29107994140683],[93.83374984617846,7.290482846375118],[93.83735839304782,7.291699361803392],[93.83724528347544,7.29107994140683]]],[[[93.69820975438971,7.232053547886951],[93.7096875629109,7.214145161211808],[93.70728254202825,7.20829069392906],[93.69820975438971,7.232053547886951]]],[[[93.61670891715671,7.331240298311431],[93.62274243559284,7.328463767430422],[93.61926281223813,7.3257957150832596],[93.61670891715671,7.331240298311431]]],[[[93.75029361372722,7.400609029518678],[93.75920644105807,7.401429386267144],[93.7565990971156,7.396609043270033],[93.75029361372722,7.400609029518678]]],[[[93.67848845235756,7.411779445461602],[93.67458431933554,7.400534332347262],[93.6709809755083,7.409695298929241],[93.67848845235756,7.411779445461602]]],[[[93.83719707538575,7.240239135971026],[93.88032056944587,7.090166319391733],[93.94286971740173,6.99890530688786],[93.82385578367288,6.75436793493344],[93.6451367996187,7.127092593721258],[93.83719707538575,7.240239135971026]]],[[[93.69997431959386,7.4457205675459175],[93.74309442610705,7.362371703777681],[93.63603232570514,7.244448215873356],[93.62064077129011,7.373264129044243],[93.70696005941765,7.3845836217732534],[93.69997431959386,7.4457205675459175]]],[[[93.63247187194116,7.473611709867564],[93.64037429849496,7.476107554227969],[93.64014773978703,7.472703585350627],[93.63247187194116,7.473611709867564]]],[[[93.62240035713265,7.478874337003782],[93.62174370932121,7.47870739185087],[93.6218523946908,7.479118724313587],[93.62240035713265,7.478874337003782]]],[[[93.6219565489581,7.482251536882999],[93.6196922365883,7.480683945256725],[93.61971939265938,7.483310475542646],[93.6219565489581,7.482251536882999]]],[[[93.52056536472283,7.527288427854008],[93.53404465203636,7.5195365546993855],[93.52934921733508,7.514693643328198],[93.52056536472283,7.527288427854008]]],[[[93.45513738397929,8.129771861378952],[93.45481973969483,8.12964532908801],[93.45489239274008,8.129912061974238],[93.45513738397929,8.129771861378952]]],[[[93.5145836027218,8.069774876378895],[93.51417993935898,8.069593903376445],[93.51424333436691,8.06998273022893],[93.5145836027218,8.069774876378895]]],[[[93.51391060647047,8.075561519950933],[93.5128445559599,8.075723917684783],[93.5135067140373,8.07616719696725],[93.51391060647047,8.075561519950933]]],[[[93.57878923597674,8.09599448488493],[93.5784989525792,8.095601117999841],[93.57841724631254,8.096021547287314],[93.57878923597674,8.09599448488493]]],[[[93.57985506640009,8.097956736911723],[93.57913841202598,8.0970840819896],[93.57956922606994,8.098345487511732],[93.57985506640009,8.097956736911723]]],[[[93.57848962177835,8.097762107114514],[93.57792716412108,8.097264712708032],[93.57783186903907,8.097504304287135],[93.57848962177835,8.097762107114514]]],[[[93.45499235367163,8.130567604820849],[93.45463389173727,8.130545064984135],[93.4547972907959,8.130793696760904],[93.45499235367163,8.130567604820849]]],[[[93.45717059396245,8.131873806915301],[93.45682565526637,8.131430801534787],[93.45659883964031,8.131693069031693],[93.45717059396245,8.131873806915301]]],[[[93.45438914124654,8.131847192457798],[93.4539444060106,8.131521753026638],[93.45379924095566,8.131680017021456],[93.45438914124654,8.131847192457798]]],[[[93.45628131483176,8.132149760176068],[93.45650359755895,8.131901058097476],[93.45622227844962,8.131914673905774],[93.45628131483176,8.132149760176068]]],[[[93.4538721419359,8.13314032686062],[93.45315516057504,8.132828498920626],[93.45366350910949,8.133574391319303],[93.4538721419359,8.13314032686062]]],[[[93.45625433752546,8.13331169286309],[93.4559321253078,8.133054049792772],[93.45595941163454,8.133343395681093],[93.45625433752546,8.13331169286309]]],[[[93.45390976966823,8.139533185466846],[93.45302474495874,8.138520614526893],[93.45239860662929,8.138710613722392],[93.45390976966823,8.139533185466846]]],[[[93.45579297447364,8.140156752415242],[93.45436808473627,8.139655173157387],[93.45585658238228,8.140550078336224],[93.45579297447364,8.140156752415242]]],[[[93.3713496857646,8.021939473963604],[93.45226090298105,7.936494678375464],[93.45360049498727,7.87525108934479],[93.31012242312237,7.932736135937741],[93.3713496857646,8.021939473963604]]],[[[93.49839052020627,7.986391724754016],[93.57247807433743,7.994124773960523],[93.56742380579928,7.931481067788211],[93.49839052020627,7.986391724754016]]],[[[93.49296482973917,8.04888548925908],[93.4948473940458,8.048586613469396],[93.4933681481489,8.047357255795438],[93.49296482973917,8.04888548925908]]],[[[93.5138046600642,8.065344045224249],[93.51335567220373,8.065054550847508],[93.51348257181404,8.065438876216286],[93.5138046600642,8.065344045224249]]],[[[93.55309065902838,8.120090406012185],[93.57787977798982,8.114353715833108],[93.58059887504861,8.099435195649962],[93.57232014422229,8.097186855508369],[93.59042580824966,8.050607738055746],[93.58351442377854,8.0401042740972],[93.55309065902838,8.120090406012185]]],[[[93.1167630181645,8.356644135272719],[93.11646731163759,8.276116361700648],[93.19046006565848,8.197300859808058],[93.07672363540918,8.274085146597352],[93.1167630181645,8.356644135272719]]],[[[93.6342495238024,8.39594786229447],[93.64326576069719,8.389699443219346],[93.63349129719356,8.395039133586923],[93.6342495238024,8.39594786229447]]],[[[93.22932702928874,8.224132695665206],[93.22853739937422,8.22397920714807],[93.22893237153666,8.224630107302218],[93.22932702928874,8.224132695665206]]],[[[93.21052288919539,8.249485154401535],[93.2406373478235,8.230639443482898],[93.22871912136968,8.22473414873504],[93.21052288919539,8.249485154401535]]],[[[93.62425228349821,8.398240130450233],[93.62524655771928,8.397638826973896],[93.62456099403717,8.397014909969325],[93.62425228349821,8.398240130450233]]],[[[93.0472012330286,8.460338275113028],[93.02638267301288,8.450939326333708],[93.03293196096598,8.472114724667216],[93.0472012330286,8.460338275113028]]],[[[93.60762282277388,8.57196709363065],[93.63182364403889,8.46838486314934],[93.6122433173192,8.424082632181978],[93.61991785476016,8.488974186857723],[93.60762282277388,8.57196709363065]]],[[[93.63090346196411,8.395328519321158],[93.63220192101177,8.395215477155716],[93.63271946919302,8.394627726860406],[93.63090346196411,8.395328519321158]]],[[[93.59658055523165,8.58336387706914],[93.5989516108134,8.582410053694787],[93.5983475746332,8.580773495028048],[93.59658055523165,8.58336387706914]]],[[[92.79242153454193,9.238721332826985],[92.82633324284295,9.140114583801202],[92.72806216899916,9.126696342660818],[92.72028486608633,9.218559913363388],[92.79242153454193,9.238721332826985]]],[[[92.52062776882856,10.897836651207848],[92.56850562168269,10.578431304857547],[92.38851433392871,10.533056726215978],[92.37827498687567,10.782586208755006],[92.52062776882856,10.897836651207848]]],[[[92.61811884988418,10.93200285483399],[92.60737565844953,10.93082193254359],[92.60463505751949,10.937534339464],[92.61811884988418,10.93200285483399]]],[[[92.21093132794181,10.981417188759073],[92.2235970793745,10.978363286023459],[92.21326032080867,10.97579822308902],[92.21093132794181,10.981417188759073]]],[[[92.6678090331628,10.985881236917344],[92.65845313697088,10.989841651459706],[92.66595164144707,10.991929607410817],[92.6678090331628,10.985881236917344]]],[[[92.72457665898435,11.142594172041441],[92.7216153303109,11.143570482733496],[92.7240505184174,11.14386434384789],[92.72457665898435,11.142594172041441]]],[[[92.73076204390746,11.149261498131041],[92.72888835046427,11.142011092720072],[92.72543314691222,11.1452611053083],[92.73076204390746,11.149261498131041]]],[[[92.67465829643707,11.185072066248926],[92.67544497628421,11.177562349857524],[92.67408209635256,11.19010471510021],[92.67465829643707,11.185072066248926]]],[[[92.70478269043227,11.264095892396593],[92.69206789188338,11.280906444742106],[92.70443401743957,11.289878540409724],[92.70478269043227,11.264095892396593]]],[[[92.72107990745211,11.333695976534825],[92.70755365621552,11.299649464517525],[92.69533275500312,11.309954038149613],[92.72107990745211,11.333695976534825]]],[[[92.54970481703398,11.39539526002999],[92.54472679570051,11.396034472447399],[92.54970467599848,11.39736165536029],[92.54970481703398,11.39539526002999]]],[[[92.55686918775035,11.396985502976914],[92.55908776688901,11.392646926496733],[92.55505876355092,11.391632462839006],[92.55686918775035,11.396985502976914]]],[[[93.44492628624701,8.167687780393239],[93.53580228673809,8.203325749761115],[93.48796093243396,8.14501415840738],[93.53914370159141,8.083372354397445],[93.53961682628527,8.037651485407244],[93.49091945746541,7.999611197614834],[93.5251088790382,8.081731721644237],[93.50243947782177,8.087271440333257],[93.47545499488358,8.053397120942098],[93.48001520977839,8.092652879212698],[93.44492628624701,8.167687780393239]]],[[[92.21148618225851,11.530166692093573],[92.26803246858397,11.585791002684326],[92.2679511674575,11.523200956060643],[92.21148618225851,11.530166692093573]]],[[[93.08476520471227,11.785362098720217],[93.07811485179812,11.786387330712975],[93.08494672997666,11.788598449084837],[93.08476520471227,11.785362098720217]]],[[[93.04753573150444,11.813213544503885],[93.06197099516355,11.844534659909884],[93.07029555264576,11.835867097294779],[93.04753573150444,11.813213544503885]]],[[[92.59918951787787,11.918438916734319],[92.59586275634348,11.911707686274445],[92.59514285725457,11.906350922333408],[92.59446244091903,11.915274131873353],[92.59918951787787,11.918438916734319]]],[[[92.71465730890351,11.925962032233697],[92.7235471088204,11.910015664861692],[92.71776179489726,11.902694538024132],[92.71465730890351,11.925962032233697]]],[[[92.60459936026673,11.934902703182896],[92.60138165061456,11.935575972278306],[92.60310286222479,11.93627226228177],[92.60459936026673,11.934902703182896]]],[[[92.73191699529185,11.960160724789219],[92.7242838225748,11.941926212191815],[92.72515506982279,11.956145329591816],[92.73191699529185,11.960160724789219]]],[[[92.5953952964258,11.976401970641206],[92.60786324422283,11.943486849381186],[92.6052467823802,11.936688549220959],[92.6018552388391,11.937058438943584],[92.5976802619623,11.928281556946795],[92.5953952964258,11.976401970641206]]],[[[92.72413538765218,11.953255063610053],[92.72239623668573,11.954484928197369],[92.72442478531087,11.954198943474426],[92.72413538765218,11.953255063610053]]],[[[92.57991038908644,11.978430872844717],[92.58298166346582,11.978074909973689],[92.5809027463027,11.977360525814921],[92.57991038908644,11.978430872844717]]],[[[92.74204647389406,11.962124296170181],[92.75925880199893,11.949447392808601],[92.73521193760057,11.9522273760076],[92.74204647389406,11.962124296170181]]],[[[92.74313692534272,11.96604239905093],[92.74191662331806,11.967683202777032],[92.74386255927641,11.967044645860975],[92.74313692534272,11.96604239905093]]],[[[92.7230025518918,11.992006420382765],[92.72641247586195,11.988078140669572],[92.72168272461849,11.982967468146741],[92.7230025518918,11.992006420382765]]],[[[92.72552863333536,11.99596674261024],[92.72470218776553,11.995736916392051],[92.72540019311434,11.996359882391307],[92.72552863333536,11.99596674261024]]],[[[92.77005170260814,12.01706540663412],[92.77365743864898,12.012650831211985],[92.77055334971058,12.013562721224492],[92.77005170260814,12.01706540663412]]],[[[92.6278839268914,11.5470759167609],[92.62625590920366,11.544969802136679],[92.62770992591582,11.548215067343396],[92.6278839268914,11.5470759167609]]],[[[92.60132764030641,11.537795704545523],[92.60506812633483,11.532501952957983],[92.60471389636378,11.52187025508902],[92.60132764030641,11.537795704545523]]],[[[92.69473023877238,11.663425706439023],[92.69964028099504,11.659364296952136],[92.69205361765351,11.660755325616456],[92.69473023877238,11.663425706439023]]],[[[92.75970773596048,11.677020097572276],[92.76203041367091,11.669619966241692],[92.76099035770966,11.669395779270882],[92.75970773596048,11.677020097572276]]],[[[92.72602108707916,11.687329457763402],[92.72227902360915,11.68660575695813],[92.72224707233111,11.688010065119407],[92.72602108707916,11.687329457763402]]],[[[92.60915287462787,11.531547586675416],[92.6171620497835,11.559960847713596],[92.61568660915015,11.536184360860627],[92.60915287462787,11.531547586675416]]],[[[92.57564005155064,11.570850086585201],[92.57358126024316,11.562912526475976],[92.57174264062189,11.562731758892017],[92.57564005155064,11.570850086585201]]],[[[92.56653382502394,11.570276175628768],[92.56391111180528,11.569417317492894],[92.56633665020895,11.570737246251488],[92.56653382502394,11.570276175628768]]],[[[92.59141366215098,11.577796799589938],[92.5965467973812,11.54924615835702],[92.59436316091045,11.533267138693926],[92.58311771241729,11.54886305021876],[92.59141366215098,11.577796799589938]]],[[[92.60077313633268,11.585941372086308],[92.61365495415075,11.563107569778778],[92.59957457533451,11.567643402656657],[92.60077313633268,11.585941372086308]]],[[[92.53120105740193,11.595727793352562],[92.56432365321803,11.573729671244353],[92.52885493186596,11.555162513470348],[92.53120105740193,11.595727793352562]]],[[[92.57838686253423,11.583664984595815],[92.57596576450298,11.584302438745578],[92.57771741642496,11.585147664634482],[92.57838686253423,11.583664984595815]]],[[[92.59352379936348,11.589698508438872],[92.59206102587395,11.589834252787556],[92.5922444986859,11.590562001707703],[92.59352379936348,11.589698508438872]]],[[[93.1090709096766,12.141732616546147],[93.1227966354153,12.140857100665395],[93.11529177446016,12.130431984213583],[93.1090709096766,12.141732616546147]]],[[[93.09830731840016,12.136768915176114],[93.0963158450434,12.135272660151479],[93.0969200204625,12.137234672621707],[93.09830731840016,12.136768915176114]]],[[[93.09323148580361,12.220647867185018],[93.09199580282463,12.218681143542826],[93.09303337224917,12.223613400845716],[93.09323148580361,12.220647867185018]]],[[[93.0921829847804,12.2253356271646],[93.09147076269389,12.225294809807268],[93.08989908644247,12.226221253051186],[93.0921829847804,12.2253356271646]]],[[[92.92512446728739,11.995619195326155],[93.00761842081306,12.019856091823192],[93.04357400030302,11.88462913243183],[92.92512446728739,11.995619195326155]]],[[[92.9540672326292,12.080173605970622],[93.00463165903729,12.048462115660413],[92.99522962537237,12.041938976035713],[92.9540672326292,12.080173605970622]]],[[[92.68225946307888,12.216697190879547],[92.67862996120886,12.219337427353272],[92.68142484283996,12.22395605546569],[92.68225946307888,12.216697190879547]]],[[[92.73010503856655,12.188136691288332],[92.72406665575316,12.185210097404724],[92.72913614983709,12.189511054761079],[92.73010503856655,12.188136691288332]]],[[[92.74054627389485,12.111902420037753],[92.7384881491373,12.111107778646385],[92.74026671278855,12.113303661964384],[92.74054627389485,12.111902420037753]]],[[[92.95567300084397,12.101827531347913],[92.94828415820609,12.0911402993619],[92.94673513746613,12.116866202251163],[92.95567300084397,12.101827531347913]]],[[[93.02573467867256,12.14561516478568],[93.04997006531305,12.07972173439415],[93.04387842408144,12.045972301603122],[93.00588975498258,12.079617524273853],[93.02573467867256,12.14561516478568]]],[[[93.04874067143942,12.116759987393563],[93.05764238481359,12.117060256894064],[93.05320310830884,12.109293630106928],[93.04874067143942,12.116759987393563]]],[[[92.7573863185864,12.146359539390687],[92.75299475699629,12.145869566427868],[92.75611675205325,12.150033626825406],[92.7573863185864,12.146359539390687]]],[[[92.95198640385117,12.147270656174818],[93.00267989570769,12.112242741007723],[92.97726706835967,12.108319709411695],[92.95198640385117,12.147270656174818]]],[[[92.76224662288841,12.178913182540755],[92.75826387290601,12.166979293545497],[92.75826942090117,12.164814304066788],[92.7575431464687,12.165681812377457],[92.75844323682382,12.176999783754278],[92.75449014382221,12.181111173397998],[92.76224662288841,12.178913182540755]]],[[[92.92399257565634,12.215282159177256],[92.938623559758,12.216015666655682],[92.93206217329463,12.1962566208188],[92.92399257565634,12.215282159177256]]],[[[93.07177570943436,12.210453505184027],[93.09401712629997,12.143133000900432],[93.07404381359295,12.083780937935217],[93.06656786850849,12.131820314224939],[93.04834476053752,12.11943133109681],[93.03563005810837,12.132464313473236],[93.07177570943436,12.210453505184027]]],[[[93.01995877100877,12.223961764762697],[93.01843764475505,12.2242776792972],[93.01991723740164,12.224377607219484],[93.01995877100877,12.223961764762697]]],[[[92.6120012617139,11.508579490015848],[92.60838877034213,11.507495171933842],[92.61435328468968,11.510757892316816],[92.6120012617139,11.508579490015848]]],[[[92.64447727983287,11.514476011130984],[92.64301028875312,11.514417641791413],[92.6443536842262,11.515181212248336],[92.64447727983287,11.514476011130984]]],[[[92.63894710541678,11.510504828912374],[92.69031421785373,11.375199337073267],[92.59828507788015,11.34683618431214],[92.58630887056461,11.400895965017114],[92.63894710541678,11.510504828912374]]],[[[92.55149722372373,11.531527903151328],[92.56736451782841,11.52755037885358],[92.56522838786316,11.517474636361687],[92.55149722372373,11.531527903151328]]],[[[93.06795220380235,12.328019909681881],[93.07335449405461,12.325354159421128],[93.06380606823603,12.325736302219353],[93.06795220380235,12.328019909681881]]],[[[92.66798959902648,12.533602606560748],[92.68401064248697,12.53946086396909],[92.67712917730475,12.521903824075181],[92.66798959902648,12.533602606560748]]],[[[92.8288007253839,12.426201280439702],[92.83984431524618,12.422989386913933],[92.8416967617363,12.41610794811057],[92.8288007253839,12.426201280439702]]],[[[92.71991783152923,12.618776949268552],[92.72283353746435,12.621436459827937],[92.72325675894751,12.6204149522525],[92.72255727317513,12.62065457289831],[92.71991783152923,12.618776949268552]]],[[[92.70217587919073,12.640168765250737],[92.70017844730873,12.639576818190623],[92.70143953733886,12.64100045802402],[92.70217587919073,12.640168765250737]]],[[[92.7249574727996,12.655655218626528],[92.72517826971328,12.654800963573111],[92.72453846800839,12.654082367052686],[92.7249574727996,12.655655218626528]]],[[[92.92459675646532,12.404257092720044],[92.95783506247653,12.41798733997834],[92.92986152542738,12.358662134803124],[92.92459675646532,12.404257092720044]]],[[[92.84542409193736,12.416894095000712],[92.84248315142757,12.416257087348704],[92.84317778450081,12.418182446823701],[92.84542409193736,12.416894095000712]]],[[[92.86813374576332,12.41430811132074],[92.85761963101434,12.41724756265807],[92.86736718099203,12.420520622475413],[92.86813374576332,12.41430811132074]]],[[[92.85076181937183,12.408717356086983],[92.88368733200112,12.376568912196744],[92.8436600459594,12.395472950351623],[92.85076181937183,12.408717356086983]]],[[[92.89791189491206,12.41180702038392],[92.89656938877106,12.40972546277185],[92.89733700457124,12.412082667121146],[92.89791189491206,12.41180702038392]]],[[[92.90057713976614,12.426284168530904],[92.89804608255426,12.4218091791713],[92.89835138847828,12.425788839769284],[92.90057713976614,12.426284168530904]]],[[[92.91155775143882,12.333818002761692],[92.90999486520246,12.33376798497839],[92.91059704546328,12.33568213710432],[92.91155775143882,12.333818002761692]]],[[[92.90510410441907,12.340155358119807],[92.90406977881104,12.338885150955692],[92.90372963532195,12.34112450007033],[92.90510410441907,12.340155358119807]]],[[[92.90897464134777,12.350607469736213],[92.91691120927226,12.350577246875252],[92.90953990534199,12.338181239412314],[92.90897464134777,12.350607469736213]]],[[[92.65527362098965,12.773563452874562],[92.653731436429,12.77172834868068],[92.65524592233618,12.774331763623897],[92.65527362098965,12.773563452874562]]],[[[92.7081885135931,12.692082460155133],[92.71501910718084,12.689684947678273],[92.71037434824134,12.680276924010684],[92.7081885135931,12.692082460155133]]],[[[92.71932300397901,12.696559572587644],[92.72074913339148,12.689636031154485],[92.71643229366668,12.685878942883015],[92.71932300397901,12.696559572587644]]],[[[92.72172620846813,12.737772614117645],[92.72871154584669,12.730755107560588],[92.72688322002026,12.727331761193376],[92.72172620846813,12.737772614117645]]],[[[92.72651122047459,12.836973257519874],[92.72360205876632,12.832248498283239],[92.72623550415769,12.838975419718192],[92.72651122047459,12.836973257519874]]],[[[92.76725091814733,12.851904951348724],[92.77957675156806,12.85002806227723],[92.78047117085879,12.83986026918497],[92.7845370751921,12.832368407022226],[92.7832977342733,12.8246088175265],[92.76725091814733,12.851904951348724]]],[[[92.76237311376528,12.852400662464696],[92.76540985151523,12.849794036736387],[92.76488590822744,12.847963660956196],[92.76487561083935,12.842102299846582],[92.76557329908287,12.838338109311119],[92.76504026035285,12.836363127139618],[92.76237311376528,12.852400662464696]]],[[[92.6934365677452,12.797777696324186],[92.7109787922567,12.777331298756243],[92.72456176401865,12.748487951273606],[92.71632314207143,12.719313256644227],[92.6934365677452,12.797777696324186]]],[[[92.71629153754311,12.788331366876038],[92.72318783121577,12.767566073738172],[92.72372513245182,12.76221498448257],[92.71629153754311,12.788331366876038]]],[[[92.75985290460872,12.868628039617736],[92.76541503389612,12.856577251385358],[92.76309881597092,12.855763130656184],[92.75985290460872,12.868628039617736]]],[[[92.71327646895443,12.855707580568895],[92.71969699598797,12.840451668015543],[92.71104039243066,12.832215580980991],[92.71327646895443,12.855707580568895]]],[[[92.72806359732044,12.855909486002503],[92.73051374057978,12.856478600108641],[92.72851459022064,12.854910639348832],[92.72806359732044,12.855909486002503]]],[[[92.69517532704623,13.096254496872927],[92.70541816315583,13.071409451290494],[92.69981352109758,13.071163118067222],[92.69517532704623,13.096254496872927]]],[[[92.73075646357293,13.094819768486662],[92.72798240578844,13.093440486765244],[92.73020329090244,13.095583849667005],[92.73075646357293,13.094819768486662]]],[[[92.79554643744547,13.170512769411223],[92.79267520260846,13.169287581051146],[92.79313634557306,13.17109337846703],[92.79554643744547,13.170512769411223]]],[[[93.0580578385645,13.225925226564636],[93.0571864260265,13.223791777193696],[93.05678450449702,13.226521484042664],[93.0580578385645,13.225925226564636]]],[[[93.06068691455035,13.227796968910505],[93.0588279660542,13.22715473771262],[93.05944585874765,13.228433923559574],[93.06068691455035,13.227796968910505]]],[[[92.91665088648605,13.060400587941976],[92.91339611324359,13.061080449111888],[92.91466383733211,13.063211757417802],[92.91665088648605,13.060400587941976]]],[[[92.91427197334056,13.064179019864484],[92.91234038437561,13.063729074353418],[92.91286808980779,13.06743999401139],[92.91427197334056,13.064179019864484]]],[[[93.06930863922011,13.300193751713552],[93.0772363021452,13.30089596851918],[93.0705965394699,13.298354572221141],[93.06930863922011,13.300193751713552]]],[[[92.96558270301865,13.33470580576194],[92.96432891449517,13.335765249016065],[92.967367284484,13.337701165123017],[92.96558270301865,13.33470580576194]]],[[[93.00777008787404,13.316387562536589],[92.99624424014641,13.300324176673167],[93.00756014081236,13.320988330343718],[93.00777008787404,13.316387562536589]]],[[[93.01358377059384,13.308815623269874],[93.01953792107795,13.316555738194632],[93.02081253883796,13.304037243283727],[93.01358377059384,13.308815623269874]]],[[[93.00746962297107,13.33605634604641],[93.00675845011683,13.336914706483197],[93.00800915921558,13.336965030353783],[93.00746962297107,13.33605634604641]]],[[[93.01294654525714,13.338955960239202],[93.0135518534518,13.337451245655288],[93.01242111346095,13.337450718581323],[93.01294654525714,13.338955960239202]]],[[[93.01533554378835,13.342699211753832],[93.01918673280247,13.338258263610674],[93.01715668578743,13.336765923526599],[93.01533554378835,13.342699211753832]]],[[[92.98784265751847,12.999590095560897],[92.98553847072986,13.000259746294955],[92.98762206631899,13.001240099596574],[92.98784265751847,12.999590095560897]]],[[[92.91789574485732,13.042750207335104],[92.91311538971729,13.04320391038506],[92.915982623458,13.048305102782619],[92.91789574485732,13.042750207335104]]],[[[92.93233168854114,13.051847717090698],[92.93065368499774,13.051838636091706],[92.93103181105363,13.05356981746421],[92.93233168854114,13.051847717090698]]],[[[92.91646273614646,13.007702116907803],[92.93880904120292,13.025119164958136],[92.94205759810363,12.997221110841767],[92.91646273614646,13.007702116907803]]],[[[93.09671223834066,13.431932492136077],[93.1008580657848,13.435024250372003],[93.10186962359197,13.430577242584908],[93.09671223834066,13.431932492136077]]],[[[93.0941840593309,13.4160825243532],[93.09028811175776,13.411860817486843],[93.09351431318429,13.418541006722215],[93.0935880163601,13.419842613407631],[93.0941840593309,13.4160825243532]]],[[[93.04234063857074,13.637959747573284],[93.05473670677199,13.644968695202135],[93.0456406374962,13.62140666790149],[93.04234063857074,13.637959747573284]]],[[[93.01875961352927,13.671076909249727],[93.02769590395705,13.628581121836342],[93.01205906185872,13.64910095958698],[92.98559608058734,13.642543582969639],[92.97600114269832,13.653831388647],[93.01875961352927,13.671076909249727]]],[[[93.03861806135586,13.322926909367341],[93.08854088583519,13.336141493880659],[93.06388083771208,13.30425556236926],[93.03861806135586,13.322926909367341]]],[[[93.07432868643754,13.366111978616205],[93.07552471238996,13.363581338759461],[93.07275487938226,13.365280046427355],[93.07432868643754,13.366111978616205]]],[[[93.08129814339848,13.368350544838492],[93.07961792910119,13.368580710231337],[93.08073018086516,13.369480300806417],[93.08129814339848,13.368350544838492]]],[[[93.07844392175467,13.3766070344464],[93.07897468864536,13.376991295241723],[93.07909939726466,13.37659812720527],[93.07844392175467,13.3766070344464]]],[[[93.0623501461972,13.385655763089838],[93.05997292008779,13.38525741116261],[93.06232225440593,13.386396948166587],[93.0623501461972,13.385655763089838]]],[[[92.81117617027661,13.419805554338263],[92.81760967886437,13.416553313873395],[92.81328588438262,13.403825146870245],[92.81117617027661,13.419805554338263]]],[[[92.86544723239655,13.505269662882283],[92.87284136880638,13.506336246545457],[92.87092528835649,13.502394267376905],[92.8663204244971,13.503696952012172],[92.86544723239655,13.505269662882283]]],[[[93.07579204922186,13.433284903119253],[93.07700636307686,13.4331857206897],[93.07577363825011,13.43299565448457],[93.07579204922186,13.433284903119253]]],[[[92.87305798945233,13.538559237216466],[92.87677194373879,13.537922884853415],[92.87470284516174,13.535648826743552],[92.87305798945233,13.538559237216466]]],[[[93.05519886483285,13.562559228203424],[93.0510361113321,13.564505738116093],[93.05539643580484,13.566296768902445],[93.05519886483285,13.562559228203424]]],[[[92.90863267877026,13.532202162888078],[92.90618220403256,13.537069799889501],[92.91140411167748,13.534362976271355],[92.90863267877026,13.532202162888078]]],[[[92.91724678752303,13.515725508932059],[92.91630665476413,13.507824549228012],[92.91322601904118,13.507288578462823],[92.91724678752303,13.515725508932059]]],[[[93.09263730414209,13.417139860520228],[93.08607241514743,13.416049668560666],[93.09184284847785,13.419878525188741],[93.09263730414209,13.417139860520228]]],[[[93.06604330358654,13.42268009329155],[93.06882728685659,13.422680760857155],[93.06876943714893,13.413266733158762],[93.06604330358654,13.42268009329155]]],[[[92.82460771033618,13.43914001185011],[92.83405281372741,13.420642097737757],[92.8217073458295,13.421360084415726],[92.82460771033618,13.43914001185011]]],[[[93.00220430334174,13.571187292089071],[92.99771444360167,13.570335280965516],[92.99982901489841,13.572704548845294],[93.00220430334174,13.571187292089071]]],[[[92.88960132330048,13.597937398642484],[92.90213401447663,13.59650441732736],[92.88364122507086,13.574967927441785],[92.88960132330048,13.597937398642484]]],[[[92.75216758738435,12.893611784472862],[92.7478694290242,12.894139030711543],[92.74930914186208,12.897397822321535],[92.75216758738435,12.893611784472862]]],[[[92.75393215258853,12.91464872298213],[92.75516245645557,12.89264564802065],[92.75196282180525,12.889802097699496],[92.75393215258853,12.91464872298213]]],[[[92.69456017960425,12.991476300004665],[92.72039052593004,12.889730066997812],[92.66711213723337,12.783153209899554],[92.64685581209274,12.861888627683024],[92.69456017960425,12.991476300004665]]],[[[92.91037950763744,12.914534963471842],[92.90821867310355,12.914458062843643],[92.91063307688933,12.916749978950335],[92.91037950763744,12.914534963471842]]],[[[92.9338731876872,12.920451618624005],[92.93369194449382,12.911153107555306],[92.92869393205198,12.916957637669434],[92.9338731876872,12.920451618624005]]],[[[92.89275186322389,12.898861667356464],[92.89053128353711,12.897546014992884],[92.89133289787586,12.899313583040612],[92.89275186322389,12.898861667356464]]],[[[92.78973525743206,12.89004232773779],[92.78119808848501,12.884224513955052],[92.78224821635722,12.893082183330401],[92.79098756732863,12.891316946096014],[92.78973525743206,12.89004232773779]]],[[[92.86347253058618,12.913892432240262],[92.86262477877445,12.91396458907445],[92.86273529580892,12.914470899901207],[92.86347253058618,12.913892432240262]]],[[[92.76722622885008,12.916898677621765],[92.76612493024435,12.91731413035539],[92.76680636616771,12.917965067986575],[92.76722622885008,12.916898677621765]]],[[[92.76639409514787,12.921747432675913],[92.76118809217506,12.921908630581374],[92.76534085012165,12.926492182454231],[92.76639409514787,12.921747432675913]]],[[[92.77333808307388,12.91145024791436],[92.80012379668747,12.897690379230474],[92.79141090918603,12.892225361759909],[92.77333808307388,12.91145024791436]]],[[[92.86391899687563,12.917893103184216],[92.87316034439411,12.932084394604288],[92.88450917460342,12.924120996899488],[92.86391899687563,12.917893103184216]]],[[[92.7685345855355,12.924744171290977],[92.77541129683325,12.927620066115654],[92.7716254090521,12.91761837660974],[92.7685345855355,12.924744171290977]]],[[[92.668446034819,12.956196893751416],[92.6680387647203,12.952685242462387],[92.66648815575893,12.953272681157127],[92.668446034819,12.956196893751416]]],[[[92.66604392357955,12.950348463125438],[92.66811266103389,12.951180368344254],[92.66816818500328,12.949589588512625],[92.66604392357955,12.950348463125438]]],[[[92.66917238381161,12.951993949148063],[92.67063774175423,12.950195390420648],[92.66867947911355,12.950597469257005],[92.66917238381161,12.951993949148063]]],[[[92.67058282774089,12.948134603853505],[92.66994229301072,12.948197799942495],[92.67075323994695,12.948365145840206],[92.67058282774089,12.948134603853505]]],[[[92.67436083819537,12.949886226990962],[92.67461437331123,12.948485181076888],[92.67191885613036,12.948979801738199],[92.67436083819537,12.949886226990962]]],[[[92.66920498816488,12.948830412177317],[92.67192334501185,12.949730069726725],[92.67172998444359,12.948514276540093],[92.66920498816488,12.948830412177317]]],[[[92.66675329261672,12.951948518870768],[92.66792358902276,12.951948575775726],[92.66791453130976,12.951614128557871],[92.66675329261672,12.951948518870768]]],[[[92.66973210160728,12.952929557309425],[92.66860317351836,12.952784776775507],[92.66923429210775,12.953331647491291],[92.66973210160728,12.952929557309425]]],[[[92.75892680982277,12.935415499525536],[92.76570347035742,12.928724713919914],[92.76289952382683,12.925791028726625],[92.75892680982277,12.935415499525536]]],[[[92.88892760660033,12.937850021618287],[92.8911854016927,12.936570961843039],[92.88770660927962,12.934468616321709],[92.88892760660033,12.937850021618287]]],[[[92.9574061780138,12.949081257439007],[92.96918295484468,12.945413042094197],[92.94999001850645,12.940597519473028],[92.9574061780138,12.949081257439007]]],[[[92.97810418052514,12.933115518679932],[92.96937253081067,12.9623735912026],[92.98630084486037,12.956606016355655],[92.97810418052514,12.933115518679932]]],[[[93.02977549306,13.56845234470276],[92.98867498525678,13.427547536478102],[93.0673974761481,13.397217825215579],[92.94507900340835,13.351236037669304],[92.97361191060514,13.28205736127416],[93.06441074401674,13.272446830828912],[93.03083525356699,13.178232486077214],[93.03329743155618,13.081879319989996],[92.95930809382828,13.015767104721121],[92.94466134339507,13.122440521380264],[92.92178421934562,13.056997517388805],[92.89847946128833,13.095848138760191],[92.88697368282246,13.093357584215319],[92.89224513525023,13.101042656230117],[92.88926969763693,13.113716022383837],[92.88317865378497,13.128247368785061],[92.87643906043385,13.13601838978872],[92.87498927478671,13.13581408498288],[92.87299206119532,13.103610049437904],[92.91193681174263,13.066929096378423],[92.8577793649466,13.080027055748106],[92.8460470394509,13.075289359406112],[92.84347889349586,13.05075504044893],[92.9367764384809,12.974841073267958],[92.84242260497744,12.956650605357066],[92.84724125889132,12.91248283451165],[92.87514334843435,12.905897853284777],[92.84121580642812,12.877036335226174],[92.84334075685966,12.887742075552591],[92.84056625351079,12.89261822820786],[92.80072153567752,12.900112703529164],[92.78959799036505,12.961874119267607],[92.82202612468615,12.977171284095748],[92.8369166159037,13.023185679417436],[92.78772724429432,13.019665337909968],[92.8305058005567,13.242735816980064],[92.8527690626534,13.235399471708336],[92.85066185574533,13.228703373096636],[92.85492547837435,13.219136196514475],[92.84759381080939,13.212906472128745],[92.84799691631842,13.208779631871204],[92.84912698616604,13.207617835751131],[92.8539849898826,13.209232990844926],[92.85827486218257,13.20630785512432],[92.86107506902668,13.206533288143495],[92.8580085745829,13.200951700996834],[92.85891711988147,13.199550283769236],[92.8627177337451,13.196645512414937],[92.85696063590507,13.196400195128755],[92.8558671229979,13.195338219176012],[92.85516745217255,13.190913228302076],[92.8556699993869,13.189240758108646],[92.85775478344715,13.18777589144051],[92.85894049763843,13.188774610934015],[92.85907955594608,13.192318325563459],[92.860223465239,13.191911298263353],[92.86070199419758,13.18569167936011],[92.86146059720053,13.184466598479625],[92.86291141950352,13.184997383241528],[92.86052331299939,13.192042313020945],[92.85856758091286,13.19260768692537],[92.85768107308482,13.188372591069493],[92.85550881018389,13.190754990583283],[92.86360333966458,13.196256598171535],[92.86191015010132,13.206779524906153],[92.85439567268105,13.20987029569029],[92.84870729416362,13.208598740887945],[92.8558068559238,13.219818525871242],[92.85148662056726,13.261119654251178],[92.8214070507081,13.279661415523957],[92.8418624586854,13.403111121377108],[92.87091433789318,13.412594018169932],[92.87286886264397,13.402336829514367],[92.87815846553207,13.396893705034369],[92.88242896835789,13.39534853671239],[92.87906663084327,13.392342700553089],[92.87999999120326,13.389061637905362],[92.8859598549726,13.398526090009524],[92.88874890024928,13.39478194958304],[92.8902354431612,13.394483778594237],[92.892340241686,13.395925636088634],[92.89454520955145,13.392210726937646],[92.89845082838697,13.391340880236815],[92.8983634923784,13.388859755752282],[92.90237020042944,13.390645034869095],[92.90210739919138,13.387842966700854],[92.90622351575583,13.382593614417129],[92.91526654400566,13.382085113250222],[92.91765062066743,13.384670259778138],[92.91783973579768,13.386337897265035],[92.9193585030755,13.385795521603127],[92.91855532207494,13.385867870064219],[92.91817220677592,13.384661148339024],[92.91920870630695,13.383332388161307],[92.92053348329746,13.383467926992115],[92.92370237131057,13.384721936994689],[92.87060592739155,13.472430035853646],[93.02977549306,13.56845234470276]]],[[[92.69812159905719,12.248110179827336],[92.69459177335281,12.246633126039628],[92.69632996941013,12.25036598350087],[92.69812159905719,12.248110179827336]]],[[[92.88200308516652,12.24080135587888],[92.88034408009307,12.23993361768231],[92.88144704687026,12.241886129083872],[92.88200308516652,12.24080135587888]]],[[[92.7345977639324,12.239772921566727],[92.76080539099941,12.228761487542801],[92.76284213854814,12.18308519881832],[92.7282711674399,12.197863855942698],[92.72223471420774,12.188510151327742],[92.7345977639324,12.239772921566727]]],[[[92.79476104757906,12.303768100137448],[92.8534981766605,12.281410318080354],[92.8487492859116,12.302234237736224],[92.87197078361677,12.301891023955182],[92.85743042515426,12.244823885371733],[92.86979337247097,12.21296865604067],[92.88395032907191,12.19826992649197],[92.763186307388,12.063902032965046],[92.77476066234435,12.24284586064034],[92.74090074730935,12.245555617452004],[92.7874370273721,12.280420947133365],[92.7705328627322,12.313190619486486],[92.79476104757906,12.303768100137448]]],[[[92.88317488355572,12.238360615459474],[92.91434354032262,12.220043209869417],[92.87827122386314,12.207928970940412],[92.86952146501086,12.2457191227627],[92.88317488355572,12.238360615459474]]],[[[93.08384684262428,12.228887232868475],[93.08526245366306,12.227332414565456],[93.0816419556072,12.225460070373986],[93.08384684262428,12.228887232868475]]],[[[93.10395204508298,12.250526723206566],[93.098931728371,12.204776713075304],[93.10223400183075,12.245820464734546],[93.08013012152672,12.225753577156166],[93.06213009937676,12.230025482183793],[93.10395204508298,12.250526723206566]]],[[[92.86817485626399,12.248729296333387],[92.86049122068586,12.24283530582358],[92.8638318369369,12.25090324143267],[92.86817485626399,12.248729296333387]]],[[[92.69603262525447,12.239111937304985],[92.70349148528051,12.137903812253398],[92.75624702304081,12.177152556204554],[92.73362524870413,12.103394451584984],[92.73396131294349,12.083534443426768],[92.78222765212372,12.048401125697799],[92.72679955991786,12.044833261250089],[92.76833902409477,11.997458824067117],[92.73443799766082,11.977139619854984],[92.73827846079043,11.997484185788378],[92.72122685386631,12.00591168342444],[92.713223135976,11.994016915933257],[92.71126587495688,11.820693408302938],[92.7453189071167,11.932329204456112],[92.7910774096368,11.88599163568053],[92.7541315300726,11.701433284146763],[92.70578279921111,11.70099728449546],[92.6611536460898,11.653799596173776],[92.75536778617669,11.664672795244671],[92.71012101255144,11.478231129182962],[92.51433498941489,11.848437386635597],[92.56152769989683,11.946956443592018],[92.61384329403491,11.831064766536093],[92.69603262525447,12.239111937304985]]],[[[92.72375888844526,12.256282402321764],[92.72087709660704,12.255537627145639],[92.72117617720619,12.256527378588238],[92.72375888844526,12.256282402321764]]],[[[93.02837814387263,12.278728337163791],[93.02092427308965,12.275891382296438],[93.028157062193,12.279917022698182],[93.02837814387263,12.278728337163791]]],[[[92.89993659695114,12.261808421195296],[92.89827542693784,12.259570859239078],[92.89915773154867,12.26259236453558],[92.89993659695114,12.261808421195296]]],[[[92.88113467479822,12.248435323471389],[92.87872651699861,12.246220705447554],[92.87836350240241,12.250844463523409],[92.88113467479822,12.248435323471389]]],[[[92.73899624165189,12.283468168349543],[92.74062877157729,12.255806209284883],[92.73250516632582,12.246675355231263],[92.73899624165189,12.283468168349543]]],[[[92.76701174888944,12.285540149114361],[92.75196730619511,12.278045147331058],[92.76100961309778,12.294081296565379],[92.76701174888944,12.285540149114361]]],[[[92.73702775887823,12.291220551505727],[92.73365748564639,12.288396971049531],[92.73608168196708,12.293046958621147],[92.73702775887823,12.291220551505727]]],[[[92.77082772574107,12.293737569206408],[92.7657033562714,12.289743261021266],[92.76963468399201,12.29526270496818],[92.77082772574107,12.293737569206408]]],[[[92.75258631818942,12.294825026217815],[92.75222599853909,12.29289955722024],[92.75115494351401,12.292978301739954],[92.75258631818942,12.294825026217815]]],[[[92.69868509337029,12.274559509219678],[92.72292161278638,12.291225881925252],[92.7096917094738,12.229838179683131],[92.69868509337029,12.274559509219678]]],[[[92.85765916856494,12.335004761931835],[92.87068394068409,12.3288727594644],[92.88597992513269,12.332469852763515],[92.89982510254964,12.32367610893087],[92.85797252788551,12.314257910136623],[92.86158507585114,12.321319297918635],[92.86002202342645,12.320298071046611],[92.86085051985006,12.323920398446125],[92.85692872235629,12.328496668777133],[92.85818632063491,12.329994868451903],[92.85477859484226,12.33224131776132],[92.85619015807238,12.333466013214084],[92.8569505469261,12.340270065800773],[92.8582786476832,12.338868928290555],[92.8570301969491,12.337382038574098],[92.85765916856494,12.335004761931835]]],[[[92.90065077017842,12.28842860544823],[92.94108780207571,12.276600360547148],[92.92169743849594,12.229357251683862],[92.90065077017842,12.28842860544823]]],[[[92.86297028340913,12.304517869777417],[92.86519688899486,12.30397078325254],[92.8632570534956,12.303150718313095],[92.86297028340913,12.304517869777417]]],[[[92.87925638287906,12.296648499575959],[92.87639765708242,12.296932329409366],[92.87863572157788,12.298130683942288],[92.87925638287906,12.296648499575959]]],[[[92.76484935038867,12.297797395125945],[92.76248671471608,12.297629613495232],[92.76467199330716,12.299639176793418],[92.76484935038867,12.297797395125945]]],[[[92.89660388767122,12.926942903834284],[92.96841578820217,12.496565985264128],[92.91043083198286,12.406191409956902],[92.89830391071887,12.452493639663144],[92.83544826387627,12.501387620171089],[92.89853425941897,12.417102020925881],[92.81555917631198,12.454754744106653],[92.79563818238542,12.438064519246472],[92.79929336798772,12.46482160861908],[92.78551463625735,12.474878868157324],[92.78929766919255,12.477272469241127],[92.79048418557937,12.480940353289553],[92.79039896240836,12.482813848357736],[92.78975720866433,12.483747037768419],[92.78636711410577,12.484058498934594],[92.77160810839804,12.471236033855734],[92.78699909058626,12.437254549281803],[92.8293895638661,12.428433954462898],[92.81472607602255,12.425064555383155],[92.83369703865408,12.410655438131215],[92.81551007170361,12.417164093545454],[92.80391702729777,12.411907149758223],[92.80306882632843,12.404734295306636],[92.80220662511535,12.404921812538694],[92.80152369978522,12.40611271353332],[92.80109375261551,12.406076486446727],[92.799413050533,12.40448546033751],[92.79890969573323,12.400932873338549],[92.83815511510109,12.408804320558763],[92.82283129365848,12.374383996208055],[92.84208018875069,12.391968069488467],[92.89871476419724,12.33391701503961],[92.87927688872203,12.345032096197066],[92.8711900560067,12.330149401418888],[92.85681414134346,12.345383902590614],[92.84764762528481,12.343655643292307],[92.83120156550719,12.302858134140276],[92.77019176433399,12.333934041876015],[92.71918802492105,12.300280474377987],[92.68375560538792,12.609188423285557],[92.72234260816157,12.61554508951041],[92.77302914436282,12.670643984725084],[92.7616753913858,12.6248990362814],[92.77869914155292,12.580203930589914],[92.79890916123563,12.661466849409948],[92.78682369991694,12.667029185113126],[92.7968027439467,12.67533236520414],[92.78880637427545,12.704212254343728],[92.77661792739765,12.717308311828376],[92.78254821683119,12.719919857127842],[92.77920129350856,12.728492572340434],[92.78233583353845,12.7332300839572],[92.78111823544279,12.735273916463417],[92.73181872319302,12.67499135422568],[92.74559486238546,12.722961986813832],[92.72199589529284,12.826052509697542],[92.78279118775934,12.76340606250514],[92.78985989867773,12.889509097233136],[92.82191342923714,12.895993483626654],[92.84123007796305,12.890959710555622],[92.83884355069718,12.877280381645159],[92.84731006984204,12.87596742960329],[92.89568191794906,12.898012066042158],[92.89660388767122,12.926942903834284]]]]}},{"type":"Feature","properties":{"ST_NM":"Gujarat"},"geometry":{"type":"MultiPolygon","coordinates":[[[[69.33518592654556,22.38643801092395],[69.3327580938446,22.37262998709495],[69.32341964742707,22.38110651522971],[69.33518592654556,22.38643801092395]]],[[[71.15374984699994,20.760089406160116],[71.15086175976822,20.759646878518254],[71.15141125922753,20.763371968193404],[71.15374984699994,20.760089406160116]]],[[[72.36233490915987,22.0291490844252],[72.44458408883858,21.963397738420912],[72.35353628285445,21.797277215026654],[72.29253373018727,21.967481974368088],[72.36233490915987,22.0291490844252]]],[[[71.52572478153228,20.90353423388111],[71.52843196423542,20.904060647857253],[71.53250346956455,20.902807370721792],[71.52572478153228,20.90353423388111]]],[[[71.51284868598253,20.91094634083405],[71.52456580839036,20.904786369528946],[71.50997533381646,20.903766178372532],[71.51284868598253,20.91094634083405]]],[[[69.5904064490034,22.430544414201645],[69.65686319747827,22.426763326856577],[69.6365567930572,22.405539641621488],[69.5904064490034,22.430544414201645]]],[[[72.05929913115182,24.711998840502375],[72.16481841637575,24.62117683497934],[72.34738276566605,24.628410384664303],[72.24640647642954,24.58549486424176],[72.4414459402762,24.514957237335352],[72.45725322153001,24.414694222139335],[72.53895701244016,24.519513533266426],[72.7308703121486,24.364199530735913],[72.91139719074634,24.33717615414597],[72.99111467091771,24.477796107954315],[73.08987596529352,24.496288184520957],[73.07651219863055,24.396508080824006],[73.21927252107501,24.363806407761928],[73.06745417210877,24.194596939489507],[73.2428035360063,24.00219505456202],[73.36200680315602,24.104574971973523],[73.42084164468582,23.930740835049082],[73.35186240713021,23.79131067915264],[73.50741293809838,23.702960177486517],[73.5231029119525,23.606818364331705],[73.6556742756448,23.621208238510203],[73.62722950934707,23.448492110264954],[73.82872699860216,23.447618709250325],[73.89194900357043,23.33403944943464],[73.96237026353252,23.38082894180524],[74.10685684522082,23.293674027417577],[74.12780861910495,23.17604294558703],[74.2470671012036,23.184359019858878],[74.33951956147502,22.952825875095293],[74.47656899990925,22.855456407097588],[74.37906625512794,22.634572992163744],[74.03839906082298,22.53471915306794],[74.11944611678516,22.418801734112193],[74.19063664634585,22.47586273586356],[74.29105778302493,22.39387782340396],[74.19018631370739,22.320182446169856],[74.0649235156059,22.354460346838607],[74.17863314821196,22.0854950159109],[74.09211643284281,22.014979057242552],[74.14705298489154,21.948416080760623],[73.79565065973497,21.824559993053878],[73.89168055462419,21.691708422256287],[73.78018821387096,21.62815462825627],[73.85198430584953,21.497824350614025],[74.29491585313413,21.56901679899728],[74.32064057914208,21.49843300242228],[73.93874618134116,21.404840248528117],[73.94198602727857,21.299084561769558],[73.82268567290788,21.2706689064637],[73.81568687517314,21.173883008836935],[73.57718896783626,21.170581447363972],[73.90113548199136,20.982149278752022],[73.94224786642097,20.74232113568666],[73.74465241172338,20.56477050858162],[73.44958930762603,20.717550110004144],[73.39203804904275,20.64597471524699],[73.49385174688878,20.538177262691182],[73.3798411310518,20.393403899615986],[73.42148213180529,20.20645756094846],[73.29948854466953,20.20946511231994],[73.24914657795674,20.122679917659923],[73.16854263397478,20.20815199011603],[73.06049397677837,20.161815211386056],[73.1671452560413,20.288474268030157],[73.09644406666365,20.36039327634838],[73.03468771877694,20.291360887147214],[72.91697149849406,20.281256717404325],[72.91884773327119,20.256993097820903],[72.9580467348917,20.23399308401443],[72.96317906972298,20.208528501948418],[72.73667141126786,20.13484977967032],[72.77757659927718,20.336843454667942],[72.89665760032685,20.379774579698037],[72.90368861524097,20.575874142315307],[72.75450736870759,21.052423532282596],[72.62391177582084,21.09079248923273],[72.598007323874,21.317262316242612],[72.73657035169673,21.538779046923246],[72.61224675030962,21.585208394251662],[72.80725386761951,21.657805703198783],[72.52778857921128,21.678164191485692],[72.66696325823283,21.955511378999127],[72.55824663624905,21.878889519414702],[72.5079210341458,21.934211987739683],[72.58041947662417,22.19742009621988],[72.75816521422142,22.17422035075367],[72.9132941739116,22.240439579581814],[72.93956342361048,22.309301180544207],[72.75582144496644,22.231715880918017],[72.5157750181496,22.321068315708903],[72.42725640986474,22.20951362899568],[72.37330104268509,22.315796065959404],[72.22466956780055,22.057472925640994],[72.24150835574903,21.823668605074705],[72.16227887367768,21.807345328844065],[72.3086334795414,21.6250684544608],[72.11211606696514,21.198516457543732],[71.55689682135451,20.96992587476639],[71.43728097146953,20.869110326687],[70.82704420326375,20.690565348778247],[70.15881591664558,21.055209931344258],[68.93640797684725,22.311365598846084],[68.9839794125614,22.41192767485516],[69.06817556305764,22.48119258681807],[69.03570670181654,22.389998424928287],[69.19479675580256,22.421720561774336],[69.15650799370327,22.195052387361354],[69.33278416025922,22.32764467904726],[69.65542232671201,22.35938668718712],[69.73074871062059,22.484376920240905],[69.75376152249873,22.41646239142997],[69.76458517783001,22.475324779987993],[69.87067041695433,22.4277279854037],[69.97553508635602,22.542667961850164],[70.12529343398408,22.55278708863174],[70.37611168873025,22.90835360944135],[70.42656431710625,22.90437264507828],[70.42715510493267,22.8420180556754],[70.39137047034968,22.839497827530483],[70.38289641433954,22.795043012077862],[70.46209422181403,22.840249902221036],[70.51934160908276,22.934945450346348],[70.43238475695362,22.967433192990523],[70.5413578290864,22.959949046527658],[70.71169539948738,23.214302788657687],[70.31229596383449,23.215377137031027],[70.03584095779111,22.952859689057597],[70.07286120348783,22.943164599210856],[70.08026932756496,22.91982928831907],[69.68245087650648,22.799786139462423],[69.41688468329686,22.810680509805866],[69.47181214080165,22.773563612967553],[68.75947485795098,23.07959025845978],[68.58386631661922,23.22365316538585],[68.6344578973017,23.300499714309506],[68.540140789622,23.248295722634953],[68.6206289569335,23.32836272686815],[68.5808683483603,23.370890468335574],[68.39976722441213,23.420101786122597],[68.48036625820274,23.51790233445587],[68.326367809433,23.49609377867267],[68.29930804587735,23.593159374247833],[68.09495192874198,23.65295309882823],[68.20844197087182,23.87500889560212],[68.35838042442614,23.97997822954671],[68.75294813567781,23.97116594366066],[68.8081600159712,24.313670356207705],[68.86472767321726,24.21274432173997],[68.94554513416581,24.302580192525248],[69.00335295967908,24.223041133554783],[69.59415155057573,24.292823060170402],[69.73152158965,24.170900891002937],[70.0251595273289,24.17099801027024],[70.10998551990852,24.29478921312039],[70.57310409629278,24.422044460046852],[70.57108390289808,24.251410612324516],[70.80600015712854,24.220589453186925],[71.12170665065953,24.405704325878304],[70.99847674274095,24.444094550048597],[70.9873969804171,24.54326711435242],[71.0965508717385,24.68942178343348],[71.2875846228674,24.615840272366288],[71.79153773656051,24.677216033050723],[71.85217618228009,24.609244983544574],[71.87176205789328,24.68164695914294],[71.93988163107818,24.63368749093553],[72.05929913115182,24.711998840502375]],[[72.95280177018842,20.3152947059377],[72.98299324587741,20.318520788019146],[72.97855634990817,20.331941987026493],[72.95280177018842,20.3152947059377]]],[[[69.09403367451225,22.460718047391236],[69.14479503858004,22.450260277804453],[69.08450928491575,22.421963085202982],[69.09403367451225,22.460718047391236]]],[[[69.81856621975881,22.504606456730777],[69.80202934928909,22.47718519782932],[69.78520092879732,22.489420882714132],[69.81856621975881,22.504606456730777]]],[[[70.00210323339769,22.552303958064474],[70.00380867328649,22.54936604905734],[69.9960771566054,22.549049179013974],[70.00210323339769,22.552303958064474]]],[[[68.49759345252723,23.332718155445598],[68.55437743397518,23.329090771646726],[68.52016794942882,23.28869957439064],[68.49759345252723,23.332718155445598]]],[[[70.00060032318127,22.554023019835682],[69.97936855879608,22.570548816998265],[69.97304302860384,22.579023391884448],[69.97303280847083,22.581616417607513],[70.00060032318127,22.554023019835682]]],[[[69.98543050352106,22.588445712435078],[70.03867505178268,22.57363134730511],[70.00170006410828,22.55445562375377],[69.98543050352106,22.588445712435078]]]]}},{"type":"Feature","properties":{"ST_NM":"Lakshadweep"},"geometry":{"type":"MultiPolygon","coordinates":[[[[73.0106935827908,8.276563155469868],[73.01201870114114,8.277056226999388],[73.01174682332548,8.276292190861232],[73.0106935827908,8.276563155469868]]],[[[73.07842503706058,8.32429621929929],[73.04276099411801,8.26400355433456],[73.02148402291448,8.268496711267279],[73.0177555940738,8.275430515926416],[73.07842503706058,8.32429621929929]]],[[[72.28870268858832,10.045593591708945],[72.28553691233937,10.046325471857559],[72.29054787848757,10.053170441056832],[72.28870268858832,10.045593591708945]]],[[[73.01402196308938,8.302310703402076],[73.0136318085918,8.302143309102657],[73.01370422268516,8.302382932816673],[73.01402196308938,8.302310703402076]]],[[[73.64787267959179,10.081304750681385],[73.64124807149531,10.057220333843803],[73.65126279391328,10.101954018604577],[73.64787267959179,10.081304750681385]]],[[[72.33607262679432,10.107510370142034],[72.33572682571561,10.102167518853427],[72.33432669264913,10.100937732129182],[72.33607262679432,10.107510370142034]]],[[[73.6526784893937,10.10919594907504],[73.65213109378881,10.108730051673337],[73.65219466576484,10.109503029246067],[73.6526784893937,10.10919594907504]]],[[[73.66007082468141,10.129234594729915],[73.66425932210154,10.141149881283047],[73.66144314860159,10.129885288935082],[73.66007082468141,10.129234594729915]]],[[[72.64064137085157,10.579268958622968],[72.64971359165321,10.563564987337987],[72.61722303160637,10.542192849615512],[72.64064137085157,10.579268958622968]]],[[[73.67181031693643,10.803994770794292],[73.69950170213801,10.816388802570449],[73.70181398634055,10.814317624785094],[73.67181031693643,10.803994770794292]]],[[[72.16665862781167,10.814737729182623],[72.16887611909054,10.812870363921968],[72.16485241221936,10.812979572554536],[72.16665862781167,10.814737729182623]]],[[[72.17011145801473,10.818217640168967],[72.20282953706852,10.869389870217889],[72.17972385466132,10.828857244244919],[72.17011145801473,10.818217640168967]]],[[[72.28471428101628,10.937575430821752],[72.29350371396305,10.946111321817018],[72.28955857913651,10.93572012419158],[72.28471428101628,10.937575430821752]]],[[[72.31706680144495,10.949681587186236],[72.32055607270583,10.946051081391706],[72.31541565213864,10.943625823905835],[72.31706680144495,10.949681587186236]]],[[[72.33311544923582,10.952872357226811],[72.33147376727429,10.950595119990489],[72.33035578964869,10.951524017167948],[72.33311544923582,10.952872357226811]]],[[[72.33301012087045,10.954960534706252],[72.33444073377446,10.953454089147233],[72.3338928458928,10.953086810685585],[72.33301012087045,10.954960534706252]]],[[[72.33542385181804,10.957858549132595],[72.33437475431347,10.956427580715456],[72.33416242761463,10.959284143190365],[72.33542385181804,10.957858549132595]]],[[[72.731277330719,11.125703857715168],[72.71860418615152,11.127308468591883],[72.73372523627496,11.136406714614768],[72.731277330719,11.125703857715168]]],[[[72.77714238870317,11.21744853213181],[72.7795187712945,11.242649569274318],[72.79026931004985,11.260457284932254],[72.77714238870317,11.21744853213181]]],[[[73.0098646399045,11.487487391766182],[72.99809604852251,11.49710494669734],[72.99947047629709,11.498325755409589],[73.0098646399045,11.487487391766182]]],[[[72.1883580982529,11.601233461787896],[72.1867243924328,11.598729275860007],[72.18526664411897,11.601685934268332],[72.1883580982529,11.601233461787896]]],[[[72.71744418982853,11.69474497922554],[72.70573465459158,11.682515495630067],[72.71656333240362,11.703947521643276],[72.71744418982853,11.69474497922554]]],[[[72.33176027325607,10.132992372943374],[72.32736741090541,10.129849828023387],[72.32810509843357,10.138719144849473],[72.33176027325607,10.132992372943374]]],[[[73.63108639368009,10.068150864856591],[73.63093036889163,10.067902123745048],[73.63080768687159,10.067965576503886],[73.63108639368009,10.068150864856591]]],[[[73.63016459194286,10.068060618524083],[73.63050685096442,10.067979255905199],[73.63021032068241,10.067902309486325],[73.63016459194286,10.068060618524083]]],[[[73.63473858519748,10.072304295132584],[73.6339461184033,10.071397587090674],[73.63367489545948,10.072163075266783],[73.63473858519748,10.072304295132584]]],[[[73.6285996252083,10.07415839604823],[73.6279704164372,10.07251289561642],[73.6263148060972,10.07248145271603],[73.62775182668418,10.074249213808187],[73.6285996252083,10.07415839604823]]],[[[73.63053559615521,10.074638925641679],[73.62987299161512,10.07448229146973],[73.63054832528277,10.074974682998237],[73.63053559615521,10.074638925641679]]],[[[73.63239518964171,10.068923640887494],[73.63210804136452,10.06865258581863],[73.63219448085438,10.068910127808351],[73.63239518964171,10.068923640887494]]],[[[73.6318106540897,10.069231392753018],[73.63177910346027,10.068964744419354],[73.63144165761199,10.069041343869024],[73.6318106540897,10.069231392753018]]],[[[73.63065671330999,10.069122978639601],[73.63059280985564,10.068810665407991],[73.6304383840684,10.068855976424459],[73.63065671330999,10.069122978639601]]],[[[73.63307040652838,10.069972662022305],[73.63297931286698,10.06879257425606],[73.63241378207313,10.069010007652313],[73.63307040652838,10.069972662022305]]],[[[73.6320578363199,10.068394936601162],[73.63162924919953,10.068254672033],[73.63198910082762,10.068521597795902],[73.6320578363199,10.068394936601162]]],[[[73.63018702107885,10.068516904741431],[73.63006005139997,10.0682367772048],[73.62993694178185,10.068345082824752],[73.63018702107885,10.068516904741431]]],[[[73.63135929647352,10.068281953860684],[73.63046575663343,10.068607387102624],[73.63179787645308,10.068670768964338],[73.63135929647352,10.068281953860684]]]]}},{"type":"Feature","properties":{"ST_NM":"Odisha"},"geometry":{"type":"Polygon","coordinates":[[[86.80543917098022,20.73295742681144],[87.02212846795871,20.77034770870425],[87.05564963997816,20.715043005856153],[86.75217704268849,20.51796814097646],[86.70969325690847,20.39625431550689],[86.78560139967652,20.383791595549074],[86.79673811249441,20.49269645367139],[86.78313428634314,20.33000180079714],[86.52376595116439,20.173483477510413],[86.39291784724115,19.95809002537081],[85.34612782449123,19.584797515549113],[84.76511398819808,19.07691680817284],[84.66879067748589,19.166945533448175],[84.59339876417232,19.133345877919794],[84.66874910974278,19.077207862171615],[84.59881131408343,19.025706049819526],[84.41904914074435,19.022907913238306],[84.43604308301376,18.921814217413676],[84.33065589325571,18.88304619065548],[84.31897995411211,18.787960366782166],[83.89116658413862,18.81541834118213],[83.62410001306341,19.163592843438774],[83.53529086356451,19.01165681208011],[83.50103719987248,19.020494433612406],[83.51181680811045,19.07014992940828],[83.46606179374861,19.09403203523366],[83.4598989843869,18.955696592565207],[83.30881325285733,18.999777944784782],[83.40393298458218,18.843273500597466],[83.21055831724765,18.73152381196543],[83.13715228258316,18.786304298858674],[83.01126875131528,18.647001822368388],[83.0931547043954,18.54761711508343],[83.01908458566558,18.457197059706576],[83.05272953654804,18.38071589462449],[82.80141166668864,18.449984251567216],[82.63597050657587,18.237452308413005],[82.48105439191252,18.549439932056053],[82.36250511086604,18.422271010876628],[82.39063778356947,18.298686835370855],[82.3091767830261,18.20483256154162],[82.37065397404838,18.14890461313267],[82.2645422418097,17.99562388457612],[82.03065173786955,18.07004227499658],[81.6172208213963,17.823140620344567],[81.39098720839165,17.81654164269295],[81.52545844602781,18.258126301172616],[81.75027962802977,18.353626915699266],[81.96362219662007,18.59047144009687],[81.89375171082665,18.657486626209238],[82.08495505489806,18.718621229132385],[82.24603383070111,18.91913875485334],[82.16607750376706,19.132724933802457],[82.18942651553022,19.427553439517677],[82.02904306629979,19.507686229696624],[82.06553438485554,19.790679113242966],[81.85314535548144,19.918497323247603],[81.87090725041924,20.044190476506557],[81.94637148080817,20.105152059670246],[82.03254630187175,20.015765611927268],[82.23746355254764,20.00350022584957],[82.34530735163847,19.83585321507943],[82.44597468240096,19.910214226114373],[82.60341134129249,19.86701358231972],[82.59179414927354,19.775886723505767],[82.70731088860069,19.835062856041258],[82.71538570994237,19.994747115587636],[82.39920885224039,20.056617434003563],[82.4380102514313,20.434212532355748],[82.33212392895531,20.562050965307158],[82.3508196432922,20.889519216547434],[82.46539622560596,20.827770118833804],[82.64047106165772,21.154754071474265],[82.96503810057008,21.193180272125264],[83.13135073250962,21.10575245468633],[83.26884265410331,21.378502906719753],[83.40629729022284,21.351182434587873],[83.33800013178436,21.502017817206017],[83.38268562364703,21.620242233603808],[83.48973523117827,21.63138744802249],[83.41814587478427,21.679862390506457],[83.46888663239775,21.78732663065116],[83.5909167162869,21.851214536987836],[83.56271110128073,22.102961067851016],[83.64964634802895,22.22328513864336],[84.0104383271675,22.371535451923382],[84.04739541950312,22.4691756769261],[83.98720777624087,22.526009934066387],[84.29146180541981,22.342853962984957],[85.0671553671192,22.48425962300972],[85.11695447022772,22.294448911762544],[84.98687162582365,22.08264074282158],[85.09848362217275,22.105899513858052],[85.23809902904574,22.009334106891856],[85.37103698083251,22.160975997934827],[85.68523388247797,22.05451656887416],[85.80737954720483,22.11609986694699],[85.76599721723575,21.994906527953567],[85.90725576493429,21.970345717921315],[86.03125535118492,22.189993176891246],[85.95708126863066,22.46481039428924],[86.0468691856322,22.56732884175727],[86.43273436605931,22.306492745669704],[86.4968712530422,22.347209692336264],[86.72528721972334,22.21876876563337],[86.72179973521159,22.146751420454276],[86.96497931955113,22.08587415961668],[87.03772648217551,21.868135077847846],[87.23585723396775,21.9570629294005],[87.276530395224,21.805178446021213],[87.44438053689146,21.768220846583294],[87.48415849013618,21.60269413029223],[87.14782031132137,21.508681513619223],[86.94908877614861,21.358558769543084],[86.84080567752767,21.157761450051293],[86.97182777164669,20.793915705365876],[86.80543917098022,20.73295742681144]]]}},{"type":"Feature","properties":{"ST_NM":"Dadra and Nagar Haveli and Daman and Diu"},"geometry":{"type":"MultiPolygon","coordinates":[[[[73.16854263397478,20.20815199011603],[73.19230409192926,20.049487504853765],[73.03961630851526,20.06708978826351],[72.91220701299183,20.275463615834948],[73.09677450116112,20.360343666237927],[73.1671452560413,20.288474268030157],[73.06049397677837,20.161815211386056],[73.16854263397478,20.20815199011603]]],[[[72.83240218064222,20.44638675639071],[72.89665760032685,20.379774579698037],[72.82123644146087,20.367663040128463],[72.83240218064222,20.44638675639071]]],[[[70.87605257332658,20.709123500014165],[70.98135269207908,20.722543025017824],[70.9993788327459,20.74188322107272],[71.0074547796766,20.737382930228392],[70.97683132752366,20.702082808370932],[70.87605257332658,20.709123500014165]]]]}},{"type":"Feature","properties":{"ST_NM":"Jammu & Kashmir"},"geometry":{"type":"Polygon","coordinates":[[[74.47259023844674,35.11569388207192],[74.57616138718748,34.89933463448614],[74.7436778870001,34.82889366400019],[74.92804210100013,34.77534219600011],[75.07098227900008,34.82834861100014],[75.07616028400014,34.904383519000135],[75.23231799900009,34.8020497980001],[75.20752292800017,34.638905107000085],[75.36333544300015,34.53813084300003],[75.39530355637544,34.29298436387256],[75.68718981900014,34.19741460800009],[75.83255281800012,33.95689589799997],[76.02455104600017,33.98061040800013],[76.26542427746165,33.74647749401953],[76.22498891732909,33.54768598630204],[76.30646855611803,33.60965155003413],[76.448756452758,33.56378478346193],[76.77926391769341,33.23912474907337],[76.64952051070264,33.16245644928813],[76.41009236734646,33.186489241450715],[75.95393750589182,32.87339814172873],[75.84234733051937,32.92931310249139],[75.80132993843955,32.88567090304389],[75.93045573929948,32.63188592445522],[75.5334260387047,32.277654533302666],[75.02686557927257,32.49648507965941],[74.68803288491489,32.48604878839342],[74.63774828012458,32.613257548977856],[74.70460284662482,32.841830556849686],[74.63504482453152,32.75031929341333],[74.36991527004233,32.758684604977304],[73.62710565951721,33.08954648927238],[73.6568957948868,33.207705155934946],[73.5577569538683,33.36805806603127],[73.63233140566325,33.53311609595431],[73.56058956833465,33.62106245944756],[73.58911646849708,33.883919431646746],[73.3900754439461,34.374199166582514],[73.44208418346454,34.56486119524652],[73.65006238508062,34.56778986270831],[73.74926615722603,34.78665564482708],[74.02871013130743,34.87645935447739],[74.09429201861207,35.09697758072355],[74.26867043034991,35.03503015374844],[74.47259023844674,35.11569388207192]]]}},{"type":"Feature","properties":{"ST_NM":"Chhattisgarh"},"geometry":{"type":"Polygon","coordinates":[[[83.32474133775393,24.10417754662475],[83.51569460522329,24.027215443705277],[83.5711641376115,23.862185231071756],[83.7053201159903,23.820808402102383],[83.775292268616,23.609006171930996],[83.93766469478497,23.56904559312921],[83.93187719975235,23.62046688118928],[84.01656153699483,23.63442871038149],[83.96231531239421,23.385400324564767],[84.05096010343377,23.37456175640953],[84.07472554451823,23.33332629388237],[84.03743837611297,23.1399337131614],[84.13342901552258,23.083145795919922],[84.14946053423759,22.965434004204027],[84.18576980470945,23.027148406956908],[84.37519365806823,22.978463154179703],[84.38056942017184,22.877242756080783],[84.22027279131699,22.667262675380012],[84.01155146467033,22.575993174632288],[84.0104383271675,22.371535451923382],[83.6273875415761,22.203726541375374],[83.5368489914248,22.04342249675362],[83.5909167162869,21.851214536987836],[83.46888663239775,21.78732663065116],[83.41814587478427,21.679862390506457],[83.48973523117827,21.63138744802249],[83.38268562364703,21.620242233603808],[83.33800013178436,21.502017817206017],[83.40690795596984,21.352040503697367],[83.3789992135038,21.344465140701434],[83.28416535983837,21.38024100153041],[83.26884265410331,21.378502906719753],[83.1921762101663,21.13909519423097],[82.64047106165772,21.154754071474265],[82.46539622560596,20.827770118833804],[82.3508196432922,20.889519216547434],[82.33212392895531,20.562050965307158],[82.4380102514313,20.434212532355748],[82.39920885224039,20.056617434003563],[82.71538570994237,19.994747115587636],[82.71814013145304,19.853610122498033],[82.59179414927354,19.775886723505767],[82.59710901638067,19.87271639445019],[82.44597468240096,19.910214226114373],[82.34530735163847,19.83585321507943],[82.23746355254764,20.00350022584957],[82.03254630187175,20.015765611927268],[81.94637148080817,20.105152059670246],[81.87596619558677,20.05208099180157],[81.85314535548144,19.918497323247603],[82.06553438485554,19.790679113242966],[82.02904306629979,19.507686229696624],[82.18942651553022,19.427553439517677],[82.16607750376706,19.132724933802457],[82.24603383070111,18.91913875485334],[82.08495505489806,18.718621229132385],[81.89375171082665,18.657486626209238],[81.96362219662007,18.59047144009687],[81.75027962802977,18.353626915699266],[81.52545844602781,18.258126301172616],[81.3933495682814,17.794674753414647],[81.16613095256773,17.857650691707608],[81.01900991039179,17.790890641108803],[80.97902736943439,18.178789895359547],[80.86666862514919,18.140300852844714],[80.83672317915185,18.242296166171723],[80.7449377988273,18.17033473842199],[80.79413750824897,18.259335998959493],[80.73483554187314,18.412859651796282],[80.51472952696597,18.619375963648004],[80.34479752974609,18.596195329517048],[80.24431122119144,18.756256357797625],[80.3528671166046,18.8192356687317],[80.273000270856,18.991309471561213],[80.39385410969524,19.244838857364194],[80.57320714354155,19.40230960554597],[80.61268646354817,19.309359769070593],[80.75704519520858,19.289587242078014],[80.89835690879893,19.481812703242838],[80.66536986928608,19.611741004996794],[80.67640804230723,19.69941191607745],[80.54630129912334,19.81829356901666],[80.40173049319066,19.79614496383642],[80.50584808677112,19.870522083363724],[80.41126256158621,19.93835949957291],[80.52991848972489,19.939336004002286],[80.55682513184709,20.07174874261765],[80.4018173944146,20.147268810922395],[80.395273555642,20.244873228846895],[80.62635710279702,20.33250614476202],[80.63185840895315,20.598427857325618],[80.48102291931566,20.61838586512529],[80.58765447786317,20.684585356049354],[80.54607625228005,20.934913602425766],[80.42427723574322,21.00840439862751],[80.4447468083559,21.12193441422348],[80.67958993343406,21.29875243817245],[80.72613699507687,21.71368852609587],[80.81973273402386,21.74804707665939],[80.90792665163916,22.10959700341091],[81.00619664121642,22.06323264266318],[81.11115484590043,22.437600196671028],[81.32651577352559,22.52617216239635],[81.40669295396721,22.44098009271495],[81.62192938048388,22.5380468121436],[81.76852082807058,22.664260549617918],[81.77566876321052,22.874469197293408],[81.94629211016124,22.956812864165318],[81.94223569652888,23.0789989942705],[82.16134284323059,23.143151093933003],[82.1939448051524,23.32387999049112],[81.98531864243371,23.414529132953394],[81.92327094125598,23.53269272488272],[81.74662308058154,23.56982844595228],[81.62703965179347,23.482056981297568],[81.57667155488569,23.58537398459333],[81.69589561444096,23.721350852904063],[81.60900453426198,23.90323451405569],[81.7911042191918,23.809378517342488],[81.92891589880583,23.87075362440679],[82.52444316656089,23.783780819256034],[82.80168855171372,23.961692766675718],[82.9478909605104,23.87143842218992],[83.14149377567263,23.884935825545384],[83.32474133775393,24.10417754662475]]]}},{"type":"Feature","properties":{"ST_NM":"Delhi"},"geometry":{"type":"Polygon","coordinates":[[[76.9483241340661,28.815405466613708],[77.21422202031289,28.855848005682308],[77.33106534314261,28.71313178586936],[77.34739627842667,28.51841338549701],[77.2166056594951,28.40974162566184],[77.09468073778301,28.51381359847815],[76.84249316487958,28.556084311533755],[76.94372785630418,28.628238452078143],[76.9483241340661,28.815405466613708]]]}},{"type":"Feature","properties":{"ST_NM":"Goa"},"geometry":{"type":"Polygon","coordinates":[[[73.85647553641874,15.800762637691411],[73.99077593155587,15.61148617167201],[74.25204156161527,15.654340744417071],[74.33649918743629,15.294979120108835],[74.25139839751627,15.25859097983875],[74.29655158824848,15.041243196535694],[74.20138210153499,14.925391948295095],[74.04403020318209,14.917524702832466],[73.91209636216882,15.085702187693023],[73.8842145574832,15.35449721261958],[73.78378356448879,15.408995452001491],[73.9400864506771,15.410195428087155],[73.78790999101776,15.462499086469995],[73.67538205174372,15.727022158467594],[73.85647553641874,15.800762637691411]]]}},{"type":"Feature","properties":{"ST_NM":"Haryana"},"geometry":{"type":"Polygon","coordinates":[[[76.77737536072557,30.89665356209729],[77.16717552771145,30.683959706342794],[77.12279910122228,30.56334323647314],[77.21072468397736,30.46477852843625],[77.45647038318113,30.45566810943984],[77.44323091550575,30.395401322066046],[77.52319335278035,30.443537501260156],[77.60433801069813,30.368549713873545],[77.42077189883052,30.101617126366367],[77.27776667318174,30.04186207072916],[77.11980291791582,29.760105476854218],[77.13395977660038,29.096041158168543],[77.22808214210289,28.881227037056593],[76.95080437897228,28.81829587105762],[76.94372785630418,28.628238452078143],[76.8389449587462,28.573029191069555],[76.88392277677535,28.500748600912974],[77.09468073778301,28.51381359847815],[77.17439688575281,28.40469199328046],[77.3454328208287,28.513265547953917],[77.47762753978704,28.419069929391533],[77.5504251841371,28.2423838474094],[77.47434430522138,28.086745008279696],[77.54500349656288,27.953589455022428],[77.24172906133666,27.784395493095488],[77.04478851171889,27.821833301642098],[77.08565183284607,27.738106559223123],[77.00008835755415,27.736985518973427],[76.97908642803273,27.653612087612277],[76.88905302302359,27.69716455766906],[76.97053708601528,28.138448502856356],[76.86812976436151,28.219751481341692],[76.54812381081155,27.963851840469783],[76.54380594251575,28.03422037355829],[76.45465509993393,28.0423239823817],[76.47572146201739,28.148585994480744],[76.29226174840869,28.17921600594131],[76.34231064245498,28.030563232761388],[76.18040387148827,28.054515718988736],[76.15777992233029,27.98897276794449],[76.21732736054406,27.816802837726986],[75.97137211852048,27.851956598389656],[75.93239627099297,27.930129983767312],[76.04079374131922,28.07404262100063],[75.94560815679587,28.107155238143616],[76.0954456109662,28.15085732636339],[75.9182313795731,28.372002297985144],[75.77676252279181,28.40041585790184],[75.56149396533407,28.613221116361956],[75.47336689674893,28.92338929698415],[75.52179861756959,29.003874862226763],[75.37147440856765,29.13809775606301],[75.41049835728538,29.255689255213788],[75.07551193456402,29.22969492742992],[74.85051890754318,29.40360721227946],[74.59924998059537,29.327455068327623],[74.5346190588338,29.44770786497685],[74.6218572525301,29.522243971132674],[74.616092094107,29.752155861702988],[74.47378148356516,29.76834108315663],[74.56103623051722,29.869643852978417],[74.5317429919589,29.94919768326655],[74.64684139034985,29.90434544404143],[74.81243347910839,29.99233814346527],[74.9909139056574,29.86768915953055],[75.0987497995737,29.912795739749416],[75.15095638764366,29.775538234086184],[75.21027416975839,29.832890083005648],[75.24132018672606,29.750499389849995],[75.16756288742931,29.669542033228687],[75.23534206290194,29.54207982547574],[75.4595124127856,29.807529507443306],[75.58004272696854,29.73944592627115],[75.77879606066006,29.822371638987367],[76.04344114383515,29.742726414685386],[76.24379332422215,29.852441637341375],[76.1719478150215,29.926306537685],[76.25345729764075,30.088957396370375],[76.20763104687688,30.15658676054414],[76.32173648977358,30.09509782823206],[76.4227128580618,30.192281624407556],[76.54622399974976,30.075873830323406],[76.65608244693499,30.18524566003706],[76.5566530530245,30.26248142099205],[76.74606910990494,30.34958225709367],[76.74102700096248,30.426266517005164],[76.93752819265964,30.38700805144371],[76.9259879799723,30.610117774979916],[76.83151648513291,30.664800598462023],[76.8569634511567,30.79480192592862],[76.77737536072557,30.89665356209729]]]}},{"type":"Feature","properties":{"ST_NM":"Himachal Pradesh"},"geometry":{"type":"Polygon","coordinates":[[[76.79272108399316,33.25663613852542],[76.93296283311318,33.02848855368523],[77.14972556197627,32.97814603210874],[77.3388359985223,32.81681141157428],[77.68248588253986,32.98871094497238],[78.01583755559874,32.6197566691326],[78.38771674139986,32.75693213546174],[78.40517148886732,32.61942185163824],[78.29460136846622,32.50408688979611],[78.45454215577243,32.50138200737958],[78.53476269070626,32.4143938804042],[78.454847981821,32.242241709085924],[78.60853917442422,32.21431699614675],[78.61278559521386,32.117587538640294],[78.78110859208059,31.99349382598887],[78.70528505893422,31.776027041748353],[78.8469346693271,31.60803793525571],[78.72242948787834,31.51297255006451],[78.79774491862864,31.44345263899139],[78.74964795140532,31.36616827111204],[79.00891512191004,31.110012428483547],[78.88543154861983,31.098809167380413],[78.80990966615263,31.19837198582515],[78.48374484594673,31.199020423309282],[78.37030690879833,31.28641760943166],[77.90129763353173,31.151899295317527],[77.81134277810939,31.059172531660984],[77.83757947196402,30.95324194253167],[77.74899180209844,30.953549382953817],[77.80566865855043,30.853282160918116],[77.70376322295097,30.765226500188607],[77.82680425109795,30.52781573783162],[77.58102482554516,30.377701333491753],[77.52319335278035,30.443537501260156],[77.44323091550575,30.395401322066046],[77.45647038318113,30.45566810943984],[77.21072468397736,30.46477852843625],[77.12279910122228,30.56334323647314],[77.1611965154535,30.69098490948868],[77.02052074530394,30.740055285001997],[76.91684865591726,30.900822486498132],[76.62471386650836,30.998826576934192],[76.64177368762746,31.22273518474582],[76.43967313147434,31.279040802343626],[76.37515207277369,31.437004518410937],[76.32260066278867,31.32166316714196],[76.17978880399639,31.30659228180074],[75.9103671026728,31.95017612387864],[75.59472346426222,32.0701635927894],[75.67305892050496,32.158765597002755],[75.61786144020557,32.23670643292893],[75.93647378066142,32.39742020501809],[75.83329958611424,32.51333658998167],[75.92609837387714,32.74561971500921],[75.80132993843942,32.88567090304389],[75.9539375058918,32.873398141728615],[76.41009236734641,33.18648924145072],[76.74690857026661,33.17921068170308],[76.79272108399316,33.25663613852542]]]}},{"type":"Feature","properties":{"ST_NM":"Jharkhand"},"geometry":{"type":"Polygon","coordinates":[[[87.58437836466578,25.349120113199167],[87.7786681323055,25.250543539839658],[87.79572792827175,25.087319541451294],[87.96228739209855,24.93783846183846],[87.81770027815021,24.760942703184593],[87.9077963990409,24.72131161802004],[87.90881903577042,24.585771627018524],[87.77168511886859,24.58374679436591],[87.80134192089378,24.383154883611766],[87.63881459283047,24.25476795505612],[87.69512443089505,24.149163788873572],[87.49754164783286,24.117876696999474],[87.46000803291757,23.984197860766987],[87.24538545667556,24.045068590882742],[87.29533071747743,23.90211276584367],[87.24066791892673,23.825832057563588],[86.80543425539896,23.837535135829356],[86.799296843207,23.688978443540073],[86.46184447765711,23.629788818547993],[86.31014148405143,23.4118423813567],[86.05183045069067,23.5862971798811],[86.05413046300818,23.486938676060632],[85.86305060315235,23.4624869321196],[85.90263848006946,23.398522826464312],[85.819663238859,23.268486225659128],[85.89416296070375,23.15526662645409],[86.04368492025809,23.144936281898566],[86.22301970662602,22.99484563309043],[86.54699778488524,22.989415670893923],[86.43579743073533,22.92590443747673],[86.41938051410214,22.79099668579424],[86.63504234500816,22.665607515004368],[86.65853663770892,22.575701225291443],[86.76581202331212,22.575703297332883],[86.75109508211591,22.455807348558935],[86.88713405419603,22.257617881293235],[86.75108655261226,22.2110759722428],[86.4968712530422,22.347209692336264],[86.43972281969359,22.30323120325406],[86.04542162511201,22.56751235951127],[85.95708126863066,22.46481039428924],[86.03125535118492,22.189993176891246],[85.90827690237562,21.97084512283595],[85.76599721723575,21.994906527953567],[85.80976784145689,22.11575193704454],[85.68523388247797,22.05451656887416],[85.39781212936003,22.16317410569879],[85.23674887015687,22.009374108604234],[85.09848362217275,22.105899513858052],[84.9843520975901,22.08586500157216],[85.11695447022772,22.294448911762544],[85.0671553671192,22.48425962300972],[84.29146180541981,22.342853962984957],[84.0086756062046,22.525394698064048],[84.2334303110789,22.680813830778334],[84.39594231837505,22.938906205434836],[84.18576980470945,23.027148406956908],[84.14946053423759,22.965434004204027],[84.13342901552258,23.083145795919922],[84.03743837611297,23.1399337131614],[84.07472554451823,23.33332629388237],[83.96231531239421,23.385400324564767],[84.01656153699483,23.63442871038149],[83.93766469478497,23.56904559312921],[83.775292268616,23.609006171930996],[83.7053201159903,23.820808402102383],[83.5711641376115,23.862185231071756],[83.51569460522329,24.027215443705277],[83.32964600625455,24.101788879284605],[83.45728193504608,24.364568165370873],[83.40152207164962,24.503452162086017],[83.87268959879364,24.532201235142594],[84.00835443513434,24.64280078336329],[84.1083415723435,24.477495142997405],[84.29722319720688,24.560478395612307],[84.29741128196949,24.449046058058354],[84.49621829449077,24.28632737317969],[84.56754894776105,24.409209774525863],[84.66529389541095,24.390981663141893],[84.80218797470833,24.53063336658868],[84.90391216711441,24.372219173714676],[85.07952723919827,24.433482011592748],[85.08876040575944,24.372266079693137],[85.37081855816612,24.555259248032357],[85.66799870213062,24.578982457721303],[85.73668833631336,24.820782013190378],[85.94534914974753,24.732960312659912],[86.05529381723369,24.779738560420395],[86.12460550151307,24.61128275362537],[86.32280732082403,24.586905525669074],[86.27613316822978,24.46591216118944],[86.44528040620058,24.36785016689473],[86.60341513961122,24.608160249266582],[86.91644128311657,24.545150505623994],[86.93980204574197,24.65255544660787],[87.05107242805985,24.60855888838768],[87.15033213829801,25.02609010112349],[87.29550496908297,25.08856273448551],[87.32752132196605,25.22364245402737],[87.47810605318018,25.19440699825097],[87.48739943471315,25.297323570067842],[87.58437836466578,25.349120113199167]]]}},{"type":"Feature","properties":{"ST_NM":"Tamil Nadu"},"geometry":{"type":"MultiPolygon","coordinates":[[[[79.76913223480683,11.900707167818743],[79.79652019605487,11.89498956874575],[79.78060830059634,11.862795529092773],[79.76913223480683,11.900707167818743]]],[[[79.22893557677796,9.241938333883335],[79.24031884480202,9.242380927457017],[79.23782949636872,9.235566661028924],[79.22893557677796,9.241938333883335]]],[[[79.06878737835416,9.20947054720417],[79.09091501730083,9.194820122593667],[79.0566541904427,9.196907056773954],[79.06878737835416,9.20947054720417]]],[[[79.12272737625759,9.214026876941764],[79.12328054892807,9.213514576864696],[79.12259888573092,9.213828364119653],[79.12272737625759,9.214026876941764]]],[[[79.19140631420022,9.25700486640225],[79.20465124093764,9.226023975404148],[79.17492798244604,9.239788646555024],[79.19140631420022,9.25700486640225]]],[[[79.1609564300349,9.238275300606674],[79.15778442396945,9.236774947585356],[79.15861942778895,9.238761542074627],[79.1609564300349,9.238275300606674]]],[[[79.15064038751784,9.23996557766888],[79.14377280669662,9.238403390645605],[79.14600290313555,9.242831839929986],[79.15064038751784,9.23996557766888]]],[[[79.14850819307185,9.233153557464748],[79.14423498631704,9.23150238846423],[79.14608781548947,9.234589601352145],[79.14850819307185,9.233153557464748]]],[[[79.14216966515572,9.236405130017227],[79.13757608144137,9.23585806420547],[79.13939934526114,9.238298439862033],[79.14216966515572,9.236405130017227]]],[[[79.14144614585622,9.213402717287575],[79.13944803484786,9.2117812136421],[79.1387863717422,9.2124928687626],[79.14144614585622,9.213402717287575]]],[[[79.12939908841425,9.212909164379221],[79.12902885136316,9.213705933990804],[79.13289262936766,9.215290564254115],[79.13399780510217,9.215142685722972],[79.12939908841425,9.212909164379221]]],[[[79.12371827640645,9.218292210166474],[79.16493733487773,9.214047622745378],[79.16455324131337,9.208993918386819],[79.12371827640645,9.218292210166474]]],[[[79.13979644553251,9.253728694999433],[79.13522694565088,9.253624687721214],[79.13734911310168,9.25585639058556],[79.13979644553251,9.253728694999433]]],[[[78.69883787888618,9.158541302630615],[78.69787351317417,9.158429546309653],[78.69874285329881,9.158713197978795],[78.69883787888618,9.158541302630615]]],[[[78.82897996987816,9.17057895257003],[78.82390365847958,9.166695618989374],[78.82849940713379,9.173744678550333],[78.82897996987816,9.17057895257003]]],[[[78.94334523789438,9.187300532315772],[78.90317667470624,9.178377002510802],[78.89718503033879,9.179555725875373],[78.94334523789438,9.187300532315772]]],[[[78.82573355815437,9.160046283383497],[78.82520404082024,9.15902996485268],[78.8244726136513,9.159636895485223],[78.82573355815437,9.160046283383497]]],[[[78.8189001690095,9.160262455328432],[78.82213584317071,9.160509724832094],[78.82229866551091,9.160016168293112],[78.8189001690095,9.160262455328432]]],[[[78.81624767843576,9.160348530304294],[78.8150784384485,9.159957300321292],[78.81481151484158,9.160681208612846],[78.81624767843576,9.160348530304294]]],[[[78.81944732656083,9.16569106929856],[78.81906040420166,9.16082241322014],[78.81666174788282,9.160117319937969],[78.81944732656083,9.16569106929856]]],[[[78.70350502474085,9.185082446347957],[78.70189525003993,9.185799545114675],[78.70184136639425,9.186084041304056],[78.70350502474085,9.185082446347957]]],[[[78.96990363462196,9.18329464941545],[78.96900965909897,9.182613655318614],[78.96922219510533,9.18395144321195],[78.96990363462196,9.18329464941545]]],[[[78.96648084138705,9.186725040583982],[78.97092654533766,9.184765844616843],[78.96835781727431,9.18589739053233],[78.96743090412312,9.18264014944814],[78.96648084138705,9.186725040583982]]],[[[78.91035081010976,9.186467800508325],[78.90999068719046,9.186192625720809],[78.91000092349312,9.18664490021851],[78.91035081010976,9.186467800508325]]],[[[77.3174423190954,8.121791477897563],[77.31712504401852,8.121641501886979],[77.31731554435093,8.121881179433027],[77.3174423190954,8.121791477897563]]],[[[77.32238190061955,8.122376264992605],[77.32291778970398,8.122391228419453],[77.32248806621476,8.122001397440869],[77.32238190061955,8.122376264992605]]],[[[77.32510390103329,8.123617619242374],[77.32453324804571,8.123173124057223],[77.32461356551696,8.123607506999058],[77.32510390103329,8.123617619242374]]],[[[77.30975046213577,8.126949898571313],[77.30791680211321,8.126157793175528],[77.3050825886457,8.129040226994366],[77.30975046213577,8.126949898571313]]],[[[77.30182288455065,8.140465206121885],[77.30136112713842,8.140332605311594],[77.3013555306342,8.140599698351673],[77.30182288455065,8.140465206121885]]],[[[77.31019058991261,8.125392601686052],[77.31111063544346,8.125458699584359],[77.31083085065663,8.124987680455364],[77.31019058991261,8.125392601686052]]],[[[77.32486069744151,8.125930457165467],[77.32326404533022,8.12598874428953],[77.32475359580174,8.126634795882717],[77.32486069744151,8.125930457165467]]],[[[77.25121862414794,8.168462715811554],[77.25032531966646,8.168224840110696],[77.25071363441434,8.168781975481645],[77.25121862414794,8.168462715811554]]],[[[77.30147028771678,8.141602625333654],[77.3009167099061,8.141447518579046],[77.30119721783673,8.1419636278868],[77.30147028771678,8.141602625333654]]],[[[77.24596875374486,8.172154835889636],[77.24509198095957,8.16971666046981],[77.24331075110857,8.170826588769764],[77.24596875374486,8.172154835889636]]],[[[77.3013215186209,8.141082564567863],[77.30062951132325,8.140665018305299],[77.30089592468708,8.141135647304694],[77.3013215186209,8.141082564567863]]],[[[77.30172212501681,8.140876391695581],[77.30146349555493,8.140839453493383],[77.30157164732525,8.141006973699856],[77.30172212501681,8.140876391695581]]],[[[77.3017651534206,8.141323477239474],[77.30153495114588,8.14123691559109],[77.30156069955687,8.141467268189157],[77.3017651534206,8.141323477239474]]],[[[77.23558603467417,8.175607726505692],[77.23982763061245,8.17652598473137],[77.24027373577917,8.174457967877665],[77.23558603467417,8.175607726505692]]],[[[77.2273853413949,8.188036955579316],[77.22683368058905,8.187461402398789],[77.22714850146855,8.188275734402172],[77.2273853413949,8.188036955579316]]],[[[78.16575034698035,8.797918627964746],[78.16497821445094,8.79800859653682],[78.16548700765145,8.798289289108594],[78.16575034698035,8.797918627964746]]],[[[78.22073993556344,8.872637028951218],[78.2277770536316,8.867850552864109],[78.22648104428974,8.866404168264268],[78.22073993556344,8.872637028951218]]],[[[78.22348016548925,8.884087441219252],[78.21851698162932,8.879910338702135],[78.21775275427443,8.88513134862858],[78.22348016548925,8.884087441219252]]],[[[78.2726102060691,8.941445543113494],[78.27222872300895,8.941115462599958],[78.27239248229199,8.94166227864123],[78.2726102060691,8.941445543113494]]],[[[78.49637111642268,9.090941809841446],[78.48655776215548,9.088594395164055],[78.49020962399118,9.094324157998473],[78.49637111642268,9.090941809841446]]],[[[78.25050704351898,8.951467595368312],[78.25030640749523,8.951002275537377],[78.25007982632944,8.951422270063649],[78.25050704351898,8.951467595368312]]],[[[78.25118384054225,8.949772619643454],[78.25534901230773,8.954939574295143],[78.25481695992788,8.948538368282112],[78.25118384054225,8.949772619643454]]],[[[78.2665589503977,8.939420550481385],[78.26913743326672,8.936757626184557],[78.26684564233072,8.937331715288781],[78.2665589503977,8.939420550481385]]],[[[78.20953218487118,8.836336892563043],[78.20466558517566,8.832064623429266],[78.20390095178223,8.83729003571588],[78.20953218487118,8.836336892563043]]],[[[78.21257675772705,8.837960458398738],[78.211059893081,8.834958886316391],[78.20809598803935,8.840129403826325],[78.21257675772705,8.837960458398738]]],[[[78.53922193406484,9.104304804963826],[78.53494393569632,9.102645308127743],[78.5388780185499,9.106181640409552],[78.53922193406484,9.104304804963826]]],[[[78.57928814949769,9.112890854529342],[78.58837486012484,9.10708036157651],[78.57062758796323,9.101457082235523],[78.57928814949769,9.112890854529342]]],[[[79.49652232360667,9.123272195548877],[79.49181472212317,9.124132583232251],[79.49645008468478,9.124931258620824],[79.49652232360667,9.123272195548877]]],[[[79.48818757743251,9.128199607894805],[79.48820072068341,9.126495329476661],[79.48700919259562,9.127304885890002],[79.48818757743251,9.128199607894805]]],[[[79.48056296655842,9.130663745307487],[79.48156774298349,9.12879190430043],[79.47967113800895,9.129804991149824],[79.48056296655842,9.130663745307487]]],[[[79.48280664642274,9.13440164879616],[79.48221913205725,9.131942641502345],[79.4814507122649,9.132991575195604],[79.48280664642274,9.13440164879616]]],[[[79.47281865517272,9.13929123752147],[79.47340476277648,9.136714320791839],[79.4697436285304,9.139508948452683],[79.47281865517272,9.13929123752147]]],[[[79.46735188295104,9.143483271717455],[79.46744667048486,9.140617079606384],[79.46505462486823,9.14342506352407],[79.46735188295104,9.143483271717455]]],[[[79.45464243386968,9.14542544532308],[79.4537186540422,9.144001621419328],[79.45406470215762,9.145732940013607],[79.45464243386968,9.14542544532308]]],[[[79.45568914455052,9.14773982837097],[79.456121128201,9.14666378766512],[79.4549930786644,9.147179373614982],[79.45568914455052,9.14773982837097]]],[[[79.4457231000412,9.152163012445898],[79.4444721088715,9.15244802160472],[79.44545504365875,9.153871833876952],[79.4457231000412,9.152163012445898]]],[[[78.69691360849586,9.15279782493274],[78.69368316342792,9.152676165701262],[78.69619526528903,9.155873120959987],[78.69691360849586,9.15279782493274]]],[[[78.7535300999574,9.154129197795445],[78.75417931870145,9.153350562108251],[78.7527559992192,9.153416162563671],[78.7535300999574,9.154129197795445]]],[[[79.45229147000762,9.149883292802155],[79.4526000889184,9.146528902757778],[79.45003024784242,9.14805738725685],[79.45229147000762,9.149883292802155]]],[[[77.24466356721405,8.174359557856732],[77.24439400884846,8.17372191058972],[77.24412984935768,8.174208767486977],[77.24466356721405,8.174359557856732]]],[[[79.44351306837248,9.156747345724781],[79.44760679442847,9.154038691375264],[79.44722435017098,9.15275943288555],[79.44351306837248,9.156747345724781]]],[[[78.73099887759798,9.155915275659712],[78.73090645532828,9.152226263777814],[78.72788226255125,9.15298623937159],[78.73099887759798,9.155915275659712]]],[[[78.75209298504733,9.15716095311613],[78.7515354025471,9.155683344044258],[78.75092810009254,9.156832353763487],[78.75209298504733,9.15716095311613]]],[[[80.26879994891176,13.56531121693289],[80.34471519555706,13.276242829880138],[80.15020926990375,12.436472529939602],[79.8405729999714,11.955828715931101],[79.75021249501111,11.919949872265745],[79.74755996041995,12.0078337348639],[79.67380679067857,11.891588432393526],[79.80813768541623,11.845299100918236],[79.71229475598875,11.791554512491723],[79.79576112682633,11.785499854197658],[79.75724974423329,11.557507073112781],[79.84309174667064,11.351165542234812],[79.85436081546587,10.983316684627638],[79.7471141840366,11.002980986595498],[79.71870431728765,10.955994200863165],[79.82849837413163,10.883846012287604],[79.85272333941651,10.826937417467077],[79.88104612707511,10.304285085123633],[79.29684731753538,10.262396167384876],[79.22822211501641,10.147380711379094],[79.26601433963062,10.039305979968105],[78.89839641119435,9.489583157285223],[79.06650321501321,9.298000072856583],[79.32940653312441,9.320220470158636],[79.43284080252278,9.160938065639547],[79.20862433492906,9.281686862971679],[78.96461919525011,9.274044347056561],[78.41170197148828,9.112536176228678],[78.19026715962971,8.928428244749519],[78.06643374823187,8.373792416015096],[77.555934216703,8.07664466982547],[77.33138495653418,8.127391928010914],[77.32367535245778,8.126563552719617],[77.32313774040466,8.125830096541147],[77.32295628970041,8.122942575084776],[77.32217403405606,8.122456617147638],[77.31534205975775,8.122205253597972],[77.2986519654467,8.146527842247911],[77.09773261034887,8.293584288455284],[77.28375606367617,8.54685140048988],[77.16999157904053,8.741850180160423],[77.25833876990457,8.874972032966614],[77.14700999349995,9.021366285015706],[77.41232049024705,9.509082635352339],[77.36105476167307,9.602365849241547],[77.16582739901511,9.61294070168897],[77.2727897980986,9.964293512469489],[77.20118377975268,10.107203462288817],[77.2952790897955,10.218546066864459],[77.23525271029641,10.352869869019992],[76.98359357405383,10.219659293726579],[76.82992965969254,10.30315321540764],[76.81012200440875,10.623840723749995],[76.88212093597846,10.638965535985793],[76.90728614721,10.783407270025698],[76.65905766535936,10.930588113269302],[76.80077286803933,11.053978536362855],[76.70019005527033,11.153631351836916],[76.73454195512859,11.21807401762112],[76.43859358826819,11.19904787721422],[76.54783047134538,11.35896837110648],[76.24722594592458,11.467987698647654],[76.23381472036684,11.570656020262719],[76.51106164253714,11.705098411564682],[76.57669432687602,11.61461426407002],[76.84688351643902,11.594584724002969],[76.90795728754192,11.795358759405845],[77.01289466658271,11.814726624607673],[77.11765843361839,11.721181703494356],[77.24983086627284,11.81312017365265],[77.42723914993698,11.7609537333848],[77.49475968426961,11.943950490031613],[77.67564961788776,11.95207918942064],[77.77553532092828,12.118502907153623],[77.471995049955,12.249930407235299],[77.61678543648249,12.368258272627251],[77.59885555389157,12.667212498298946],[77.73990879612354,12.673043956964857],[77.83599545286062,12.870381119338248],[77.92930560390406,12.890966442741178],[77.99518152686905,12.805909326448212],[78.05353794993303,12.853841254091574],[78.23092787652435,12.760710107975598],[78.21056483512118,12.686125680544832],[78.46488948301754,12.624058477801391],[78.71449313195625,13.068717472793415],[79.16309076696284,13.020305715221395],[79.23490094452507,13.170876212654887],[79.30715928349767,13.105554691318089],[79.43839703347203,13.188205542503466],[79.44539387647274,13.301280652207364],[79.38186066544563,13.307517289059486],[79.43540184370227,13.351738084475187],[79.57923531244974,13.25782123868358],[79.6825735672156,13.295850692490786],[79.75495636956744,13.20650510902747],[79.73367983943673,13.288843220040192],[79.93797313558764,13.35554602167392],[80.04658574883122,13.493704095711086],[80.00422663214466,13.544882618061239],[80.24177825326292,13.470665481610363],[80.26879994891176,13.56531121693289]],[[79.71960396656995,11.992169296445017],[79.66136068002781,12.012296084743092],[79.6569393329978,11.991563719272545],[79.71960396656995,11.992169296445017]],[[79.78831721386827,12.019235012965627],[79.80531436761481,12.024543899860484],[79.78928976233419,12.027686726614663],[79.78831721386827,12.019235012965627]],[[79.64268776852607,11.942117436605766],[79.62638953640993,12.031895199523003],[79.63209952479986,11.901271158528562],[79.67053784381753,11.929824890438839],[79.64268776852607,11.942117436605766]],[[79.68460721916986,11.953355434689147],[79.66216470454643,11.969087497871596],[79.65449099445385,11.953707328584041],[79.68460721916986,11.953355434689147]],[[79.64111825901112,11.886605746214917],[79.60197174505434,11.857802793463547],[79.66336199981838,11.861293368392007],[79.64111825901112,11.886605746214917]],[[79.69908703118224,11.861265302900318],[79.69714846500247,11.874040847061398],[79.69597923848993,11.86039426285556],[79.69908703118224,11.861265302900318]],[[79.66172425517273,11.839308530713282],[79.646286532742,11.816257312716079],[79.67122518885886,11.814853842946473],[79.66172425517273,11.839308530713282]],[[79.70034787597231,11.821662258286088],[79.69195776033897,11.814165203650468],[79.70259985986314,11.813470708321622],[79.70034787597231,11.821662258286088]],[[79.69053892345,11.808500117569116],[79.6745722595052,11.803559799588259],[79.68130823803561,11.79631914646354],[79.69053892345,11.808500117569116]],[[79.7226200430684,10.93712328445342],[79.72017983248118,10.936117667124279],[79.72162485256574,10.935038759760003],[79.7226200430684,10.93712328445342]],[[79.739261485522,10.920678570602085],[79.73970673639089,10.920151232067385],[79.73944800002948,10.921378333950276],[79.739261485522,10.920678570602085]],[[79.80596658403694,10.879701536943784],[79.8099463264598,10.878428397259336],[79.80967754603522,10.880482865630812],[79.80596658403694,10.879701536943784]]]]}},{"type":"Feature","properties":{"ST_NM":"Uttar Pradesh"},"geometry":{"type":"MultiPolygon","coordinates":[[[[79.37255518989396,25.180018400295662],[79.35446513768791,25.175894063907098],[79.35951991646918,25.188555376772474],[79.37255518989396,25.180018400295662]]],[[[79.36505956092499,25.144534118741458],[79.42591071422916,25.05859109295065],[79.41304827846166,25.035274964810814],[79.35610641450924,25.04047070320837],[79.36505956092499,25.144534118741458]]],[[[77.60168837227545,30.399756928586584],[77.96168597659813,30.242430277164495],[77.73328462730326,29.95598729839907],[77.7990420858385,29.686241773272197],[77.9470120835686,29.712536871087835],[77.93329216723487,29.600565780085066],[78.0215898285874,29.58090413480565],[78.335651480782,29.79666482084687],[78.50095874879831,29.73296520971331],[78.61772794354911,29.558086059381893],[78.94233080008843,29.438632602777982],[78.71858479188707,29.30669765794415],[78.87446359420954,29.230259967596748],[78.90635714290167,29.1250578393186],[79.12686688225706,29.13274453281875],[79.17105656427006,29.011927886415805],[79.37236130470956,28.987532182446785],[79.42557262069555,28.866478832953828],[79.81802976713661,28.887870715526038],[79.80876304760125,28.800078128052025],[79.88822781461522,28.836622515539506],[79.95417132322893,28.72289700588437],[80.11847807642783,28.8280054214559],[80.5163851795268,28.55226345436901],[80.50599431722804,28.67036143043211],[80.58663105600606,28.681629085530524],[81.2114576079813,28.360186297060945],[81.31787574298696,28.13341088687279],[81.42561597530866,28.17116130297039],[81.88463384842207,27.856901591378644],[82.06994852649864,27.92332961296103],[82.44923592171686,27.67966938766095],[82.70843097457228,27.72300704983232],[82.73505325409297,27.50266695449016],[83.18834369892357,27.45391816228921],[83.31788153993634,27.33052712645607],[83.38815945662682,27.479408077396794],[83.61485865476516,27.469260102074095],[83.92576367735703,27.32154567703999],[84.06029560697044,26.888168819743253],[84.25409777087062,26.85658865273496],[84.24070685172985,26.738755416819824],[84.4199291259051,26.62689725927527],[84.0865361734623,26.639172878473087],[84.04779252785929,26.536265428766537],[83.90812154311797,26.519106896366825],[83.90805515402522,26.44711833944555],[84.17694334859652,26.370691120964928],[84.16628757491709,26.24109102238951],[84.01903244391364,26.238868495303198],[84.00945124396027,26.175468549011033],[84.17005906989078,25.987719670776475],[84.53402124229454,25.876276895360036],[84.6346905107231,25.727958166550085],[84.49921910142604,25.67487711905561],[84.33664057298476,25.743578470198106],[84.27645487816837,25.659351044390377],[84.10445937438406,25.72101342421086],[83.84637850736547,25.434375438353783],[83.35727623774486,25.199699871840995],[83.35761230378085,24.87057488954272],[83.54796365329744,24.622894829773383],[83.39695983554539,24.496919995686227],[83.45728193504608,24.364568165370873],[83.20792950177321,23.92141101202277],[82.9478909605104,23.87143842218992],[82.6655408295853,24.124281819178112],[82.74434310434857,24.165614943256358],[82.77380318520798,24.6417831159017],[82.42951525389529,24.70266350276361],[82.41610952782375,24.5911532816866],[82.298471339698,24.604983768133337],[82.25082679908606,24.76985087929428],[82.17746849191265,24.732339997865253],[82.20361408222445,24.819220203185083],[81.96528923802202,24.827054200737464],[81.90707741856598,25.00621314566481],[81.61165808035618,25.056334812675818],[81.57865082103602,25.190843424408023],[81.49119522785442,25.072278441849264],[81.27755320586418,25.166008646403903],[81.21966757007766,24.928617443117453],[81.13963412547142,24.887529583602095],[80.94665553702373,24.966300207843343],[80.8121656000566,24.922525926080503],[80.88468317844716,25.18795026010085],[80.82990616809123,25.10004801164414],[80.70441664599181,25.128385069774133],[80.7762202622592,25.054836897386487],[80.67958674890637,25.048552389527078],[80.60657000186524,25.15036863115794],[80.61320797419816,25.065682873577146],[80.48274991697467,25.100220249281108],[80.54950247977429,25.002475439651533],[80.47893000729874,24.973992884415857],[80.44967349097091,25.078502191450713],[80.38734256715377,25.004322715559272],[80.2736503349147,25.025980991504085],[80.43169421810738,25.177626569005557],[80.26387319622816,25.424061295244666],[79.8513684401179,25.235616599426965],[79.86153151032184,25.09621722017744],[79.56919323722974,25.171824951379204],[79.49150789265644,25.079616926744006],[79.40533943256338,25.106230769334037],[79.4945115454545,25.266865769486657],[79.2998298500428,25.337657564337036],[79.31364479555721,25.136091449909525],[79.13095015192317,25.109420144120893],[79.09058448309035,25.191073181778755],[79.02937931720747,25.140555657520288],[79.01322040301208,25.27404900378575],[79.00587222890378,25.19504564799271],[78.88039457354924,25.1576128896397],[78.96061431706731,25.345082399987593],[78.88200256509434,25.343634918404547],[78.849652134147,25.228782096600355],[78.78778032220356,25.296003516821308],[78.88024132724998,25.38589102650679],[78.98933064407547,25.37404025811137],[78.90887138005822,25.44241948307606],[78.93936476603952,25.557220046177875],[78.83495789876788,25.505819439474045],[78.86616964143074,25.46566733783858],[78.84414884451071,25.42775061901631],[78.73804983780636,25.494831923716877],[78.8214168432954,25.42252625150395],[78.74826219407838,25.409784718864802],[78.77463096722924,25.353046797166805],[78.65818230933812,25.44102031791889],[78.43502884876283,25.284160950332097],[78.57800495911495,25.25328711434187],[78.63172952484355,24.957687213432116],[78.78983785137807,24.810971036084073],[78.75202907350814,24.600171165082962],[78.8832206635516,24.641290879139277],[78.97145320513087,24.347597896997335],[78.79280650760931,24.17682230946703],[78.51862086067098,24.387810333204833],[78.41163404627638,24.271617666863744],[78.34790263276159,24.29948427829174],[78.16896864592736,24.862605870248334],[78.45825964043796,25.163715113482223],[78.30530965316557,25.37674716175745],[78.44360198894877,25.563202792217588],[78.81176103915597,25.620782074519923],[78.75292235643002,25.750938677750003],[78.9389600031388,25.942695271920744],[78.98939172681985,26.234983708224423],[79.11860117520575,26.300371622488946],[79.13517684481087,26.440137533094095],[79.05261460674721,26.453743323931008],[79.00478765243705,26.673353358464006],[78.7255724585972,26.795931833084843],[78.57624323528202,26.74879711865969],[78.36291986997756,26.86882356381064],[78.26026163808514,26.813814541846536],[78.22495978149206,26.946304354633824],[78.02646955266921,26.84953512538121],[77.75984705926311,26.932457374929168],[77.61033278569435,26.828572762876117],[77.50116596222615,26.844448576418735],[77.50255648870895,26.768727637646286],[77.46035503264297,26.74180842029861],[77.3978652345813,26.830360633031493],[77.76295161442715,27.006844718022776],[77.5193392505298,27.06661631843959],[77.68112422970692,27.19440391650266],[77.62270291324512,27.33618645775736],[77.43952192351287,27.39071483844985],[77.31705098421155,27.60675141466631],[77.28292993790659,27.79979062047408],[77.53662522162331,27.934178380466957],[77.47425340559613,28.087462508119792],[77.5504251841371,28.2423838474094],[77.47762753978704,28.419069929391533],[77.29996047215077,28.55978439327714],[77.33106534314261,28.71313178586936],[77.19939122394258,28.798060813237427],[77.234345350774,28.91154639370111],[77.13406857875096,29.095183964591495],[77.15739362436067,29.387355460115874],[77.08394739817207,29.589072670825722],[77.18796830428188,29.911393176380262],[77.42256760323572,30.103460668229566],[77.60168837227545,30.399756928586584]]]]}},{"type":"Feature","properties":{"ST_NM":"West Bengal"},"geometry":{"type":"MultiPolygon","coordinates":[[[[88.052762259781,21.513355021348794],[88.04488484322304,21.5083570409129],[88.04956766827269,21.516237518662965],[88.052762259781,21.513355021348794]]],[[[88.074896071052,21.517123818444002],[88.05938387019935,21.5111542610759],[88.0733070806718,21.531124114218617],[88.074896071052,21.517123818444002]]],[[[88.24282764140669,21.505036985365813],[88.20537837649997,21.503435845585823],[88.21560585680812,21.54058674340782],[88.24282764140669,21.505036985365813]]],[[[88.12792274372121,21.993286608288344],[88.09675375098445,22.000306771779247],[88.1342196212492,22.016203001641397],[88.12792274372121,21.993286608288344]]],[[[89.48743720989005,25.930714309539535],[89.49278537305318,25.932891677735817],[89.49009552154679,25.929302693622695],[89.4892548484595,25.92883296611663],[89.48743720989005,25.930714309539535]]],[[[89.58606612044072,25.962408075228876],[89.57655414376481,25.932548637595836],[89.56469896107764,25.94808315890162],[89.58606612044072,25.962408075228876]]],[[[89.50216916373131,25.95973369248361],[89.50331228789666,25.948824347051907],[89.49464062588021,25.954669722671948],[89.50216916373131,25.95973369248361]]],[[[89.62338988800734,26.153690924035455],[89.62517793607135,26.148371015057226],[89.62065268091244,26.154173379557637],[89.62338988800734,26.153690924035455]]],[[[89.61868614838124,26.126670363928206],[89.61585609411352,26.122884800426643],[89.61516995730626,26.12751434307377],[89.61868614838124,26.126670363928206]]],[[[89.60955222499773,26.131092618387278],[89.60805861054784,26.12816040010611],[89.60558809619283,26.13060858350478],[89.60955222499773,26.131092618387278]]],[[[89.66102022812252,26.170237424144137],[89.66415165818489,26.165871094469505],[89.66039667963604,26.16808622102906],[89.66102022812252,26.170237424144137]]],[[[88.97578082434501,26.196538292437307],[88.97241260017034,26.195718200961732],[88.97288128359342,26.198373445467933],[88.97578082434501,26.196538292437307]]],[[[88.95095897077462,26.203126350075543],[88.94890181799418,26.20220746940547],[88.94880317489118,26.203199355048095],[88.95095897077462,26.203126350075543]]],[[[88.96215710320513,26.204935078975662],[88.9582525219238,26.20238042196427],[88.95766514679715,26.20484286035397],[88.96215710320513,26.204935078975662]]],[[[88.95624605299002,26.21470363379294],[88.95989021446711,26.212697042342253],[88.95416526014456,26.213380625448654],[88.95624605299002,26.21470363379294]]],[[[89.0553795113032,26.243835549266393],[89.05409928985246,26.242868300233358],[89.05422668173952,26.24386558237241],[89.0553795113032,26.243835549266393]]],[[[89.05755629183167,26.243759894004913],[89.05647563381625,26.24315437619472],[89.05640381440762,26.243651665916605],[89.05755629183167,26.243759894004913]]],[[[89.07427131798514,26.250383686559655],[89.08555775570639,26.2474825001973],[89.07423456790688,26.24829812024201],[89.07427131798514,26.250383686559655]]],[[[89.07353391073134,26.28137301359718],[89.07105297322407,26.27813458658571],[89.06967808012216,26.28285523878617],[89.07353391073134,26.28137301359718]]],[[[89.07666325041407,26.29616859682117],[89.07645382527357,26.292457145309825],[89.07558024779576,26.29603801180557],[89.07666325041407,26.29616859682117]]],[[[89.01380152826522,26.302677450853235],[89.01264598668769,26.30145384764122],[89.01307678096872,26.30283911166272],[89.01380152826522,26.302677450853235]]],[[[89.05018926118723,26.310125255520116],[89.05296987487664,26.30624510103774],[89.04803552873398,26.306240839474352],[89.05018926118723,26.310125255520116]]],[[[89.0675007300618,26.311530915083466],[89.064757294947,26.309132589889035],[89.06470128498904,26.31285478971611],[89.0675007300618,26.311530915083466]]],[[[89.05911771650909,26.29510943862381],[89.06790459644385,26.304452027957165],[89.06883527084112,26.298019928380665],[89.05911771650909,26.29510943862381]]],[[[89.07005937094283,26.3053406958493],[89.06853790512591,26.30808812474451],[89.07016255413131,26.308284070431373],[89.07005937094283,26.3053406958493]]],[[[89.01639267288816,26.316467819214072],[89.02195319059794,26.314344771860068],[89.01720898546158,26.310978330491402],[89.01639267288816,26.316467819214072]]],[[[89.03526406086371,26.320888340722927],[89.03334046241322,26.31685681536626],[89.02732110142598,26.318854726263417],[89.03526406086371,26.320888340722927]]],[[[89.05700737088742,26.32525989569203],[89.0697549642324,26.313164975891407],[89.05486747787947,26.322291845492337],[89.05700737088742,26.32525989569203]]],[[[89.00074908534039,26.320545493590682],[88.99736736757185,26.31843170346312],[88.99788088680909,26.32242505396694],[89.00074908534039,26.320545493590682]]],[[[89.00895885160404,26.32785063460932],[89.00567248910455,26.324708499780755],[89.00567180548663,26.329809788186385],[89.00895885160404,26.32785063460932]]],[[[88.27529056029223,26.33129228771488],[88.27447897465385,26.331990080858272],[88.27559636657786,26.332611375584662],[88.27529056029223,26.33129228771488]]],[[[89.00535626146333,26.338901424142332],[89.01798387941218,26.333159017533315],[89.01082906766878,26.330996091405893],[89.00535626146333,26.338901424142332]]],[[[88.99234880257467,26.345360408115713],[88.99755007861242,26.34154024222346],[88.99038722425226,26.34308636262143],[88.99234880257467,26.345360408115713]]],[[[88.98180382800071,26.35656109889491],[88.98611151209612,26.35484335584359],[88.98057949254043,26.35480212327659],[88.98180382800071,26.35656109889491]]],[[[88.92866125738847,26.377546456464803],[88.93197120246074,26.366372138563186],[88.92125563871267,26.37364743249182],[88.92866125738847,26.377546456464803]]],[[[89.05448782558587,26.376114475369523],[89.053392108213,26.373523726697293],[89.05323812799016,26.37809926082205],[89.05448782558587,26.376114475369523]]],[[[89.07978377672556,26.389581036997125],[89.07885593381805,26.388699519629235],[89.07828973198266,26.389723160543838],[89.07978377672556,26.389581036997125]]],[[[89.07716409981253,26.366227234448385],[89.07447283705285,26.366862862622785],[89.07598190162727,26.36771985604197],[89.07716409981253,26.366227234448385]]],[[[89.05265740668486,26.372262218135912],[89.05297648737545,26.368064175541267],[89.05180656466855,26.368228748765244],[89.05265740668486,26.372262218135912]]],[[[89.04960656628323,26.375673871765027],[89.04769387877019,26.372959917875914],[89.04790531074703,26.376279308345993],[89.04960656628323,26.375673871765027]]],[[[88.98566978891137,26.393990223168263],[88.98187981020237,26.391987163541966],[88.9831967341207,26.395768227209675],[88.98566978891137,26.393990223168263]]],[[[89.01476342540684,26.409114618839666],[89.01579383705517,26.40418003252317],[89.01188860449524,26.405243955815465],[89.01476342540684,26.409114618839666]]],[[[88.99204459259528,26.412441888432692],[88.9858050185993,26.410036142421067],[88.98633392328237,26.41366892376923],[88.99204459259528,26.412441888432692]]],[[[88.9685365134498,26.412585654064294],[88.96462738489649,26.410782555928275],[88.96546656947537,26.414397569838055],[88.9685365134498,26.412585654064294]]],[[[88.9499384235264,26.426816123838627],[88.9539780368663,26.40193804241803],[88.9494584653482,26.40111876051119],[88.9499384235264,26.426816123838627]]],[[[88.96949565635676,26.431118146167787],[88.96501729684896,26.43169302921932],[88.96843686962357,26.4335841136154],[88.96949565635676,26.431118146167787]]],[[[88.9760766898737,26.442231854082276],[88.9785021348526,26.44381120146327],[88.9778934948066,26.44092951663423],[88.9760766898737,26.442231854082276]]],[[[88.97128120081608,26.41217928148961],[88.98005773844697,26.408869008905164],[88.98250681810102,26.402996122377225],[88.97128120081608,26.41217928148961]]],[[[88.96612417309424,26.41797691370224],[88.9693414758096,26.419907232950095],[88.97345532322964,26.41802148896883],[88.96612417309424,26.41797691370224]]],[[[88.5193599259207,21.935904884817575],[88.51418335534989,21.918353996108287],[88.51528948958679,21.937269323222978],[88.5193599259207,21.935904884817575]]],[[[88.7498757755454,21.958704809217178],[88.72940901286294,21.93927183103683],[88.7277268752726,21.979893385459604],[88.74714138916049,21.978160618590262],[88.7498757755454,21.958704809217178]]],[[[89.12489427951546,21.591517293336985],[89.13698963487867,21.588364201268845],[89.12311033585395,21.585861074169582],[89.12489427951546,21.591517293336985]]],[[[88.6008643788727,21.58489280667678],[88.59546787826244,21.577842011451903],[88.59485243437646,21.582466161212505],[88.6008643788727,21.58489280667678]]],[[[88.59431049783355,21.561420347734227],[88.5855330529042,21.562550879236696],[88.59349562346289,21.566191375929282],[88.59431049783355,21.561420347734227]]],[[[88.34119356207316,21.55764944875064],[88.33025911841618,21.546300127457112],[88.33962377857202,21.572906072669525],[88.34119356207316,21.55764944875064]]],[[[88.08267181179453,21.582770519697664],[88.07764435347602,21.57391888437954],[88.07590142958539,21.58822065496678],[88.08267181179453,21.582770519697664]]],[[[87.99179717314941,21.512976352557853],[88.04800006138952,21.581146054137793],[88.0546052470112,21.550456214261022],[87.99179717314941,21.512976352557853]]],[[[88.48571925910385,21.55792125912179],[88.5348086643918,21.578119898786074],[88.54337654224682,21.53132595282788],[88.48571925910385,21.55792125912179]]],[[[88.18946120972733,21.578408790580564],[88.17272821277663,21.55339582445169],[88.16356862632205,21.597525762729266],[88.18946120972733,21.578408790580564]]],[[[88.3533506200183,21.5877667737376],[88.34393365006515,21.582231314501755],[88.34479282754897,21.59311142742335],[88.3533506200183,21.5877667737376]]],[[[88.08998985550993,21.58874759741622],[88.08228975650756,21.587078427287093],[88.08337809152543,21.592515204736706],[88.08998985550993,21.58874759741622]]],[[[87.89683593029184,21.76150282829751],[87.88043618046375,21.75751917851426],[87.90167023285797,21.772321720410915],[87.89683593029184,21.76150282829751]]],[[[87.91002576155621,21.70303598785123],[87.90203727999146,21.68689751496354],[87.90799951621148,21.704008957760298],[87.91002576155621,21.70303598785123]]],[[[87.94053105021501,21.71303772918325],[87.92323880169428,21.709711380926983],[87.94078421163177,21.72344610829622],[87.94053105021501,21.71303772918325]]],[[[88.27922890924509,21.78552602426431],[88.27047688753662,21.780095379154574],[88.26769380707344,21.787719625021406],[88.27922890924509,21.78552602426431]]],[[[88.18177094458238,21.792833294146295],[88.17579810015722,21.782649344874702],[88.17530746190859,21.798874520490376],[88.18177094458238,21.792833294146295]]],[[[88.49857624838579,21.815470918058768],[88.45743762865831,21.80797862661722],[88.48636350207954,21.83552071561671],[88.49857624838579,21.815470918058768]]],[[[88.32901410463637,21.860126211786497],[88.35692768812348,21.79731469397068],[88.33815631767332,21.801613780900887],[88.29128802297652,21.778417585317893],[88.26219766892511,21.805286778972576],[88.32901410463637,21.860126211786497]]],[[[87.95021170175522,21.592310005770674],[87.97408288712501,21.682344709163832],[87.98588255931756,21.68695194518745],[87.99010561851995,21.622976482932728],[87.95021170175522,21.592310005770674]]],[[[89.00846442965143,21.70872741610911],[88.99119812357777,21.658637367278374],[88.9915985018016,21.700489872811605],[88.97545099261707,21.723980339023385],[89.00846442965143,21.70872741610911]]],[[[88.83312598028458,21.55349423642603],[88.89246911106001,21.58143264939641],[88.90440331315287,21.54733870745807],[88.83312598028458,21.55349423642603]]],[[[88.71845331506634,21.635762892774586],[88.79310974801241,21.58266945453458],[88.71214318109976,21.57850718056366],[88.71845331506634,21.635762892774586]]],[[[88.56515272342342,21.62489046627228],[88.54902099224854,21.5648441276738],[88.52137788340865,21.651575314956485],[88.56515272342342,21.62489046627228]]],[[[88.08206567175996,21.613782111442333],[88.07433858287487,21.61326497468117],[88.07741501448231,21.621652251679972],[88.08206567175996,21.613782111442333]]],[[[88.19359007069073,21.684194066488725],[88.22735021074543,21.652586419495517],[88.2120552234268,21.595772585141255],[88.17992341457185,21.671268781269063],[88.20709401765713,21.709073386338908],[88.19359007069073,21.684194066488725]]],[[[88.96076204741667,21.642281954489373],[88.98593502458384,21.641567717207742],[88.99007693716996,21.61972185129347],[88.94019639998433,21.64084471310577],[88.95147339102208,21.673910811826],[88.96076204741667,21.642281954489373]]],[[[88.35326142180219,21.615922988232573],[88.34415566419604,21.608301487337048],[88.35028249153905,21.621972140050268],[88.35326142180219,21.615922988232573]]],[[[88.60332291149847,21.632535853390888],[88.55948937646137,21.641342907047648],[88.57366018059243,21.68869810297069],[88.60332291149847,21.632535853390888]]],[[[88.34933700212609,21.680188605161955],[88.30495953359119,21.62107610492661],[88.31189061721815,21.706654553503153],[88.34933700212609,21.680188605161955]]],[[[88.64160346030116,21.67116986503051],[88.62714131815041,21.65820793579937],[88.64108164242734,21.67840700722832],[88.64160346030116,21.67116986503051]]],[[[88.40633621542455,21.73279487781373],[88.40947045272219,21.653652221911944],[88.43020875635214,21.625498909775924],[88.3989890519209,21.588883084254753],[88.40633621542455,21.73279487781373]]],[[[88.52161133668636,21.716738940746804],[88.56587349657309,21.67686695676484],[88.54644701622728,21.640841712128413],[88.52161133668636,21.716738940746804]]],[[[88.71028606876007,21.674648967185238],[88.68607906528926,21.678378930265108],[88.69066472855776,21.717766713948084],[88.71028606876007,21.674648967185238]]],[[[88.92509883272076,21.720645249176016],[88.98465919050491,21.659309356508288],[89.01401629568672,21.651964707803675],[89.02009208075523,21.59920564375609],[88.92509883272076,21.720645249176016]]],[[[88.92039511285759,21.631067638945993],[88.86708564694366,21.701020159931392],[88.88199207786764,21.741132313091633],[88.93690045515577,21.70077938713032],[88.92039511285759,21.631067638945993]]],[[[89.01477922228109,21.77813574853657],[89.09280279872857,21.652181480243147],[89.07131221982856,21.611781760360575],[89.03773657307195,21.610968552642078],[89.01236990116323,21.714102217459903],[88.956116054192,21.75966932301353],[89.01477922228109,21.77813574853657]]],[[[88.76799002207699,21.703376111793546],[88.86196337593852,21.76140544411617],[88.83846012523772,21.619036968947736],[88.81686914972323,21.708985933441316],[88.76799002207699,21.703376111793546]]],[[[88.42411696510186,21.75282281967671],[88.47054597733656,21.67460724800567],[88.43205010415689,21.601080882360524],[88.42411696510186,21.75282281967671]]],[[[87.98700104718624,21.699186608386665],[87.97531100539098,21.690724588980128],[87.978980305323,21.70249887329387],[87.98700104718624,21.699186608386665]]],[[[88.20104392710067,21.710179233926432],[88.18293311662502,21.705958041891297],[88.20020409124324,21.72352565369554],[88.20104392710067,21.710179233926432]]],[[[88.12075983815708,21.73265063317403],[88.03350859014306,21.662925831971187],[88.0915316672697,21.78535905090881],[88.13025140870299,21.756695879065767],[88.12075983815708,21.73265063317403]]],[[[87.95228417170954,21.711790962985702],[87.9528870607411,21.7039833329248],[87.94727370771957,21.704315525653744],[87.95228417170954,21.711790962985702]]],[[[88.3594789170051,21.73524014284902],[88.36258968401933,21.686621861836883],[88.34723952037933,21.759709791099343],[88.36670875514274,21.761965849020985],[88.3594789170051,21.73524014284902]]],[[[88.5552636151266,21.761466036630654],[88.60695291642502,21.685021212681765],[88.59668640970767,21.657600904153547],[88.58441878801567,21.688771840402328],[88.5077760730769,21.747188361874652],[88.54374203978647,21.811186447770396],[88.5552636151266,21.761466036630654]]],[[[87.96221833770437,21.736969993901628],[87.94750635341185,21.729739702535976],[87.96000429685452,21.739894793066206],[87.96221833770437,21.736969993901628]]],[[[87.98843271561076,21.725659520908213],[87.97839003672286,21.724215880661173],[87.98645056047846,21.730196786533064],[87.98843271561076,21.725659520908213]]],[[[88.20400793724524,21.734147648985637],[88.19740964709166,21.742268144783882],[88.20526581669655,21.75997385999246],[88.20400793724524,21.734147648985637]]],[[[87.95727678078491,21.75651944426865],[87.93189092355664,21.744412184572525],[87.95704637189768,21.77146106523545],[87.95727678078491,21.75651944426865]]],[[[88.85002425287453,21.862260999727845],[88.89804847452614,21.753160439630538],[88.92323974947732,21.749397488990233],[88.91114875363817,21.734416564659675],[88.83595743682245,21.78846179648935],[88.85002425287453,21.862260999727845]]],[[[88.77733005222437,21.86877946185927],[88.82627965450128,21.861061458575527],[88.77986867504762,21.770861313660784],[88.7814353180385,21.738503902465958],[88.74507191508764,21.77596998565631],[88.76056446349682,21.689538469393007],[88.80383211919376,21.702848939037867],[88.79478877204198,21.652801491089154],[88.69109420411195,21.7508256158622],[88.71590692540914,21.90450646582454],[88.77733005222437,21.86877946185927]]],[[[88.82889837021695,21.80565381129331],[88.78544877153901,21.771752795840353],[88.82296427282492,21.82249979852291],[88.82889837021695,21.80565381129331]]],[[[88.58910356240948,21.772272425511304],[88.62921526852833,21.735372135182445],[88.60903869671692,21.70652608193081],[88.61915935745631,21.740522379225485],[88.58910356240948,21.772272425511304]]],[[[88.61299058507774,21.740028462484194],[88.58157821447597,21.72677244104984],[88.57579532241084,21.77243896111639],[88.61299058507774,21.740028462484194]]],[[[88.29885496919589,21.7549772237074],[88.28542161184451,21.73472638970589],[88.29184597558265,21.772350619944632],[88.29885496919589,21.7549772237074]]],[[[88.38573164758421,21.760295112441007],[88.36297332303616,21.737967079721454],[88.37188173784234,21.764713878777417],[88.38573164758421,21.760295112441007]]],[[[88.38184105756345,21.77950349758385],[88.43840344619034,21.793636417596314],[88.41877361601033,21.766197737687417],[88.42016207906289,21.72655888432982],[88.38184105756345,21.77950349758385]]],[[[88.35404346634242,21.79601763772005],[88.36760737136248,21.77033945227705],[88.34211968740182,21.76091109027064],[88.31427305714949,21.710488532819568],[88.35404346634242,21.79601763772005]]],[[[88.13293444469134,21.87344015879838],[88.17077858833571,21.73790709644185],[88.13668720170651,21.678001510202176],[88.13627906832686,21.75991447742638],[88.08420882565241,21.79251797841229],[88.13293444469134,21.87344015879838]]],[[[88.97623287456226,21.869423548677076],[89.02764893709734,21.83155660916455],[88.96600650726677,21.780268705141488],[88.97947746360435,21.81787924692673],[88.95155517993373,21.845616979105817],[88.97623287456226,21.869423548677076]]],[[[88.16620967415568,21.866758603432306],[88.16362215064163,21.86251581545909],[88.16274997453561,21.86601553417857],[88.16620967415568,21.866758603432306]]],[[[88.1037350980465,21.889733540566947],[88.08787062824507,21.872879277361758],[88.09160963564649,21.89370606800822],[88.1037350980465,21.889733540566947]]],[[[88.18743308690364,21.843557228830676],[88.18020217977082,21.83941306087164],[88.174127188813,21.855664752298754],[88.18743308690364,21.843557228830676]]],[[[88.52408007327546,21.845236100499797],[88.49774869070164,21.832662639591337],[88.50272360566086,21.85303202038796],[88.52408007327546,21.845236100499797]]],[[[88.61389455615488,21.830755321173555],[88.57532666863219,21.817902222767184],[88.58860509534314,21.848742676936972],[88.61389455615488,21.830755321173555]]],[[[88.59692202523031,21.85850554449925],[88.65343460586797,21.868499500375123],[88.6410255632991,21.789002250737695],[88.59692202523031,21.85850554449925]]],[[[88.91530718085248,21.932977551825523],[88.97081524198327,21.906499450598147],[88.94284258797803,21.83858164494456],[88.97044997531064,21.814205323398472],[88.90843315731404,21.75725524610593],[88.82124271895655,21.927758004311585],[88.88283749046636,21.913506149845226],[88.91530718085248,21.932977551825523]]],[[[88.81744312917235,21.900606652637496],[88.8315959077089,21.869897535768242],[88.80590888399345,21.87295707253773],[88.81744312917235,21.900606652637496]]],[[[88.62627157827548,21.898711561392854],[88.66741856041995,21.913356154214483],[88.65157236235137,21.877538114826343],[88.62627157827548,21.898711561392854]]],[[[88.55565599564945,21.882501758391232],[88.53328787500628,21.843243481515827],[88.54710008155739,21.878607153611277],[88.55565599564945,21.882501758391232]]],[[[88.42044019028836,21.90052541107275],[88.46231088756502,21.844891770171014],[88.44554476344159,21.813131129054522],[88.45690417400832,21.796917571305688],[88.39886856538341,21.806504596376925],[88.42044019028836,21.90052541107275]]],[[[88.55688371865668,21.87347375134202],[88.57304103385083,21.856452200580758],[88.5582952585306,21.83273211701284],[88.55688371865668,21.87347375134202]]],[[[88.57249775522489,21.896898838871103],[88.55914086516545,21.884082555573396],[88.5621424778895,21.894170662302052],[88.57249775522489,21.896898838871103]]],[[[88.491415714374,21.90364341880544],[88.47655065446213,21.89993318690517],[88.48838883563427,21.907929195257395],[88.491415714374,21.90364341880544]]],[[[88.7374277874157,21.92268637961627],[88.79169354408556,21.9211013470793],[88.81076940389113,21.899682476263116],[88.77587604898697,21.87714739039687],[88.7374277874157,21.92268637961627]]],[[[88.10364831001026,21.908264366510497],[88.09931734158268,21.899189638646764],[88.09512788206685,21.905706671850478],[88.10364831001026,21.908264366510497]]],[[[88.14154327314688,21.92057416708468],[88.1117543100788,21.917398095282742],[88.11478602534801,21.930984425132486],[88.14154327314688,21.92057416708468]]],[[[88.05062358848184,27.21615909148092],[88.15361405060399,27.10977387532254],[88.43064887155253,27.079449114794897],[88.55503332212206,27.184073359038823],[88.79942183132322,27.138938696431584],[88.86789060391358,27.106256271898275],[88.87047913084578,26.9445738742779],[88.91728326786505,26.998087149139916],[89.12671056612042,26.807263290678236],[89.54769203725405,26.813077499290205],[89.63994830726405,26.77730318357015],[89.62005640797292,26.71573125942472],[89.85107321030233,26.698487213403503],[89.874198263082,26.584009788207325],[89.85635842671687,26.384252381028283],[89.71984420722389,26.307031475179787],[89.73669199898649,26.17204852848736],[89.63418185347035,26.22931611023949],[89.59358996998435,26.10152858419075],[89.64990764405313,26.06345348781612],[89.5553386972768,25.964615927477713],[89.1551947468996,26.138667563251182],[89.09633780142391,26.390682468182074],[88.96495156981456,26.45816755797846],[88.91086503153544,26.368319469336853],[89.05101673981963,26.241494050968388],[88.89818574159312,26.288781104671095],[88.84270264194916,26.230807632484932],[88.79344016095035,26.31031879407396],[88.6639387618937,26.258262837490268],[88.74368937013614,26.346633283032673],[88.4337927145355,26.542239601283075],[88.40975679161733,26.632284315916298],[88.33151228530554,26.48283360260547],[88.48449991019169,26.461073936493946],[88.5220785360926,26.36071059041672],[88.17874892303341,26.14955207218004],[88.08688447299754,25.916641044275373],[88.11511260966618,25.798789850786946],[88.26141895264296,25.81367973502007],[88.53976207637805,25.508543481489408],[88.81125205521856,25.523372493839997],[88.8400565851095,25.363474187263638],[89.00873321546591,25.299855640803415],[88.92062081547105,25.16537096404756],[88.44187683254204,25.1987017109859],[88.39786052717555,24.945612361807424],[88.32785317765872,24.871300671120782],[88.22588711925229,24.959824148366835],[88.13749045187735,24.936029718729877],[88.1743937854331,24.861046945922542],[88.02441569371685,24.688135386490416],[88.1897151113559,24.476233421924846],[88.73542514350842,24.27605273264356],[88.69443247126851,24.112015665811114],[88.7689130158786,23.982615968628647],[88.57531931053168,23.86092393413881],[88.55805474000319,23.64871827599771],[88.7997983817341,23.4964964612818],[88.71855641560981,23.254811112893695],[88.78951604939643,23.218145703390622],[88.81076929968657,23.255874657679268],[88.99440384611079,23.21415507656661],[88.84612966984231,23.009404901828407],[88.96950296504991,22.843997793805286],[88.9122301931879,22.75857152412944],[88.98465054511865,22.326448677788477],[89.0956206368067,22.16035895742422],[89.0076499038271,21.902774702275213],[88.93046157374431,21.948935019709968],[88.98733535977121,22.11012208246023],[88.9209369128566,21.983949700551477],[88.9278645478512,22.104925434920084],[88.89235932345754,22.068237611271186],[88.90120649292432,21.930987460040818],[88.75675731618615,21.961124597959444],[88.81680463990607,21.968220446380712],[88.74648095584844,21.989534163609573],[88.78335965939574,22.108911187688747],[88.70335749592432,22.07345354499769],[88.76107991501023,22.148100746258077],[88.68706931685449,22.077446993379542],[88.73826314786636,22.013658358232707],[88.63841037167428,21.952129939104395],[88.70290244263904,22.208725147937663],[88.64882708030038,22.24781078002631],[88.59357082952016,21.895583106843816],[88.54338702648451,21.904153496251357],[88.53203511954534,21.85318436981034],[88.4963104897284,21.879033813563847],[88.52563606494202,21.91831064023064],[88.5019062968558,21.89688569862284],[88.52559764220068,21.925220651618062],[88.50172950211967,21.96739548999133],[88.5504569833662,21.99088709370624],[88.55406242835288,22.0514289141264],[88.54106917632042,21.988280925758428],[88.49821077150737,21.97633762127912],[88.47070990999443,21.901022276463515],[88.45666282004765,21.903890715267615],[88.46575583415314,21.961652130886772],[88.44597648208902,21.987533439490747],[88.39109248777264,21.896777511782954],[88.40714541603585,21.99272467977228],[88.38815963120213,22.004171672502434],[88.38174913745198,21.795086995204823],[88.35586009340892,21.82706357390733],[88.372570143794,21.90612057972316],[88.35105000493127,21.97135007924978],[88.31181407087449,21.859575473673864],[88.26065524541261,21.86487686762105],[88.27488407801604,21.899314980286984],[88.27657956726644,21.945754674890434],[88.27258761763721,21.959980767871272],[88.26149274475199,21.96220122563801],[88.2539026642191,21.85986857046949],[88.30380384828322,21.842994761671317],[88.25593730791344,21.80102308665764],[88.25998968900848,21.55652559966143],[88.22009667325396,21.603989127430438],[88.23600919932983,21.64504272962048],[88.21209805330291,21.783101851020422],[88.1457207599166,21.9552026787298],[88.22230194564834,22.07272965770927],[88.18315695972584,22.187303276487096],[87.99535752270883,22.2458107663339],[88.13617826567386,22.18538679377671],[88.16743836285183,22.07821348259431],[88.06012176344171,22.017895569324796],[88.01963469358644,22.07186540221341],[87.99290255459807,22.075682989686356],[88.0485458876376,21.99740854601676],[87.9866327235467,21.87067527344867],[87.80639282074961,21.708851789486644],[87.48621588276677,21.609766410246106],[87.44438053689146,21.768220846583294],[87.276530395224,21.805178446021213],[87.23585723396775,21.9570629294005],[87.03772648217551,21.868135077847846],[87.02816239243333,22.03790301845277],[86.72179973521159,22.146751420454276],[86.72695651499838,22.216793096636046],[86.88673630084946,22.25739174605194],[86.88812216327932,22.297332960440947],[86.75109508211591,22.455807348558935],[86.76581202331212,22.575703297332883],[86.65853663770892,22.575701225291443],[86.63504234500816,22.665607515004368],[86.41938051410214,22.79099668579424],[86.43579743073533,22.92590443747673],[86.52546007497553,22.947304131449982],[86.54699778488524,22.989415670893923],[86.18554644322649,23.00524708589143],[85.819663238859,23.268486225659128],[85.87083493178899,23.475539686672708],[86.05413046300818,23.486938676060632],[86.04201188888977,23.586191742178322],[86.31014148405143,23.4118423813567],[86.46184447765711,23.629788818547993],[86.799296843207,23.688978443540073],[86.80543425539896,23.837535135829356],[87.24066791892673,23.825832057563588],[87.29533071747743,23.90211276584367],[87.24538545667556,24.045068590882742],[87.46000803291757,23.984197860766987],[87.49754164783286,24.117876696999474],[87.69512443089505,24.149163788873572],[87.63881459283047,24.25476795505612],[87.80134192089378,24.383154883611766],[87.77168511886859,24.58374679436591],[87.90881903577042,24.585771627018524],[87.9077963990409,24.72131161802004],[87.81770027815021,24.760942703184593],[87.96228739209855,24.93783846183846],[87.71136704292203,25.2576836124555],[87.84660861466043,25.264557619430235],[87.76662173961684,25.415081141272896],[87.8839857825791,25.52057094400913],[87.9591633749339,25.538731661375287],[88.00427438167866,25.496290219768216],[88.07701257103169,25.506816203480497],[88.0496952568908,25.70224962411259],[87.81079751391256,25.927962965080283],[87.97514832678124,26.1430977573785],[88.07324906747074,26.175170820813452],[88.30050060823622,26.350423935335186],[88.18258345638385,26.5042315074839],[88.23278958974085,26.57104149850656],[88.10540160764585,26.551079975441777],[88.1870866920385,26.77140087722113],[88.13307441119576,26.982324140064303],[87.99169625910534,27.108340618966288],[88.05062358848184,27.21615909148092]]]]}},{"type":"Feature","properties":{"ST_NM":"Andhra Pradesh"},"geometry":{"type":"MultiPolygon","coordinates":[[[[80.77529285054302,15.8634426952346],[80.77822199707143,15.863673819528703],[80.78389136993238,15.857831420239137],[80.77529285054302,15.8634426952346]]],[[[80.7924342395882,15.830335255777673],[80.79039465695644,15.828330043276543],[80.78963342458468,15.83231962718339],[80.7924342395882,15.830335255777673]]],[[[80.78913522431799,15.839462141611467],[80.78676845909008,15.84124364006729],[80.78742126480704,15.842839284449038],[80.78913522431799,15.839462141611467]]],[[[80.78353631800285,15.85469358011521],[80.78777108674498,15.852805597203139],[80.78738578494657,15.844842144063408],[80.78353631800285,15.85469358011521]]],[[[80.93050033826037,15.716154367075905],[80.92862775423654,15.716534010072726],[80.93104089139776,15.718089045580506],[80.93050033826037,15.716154367075905]]],[[[80.81294715950663,15.7318188323291],[80.81115373233067,15.731563537926753],[80.8114084145952,15.733146285078547],[80.81294715950663,15.7318188323291]]],[[[80.79574266920261,15.75508566115959],[80.7939661420321,15.754485849037609],[80.79578404650292,15.755334635438832],[80.79574266920261,15.75508566115959]]],[[[80.79250994061721,15.770394449803257],[80.79406475908401,15.770248821032201],[80.79280647269584,15.768960958775457],[80.79250994061721,15.770394449803257]]],[[[81.00845585025705,15.794978728244912],[81.00584489778208,15.791487762629469],[81.00798975038875,15.795735192246836],[81.00845585025705,15.794978728244912]]],[[[80.79365301896847,15.757268387011864],[80.7923496272716,15.756699849871017],[80.79351818903085,15.75786604076743],[80.79365301896847,15.757268387011864]]],[[[80.79373946923815,15.758679927533588],[80.79252967929892,15.758179458918864],[80.79380965011971,15.75900099742485],[80.79373946923815,15.758679927533588]]],[[[81.0121518571025,15.813775250671855],[81.01931552623462,15.79322858387899],[81.00520216307778,15.816314869140674],[81.0121518571025,15.813775250671855]]],[[[84.67564453115128,19.16768745387382],[84.76357017229687,19.074876247431114],[84.1284979428408,18.313395944599954],[83.60554743358892,18.037023471508153],[83.21292661500142,17.59100498987014],[82.59390682512503,17.28144688145283],[82.31948871485241,17.05738700359683],[82.24821237372419,16.93045892907657],[82.35485034264957,16.85131241770299],[82.36019740357985,16.958949676793594],[82.36594347280315,16.706840473687848],[82.31365478230947,16.558804624327113],[81.7207766975313,16.3069322297365],[81.48717976482261,16.355438549614863],[81.30529853310193,16.303904893360734],[80.93933965106166,15.716773395012973],[80.92800923362071,15.721985158551899],[80.82149444348376,15.709726636419933],[80.80699850761032,15.840830391858528],[80.7744155522433,15.867685953961397],[80.68059160528152,15.885782459768025],[80.28416631097296,15.68815487157462],[80.04700170653702,15.080596743134075],[80.19599454581258,14.58654774306306],[80.12719956709475,14.150182032434703],[80.255286347751,13.782972718355492],[80.24177825326292,13.470665481610363],[80.0034138795947,13.544461873389453],[80.04658574883122,13.493704095711086],[79.93797313558764,13.35554602167392],[79.73367983943673,13.288843220040192],[79.75495636956744,13.20650510902747],[79.6825735672156,13.295850692490786],[79.57923531244974,13.25782123868358],[79.43540184370227,13.351738084475187],[79.38186066544563,13.307517289059486],[79.44539387647274,13.301280652207364],[79.43839703347203,13.188205542503466],[79.30715928349767,13.105554691318089],[79.23490094452507,13.170876212654887],[79.16309076696284,13.020305715221395],[78.71449313195625,13.068717472793415],[78.62087328132871,12.991281446343239],[78.55584692836557,12.70020274935658],[78.49313826297144,12.747194740112791],[78.4649401192535,12.624076566412478],[78.37939149670646,12.625062175072404],[78.1992987711906,12.695430381548011],[78.3540716836179,12.939735965901345],[78.46474446169302,12.86681296669072],[78.41113825798622,12.945316491987917],[78.58734178497168,13.280686091190056],[78.37712913008761,13.33201465250378],[78.40146037774869,13.587936587998394],[78.19295901887074,13.564887992574484],[78.16756687972371,13.655865469317408],[78.08709825256628,13.643107123059998],[78.11476853903677,13.862926418098818],[77.95297639040535,13.827392839074239],[77.9875211486736,13.955535634869172],[77.8265856209207,13.94476277717894],[77.71735858966723,13.741115207691573],[77.65148525205362,13.784169519948572],[77.45533255278778,13.682304121462154],[77.43252100395742,13.843257185007403],[77.20043513277804,13.863078364703377],[77.18471507344677,13.925226410980235],[77.12820421487947,13.85649990607147],[77.17305546298007,13.762052268128997],[76.99687362132555,13.74779131468337],[77.04166447658793,13.933474045173654],[76.89454694592644,14.16784994484616],[77.02334023807887,14.176725765340127],[77.02780331993868,14.06218091381123],[77.14922966229504,14.001202687380577],[77.32223562614519,14.030033425901864],[77.3987447714827,13.888166176156766],[77.43788420042682,13.975560740145298],[77.3323076278406,14.030727018525221],[77.40092576510989,14.11875012094729],[77.35172094696917,14.131141956692357],[77.5170357590372,14.182847986217942],[77.40645309366316,14.337782357884924],[77.39260184453317,14.198879776468091],[77.28657666946373,14.340134386217954],[77.13891590509205,14.340007301178758],[77.10081536340098,14.217175200991216],[76.94006892832044,14.244644952998348],[76.88483375291507,14.39574476586198],[76.97483029465822,14.485365120706206],[76.86797879079992,14.4740735883859],[76.7650152484919,14.602157763892087],[76.86964518361827,14.937740177534371],[76.76656426563859,14.97564686173467],[76.77672063081727,15.078429550809274],[77.08247333645268,15.006109268727117],[77.1691569174791,15.171375305638623],[76.97386698536498,15.499550463888408],[77.03006961039871,15.50267159913053],[77.0304640507585,15.634515061458835],[77.1214536980145,15.631106996135646],[77.0252201793049,15.837529638812036],[77.07479046354422,15.912038734726039],[77.24890027002901,15.964573791658447],[78.03192760224947,15.907367034162018],[78.13403647122651,15.83628294298982],[78.26089843582375,16.0258401963458],[78.4079250506903,16.074834056267036],[78.7831748151504,16.02032064386242],[78.83387572978612,16.144506282854316],[78.89562720071916,16.08561125318983],[78.90542854900258,16.18362053815784],[79.00953436297475,16.240246773700242],[79.21656932276271,16.227439033494125],[79.25685957353585,16.565851097165048],[79.77400614499214,16.730813448913054],[79.9630835172475,16.64357419213043],[80.07061371267598,16.801733873062126],[80.01739568268155,16.9150147510181],[80.19646240278558,17.04407494944679],[80.3804396133716,16.81749544794234],[80.5702470832893,16.76805746919483],[80.60194711241137,16.918637321008365],[80.36341256189576,16.976109595257967],[80.40903758734103,17.09154066365687],[80.46486602812632,17.03006870804559],[80.58002435043493,17.153117438131826],[80.8453119176844,17.040016923406696],[80.91887846332382,17.219786557153427],[81.17397560038079,17.23038939985671],[81.19040843516076,17.324865984265447],[81.32263379475512,17.374597553268426],[81.12727783287434,17.52647246080858],[80.8554022872324,17.60191539242292],[80.92785024529016,17.76182043316746],[81.05816345905558,17.733132868904267],[81.16613095256773,17.857650691707608],[81.6172208213963,17.823140620344567],[82.03065173786955,18.07004227499658],[82.2645422418097,17.99562388457612],[82.37065397404838,18.14890461313267],[82.3091767830261,18.20483256154162],[82.39063778356947,18.298686835370855],[82.36250511086604,18.422271010876628],[82.48105439191252,18.549439932056053],[82.63597050657587,18.237452308413005],[82.80141166668864,18.449984251567216],[83.05272953654804,18.38071589462449],[83.01908458566558,18.457197059706576],[83.0931547043954,18.54761711508343],[83.01126875131528,18.647001822368388],[83.13715228258316,18.786304298858674],[83.21055831724765,18.73152381196543],[83.40393298458218,18.843273500597466],[83.30881325285733,18.999777944784782],[83.4598989843869,18.955696592565207],[83.46606179374861,19.09403203523366],[83.53529086356451,19.01165681208011],[83.62410001306341,19.163592843438774],[83.75337432430442,18.926302204660757],[83.7927209532621,19.018880704893114],[83.89116658413862,18.81541834118213],[84.08924055881165,18.758482556064166],[84.34245589962153,18.80304390126136],[84.41904914074435,19.022907913238306],[84.59881131408343,19.025706049819526],[84.66874910974278,19.077207862171615],[84.59339876417232,19.133345877919794],[84.67564453115128,19.16768745387382]],[[82.21747587308433,16.732766348619148],[82.19341304203007,16.721649708892418],[82.31038899841658,16.718768658724635],[82.21747587308433,16.732766348619148]]]]}},{"type":"Feature","properties":{"ST_NM":"Puducherry"},"geometry":{"type":"MultiPolygon","coordinates":[[[[79.80967754603522,10.880482865630812],[79.80686714241435,10.877670292611738],[79.80596658403694,10.879701536943784],[79.80967754603522,10.880482865630812]]],[[[79.75698283320284,11.00278308110945],[79.85145195918481,10.993988235717227],[79.85070499295807,10.827897309012457],[79.82849837413163,10.883846012287604],[79.72476320324908,10.929025896149748],[79.75698283320284,11.00278308110945]]],[[[79.73944800002948,10.921378333950276],[79.73882803671931,10.92012886066482],[79.73910449684128,10.921312193792792],[79.73944800002948,10.921378333950276]]],[[[79.72162365870473,10.938308857106673],[79.72200547234488,10.935131949692105],[79.72017983248118,10.936117667124279],[79.72162365870473,10.938308857106673]]],[[[75.53443660836504,11.709281106684484],[75.53658682930386,11.693938824344887],[75.53009633069618,11.70200203908342],[75.53443660836504,11.709281106684484]]],[[[75.52663646668445,11.726135068231097],[75.5555057246832,11.721747549478474],[75.53116885177178,11.708435936222598],[75.52663646668445,11.726135068231097]]],[[[79.69714846500247,11.874040847061398],[79.69908703118224,11.861265302900318],[79.69597923848993,11.86039426285556],[79.69714846500247,11.874040847061398]]],[[[79.60197174505434,11.857802793463547],[79.66266529253514,11.867300430137107],[79.65782681819285,11.852701597457623],[79.60197174505434,11.857802793463547]]],[[[79.6745722595052,11.803559799588259],[79.69053892345,11.808500117569116],[79.68130823803561,11.79631914646354],[79.6745722595052,11.803559799588259]]],[[[79.71285882702027,11.79088089395494],[79.76775216381562,11.822747505505987],[79.80699829015762,11.833580813060266],[79.79576603072945,11.785499126952063],[79.71285882702027,11.79088089395494]]],[[[79.64094715689896,11.82285239487423],[79.66172425517273,11.839308530713282],[79.67122518885886,11.814853842946473],[79.64094715689896,11.82285239487423]]],[[[79.6925612701064,11.822476034298996],[79.70259985986314,11.813470708321622],[79.69195776033897,11.814165203650468],[79.6925612701064,11.822476034298996]]],[[[79.78831721386827,12.019235012965627],[79.80315726917418,12.02583434852015],[79.80551830584557,12.022159443584522],[79.78831721386827,12.019235012965627]]],[[[82.32063386831197,16.56605369364912],[82.31958805774302,16.566162233050438],[82.31999860669251,16.566940546711116],[82.32063386831197,16.56605369364912]]],[[[82.32034722937954,16.568583896520778],[82.31980039252676,16.568290315533435],[82.31978448875297,16.568579413208305],[82.32034722937954,16.568583896520778]]],[[[82.31918189167386,16.567747815919255],[82.31902807853764,16.5663199809238],[82.31813102808144,16.56722339108384],[82.31918189167386,16.567747815919255]]],[[[82.31512271033212,16.572147393471994],[82.31881763201265,16.56801367723031],[82.31726265095078,16.56772799006841],[82.31512271033212,16.572147393471994]]],[[[82.18636352451604,16.72999750649864],[82.21747587308433,16.732766348619148],[82.31038899841658,16.718768658724635],[82.18636352451604,16.72999750649864]]],[[[82.32947935253927,16.595126155944605],[82.33589018944583,16.5895391555481],[82.3312770242549,16.59178685478351],[82.32947935253927,16.595126155944605]]],[[[82.33091558260877,16.617993821424378],[82.33516125061024,16.602869327483578],[82.33063185421784,16.607101624096185],[82.33091558260877,16.617993821424378]]],[[[79.75542103033467,12.004402111374494],[79.75021249501111,11.919949872265745],[79.8405729999714,11.955828715931101],[79.80770216240354,11.836406568099394],[79.7660917852181,11.84059092424407],[79.76846270425588,11.875970285000681],[79.67397048079131,11.880662436627203],[79.75542103033467,12.004402111374494]],[[79.79638034992472,11.899901487001507],[79.77261774033,11.875850128700167],[79.78506296434361,11.862958221660683],[79.79638034992472,11.899901487001507]]],[[[79.66216470454643,11.969087497871596],[79.68460721916986,11.953355434689147],[79.65449099445385,11.953707328584041],[79.66216470454643,11.969087497871596]]],[[[79.62788162013055,12.031789055515834],[79.64268776852607,11.942117436605766],[79.67065166575394,11.931574022811292],[79.63691239895317,11.901448913593033],[79.62788162013055,12.031789055515834]]],[[[79.66136068002781,12.012296084743092],[79.71960396656995,11.992169296445017],[79.6569393329978,11.991563719272545],[79.66136068002781,12.012296084743092]]],[[[79.87379345286463,12.042623282346074],[79.84046957244115,12.013271029925544],[79.84976470029905,12.051816570374996],[79.87379345286463,12.042623282346074]]]]}},{"type":"Feature","properties":{"ST_NM":"Maharashtra"},"geometry":{"type":"MultiPolygon","coordinates":[[[[74.28099466836265,21.93296055507582],[74.44353799631952,22.023224861752098],[74.5240274670865,21.91157135676866],[74.50541575421181,21.726149872798004],[74.58211038279084,21.664856539832357],[74.90177538077475,21.62918697379833],[75.29963807745425,21.38456389772893],[76.09562065219089,21.371118382500566],[76.17636622096725,21.18395072616421],[76.11226670839176,21.15530295597121],[76.27901079667069,21.069906850278162],[76.62318526088158,21.18491704210026],[76.62149647306319,21.332228399623503],[76.7857965257284,21.46502279245195],[76.79518548800762,21.593905201940988],[77.28979480491734,21.760236371587865],[77.54212797586369,21.706116059469664],[77.61177491320367,21.538540759525908],[77.42224573417448,21.517682181054198],[77.48773873407994,21.37430665429849],[77.58735892836016,21.362668332692696],[77.94109557878308,21.38570323394911],[78.38691833584333,21.614780837231148],[78.45138120437484,21.49652712165902],[78.93671033779975,21.48571502628249],[78.9141349866003,21.588962691337667],[79.22390582416224,21.64862521354716],[79.2311990644943,21.72228070920034],[79.49617793378127,21.67399874933836],[79.54062279842037,21.542679401408243],[79.73763943354608,21.603857435728003],[79.89121814899089,21.51802797099437],[80.25399286806497,21.62454088269231],[80.41230289512687,21.376633782997374],[80.68158574116204,21.313483090478286],[80.43916211428689,21.096465400979465],[80.58765447786317,20.684585356049354],[80.48102291931566,20.61838586512529],[80.63185840895315,20.598427857325618],[80.62635710279702,20.33250614476202],[80.395273555642,20.244873228846895],[80.4018173944146,20.147268810922395],[80.55682513184709,20.07174874261765],[80.52991848972489,19.939336004002286],[80.41126256158621,19.93835949957291],[80.50584808677112,19.870522083363724],[80.40173049319066,19.79614496383642],[80.54620278268277,19.818349424041855],[80.67640804230723,19.69941191607745],[80.66536986928608,19.611741004996794],[80.89543000177052,19.519730621702255],[80.80958965941981,19.42024707869875],[80.85298729954174,19.363858610091484],[80.71082259696158,19.281600298379463],[80.57606111275877,19.40220636802446],[80.48418467380709,19.339536268017877],[80.27329543030888,18.99295323534256],[80.35153664339684,18.816423732965497],[80.11812773436536,18.680545488881688],[79.91403806652639,18.82383186836146],[79.94038542204432,19.032037391999395],[79.85843685099898,19.102439061927505],[79.94567481382828,19.168960193957414],[79.97962032393681,19.390348342436052],[79.8144702637902,19.575718199376293],[79.47143471244263,19.50020733401787],[79.24356864676771,19.616700934593812],[79.19032447939178,19.458996807751564],[78.94045815048759,19.55187652924345],[78.95557251984023,19.655798922139414],[78.85193531113772,19.658367321188422],[78.84097822095245,19.761895941179823],[78.49025594561881,19.792685352906368],[78.3070468925171,19.9142953535282],[78.36469360518414,19.781230751493847],[78.26266933864225,19.66506257222558],[78.3043616475715,19.456136985714377],[78.1762120441342,19.412260825484054],[78.17534369574963,19.237577799498688],[78.0416374912572,19.243425469752474],[77.945146306978,19.342448412850008],[77.86348409548907,19.304190823942523],[77.85042133631153,19.088552322020508],[77.76202366641672,19.03184711277518],[77.94856250478209,18.82983473774414],[77.75353260260336,18.700988194218812],[77.73852919854446,18.55678555697549],[77.59640042138915,18.548936219372774],[77.52754815620739,18.442105722887067],[77.57142843597862,18.308825091465824],[77.36584244347259,18.307118267146933],[77.41414725839478,18.393100107710712],[77.31994013594687,18.45801896627803],[77.11159808699632,18.1558284777961],[76.95199218893312,18.188093787156273],[76.9190366114879,17.91595136819251],[76.74002992579433,17.89969872048157],[76.79045015732795,17.826332607914768],[76.69089645095517,17.68100491411407],[76.52333558208055,17.75979622685629],[76.48980813353221,17.66049929057734],[76.33134774466141,17.5974191763816],[76.38321760014541,17.314529891706837],[76.24214758457052,17.378840266234825],[76.17637572604127,17.30079147303118],[76.11901562625553,17.37050734122461],[75.93088413687519,17.32257606986049],[75.88425477158607,17.4179616328097],[75.79300780640847,17.369699885051137],[75.63305039308301,17.477215271676645],[75.57421335247741,17.383301038239985],[75.65778441567312,17.263211275751605],[75.67038636695767,16.962059357375825],[75.27967408027672,16.956563008271107],[75.21427366074444,16.841707203123164],[75.0894080284913,16.951588448467632],[74.9317838651488,16.944761217490996],[74.91951971634371,16.772499550153782],[74.6910979645121,16.715549942523104],[74.68705943723538,16.606797823400026],[74.56861576482868,16.553878924684625],[74.46882403724497,16.663811479508198],[74.37991433212981,16.528602314958977],[74.26452621448331,16.540453684169524],[74.36377531561796,16.405102978722034],[74.32501428132603,16.271769614162658],[74.5080722746279,16.20227309475201],[74.48438141077999,16.091484493530952],[74.36140634951761,16.053852330916623],[74.46329937219649,16.039208649707888],[74.3584941416222,15.774861756551578],[74.20903439668953,15.78129726657468],[74.0211460057981,15.60612508840725],[73.85770394034894,15.800415865228347],[73.67538205174372,15.727022158467594],[73.45720701404885,16.053806191889993],[73.44929643169057,16.308965515936382],[73.38536852338551,16.337115323641086],[73.43871807931392,16.371898487923588],[73.36821584161888,16.36393732463772],[73.40813606375005,16.40671155736466],[73.48156513301505,16.40920783570577],[73.48953367647208,16.41180274745126],[73.49204427365508,16.417749511270323],[73.49919348080944,16.418159751778646],[73.47405858232887,16.439162181583427],[73.36615303035046,16.396675011575443],[73.31582870744819,16.51285009831966],[73.28956618702911,17.115258093665865],[73.18978663970233,17.298775687107703],[73.24939242978199,17.28093475525053],[73.24424806561075,17.321617551796567],[72.93193682386635,18.219723222311266],[72.96400044969292,18.280372577876445],[73.10516169098156,18.140359490319003],[73.05040150427428,18.296964112060916],[73.10270726635159,18.265415649785396],[73.11300012245285,18.329513587887252],[73.0448252992847,18.313054791700523],[73.02867455167357,18.264258534278635],[72.91211784711503,18.36202368327651],[72.93371729553927,18.540489636637425],[72.79258271175665,18.93957026024274],[72.83815066902856,19.048505557744335],[72.77277043733568,19.487553911150066],[72.7187314711391,19.53968728987554],[72.78906432789404,19.59722678422171],[72.7294434218631,19.601625299139936],[72.66372599315527,19.934216227381594],[72.77515440799624,19.90033904632661],[72.7082100683582,20.07170424551248],[72.8587285290572,20.224503405019195],[72.96265793187386,20.209681051219334],[73.03961630851526,20.06708978826351],[73.17887755458752,20.047146503428984],[73.29766856329377,20.20846182270534],[73.41679461485494,20.19831337870153],[73.3798411310518,20.393403899615986],[73.49385174688878,20.538177262691182],[73.39203804904275,20.64597471524699],[73.44958930762603,20.717550110004144],[73.74465241172338,20.56477050858162],[73.94158254447711,20.741332310857942],[73.90113548199136,20.982149278752022],[73.57718906575266,21.170580222664967],[73.81568687517314,21.173883008836935],[73.82268567290788,21.2706689064637],[73.94198602727857,21.299084561769558],[73.93874618134116,21.404840248528117],[74.33170849987384,21.54394860161596],[73.85198430495119,21.497825539987065],[73.78018821387096,21.62815462825627],[73.89168055462419,21.691708422256287],[73.79565065973497,21.824559993053878],[74.28099466836265,21.93296055507582]]],[[[72.72884586073947,19.46570100108285],[72.73685380071157,19.465849870993967],[72.73284903481819,19.459169408366815],[72.72884586073947,19.46570100108285]]],[[[72.95265751063523,20.314489838098623],[72.98290113532313,20.32301406451874],[72.97154080577988,20.297102878711],[72.95265751063523,20.314489838098623]]]]}},{"type":"Feature","properties":{"ST_NM":"Ladakh"},"geometry":{"type":"Polygon","coordinates":[[[75.20883604644933,34.6362869602454],[75.24458169400009,34.789922366000155],[75.0955096690002,34.9012494640001],[74.9140069840002,34.77575098600016],[74.57616138718748,34.89933463448614],[74.4982884174413,35.10665193004428],[74.26867043034991,35.03503015374844],[74.11333918532915,35.15138324230884],[73.72563748913512,35.21844695622326],[73.69963230101058,35.35783451711586],[73.78408143775209,35.52511074228187],[73.27197087927084,35.62918718908827],[73.13550771552718,35.718601670397106],[73.09968310860887,35.87763875306507],[72.60091025037588,35.87047591309448],[72.52936520607835,35.92593724440246],[72.5953460819128,36.026732518582435],[72.5303944499168,36.07403567774418],[72.55980347951856,36.21175712763261],[72.99131864867428,36.457465200246645],[73.11172082447035,36.609445528791355],[73.08467135021789,36.69906810191361],[73.8967088178332,36.70221969914445],[73.69278008048235,36.91289189383002],[74.05491528351581,36.80576646727178],[74.42898651312049,36.989378909584445],[74.57774904322184,36.94794446668641],[74.5808969654546,37.04278410888929],[74.6929573271317,37.07719207636342],[74.92118512550678,36.90544706755952],[75.33184960101084,37.054633726041516],[75.47315473534019,36.81013151336168],[75.61540456676823,36.7609851934875],[75.76827272829803,36.57273425076846],[76.64324790026376,36.18347969333627],[76.80063375313796,36.04732174618687],[76.72156176729538,35.95290000982175],[76.81057292544375,35.844282838768265],[77.35714991269384,35.71721862573946],[77.48529310934651,35.53152461826511],[77.320946188878,35.53631550037517],[77.38063684190422,35.4760501322084],[77.73225591167426,35.524069416455234],[77.98117736381647,35.455394500132],[77.95111683824138,35.60649644882568],[78.13592942275284,35.53839629949431],[78.19826723035993,35.66867811740326],[78.4217956746844,35.78483412847868],[78.95901018827806,35.892108654249],[79.1310174339414,35.83574111923929],[79.21393485329196,35.97829497041482],[79.37652229841069,35.994803571121906],[79.42051181152391,35.89605299389126],[79.73594290404662,35.80154642533654],[79.99754845930454,35.837291046772805],[80.10646164614712,35.68047974269575],[80.28983988884795,35.606981920862324],[80.32697716795815,35.4721490633346],[80.06741194003524,34.71440564394709],[79.77432310925207,34.627223293237535],[79.7924421572788,34.48469555090901],[79.50695763634235,34.473916224636184],[79.59059971046304,34.28130576676165],[79.43220147602676,34.022650096971915],[79.16972909952028,34.07252984021028],[78.90478267468637,33.97722438549886],[79.10557909803254,33.61658114594724],[78.91524188260854,33.63202756385641],[78.95219596828304,33.380832556859275],[79.0958322442491,33.29431805426947],[79.45189538303595,33.26012046744631],[79.33045349263858,33.01181546734648],[79.62565211388483,32.73912319665112],[79.44660030671292,32.53230471134634],[79.31923253311845,32.59250961086184],[78.98394658872519,32.337822425423894],[78.8257763754541,32.438489310827435],[78.76768600732606,32.69681265420138],[78.32643879760599,32.472019205626964],[78.38771674139986,32.75693213546185],[78.01667880540452,32.619503986136465],[77.7130520185845,32.98256852095426],[77.34995910455876,32.815506198135836],[77.14972556197625,32.978146032108725],[76.96554497999654,33.00407631551133],[76.817544542853,33.158377559570965],[76.8431598289065,33.246871653589835],[76.73697224831517,33.261204626562574],[76.62631325578627,33.436798888750445],[76.3571858308718,33.60455288396844],[76.20545304463963,33.56780754255345],[76.26542427746165,33.74647749401953],[76.02455104600017,33.98061040800013],[75.83255281800012,33.95689589799997],[75.68718981900014,34.19741460800009],[75.39530355637544,34.29298436387256],[75.36333544300015,34.53813084300003],[75.20883604644933,34.6362869602454]]]}}]}