{"type":"FeatureCollection","features":[{"type":"Feature","properties":{"name":"Agra","state":"Uttar Pradesh"},"geometry":{"type":"Polygon","coordinates":[[[78.19803304934094,27.40279950600495],[78.29685996778254,27.38223815120938],[78.28350857920138,27.300535699461296],[78.21298273376648,27.310794414110966],[78.2131415600642,27.263375122899873],[78.24041328448055,27.254767171717486],[78.20628756265496,27.210267203000047],[78.20046301911243,27.11928842062926],[78.22912267127002,27.072604977080054],[78.2601864868395,27.08117398175895],[78.24483343566891,27.109016400420067],[78.28420167967127,27.07951640306937],[78.29916763092221,27.119820317472346],[78.36959163111018,27.121705030798058],[78.31598208068922,27.09403383265078],[78.31307411453707,27.051525349092717],[78.3641484016782,27.07924151450345],[78.42853695966927,27.046557145677138],[78.5238736232133,26.921090868227093],[78.54497123258705,26.92798965637569],[78.5196890291521,26.975774772086815],[78.57327796862832,26.96317000386916],[78.60112697509936,26.919779448444004],[78.60179262253642,26.9488181412954],[78.62326651530934,26.942006930549866],[78.64499497222945,26.879224178851654],[78.67353905626122,26.878277148244404],[78.67640430367085,26.916730945246243],[78.74186278383681,26.91832127899366],[78.84704730748504,26.79858121496288],[78.79382288671597,26.797477921977794],[78.77940462443505,26.758389943755315],[78.72405890212534,26.79438878357155],[78.58377247877192,26.75017667836898],[78.39822490228183,26.81907421166437],[78.35988722371725,26.868535345538742],[78.29053547594286,26.85826611551356],[78.26401137406191,26.814475668930136],[78.21816665396626,26.830282830813207],[78.19858413317333,26.87764539418143],[78.23499980944695,26.876803660287745],[78.26974131965581,26.925931885053945],[78.14251456242538,26.951183015319113],[78.10983250620859,26.899179163537205],[78.05057123361583,26.909621406810622],[78.0560883435058,26.86900977082297],[78.03027134551814,26.855084882926498],[78.01495007893733,26.904858873868655],[77.9081553568768,26.91877732007845],[77.89828491956169,26.8836935639805],[77.7614826168852,26.931991477892673],[77.72383338919713,26.875617602231927],[77.61234167729702,26.827132192691927],[77.52843956198022,26.816367416205225],[77.50573075613937,26.842311718425147],[77.50100372217575,26.761374678645886],[77.45590149852032,26.74114958649407],[77.47193956537461,26.76394851071047],[77.43619408271078,26.76451355107278],[77.43017800371017,26.861415249394508],[77.75587907067944,26.99274729096462],[77.74374658388389,27.027991266358583],[77.7117017966947,26.994574649149516],[77.68150990569328,27.045826692700757],[77.63548872115346,27.00979802315603],[77.56546855226607,27.031217222880553],[77.57379202603188,27.072319730830664],[77.52943231490624,27.06154479844434],[77.50647494803822,27.08952018272075],[77.67374031932408,27.18039517378389],[77.64754253837295,27.241386772355735],[77.78358140915613,27.233776709449224],[77.84786765620639,27.29022093437591],[77.87235987054542,27.248473960153408],[77.88287953436962,27.295450848967903],[77.93478968043,27.234217489992457],[77.9577555295694,27.293189473144643],[77.9630296816246,27.2662128785479],[77.99035742543064,27.28376090464663],[77.98413718590508,27.32531283978116],[78.08795435238278,27.352887807633227],[78.06106264542753,27.381506315928785],[78.13666549266925,27.36477358565495],[78.19803304934094,27.40279950600495]]]}},{"type":"Feature","properties":{"name":"Aligarh","state":"Uttar Pradesh"},"geometry":{"type":"Polygon","coordinates":[[[78.48602438419273,28.124016119889976],[78.55005856814779,28.063118429327826],[78.59368421323781,28.079907297531836],[78.62058571216292,28.038829683603026],[78.56859937655888,27.92632874079039],[78.49482029116544,27.857453008000338],[78.50931438685902,27.80022835016135],[78.46595000583883,27.82745812212206],[78.2596747693076,27.676532488638497],[78.20422976238473,27.730180467492637],[78.21802703503012,27.760941029462895],[78.06171110052787,27.78684314190507],[78.01526584624978,27.75237599001873],[78.00003606631412,27.600340287271255],[77.87210273113807,27.57533534179347],[77.85092103817585,27.653251809129827],[77.79304907019959,27.688515759467684],[77.80177941121595,27.743135989561207],[77.83479139611659,27.75510453229749],[77.78377242893394,27.8396883101256],[77.8090455658172,27.86064420963532],[77.65591720522983,27.963949147663207],[77.53286647562032,27.92076358228535],[77.54521019234336,27.95984156282414],[77.51886040836996,27.96763209848919],[77.54454337329804,27.987618455992163],[77.47941680915206,28.078070187391212],[77.65828912848532,28.11194560092311],[77.71747040372956,28.07951608747046],[77.74715895253942,28.142479868712158],[77.7769232128149,28.126947831563054],[77.84544525496949,28.171621660593736],[77.84453291780355,28.13310748503672],[77.93923263865268,28.076644354041314],[78.00008233603253,28.07328601133751],[78.05001469914485,28.12952335951169],[78.12386150606082,28.114319139891304],[78.15149867274249,28.06880831497534],[78.3593022153489,28.151776247686826],[78.42879039764735,28.093817433657907],[78.48602438419273,28.124016119889976]]]}},{"type":"Feature","properties":{"name":"Allahabad","state":"Uttar Pradesh"},"geometry":{"type":"Polygon","coordinates":[[[81.88998129114765,25.710866103782394],[82.02284107173784,25.741954238400467],[82.03999643716793,25.72330507731857],[82.01115431662964,25.69809505902913],[82.0615381074715,25.65921229297635],[82.15614348017846,25.68238349281023],[82.12098574970969,25.64341247173354],[82.15437129489482,25.600846738744735],[82.25232370407053,25.579495611284017],[82.33946162506084,25.51237303604364],[82.30260499785197,25.52123832540775],[82.31697721260201,25.500916373772327],[82.28400242579585,25.491325568769696],[82.35332022908165,25.41877441429176],[82.31489367748509,25.391724594751054],[82.31659157043242,25.333797659915888],[82.2224246713759,25.27554731078874],[82.19473756604162,25.216193993897207],[82.30177416421236,25.156463993718035],[82.32800718393986,25.076901712047913],[82.26814641833096,24.96934151607934],[82.11190803039318,24.875470917875987],[82.12009297292082,24.846953072645817],[82.08427408473113,24.83268761251196],[82.10825619244167,24.80729822552695],[82.01314880520806,24.84791017396492],[81.9509441480065,24.839192651252517],[81.90472652658548,24.889605207338036],[81.92034614406595,24.92798821061939],[81.90831880485109,25.004217765718693],[81.8997772793141,25.01043637912767],[81.8944889288195,24.989801748973207],[81.79756736060835,25.007032004536143],[81.69025510674356,25.040546322539456],[81.66707019814152,25.07644790370165],[81.61272241078376,25.057439645132717],[81.64034898888627,25.0999451672742],[81.59942013203732,25.119619313289093],[81.62191174131567,25.167121251932315],[81.52098870456558,25.193850724259335],[81.52601920481982,25.234580302595873],[81.56443309356581,25.238753924060973],[81.55021021802503,25.290272803198036],[81.62402517434765,25.345945358182746],[81.71842800103627,25.352568192950798],[81.79515309660877,25.31883579554693],[81.81644692318315,25.341969387575432],[81.80124131482705,25.470832549328293],[81.66693074934216,25.5134768741392],[81.6489029841648,25.578558409073764],[81.61436081193062,25.59284801116968],[81.60906745908142,25.667282817272678],[81.64286630112088,25.66197097682999],[81.65970628399373,25.61195230782988],[81.72719051134914,25.624868350420172],[81.69720440091834,25.667035870876873],[81.7508809499804,25.668520628152407],[81.75791277719549,25.73573804962058],[81.80596229986855,25.74874611813499],[81.88998129114765,25.710866103782394]]]}},{"type":"Feature","properties":{"name":"Ambedkar Nagar","state":"Uttar Pradesh"},"geometry":{"type":"Polygon","coordinates":[[[82.81439898186889,26.574293013163203],[83.01873057297651,26.478432850687607],[83.08701152070802,26.390468668924882],[83.13497720234227,26.384836461786126],[83.1111280230397,26.284351827860128],[83.06977978401754,26.281190166291953],[83.02610365681097,26.336573403913672],[82.97383756062939,26.344807576399333],[82.97460066151514,26.378892952019587],[82.93537338591793,26.3833461536013],[82.96709745184963,26.44241158447832],[82.91007933698155,26.442019559569278],[82.92004409091294,26.39412542876124],[82.88479891013532,26.38304051985402],[82.89710244292009,26.34658398833595],[82.86450114070085,26.32483762592315],[82.88661755582052,26.25172868886713],[82.85959212343349,26.205940574296978],[82.89090396038877,26.184505044178263],[82.86580094036621,26.160570485735636],[82.78033712581016,26.194324626433986],[82.75338251117144,26.26432303471099],[82.63828243031888,26.245621697929987],[82.5528403310938,26.28389271958126],[82.47682077548092,26.277636325156443],[82.40271148989933,26.326609091911703],[82.38227860205104,26.378350750917903],[82.22096543570541,26.407392744756002],[82.31700830950646,26.506652998590084],[82.33905510897478,26.576688114416097],[82.39662314377901,26.54298246816921],[82.45983567537685,26.569871805869525],[82.47851961849142,26.652261695326096],[82.5795120601852,26.604066430295106],[82.66496163038106,26.6046463627927],[82.71357189553162,26.555095715624095],[82.81439898186889,26.574293013163203]],[[82.89820424737401,26.432842826505457],[82.86699923756393,26.430694684589483],[82.8729328899863,26.407095137174917],[82.89284451220618,26.411783352790607],[82.89820424737401,26.432842826505457]]]}},{"type":"Feature","properties":{"name":"Auraiya","state":"Uttar Pradesh"},"geometry":{"type":"Polygon","coordinates":[[[79.75916374352934,26.783316956743587],[79.67668925817361,26.742850580312634],[79.7212944410058,26.661090379425254],[79.63802090283359,26.600223665492617],[79.63941388348151,26.508000621162555],[79.5094084982278,26.36475617302413],[79.4743038771174,26.431109601547448],[79.3416833830532,26.401377814807415],[79.29268270483904,26.44240606742699],[79.22813408117278,26.434517685378903],[79.3155264916937,26.521837208454645],[79.2324022658387,26.539569396362438],[79.34158537001544,26.74053351434479],[79.33741091240579,26.93828646330099],[79.43865199671805,26.94100226399572],[79.56054581981896,26.860659160323433],[79.65249021605091,26.893223091655024],[79.75916374352934,26.783316956743587]]]}},{"type":"Feature","properties":{"name":"Azamgarh","state":"Uttar Pradesh"},"geometry":{"type":"MultiPolygon","coordinates":[[[[82.95980782293552,26.429799252999718],[82.93537338591793,26.3833461536013],[82.97460066151514,26.378892952019587],[82.97383756062939,26.344807576399333],[83.02610365681097,26.336573403913672],[83.06977978401754,26.281190166291953],[83.1111280230397,26.284351827860128],[83.11500103261027,26.355896316810384],[83.18487127491144,26.397582675270545],[83.33729349140086,26.34999439612615],[83.41841443544622,26.27402610679396],[83.50803410439048,26.277141987499814],[83.40993934236539,26.167645805812526],[83.42278818603576,26.109670277057923],[83.38479693129018,26.084541597997923],[83.38723803451349,26.047913752077932],[83.32642231285563,26.03190294296705],[83.32425197014477,25.94881060488613],[83.37526299828733,25.92173182024267],[83.31148481979457,25.85374626191678],[83.35541913256475,25.820436910157667],[83.30596516682296,25.755668606517514],[83.19580248614818,25.77735544388456],[83.24206532612104,25.70595651592871],[83.19448070975857,25.700226322201765],[83.14857992568544,25.6363358079282],[83.06720409988539,25.651455525689],[83.07815393841413,25.681419913232478],[83.00857960277988,25.712549855784275],[82.98583426465173,25.6793359229114],[82.93083343150775,25.755946585989726],[82.83547920123716,25.766123986254193],[82.76155186846742,25.832933683363954],[82.77363848567255,25.894367429582616],[82.67266945531767,26.123510636026904],[82.6930112324466,26.269147339312745],[82.75627632649847,26.262947154460427],[82.78033712581016,26.194324626433986],[82.8835047857656,26.168769577507273],[82.86450114070085,26.32483762592315],[82.89710244292009,26.34658398833595],[82.87339938969522,26.35868228318113],[82.92004409091294,26.39412542876124],[82.91007933698155,26.442019559569278],[82.95980782293552,26.429799252999718]]],[[[82.89820424737401,26.432842826505457],[82.89284451220618,26.411783352790607],[82.8729328899863,26.407095137174917],[82.86699923756393,26.430694684589483],[82.89820424737401,26.432842826505457]]]]}},{"type":"Feature","properties":{"name":"Baghpat","state":"Uttar Pradesh"},"geometry":{"type":"Polygon","coordinates":[[[77.50746948852172,29.190139033015264],[77.47703695948029,29.183087529802705],[77.43227377257269,29.0860801760232],[77.47716607036118,28.960503470792652],[77.40900564975637,28.875047689628197],[77.412603378261,28.781766509649426],[77.22763916539562,28.82995056625787],[77.18840623726085,28.88027520137984],[77.231619891694,28.898814515471283],[77.20062931272162,28.950388494057663],[77.22463063176154,29.001406004351153],[77.1327216736058,29.1006048438523],[77.15331476089085,29.29641166693984],[77.41066665245637,29.24505937444941],[77.50746948852172,29.190139033015264]]]}},{"type":"Feature","properties":{"name":"Bahraich","state":"Uttar Pradesh"},"geometry":{"type":"Polygon","coordinates":[[[81.7495235205568,27.94787160665874],[81.62362668221914,27.844106694482633],[81.6489531037026,27.735194626681466],[81.69073094919138,27.717577922506923],[81.68436084003697,27.635250061072494],[81.64508811481409,27.621608433010834],[81.6828715348754,27.608809267020966],[81.70743516960259,27.549566426794044],[81.76962690970709,27.552006096801673],[81.67070532301548,27.437866841116048],[81.73146340688587,27.329994256025824],[81.68056794224408,27.314275762561987],[81.70519691669567,27.27064376528178],[81.63249463113627,27.137635508067543],[81.5699768078188,27.123463541682906],[81.50736041570056,27.05903785895191],[81.44823482960388,27.13378962372542],[81.4440202932638,27.30889471514301],[81.30361478583077,27.537312253473146],[81.32046353448234,27.650018227147875],[81.27912556917863,27.884007472338123],[81.30674711122339,27.907345289259997],[81.16699882471019,28.04467330602124],[81.18657764477965,28.11630513709682],[81.0360998471797,28.28933433157406],[81.06152491653451,28.342761756256532],[81.04003272428893,28.379219921475187],[81.05821058723076,28.40382997617456],[81.21567830744492,28.35748045227793],[81.24042206576769,28.280944044979567],[81.32042422089768,28.201816274122674],[81.31959492681125,28.1353831998071],[81.42917119740603,28.171025568583648],[81.48188642020328,28.081171205945054],[81.7495235205568,27.94787160665874]]]}},{"type":"Feature","properties":{"name":"Ballia","state":"Uttar Pradesh"},"geometry":{"type":"Polygon","coordinates":[[[83.90799785220436,26.122904314090004],[84.12482034525118,26.07265206936685],[84.17492730166794,25.989376000322373],[84.21049957384722,25.998456936733195],[84.30492613077308,25.945005264284678],[84.35997703842025,25.957383738731416],[84.4318112653348,25.890576348472166],[84.5370835801521,25.876004663791843],[84.5353868726991,25.83262755085809],[84.62857045176034,25.792495138237978],[84.60885629075104,25.759055713634993],[84.63887354770355,25.726807833521434],[84.56393159718671,25.734816799686516],[84.56060170005463,25.682480866902765],[84.54418170583727,25.72489433456717],[84.53287604611242,25.682778529105466],[84.4966893571524,25.676256492131767],[84.457109236362,25.71283045157392],[84.41024832565299,25.697814974968665],[84.3884218642,25.746948467935553],[84.3397158044539,25.742795677578805],[84.32695081675743,25.67022125403221],[84.29394535704088,25.659795761316456],[84.21132636766578,25.66782222293448],[84.14360477358575,25.72971754361663],[84.07812171459712,25.693672473553054],[84.08494250717419,25.635652471745644],[83.92941870315971,25.55979432189714],[83.95500344121358,25.74751659330866],[83.85786970650177,25.79632923305373],[83.81304984901742,25.772896822459476],[83.80087139163052,25.81185282663911],[83.73021970322316,25.848748356809796],[83.79852266661027,25.92264033380846],[83.79759175137612,25.986499462917674],[83.6893633095633,26.009489848624394],[83.68265597319386,26.075324614259074],[83.79544284928492,26.107759393863937],[83.78133119613878,26.160448767885047],[83.81117449510306,26.190658044968146],[83.86360825022665,26.18501647683338],[83.90799785220436,26.122904314090004]]]}},{"type":"Feature","properties":{"name":"Balrampur","state":"Uttar Pradesh"},"geometry":{"type":"MultiPolygon","coordinates":[[[[82.20926375487345,27.844092957479514],[82.45857035093941,27.67618106783342],[82.7137669426839,27.72832356359168],[82.75500244319119,27.583250751346196],[82.7210433600235,27.46637762821698],[82.76668212529948,27.41510683221224],[82.57854771898214,27.426199297215067],[82.54305213213468,27.3721975070672],[82.50064508401292,27.36627220101086],[82.47164145856952,27.32720686608105],[82.51460082048487,27.31799448824811],[82.48638512162647,27.306236756329046],[82.51661950519313,27.306768203823445],[82.49172957173799,27.281521212662],[82.52721648776273,27.254987035232844],[82.49899319949688,27.24038171009275],[82.56967433495852,27.18656301950224],[82.46127036474468,27.192885168406605],[82.43968687367052,27.173435421597485],[82.47970971580173,27.156062944847527],[82.47386580878138,27.120533979295374],[82.44269191062783,27.128834225986882],[82.35736361584533,27.05466283536548],[82.21733345251495,27.178863745120015],[82.23887722364279,27.22286179806865],[82.28769372880835,27.198998409379698],[82.31476549895127,27.21772124398129],[82.27921168889856,27.27522303722828],[82.07743012553642,27.41060123599951],[82.05596933383295,27.553654043241902],[82.02456718647872,27.582939435105605],[82.20926375487345,27.844092957479514]]],[[[82.47579531865415,27.16631497648547],[82.47763051616273,27.161508756852616],[82.47197054465225,27.163762987534902],[82.47579531865415,27.16631497648547]]]]}},{"type":"Feature","properties":{"name":"Banda","state":"Uttar Pradesh"},"geometry":{"type":"MultiPolygon","coordinates":[[[[80.55314205345248,25.868623981367463],[80.46531475184705,25.818223367444826],[80.52333426697166,25.77675416305263],[80.58016587486429,25.780072510329447],[80.55573644750639,25.73464238472057],[80.59126438134702,25.710269639755733],[80.74299767196037,25.680673836705818],[80.83585897865002,25.72743999520303],[80.8628485412048,25.675844640921902],[80.94322707986885,25.68525714257388],[80.95878861784267,25.608000699312583],[81.03054832468021,25.63276073035088],[81.03382956233968,25.592239567454047],[81.00003382113704,25.57109711615929],[81.02680361318059,25.503843001580993],[80.90718485160285,25.441079885535952],[80.83369322905115,25.34843502649185],[80.7589921750654,25.32415003072664],[80.81187680848365,25.262761133245103],[80.75147490693534,25.25128330127748],[80.79782068501514,25.216439890926416],[80.6934554236473,25.15434540042222],[80.7225845673125,25.063799268736044],[80.68170996532808,25.050199453961028],[80.68743164087368,25.07782878918973],[80.6281925288428,25.08554662615327],[80.60951021135266,25.10034843248853],[80.64056240513916,25.119221328910374],[80.60278029425612,25.151132550693227],[80.59594109900686,25.10502259737311],[80.61491407598774,25.068147969728642],[80.48257991806233,25.097691693571704],[80.55030444423687,25.002650920248378],[80.4603240738433,24.98261313333138],[80.46624615498384,25.000098665508954],[80.433644026547,25.026555242176453],[80.50174169938259,25.037515941846312],[80.44878587066597,25.07792265307916],[80.37379288874034,25.053583744419758],[80.39540293653398,25.00831003404442],[80.32208519091671,24.999356845259946],[80.27524510384674,25.02740162955754],[80.28955919449882,25.055824244823313],[80.35307141895608,25.054368933021614],[80.35937701585374,25.140644403043105],[80.43070325444461,25.167979910681666],[80.40723432914338,25.238661693127796],[80.31220391748818,25.284483863988292],[80.31899204978627,25.38284226080036],[80.2819871168854,25.420508831168902],[80.20215536779347,25.411659296111186],[80.13144037523801,25.333886609120967],[80.10421998414405,25.347005521526984],[80.15016971410668,25.39762896117728],[80.12183664677916,25.41461951833833],[80.13941588080648,25.456338347680397],[80.1907076301427,25.442040564385728],[80.2058917947319,25.483593096275882],[80.22426647889753,25.470557985444696],[80.21451816129755,25.5541803037624],[80.27751803871097,25.580883057505638],[80.27627826430154,25.619994254204816],[80.3173191212449,25.64498028546316],[80.3040974071685,25.693192548620015],[80.3511276784843,25.70506375082789],[80.23402983851756,25.801033795337773],[80.29460778629858,25.817439184644773],[80.38942400984043,25.91061786524045],[80.55314205345248,25.868623981367463]],[[80.49010475353869,25.067357835318013],[80.48291679232486,25.055566928750984],[80.48755834140225,25.056247388406785],[80.49010475353869,25.067357835318013]]],[[[80.45291533095319,25.00206470189605],[80.43848493426849,25.001652893658143],[80.45731720185351,25.004088601392063],[80.45291533095319,25.00206470189605]]]]}},{"type":"Feature","properties":{"name":"Bara Banki","state":"Uttar Pradesh"},"geometry":{"type":"Polygon","coordinates":[[[81.7317092353137,26.953358764375597],[81.70270210967112,26.88038625605352],[81.61573569065241,26.868985815938554],[81.58128100574346,26.750082246177097],[81.60564383678934,26.676466352261865],[81.54360813735167,26.652457774533914],[81.575171485396,26.609417900976066],[81.54966892701522,26.524674978655153],[81.38327945051078,26.586945615273983],[81.35717912640243,26.54588058190146],[81.30238763320132,26.542345050622192],[81.2197312177231,26.59814400409853],[81.1659996042732,26.592543097299206],[81.16729241031946,26.6431951457026],[81.2190026254151,26.706054181030087],[81.18862741229894,26.76147191171749],[81.21657679447839,26.782277130199482],[81.16409976493681,26.773158471231156],[81.17084209033541,26.80735369961387],[81.09395818176412,26.837794169057688],[81.09577672097402,26.91454493219661],[81.04334144980072,26.938689400070082],[81.06545768718892,26.967650759432438],[81.0255411211121,26.972379349134098],[80.97276168480363,27.055565747945877],[81.05608180601337,27.085283747746637],[81.01213777918647,27.140546373901287],[80.94932459469005,27.142541387580952],[80.92722350525634,27.189845067319478],[80.97047443184613,27.240007584375952],[81.08630794538877,27.228058207612364],[81.11767766538343,27.274588702609073],[81.21141859914452,27.238004614320804],[81.24204784351844,27.268640394414163],[81.22665074122318,27.32104548248267],[81.29383837343727,27.356911849689308],[81.34720852650494,27.2542215721069],[81.38424395152718,27.276140693277664],[81.39496875763963,27.343171586951275],[81.4440202932638,27.30889471514301],[81.44480947129986,27.153366526830126],[81.48073471585944,27.070059252126097],[81.57347211552693,27.046500395234062],[81.5783006981273,27.012090063728152],[81.64039978385576,27.01381729272662],[81.65808938630873,26.962205855677396],[81.7317092353137,26.953358764375597]]]}},{"type":"Feature","properties":{"name":"Bareilly","state":"Uttar Pradesh"},"geometry":{"type":"Polygon","coordinates":[[[79.64253718900113,28.8527606917007],[79.67262938720856,28.743462612231358],[79.62940829089541,28.709017650595406],[79.59972295873385,28.615945472006782],[79.67553393553862,28.582718589501102],[79.69035189321058,28.523073264039727],[79.7472779745689,28.50736645792763],[79.75741737119174,28.450315463708268],[79.72782073988296,28.460199702624408],[79.72304584357168,28.413012038194406],[79.67187403504167,28.391273803524818],[79.70287819557016,28.372505284883083],[79.67325193736939,28.316938133019352],[79.71364983065659,28.26772927931981],[79.64122287033416,28.20675958813758],[79.63144049902604,28.086062284396387],[79.58619924795066,28.09074284141514],[79.49751230864979,28.02046324660852],[79.49891376447141,28.107694660145903],[79.42392244428015,28.17099855862655],[79.33488851533431,28.152829762551242],[79.31442355107674,28.176750720165437],[79.1292171324885,28.189048225006097],[79.07657680740961,28.353588256461506],[79.00011458044474,28.384767037237253],[79.00010026305326,28.431481554388522],[79.14041655060431,28.489873883637216],[79.30157264615481,28.715909577572397],[79.3917363183811,28.76061091596233],[79.37251778023432,28.816837713056387],[79.40962494328981,28.84919640073905],[79.3842447849246,28.87454984092744],[79.43559552127249,28.849134196944046],[79.55048612589289,28.886298141857772],[79.56266509888349,28.839784822973915],[79.64253718900113,28.8527606917007]]]}},{"type":"Feature","properties":{"name":"Basti","state":"Uttar Pradesh"},"geometry":{"type":"Polygon","coordinates":[[[82.90483125511415,27.02114438247972],[82.92630817668595,26.929144814736993],[82.86018103194574,26.935443149429354],[82.86717022419747,26.881800339660373],[82.83660607180555,26.849619324952272],[82.88909855526737,26.791371639126403],[82.93162475641451,26.79131886863458],[82.98308840893688,26.69663409123452],[82.97897020096458,26.65219689110587],[82.94034163469625,26.676713296830574],[82.91275828469668,26.644059514891154],[82.92579215244653,26.618982995956948],[82.9015382254119,26.618973929513167],[82.8777370825458,26.53824876879623],[82.81439898186889,26.574293013163203],[82.71357189553162,26.555095715624095],[82.66496163038106,26.6046463627927],[82.5795120601852,26.604066430295106],[82.4716296101927,26.65767211064939],[82.40417438618994,26.64801112230715],[82.22343837560588,26.777773502396872],[82.25630487151456,26.8147299366247],[82.23986599283387,26.92749469203183],[82.3167633432117,26.976965653025456],[82.35983575874265,26.931311090083266],[82.39875082752721,26.946729174899115],[82.4807022288311,26.90433970400417],[82.61475207363736,27.00122188590707],[82.57222416461474,27.020944960431827],[82.56795545482375,27.104502885513266],[82.61749745807016,27.0959649077476],[82.637946053989,27.12577606114393],[82.75914165489075,27.10503723289823],[82.90483125511415,27.02114438247972]]]}},{"type":"Feature","properties":{"name":"Bijnor","state":"Uttar Pradesh"},"geometry":{"type":"Polygon","coordinates":[[[78.61762129987933,29.55592264560175],[78.93530364280846,29.45018498587421],[78.88242862965615,29.38637182896038],[78.82117183535388,29.376897161028207],[78.80093483402884,29.323289209107156],[78.76951844301621,29.34377622157429],[78.72618382086742,29.313355098984033],[78.77886096629172,29.279921915238873],[78.6966727891961,29.25640531744489],[78.67914764284058,29.208812669980777],[78.70254301953032,29.20714764105019],[78.63861662569016,29.161245055742395],[78.664343409217,29.143786488103775],[78.61653940462017,29.0917427276831],[78.36691139685337,29.02934933093425],[78.10592456791514,29.08344617072107],[78.13701013469418,29.260356665052395],[77.99436615334409,29.52366565495799],[78.04891009289358,29.546990520825773],[78.05601793462088,29.587447298710646],[78.15142506033882,29.670454920774848],[78.24378293353202,29.69840633838757],[78.34433461304607,29.790494817888586],[78.5001593101316,29.735600690373268],[78.5397934089035,29.61853512011971],[78.61762129987933,29.55592264560175]]]}},{"type":"Feature","properties":{"name":"Budaun","state":"Uttar Pradesh"},"geometry":{"type":"Polygon","coordinates":[[[78.92037006327853,28.479434574070922],[79.00011458044474,28.384767037237253],[79.07657680740961,28.353588256461506],[79.1292171324885,28.189048225006097],[79.31442355107674,28.176750720165437],[79.33488851533431,28.152829762551242],[79.42392244428015,28.17099855862655],[79.49891376447141,28.107694660145903],[79.50131135063602,28.016720209800653],[79.4694214925396,27.967088519074753],[79.49037590958375,27.942453728475282],[79.46063511002102,27.8959945829358],[79.4865077384154,27.8425815392094],[79.37498375775164,27.816982033406113],[79.35905472431716,27.7374497383601],[79.33146367319014,27.727935337596126],[79.35236280325444,27.651570992160842],[79.20928493004962,27.70697312218611],[79.1273668912631,27.845276847627265],[79.00291877118913,27.839969622560293],[78.98724167904079,27.87308560498175],[78.9209289748365,27.85102658536937],[78.88941843950111,27.91678303555669],[78.7277419385614,27.961057517498357],[78.59368421323781,28.079907297531836],[78.55005856814779,28.063118429327826],[78.50980357746815,28.087698858787572],[78.37464385808379,28.262417127430286],[78.32212388011527,28.28913114664441],[78.28421639819426,28.37188841230139],[78.31022245543487,28.434341169790482],[78.44375078546526,28.46662733441126],[78.52549477162961,28.35783670213193],[78.6387613501833,28.333172415149917],[78.75506859063834,28.376419906649577],[78.80538871491628,28.449822776961003],[78.92037006327853,28.479434574070922]]]}},{"type":"Feature","properties":{"name":"Bulandshahr","state":"Uttar Pradesh"},"geometry":{"type":"Polygon","coordinates":[[[77.97878305845872,28.70805275131411],[78.09254886212346,28.633862812025026],[78.20940955054755,28.615245475739787],[78.21992598105356,28.4999319070795],[78.30495195860003,28.458706639694825],[78.28135050364536,28.420561967251146],[78.3116033565636,28.308164875463262],[78.48602438419273,28.124016119889976],[78.46169783046096,28.097499585367263],[78.38932983467942,28.1033280739696],[78.3593022153489,28.151776247686826],[78.15992803430737,28.06908526495127],[78.12386150606082,28.114319139891304],[78.05001469914485,28.12952335951169],[78.00008233603253,28.07328601133751],[77.93923263865268,28.076644354041314],[77.84453291780355,28.13310748503672],[77.84544525496949,28.171621660593736],[77.7769232128149,28.126947831563054],[77.74715895253942,28.142479868712158],[77.72673252860066,28.082394137175246],[77.67560489005642,28.10334478498588],[77.76479333128047,28.17877458398793],[77.73084600549291,28.200590273870024],[77.70750619905209,28.168242066441664],[77.70809146339029,28.244976704557672],[77.67803247043383,28.26442716338316],[77.70474309873433,28.286536891832775],[77.67422510927798,28.33010793326306],[77.69714742957856,28.348160204661237],[77.68852363895635,28.426890739403756],[77.64813192150434,28.399870371747692],[77.63912086107125,28.478233029448695],[77.69030641275192,28.508340534730575],[77.68852932235066,28.551860367540247],[77.75243892080648,28.559117671895358],[77.85799165370564,28.65096496104916],[77.90243899603671,28.63084131232657],[77.93732359836,28.70182689450161],[77.97878305845872,28.70805275131411]]]}},{"type":"Feature","properties":{"name":"Chandauli","state":"Uttar Pradesh"},"geometry":{"type":"Polygon","coordinates":[[[83.54302469232907,25.313203230605293],[83.34418115107982,25.181539727313343],[83.36564589731807,25.122232506570782],[83.32430152391085,25.025464570996945],[83.35209138363781,25.00863431523067],[83.3948510895443,24.782656158048404],[83.32165003300062,24.78573198759969],[83.30853654507635,24.719320323105514],[83.16215432675587,24.72456212010149],[83.08994156814511,24.779494546626555],[83.1291752640569,24.825442582275382],[83.08512717029788,24.86011904649717],[83.05925866636258,25.058007556810658],[83.12971777892909,25.05808031194046],[83.12957371849922,25.12429110447689],[83.18372937208652,25.17528200473605],[83.07687474148337,25.21084962574046],[83.03413809309144,25.241484965521032],[83.07106009190963,25.244852568493126],[83.04906434120647,25.282023416204193],[83.01254167902906,25.296456143250612],[83.16187502522673,25.33104584349572],[83.19483084586187,25.405313474486935],[83.13072996370121,25.449430308136108],[83.20048513548025,25.53185928207625],[83.32957673786504,25.46290973382852],[83.41367911614786,25.486888476599162],[83.53621059667655,25.390906051119998],[83.54302469232907,25.313203230605293]]]}},{"type":"Feature","properties":{"name":"Chitrakoot","state":"Uttar Pradesh"},"geometry":{"type":"Polygon","coordinates":[[[81.19138075229239,25.48750130869402],[81.15144831634032,25.39697636433871],[81.26500353922572,25.325492998691324],[81.3866201715574,25.334718865868123],[81.3892076691897,25.27188858555801],[81.45998008238716,25.25862876178398],[81.55012414871739,25.290066586648248],[81.56443309356581,25.238753924060997],[81.52119973111344,25.22676838670236],[81.53306304607156,25.140192234744813],[81.48016279107962,25.13151714366989],[81.51595763073897,25.103391117657186],[81.50299142262533,25.078695226960964],[81.4114368536929,25.102918294609957],[81.44672429535906,25.10696073222991],[81.43860685641701,25.130120717237432],[81.39960962742943,25.119608247156908],[81.33834018433971,25.168874841159724],[81.32302903513896,25.112709937476495],[81.31478623011262,25.162356403686054],[81.27982054451836,25.16528229282423],[81.26989149013981,25.06489199228452],[81.20995607857888,24.99218196861497],[81.22081292134666,24.931042962233118],[81.16964803534688,24.954970971448677],[81.14061412661364,24.888579589109796],[81.08462044765841,24.948663113130173],[80.96336892470092,24.92206309141475],[80.94499374938198,24.96879158458527],[80.90818329729001,24.93587116649949],[80.81031313267748,24.940682580110842],[80.79810263229746,24.967967294227087],[80.8563385778876,24.994344889421452],[80.83486281392213,25.035335647422645],[80.87886493766099,25.067202702219507],[80.87322854351899,25.1197450936966],[80.91384865010507,25.16057039850716],[80.8445777087118,25.188697741101837],[80.83593438879797,25.10638858250627],[80.8078256352893,25.142454058068765],[80.7235436931068,25.14262933931815],[80.728695136066,25.097414194961527],[80.78956518101054,25.065645140926193],[80.70306092087046,25.079919680138865],[80.68893686628974,25.14166185221589],[80.71436028636795,25.18481260708089],[80.79782068501514,25.216439890926416],[80.75147490693534,25.25128330127748],[80.81114022364036,25.25834651427854],[80.7589921750654,25.32415003072664],[80.83369322905115,25.34843502649185],[80.9436850606192,25.46930321071723],[80.99879474050223,25.475861400958546],[81.02217848138024,25.544252663656614],[81.19138075229239,25.48750130869402]]]}},{"type":"Feature","properties":{"name":"Deoria","state":"Uttar Pradesh"},"geometry":{"type":"Polygon","coordinates":[[[84.05802637850547,26.54778245793106],[83.91010474834846,26.510962357138865],[83.91147102616665,26.44754560309179],[84.02015023655183,26.445849408151936],[84.0810748269215,26.381955748807112],[84.18040643088096,26.371551865867414],[84.1662004737348,26.241794964512366],[84.12190266104706,26.259535171799275],[84.08827734613325,26.218826752747628],[84.0144872114294,26.231618648916896],[84.05594155594284,26.090790715428817],[83.8986365794068,26.12699929633136],[83.86360825022665,26.18501647683338],[83.80112218176787,26.19595995104013],[83.74671656916993,26.261925254141484],[83.63473142362308,26.222954779746043],[83.66739980797834,26.313910194388907],[83.62131665600225,26.299448022676682],[83.63987672776602,26.32704438445438],[83.6019425923256,26.34650478809422],[83.611415644887,26.36877817835529],[83.58117240740381,26.364150960332697],[83.58438656875167,26.39748077828395],[83.54367097929487,26.353724948727084],[83.52791095538579,26.39832765213456],[83.48797978810384,26.396145563391848],[83.51073607086448,26.416033930688855],[83.47970251227042,26.461628597003852],[83.49558202976321,26.48998292933125],[83.60198560285431,26.514609245587135],[83.63167038730101,26.657013947526405],[83.68333564124607,26.69996399437906],[83.79170185579787,26.707131882139215],[83.84289297473092,26.75702827669517],[83.96101452623105,26.67130323989776],[83.96689875869555,26.62709022887621],[84.05802637850547,26.54778245793106]]]}},{"type":"Feature","properties":{"name":"Etah","state":"Uttar Pradesh"},"geometry":{"type":"Polygon","coordinates":[[[79.17759766279835,27.583572028252576],[79.27439564202223,27.517044738719203],[79.26061829475523,27.429938555446473],[79.22840525658543,27.413526128196164],[79.26865141240425,27.3470091071614],[79.24051700738868,27.324326411308565],[79.109595204993,27.432273943916748],[78.9595248386133,27.41916374597899],[78.89075159633234,27.469422408817845],[78.83648336611947,27.360940529407305],[78.7362788060014,27.333549061317783],[78.64446556965135,27.421730332210593],[78.66153544072992,27.490193190182577],[78.60712384625036,27.50968269449941],[78.54513553565423,27.441529256978185],[78.51369936855102,27.462543759707316],[78.46722427995884,27.425456891376186],[78.47905399617102,27.341805367272617],[78.45836305462514,27.372558361074272],[78.40036371896242,27.37084631090929],[78.30033003128533,27.30807013698889],[78.27877570140556,27.337257211488073],[78.29685996778254,27.38223815120938],[78.19803570628112,27.40278485843453],[78.18009572240149,27.432603282484735],[78.22296278516879,27.528784683879337],[78.50057886506818,27.616635087335638],[78.51459715913089,27.739926919897577],[78.55217652839255,27.7848795433008],[78.60994727705014,27.74453996565315],[78.68716785417608,27.740202510939916],[78.74409202941722,27.635226447178592],[78.89139312484899,27.586726925971046],[78.89103933086456,27.547704363581392],[78.9656566794115,27.564020494100312],[78.99368986152204,27.66025274121807],[79.1073024026234,27.553093669430318],[79.17759766279835,27.583572028252576]]]}},{"type":"Feature","properties":{"name":"Etawah","state":"Uttar Pradesh"},"geometry":{"type":"Polygon","coordinates":[[[79.32714557612051,26.960384494537063],[79.34158537001544,26.74053351434479],[79.2324022658387,26.539569396362438],[79.3155264916937,26.521837208454645],[79.23285839247379,26.427640398440538],[79.05700265444537,26.450402430188408],[79.06954629855733,26.49762728245486],[78.9882414418633,26.568366067036127],[79.0091623997568,26.670966755470054],[78.9466200273171,26.656931144574347],[78.95687617117358,26.69097742872808],[78.87362801602404,26.698893742908066],[78.82010891739937,26.75968047469384],[78.77940462443505,26.758389943755315],[78.79382288671597,26.797477921977794],[78.85157254957356,26.809413254847012],[78.76798520953494,26.904112706367954],[78.74222093175806,26.892913006324648],[78.77498142468677,26.94510097091192],[78.93219961325856,26.984420993249817],[79.00001074521383,26.930476640355757],[79.09545162988462,26.99953690726423],[79.18411353706603,27.00601986529652],[79.19992850501804,26.9732882349338],[79.27495987003324,26.990226371717142],[79.32714557612051,26.960384494537063]]]}},{"type":"Feature","properties":{"name":"Faizabad","state":"Uttar Pradesh"},"geometry":{"type":"Polygon","coordinates":[[[81.71920558363823,26.92009064791904],[81.97729771517061,26.778483055189277],[82.20530421564246,26.8283184692483],[82.24118692737126,26.747892496531446],[82.39330893954514,26.652306752151407],[82.47851961849142,26.652261695326096],[82.46815954489618,26.582341604410235],[82.39662314377901,26.54298246816921],[82.33905510897478,26.576688114416097],[82.31700830950646,26.506652998590084],[82.22096543570541,26.407392744756002],[82.13421642064472,26.465790381648016],[81.89545493204317,26.50622022178723],[81.88079251012206,26.533626218143457],[81.84798706373262,26.511740471869366],[81.73414175577042,26.54311308279734],[81.71063330641967,26.507607826391943],[81.67679304222146,26.52894377256203],[81.7036346279423,26.58835659627408],[81.65095504324248,26.58155381205109],[81.67845427071403,26.60380283209933],[81.64325148574608,26.63666686740746],[81.54360813735167,26.652457774533914],[81.60564383678934,26.676466352261865],[81.58128100574346,26.750082246177097],[81.61573569065241,26.868985815938554],[81.70270210967112,26.88038625605352],[81.71920558363823,26.92009064791904]]]}},{"type":"Feature","properties":{"name":"Farrukhabad","state":"Uttar Pradesh"},"geometry":{"type":"Polygon","coordinates":[[[79.13567439950344,27.702569940865896],[79.46424239741074,27.633310667304293],[79.5020208003858,27.58909848640427],[79.612653210619,27.59314229638458],[79.5982015784855,27.614385450614655],[79.65334205662495,27.640869493742972],[79.65792920951843,27.506663660085696],[79.74696854213448,27.451881991052783],[79.69035780446193,27.372823506909228],[79.7325116657964,27.27975181157392],[79.69787439677714,27.259141286148544],[79.72733624875775,27.21773926829064],[79.68071511052962,27.171442466863883],[79.61623368222475,27.18747397479484],[79.56175930721496,27.158749002234742],[79.5220073242113,27.2093650657718],[79.33936543429805,27.21549228415385],[79.32059853412137,27.286624882695268],[79.28948766204029,27.281865473354795],[79.25082506771406,27.33061503746625],[79.26752950851287,27.3527882618545],[79.22840525658543,27.413526128196164],[79.26061829475523,27.429938555446473],[79.27439564202223,27.517044738719203],[79.13246254094645,27.633543102625516],[79.13567439950344,27.702569940865896]]]}},{"type":"Feature","properties":{"name":"Fatehpur","state":"Uttar Pradesh"},"geometry":{"type":"Polygon","coordinates":[[[80.61446103517528,26.151608813756702],[80.81148418140883,26.032873456525344],[81.01933279372649,26.063381615382745],[81.11637283059386,25.954878488317373],[81.21664075813564,25.926385799830683],[81.23347855370032,25.86109143565281],[81.3367930252967,25.810146851619763],[81.20122037135154,25.7193281073728],[81.20600453604239,25.683737885352823],[81.24043098421889,25.675874531782338],[81.21665803025746,25.67030817236219],[81.21098294416227,25.596369223532577],[81.27118013285528,25.507416590311987],[81.22203665211806,25.441223212980894],[81.19138075229239,25.48750130869402],[81.02660034276681,25.5391550371195],[81.00003382113704,25.57109711615929],[81.03733936936399,25.62606622247329],[80.95878861784267,25.608000699312583],[80.94322707986885,25.68525714257388],[80.8628485412048,25.675844640921902],[80.83585897865002,25.72743999520303],[80.74299767196037,25.680673836705818],[80.59126438134702,25.710269639755733],[80.55573644750639,25.73464238472057],[80.58016587486429,25.780072510329447],[80.52333426697166,25.77675416305263],[80.46429006305861,25.82232584568745],[80.55643680441699,25.86671211387766],[80.38942400984043,25.91061786524045],[80.3082067387912,25.889107506822164],[80.27162730345033,25.93067793454571],[80.2368044077729,25.92245372103276],[80.21555309987458,25.96771684454381],[80.32440090476584,26.11347867674433],[80.54583060715575,26.2205050409432],[80.60226495981905,26.224446526280538],[80.61446103517528,26.151608813756702]]]}},{"type":"Feature","properties":{"name":"Firozabad","state":"Uttar Pradesh"},"geometry":{"type":"Polygon","coordinates":[[[78.73385670251916,27.335710681765693],[78.71337098679511,27.283965423557124],[78.8193403031886,27.13875730772256],[78.78743535388396,27.12316536192843],[78.78057111551149,27.046912166185187],[78.80076941822186,26.98492624407277],[78.83059290485822,26.97788847130273],[78.72716300715835,26.89976981694754],[78.67640430367085,26.916730945246243],[78.67353905626122,26.878277148244404],[78.64499497222945,26.879224178851654],[78.61962362486935,26.945872960340097],[78.60112697509936,26.919779448444004],[78.57611206142283,26.961600697359764],[78.5196890291521,26.975774772086815],[78.52956892982071,26.917315140214683],[78.48265835281778,26.993821672895276],[78.45189170662698,26.983979493901963],[78.42853695966927,27.046557145677138],[78.3641484016782,27.07924151450345],[78.31307411453707,27.051525349092717],[78.31598208068922,27.09403383265078],[78.36959163111018,27.121705030798058],[78.29916763092221,27.119820317472346],[78.28420167967127,27.07951640306937],[78.24483343566891,27.109016400420067],[78.2420119141505,27.071940638526186],[78.20046301911243,27.11928842062926],[78.20628756265496,27.210267203000047],[78.24041328448055,27.254767171717486],[78.2131415600642,27.263375122899873],[78.21642154277578,27.31496876131506],[78.28291486048943,27.300232618335404],[78.32386025155397,27.337145356425946],[78.38512041892788,27.337696964440756],[78.40036371896242,27.37084631090929],[78.45836305462514,27.372558361074272],[78.47905399617102,27.341805367272617],[78.46722427995884,27.425456891376186],[78.51369936855102,27.462543759707316],[78.54513553565423,27.441529256978185],[78.59813245480238,27.506741329639635],[78.66153544072992,27.490193190182577],[78.64446556965135,27.421730332210593],[78.73385670251916,27.335710681765693]]]}},{"type":"Feature","properties":{"name":"Gautam Buddha Nagar","state":"Uttar Pradesh"},"geometry":{"type":"Polygon","coordinates":[[[77.69748523896445,28.329874409177403],[77.67803247043383,28.26442716338316],[77.70809146339029,28.244976704557672],[77.70750619905209,28.168242066441664],[77.73084600549291,28.200590273870024],[77.76479333128047,28.17877458398793],[77.70145760741909,28.1144079502191],[77.47941680915206,28.078070187391212],[77.50589271967961,28.15419955529802],[77.55197655466951,28.175966458958342],[77.50167931144692,28.179434523267506],[77.49871852892852,28.206331427641896],[77.52873293237762,28.196106055002776],[77.55089489727546,28.2420533736735],[77.47694908935632,28.26408011170147],[77.5055259161631,28.30138832311872],[77.4735049142395,28.332379036313863],[77.50404128021212,28.35262555764197],[77.48443435239373,28.40789158609026],[77.3051413673883,28.555732227913847],[77.34625279456911,28.603392151011704],[77.32807488393293,28.673885185094285],[77.40106960336605,28.680744711777102],[77.40575051565246,28.628700233504002],[77.52491650133108,28.646916610403895],[77.62516922738239,28.575513811392746],[77.67048215249808,28.58318181145776],[77.69532571726354,28.52997063163156],[77.63912086107125,28.478233029448695],[77.6381184387043,28.43532835627572],[77.65926157824123,28.393059539042202],[77.68852363895635,28.426890739403756],[77.69714742957856,28.348160204661237],[77.67422510927798,28.33010793326306],[77.69748523896445,28.329874409177403]]]}},{"type":"Feature","properties":{"name":"Ghaziabad","state":"Uttar Pradesh"},"geometry":{"type":"Polygon","coordinates":[[[77.44692252442152,28.92504215979303],[77.69318701074397,28.874961742769866],[77.71814562097138,28.80896556785395],[77.69087926061323,28.757883273523216],[77.7282625239345,28.736268459453473],[77.7925195660935,28.785921126842748],[77.86812202977755,28.794554301520503],[77.87283357549134,28.863630697694504],[77.93547805472397,28.836477183040152],[78.11598777073829,28.856306401152757],[78.14128505291501,28.721068670959045],[78.20940955054755,28.615245475739787],[78.09254886212346,28.633862812025026],[77.96751741940734,28.713637987809058],[77.90243899603671,28.63084131232657],[77.85799165370564,28.65096496104916],[77.75243892080648,28.559117671895358],[77.68852932235066,28.551860367540247],[77.6577999602628,28.594143088252235],[77.62516922738239,28.575513811392746],[77.52491650133108,28.646916610403895],[77.40575051565246,28.628700233504002],[77.40694602963117,28.67880375602336],[77.34259066238148,28.67525103393982],[77.33370385341296,28.71041555057635],[77.29509038307268,28.7070330410502],[77.207169612488,28.789949943276],[77.22763916539562,28.82995056625787],[77.28735437554019,28.83349171827506],[77.30759675456692,28.79116772059627],[77.40781013515306,28.776479239581725],[77.40900564975637,28.875047689628197],[77.44692252442152,28.92504215979303]]]}},{"type":"Feature","properties":{"name":"Ghazipur","state":"Uttar Pradesh"},"geometry":{"type":"Polygon","coordinates":[[[83.6483554692953,25.894193858959106],[83.81304984901742,25.772896822459476],[83.85786970650177,25.79632923305373],[83.96279931510422,25.72915701308593],[83.92289219017299,25.63319457077863],[83.9452440240997,25.581344802934705],[83.85950416222146,25.471824414669484],[83.81861559488085,25.463996960174665],[83.8467420478578,25.435019267715198],[83.7702739133691,25.386027339215786],[83.70296487106219,25.394145097701752],[83.57254093408453,25.306179240492035],[83.53234020902408,25.319920023091615],[83.53621059667655,25.390906051119998],[83.41367911614786,25.486888476599162],[83.32957673786504,25.46290973382852],[83.24813304582419,25.523567166688288],[83.15705220535041,25.502746256806226],[83.10239489774256,25.524763985218705],[83.11497581787614,25.497264843870404],[83.08913563004079,25.49167767320792],[83.06435385562324,25.528460683181727],[83.09076895574194,25.573505197764078],[83.06720409988539,25.651455525689],[83.14857992568544,25.6363358079282],[83.19448070975857,25.700226322201765],[83.24206532612104,25.70595651592871],[83.19580248614818,25.77735544388456],[83.30596516682296,25.755668606517514],[83.32542990628906,25.812939173402814],[83.37918854841183,25.798430006976364],[83.40805456340308,25.839994164371177],[83.5967008916944,25.88254599857826],[83.63425584431252,25.866192005444976],[83.6483554692953,25.894193858959106]]]}},{"type":"Feature","properties":{"name":"Gonda","state":"Uttar Pradesh"},"geometry":{"type":"Polygon","coordinates":[[[82.07743012553642,27.41060123599951],[82.27921168889856,27.27522303722828],[82.31188061453312,27.211789242534973],[82.23887722364279,27.22286179806865],[82.21733345251495,27.178863745120015],[82.33886546478746,27.053835732317214],[82.41182286547831,27.078107140733508],[82.44269191062783,27.128834225986882],[82.47386580878138,27.120533979295374],[82.48179241923035,27.16855848332274],[82.54943873866844,27.108798169063746],[82.57222416461474,27.020944960431827],[82.61475207363736,27.00122188590707],[82.4807022288311,26.90433970400417],[82.39875082752721,26.946729174899115],[82.35983575874265,26.931311090083266],[82.3167633432117,26.976965653025456],[82.23986599283387,26.92749469203183],[82.25321379006844,26.81150081012579],[82.14175749197238,26.831699012108768],[81.98099733669255,26.778224926548525],[81.75545496505683,26.885143984204515],[81.71771752730352,26.920327938110923],[81.7317092353137,26.953358764375597],[81.65808938630873,26.962205855677396],[81.64039978385576,27.01381729272662],[81.5783006981273,27.012090063728152],[81.57347211552693,27.046500395234062],[81.50901643233664,27.0556346265196],[81.64476740745049,27.153988140901287],[81.70771703301207,27.280142133003135],[81.68466080634238,27.31969537494241],[81.7439001275603,27.329863289761654],[81.81596543654204,27.26704499481313],[81.85464614912588,27.329105596181968],[81.9234421407693,27.322473848530656],[81.91021817221639,27.370135562187894],[81.9443605782868,27.438144581584005],[82.07743012553642,27.41060123599951]]]}},{"type":"Feature","properties":{"name":"Gorakhpur","state":"Uttar Pradesh"},"geometry":{"type":"Polygon","coordinates":[[[83.54469098018397,26.880414569805584],[83.52838649881045,26.854090528012065],[83.62029552799397,26.75314705945377],[83.63121343341251,26.5813710508952],[83.60198560285431,26.514609245587135],[83.49237743919014,26.486112360350603],[83.51073607086448,26.416033930688855],[83.48797978810384,26.396145563391848],[83.52791095538579,26.39832765213456],[83.54367097929487,26.353724948727084],[83.58438656875167,26.39748077828395],[83.58117240740381,26.364150960332697],[83.611415644887,26.36877817835529],[83.6019425923256,26.34650478809422],[83.63987672776602,26.32704438445438],[83.62131665600225,26.299448022676682],[83.66739980797834,26.313910194388907],[83.63473142362308,26.222954779746043],[83.53437122781816,26.27705919136998],[83.41841443544622,26.27402610679396],[83.33979252050658,26.34851952800303],[83.23115966762211,26.393114313346825],[83.08362715607063,26.393074611347576],[83.09213322444631,26.479474765590272],[83.19002928892914,26.488940671640943],[83.20539991993033,26.524094075540557],[83.14121866628909,26.5622356139814],[83.10933599841536,26.615674646993497],[83.1325637781352,26.654859938295132],[83.08564450525276,26.700471926593107],[83.14548672586001,26.74605108857504],[83.10028556016283,26.807754242859673],[83.13745852548112,26.88719626730273],[83.21730431881933,26.884151504975204],[83.22750601527802,26.936826084674177],[83.19603487032334,26.944567872201322],[83.21681234323528,27.016443589419357],[83.1443155399983,27.004853324782232],[83.13018499433294,27.14135904263104],[83.17774193470592,27.087490129583593],[83.28462506787422,27.0500822867757],[83.34147835616116,27.091270420547005],[83.40363294951311,27.08764011732937],[83.33137309803337,26.980966397703458],[83.44248693894504,26.97940051846644],[83.54469098018397,26.880414569805584]]]}},{"type":"Feature","properties":{"name":"Hamirpur","state":"Uttar Pradesh"},"geometry":{"type":"Polygon","coordinates":[[[79.97737926745482,26.06911599094498],[80.09527758171747,26.077883889694366],[80.11433595394014,26.045941686956915],[80.08487623442045,25.99857334942229],[80.21427482986718,25.91734744277477],[80.27162730345033,25.93067793454571],[80.3082067387912,25.889107506822164],[80.35020903311576,25.898740026458455],[80.33163604621627,25.845577446504358],[80.23146674155657,25.797527055984766],[80.35112767959365,25.70506378487182],[80.3040974071685,25.693192548620015],[80.3173191212449,25.64498028546316],[80.27627826430154,25.619994254204816],[80.27751803871097,25.580883057505638],[80.21451816129755,25.5541803037624],[80.22426647889753,25.470557985444696],[80.2058917947319,25.483593096275882],[80.1907076301427,25.442040564385728],[80.13941588080648,25.456338347680397],[80.10711661886077,25.400895277633236],[80.03071353985852,25.43194733656556],[80.03559569270946,25.491679963105568],[79.99705904906807,25.49122379040839],[79.98275394533236,25.53576858339284],[80.0259811546837,25.58831879802647],[79.95512289088441,25.642428632905535],[79.94823769817219,25.595674910507274],[79.8243795186428,25.54699061070828],[79.8132911009434,25.497830276861254],[79.74174154365373,25.52285384851461],[79.71415457229041,25.566430185088404],[79.6608229648798,25.550400947710866],[79.64233982178717,25.48418502788855],[79.38899953348067,25.521838769105898],[79.4207602045488,25.57723947746013],[79.38919461042259,25.577228994576412],[79.36067368819593,25.64307603405992],[79.40602487829403,25.652619975773014],[79.37286426616365,25.699115801699644],[79.40012119338076,25.74050372641562],[79.36433041946214,25.77433430731529],[79.40902583749667,25.809947775174784],[79.46022442397275,25.788426096915373],[79.50181666139163,25.858025207264273],[79.55391702587484,25.822452729025624],[79.57592383203888,25.860936119912086],[79.52529170452691,25.888969711306544],[79.61321815201853,25.89827625079171],[79.62160718635158,25.93223110429584],[79.66174575992675,25.90420903011024],[79.68911043949956,25.928607880147357],[79.74026950969477,25.91278811686107],[79.77864615765512,25.865920162529047],[79.81203341901634,25.868701504485983],[79.82227335378727,25.912443180419988],[79.87032924981014,25.881684466167346],[79.85079508210042,25.971534619366363],[79.92262060119164,25.9639961028021],[79.95695174030202,26.015096343115733],[79.91308792568987,26.012791761905163],[79.94602445794438,26.02959757371351],[79.92158063559376,26.09079631122856],[79.94283684592912,26.160001571396162],[79.9679806622719,26.15350929544336],[79.97737926745482,26.06911599094498]]]}},{"type":"Feature","properties":{"name":"Hardoi","state":"Uttar Pradesh"},"geometry":{"type":"Polygon","coordinates":[[[80.3122283615637,27.678619138289356],[80.32770636493944,27.52306981250251],[80.45246223422636,27.400700769579466],[80.45728007342733,27.341880247768366],[80.50129926872819,27.325077770060965],[80.49860074076769,27.256207089489624],[80.57126047081921,27.292025172827053],[80.655682673564,27.257561938386086],[80.65703539989836,27.22710076846274],[80.75030294510893,27.226440832659343],[80.80040193155088,27.192052181062973],[80.8273108493945,27.101372562573466],[80.73824734499988,27.100813492670195],[80.70113641129578,27.06010336283851],[80.64680641734248,27.078554043868333],[80.44615035554352,26.966527481227427],[80.41583907717633,26.88736178044727],[80.28569728075372,27.030047747940372],[80.25216812735773,27.026598276883934],[80.22072822559923,26.965157766371213],[80.17417957203295,26.95865724286996],[80.1829985113321,26.996773282911175],[80.11499013442634,26.99505439699956],[80.05165052455429,26.91906863670035],[79.90556406562189,27.1465091264871],[79.70021060033193,27.22920976299938],[79.7325116657964,27.27975181157392],[79.69035780446193,27.372823506909228],[79.74696854213448,27.451881991052783],[79.71642183095265,27.47321860129472],[79.73095636150097,27.528605364058606],[79.68836625337606,27.63342859695161],[79.74132532891014,27.72170512402365],[79.86141947132383,27.649735604147388],[79.9140417119454,27.720565940771063],[80.06541011644624,27.743251980950156],[80.09171002443873,27.78430984067548],[80.13673116763319,27.77721044759099],[80.13216382191463,27.74963931688893],[80.233583135632,27.770062365005337],[80.3122283615637,27.678619138289356]]]}},{"type":"Feature","properties":{"name":"Mahamaya Nagar","state":"Uttar Pradesh"},"geometry":{"type":"Polygon","coordinates":[[[78.47875242490092,27.807601843481784],[78.47559612001496,27.758297776127705],[78.52831761751902,27.723604939410748],[78.50057886506818,27.616635087335638],[78.2141959423228,27.523435178178282],[78.18009572240149,27.432603282484735],[78.19803304934094,27.40279950600495],[78.13666549266925,27.36477358565495],[78.06106264542753,27.381506315928785],[78.08795435238278,27.352887807633227],[77.98413718590508,27.32531283978116],[77.96923269293238,27.266947385249555],[77.90370855301704,27.322977919768086],[77.91030306163661,27.409171563645994],[77.93443804033046,27.412981047891954],[77.90277402753087,27.44077353288248],[77.942226344075,27.484478305301725],[77.87955979107012,27.53382992029861],[77.90003391273592,27.586274079229742],[78.00518487814689,27.60729544467711],[78.02394703961738,27.77149732132614],[78.21802703503012,27.760941029462895],[78.20422976238473,27.730180467492637],[78.2596747693076,27.676532488638497],[78.4485071092688,27.81782898185926],[78.47875242490092,27.807601843481784]]]}},{"type":"Feature","properties":{"name":"Jalaun","state":"Uttar Pradesh"},"geometry":{"type":"Polygon","coordinates":[[[79.50369675042039,26.363763161763984],[79.57497862722221,26.354802675995842],[79.52895556494889,26.31436878016685],[79.54911812308505,26.275210240107256],[79.76804893794453,26.181141072760585],[79.74495093396848,26.134633555130797],[79.93222639575396,26.079673874967117],[79.94602445794438,26.02959757371351],[79.91354435198429,26.01166955237423],[79.95717579375835,26.022686870599767],[79.93442496747791,25.97496435686338],[79.84581308502057,25.960336891998967],[79.87032924981014,25.881684466167346],[79.82227335378727,25.912443180419988],[79.81203341901634,25.868701504485983],[79.77864615765512,25.865920162529047],[79.74026950969477,25.91278811686107],[79.68911043949956,25.928607880147357],[79.66174575992675,25.90420903011024],[79.62160718635158,25.93223110429584],[79.61321815201853,25.89827625079171],[79.52529170452691,25.888969711306544],[79.57592383203888,25.860936119912086],[79.55391702587484,25.822452729025624],[79.50181666139163,25.858025207264273],[79.46022442397275,25.788426096915373],[79.40902583749667,25.809947775174784],[79.32004950861314,25.769527615879074],[79.29590618652944,25.815578137958163],[79.21363223924602,25.78987848883482],[79.13381772298992,25.81355517376513],[79.10818009176717,25.890820736338338],[79.0406569798141,25.86764996521057],[79.03079134115302,25.903686879604294],[79.08590056638617,25.916386737245247],[78.93538366904619,25.950083322056727],[78.95238050549044,26.031493623319168],[79.01128568664497,26.07631662360329],[78.95082823794073,26.133625221803566],[79.0089227733027,26.1494652556285],[78.98399476284746,26.187262918585567],[79.0289951228022,26.20412665365134],[78.99256774014654,26.23745496626982],[79.06536477747967,26.227346741542117],[79.04537145516795,26.26142807066936],[79.13503700614484,26.31046881995328],[79.14223650109034,26.33938233536995],[79.0852517500246,26.357087997106245],[79.09535542199163,26.412196613994052],[79.13534957154299,26.43917861593896],[79.29268270483904,26.44240606742699],[79.3416833830532,26.401377814807415],[79.45847866517755,26.434100023089496],[79.50369675042039,26.363763161763984]]]}},{"type":"Feature","properties":{"name":"Jaunpur","state":"Uttar Pradesh"},"geometry":{"type":"Polygon","coordinates":[[[82.68229538444598,26.15121636272267],[82.77363848567255,25.894367429582616],[82.7580781845469,25.836906766849197],[82.83547920123716,25.766123986254193],[82.93083343150775,25.755946585989726],[82.98583426465173,25.6793359229114],[83.00857960277988,25.712549855784275],[83.07815393841413,25.681419913232478],[83.07915321914815,25.556072725377316],[83.04418623879594,25.53969022310696],[83.02176773417459,25.575401419598077],[82.95440205583485,25.524739252103718],[82.9299179436169,25.57003383617752],[82.86683797605042,25.57996967918221],[82.77969296821072,25.5288903902629],[82.73450677685588,25.54546595461451],[82.71065973813786,25.482521191303285],[82.7363896448807,25.462079702175416],[82.7054190758378,25.457014150580495],[82.69373400602963,25.394505076605554],[82.62667958772242,25.39257348220834],[82.60654341316665,25.45040070116897],[82.57056898338838,25.415137962926938],[82.5590424623192,25.455888447640913],[82.51488167403623,25.441656073209664],[82.44457800187223,25.516930094735606],[82.4122871441779,25.49031012550478],[82.39665638551267,25.5213684239998],[82.36664137522082,25.5084378912638],[82.15437129489469,25.60084673874474],[82.12098574970962,25.643412471733576],[82.1892965664945,25.71133306556285],[82.17858370026175,25.824752733073403],[82.27881447858633,25.842119400772823],[82.29643353077245,25.891734904488924],[82.34662929077834,25.914950270679192],[82.39609639130602,25.910617527393157],[82.34754618025838,25.95587320154137],[82.37100017183583,25.981583269517895],[82.43680387658614,25.981281634816877],[82.43232571751547,26.008824280454824],[82.48476629820671,26.000911834352625],[82.4920686078928,25.972342126434828],[82.52382455755007,26.000905557853784],[82.46672793601101,26.044341389262218],[82.44499499723034,26.132649126280718],[82.56987001475187,26.13110305188773],[82.60086322454245,26.196073516279437],[82.68229538444598,26.15121636272267]]]}},{"type":"Feature","properties":{"name":"Jhansi","state":"Uttar Pradesh"},"geometry":{"type":"Polygon","coordinates":[[[79.32004950861314,25.769527615879074],[79.39889686489549,25.77822848935107],[79.36354683775942,25.771982268408898],[79.40012119338076,25.74050372641562],[79.37286426616365,25.699115801699644],[79.40602487829403,25.652619975773014],[79.36067368819593,25.64307603405992],[79.38919461042259,25.577228994576412],[79.4207602045488,25.57723947746013],[79.26360812205795,25.286813600832133],[79.27324143643025,25.261517645825148],[79.2953660727598,25.285345764728046],[79.35216663779794,25.259444540787285],[79.34016866663168,25.196015912875012],[79.28117163824973,25.24325256855028],[79.3084772443951,25.126055900258503],[79.26753895665591,25.11731777315684],[79.24331225307986,25.156129673024804],[79.22135847641577,25.143556414033455],[79.24582736173625,25.11157492596101],[79.19229684747431,25.14629116854677],[79.18671590260773,25.112877390337296],[79.13170875670941,25.107034308973994],[79.09169504662766,25.187625920331104],[79.03556470091084,25.135053668384938],[79.0638476560022,25.220779148906587],[79.01238750078059,25.271981429679773],[78.97852225006804,25.239946307549864],[79.00314407901861,25.191009644443653],[78.9556517200073,25.21521080074596],[78.88114409846709,25.158324651737455],[78.88316612457913,25.25076263761314],[78.97743929283016,25.28020736023541],[78.96320931750621,25.34271119593117],[78.88387704325747,25.339387462124623],[78.84900131566701,25.22416219282135],[78.818955796788,25.294784568515663],[78.79054376080992,25.298111726334582],[78.88215540411562,25.38255921362862],[78.95682633953507,25.395079870042448],[78.89986735909501,25.370218104906616],[78.93605099249572,25.346743041616765],[78.98597750387587,25.370950007764986],[78.96764611561476,25.433783304165114],[78.91070459197856,25.44181140813534],[78.94316304030428,25.474878843471146],[78.9383443247134,25.55453352330145],[78.88191296263821,25.551809035605995],[78.88353275069593,25.519124013091034],[78.83580509441619,25.504792633447337],[78.86462257792451,25.461988253745044],[78.84165693900339,25.427320647186075],[78.83731573621944,25.460532014892138],[78.73913914610765,25.49544566953489],[78.7624270775912,25.42869017483699],[78.82030289497865,25.42529127321718],[78.7504644865038,25.407550473211465],[78.77165051573687,25.353294387990434],[78.66512237600013,25.382831354021842],[78.66376853865992,25.41496248088007],[78.70870775802943,25.42369158579632],[78.65998391142013,25.438817945857025],[78.6358133042404,25.40129418579611],[78.56827552399261,25.39052347970529],[78.58333954297625,25.346791255618008],[78.53225485582739,25.357856872977262],[78.53213221236838,25.301402928202318],[78.44214428183165,25.29738327623429],[78.45139094619688,25.26483349370469],[78.50370010337349,25.28873839993564],[78.57560947135234,25.253524212754265],[78.44973207540012,25.123744368543363],[78.42509987299236,25.148455778307163],[78.45080630640602,25.16750922844908],[78.3921804513703,25.190087469471273],[78.35203462309026,25.292792171254522],[78.31490004201042,25.305828146725737],[78.33818288946047,25.3315529925666],[78.30664419404218,25.378556184667055],[78.35460972958388,25.44960217130495],[78.42784180783298,25.4723808633797],[78.4365354576155,25.558569587455786],[78.58852347567274,25.55904482104558],[78.61600249502521,25.583804095085238],[78.65600250820142,25.560384280068554],[78.81275259044233,25.619301107092966],[78.8189432222032,25.669190694108888],[78.7544432223168,25.743743992110325],[78.82824237404202,25.79404756611195],[78.81901753511035,25.824740913009535],[78.86968164585835,25.793847931112797],[78.85444468380305,25.85511003773039],[78.89052322169891,25.86488142748857],[78.8842649911723,25.910247085830417],[78.93538366904619,25.950083322056727],[79.08590056638617,25.916386737245247],[79.03079134115302,25.903686879604294],[79.0406569798141,25.86764996521057],[79.10818009176717,25.890820736338338],[79.13689609809994,25.812385211291154],[79.21363223924602,25.78987848883482],[79.29590618652944,25.815578137958163],[79.32004950861314,25.769527615879074]]]}},{"type":"Feature","properties":{"name":"Jyotiba Phule Nagar","state":"Uttar Pradesh"},"geometry":{"type":"Polygon","coordinates":[[[78.52515472688651,29.069780672439162],[78.57200420483147,29.017080049693732],[78.53013221998884,28.94207570816514],[78.63020312051611,28.92270049468232],[78.65434236204304,28.839923622030977],[78.53429320667682,28.77531801306462],[78.42049953388282,28.78487277983626],[78.43262162922775,28.484391800443078],[78.29100029161395,28.40305180454847],[78.30495195860003,28.458706639694825],[78.21992598105356,28.4999319070795],[78.22985306949289,28.57314110619169],[78.19301718695517,28.670305980526607],[78.14128505291501,28.721068670959045],[78.10898471966894,28.87290387913027],[78.06169167372086,28.896578088841846],[78.0970199734303,28.983866509521256],[78.0847196189743,29.068069408133773],[78.36691139685337,29.02934933093425],[78.52515472688651,29.069780672439162]]]}},{"type":"Feature","properties":{"name":"Kannauj","state":"Uttar Pradesh"},"geometry":{"type":"Polygon","coordinates":[[[79.72585849866925,27.216382843384142],[79.90556406562189,27.1465091264871],[80.01896195535508,26.96424520472638],[79.98565125268397,26.927239909226017],[79.94470296073645,26.943736746273995],[79.96561832441459,26.859707115533567],[79.8974372187041,26.849660860897362],[79.89517987776611,26.81225390979337],[79.86027240932646,26.826849783528413],[79.84679254167753,26.774669251522262],[79.7214971420274,26.802709801368422],[79.65249021605091,26.893223091655024],[79.56054581981896,26.860659160323433],[79.43865199671805,26.94100226399572],[79.31980294340148,26.94174182972892],[79.43393110014912,27.0667826424237],[79.4402475421446,27.093589553802307],[79.39008105575837,27.1158668936913],[79.41255797073568,27.22562933871579],[79.5220073242113,27.2093650657718],[79.56545899234634,27.158575466652493],[79.61623368222475,27.18747397479484],[79.67055607081677,27.165907172094595],[79.72585849866925,27.216382843384142]]]}},{"type":"Feature","properties":{"name":"Kanpur Dehat","state":"Uttar Pradesh"},"geometry":{"type":"Polygon","coordinates":[[[79.94639120681244,26.844964205826212],[79.96121552396696,26.761417447879275],[80.01811834795076,26.697869372608398],[80.0230085511972,26.608153000838843],[80.09613902506565,26.597655596084692],[80.1760138735963,26.50642228847035],[80.12506731792821,26.45897797626228],[80.16687463406622,26.304181192356822],[80.13104899581268,26.30692425902599],[80.11754772529952,26.256347289591616],[80.08691739638545,26.281484360233108],[80.01364093900459,26.261473236336368],[80.02262233164714,26.178142469751613],[79.93992725961719,26.157833997441905],[79.91439082582626,26.089182551718704],[79.74495093396848,26.134633555130797],[79.76804893794453,26.181141072760585],[79.54911812308505,26.275210240107256],[79.52895556494889,26.31436878016685],[79.57497862722221,26.354802675995842],[79.50369675042039,26.363763161763984],[79.63941388348151,26.508000621162555],[79.63802090283359,26.600223665492617],[79.7212944410058,26.661090379425254],[79.67668925817361,26.742850580312634],[79.75916374352934,26.783316956743587],[79.84173058248884,26.771676054577977],[79.86027240932646,26.826849783528413],[79.88958133897779,26.810576692005522],[79.8974372187041,26.849660860897362],[79.94639120681244,26.844964205826212]]]}},{"type":"Feature","properties":{"name":"Kanpur Nagar","state":"Uttar Pradesh"},"geometry":{"type":"Polygon","coordinates":[[[80.00854020745456,26.95230016479612],[80.10686593329659,26.871640007393392],[80.14128225683874,26.732398900501984],[80.26724115857239,26.65923444362534],[80.30981292691463,26.525583063707018],[80.53332494645913,26.35753841763138],[80.5616101601695,26.26458116032035],[80.54213864425154,26.19904691635053],[80.40813092276092,26.161019551811812],[80.27122715561855,26.06058786311442],[80.21427482986718,25.91734744277477],[80.08487623442045,25.99857334942229],[80.11433595394014,26.045941686956915],[80.09527758171747,26.077883889694366],[79.95715051496279,26.082663515995918],[79.96634409913341,26.155238443835003],[80.02262233164714,26.178142469751613],[80.01364093900459,26.261473236336368],[80.08691739638545,26.281484360233108],[80.11754772529952,26.256347289591616],[80.13104899581268,26.30692425902599],[80.16723119636185,26.305620364558628],[80.12506731792821,26.45897797626228],[80.17592551881198,26.527464406456893],[80.09613902506565,26.597655596084692],[80.0230085511972,26.608153000838843],[80.01811834795076,26.697869372608398],[79.96121552396696,26.761417447879275],[79.94470296073645,26.943736746273995],[79.98565125268397,26.927239909226017],[80.00854020745456,26.95230016479612]]]}},{"type":"Feature","properties":{"name":"Kansiram Nagar","state":"Uttar Pradesh"},"geometry":{"type":"Polygon","coordinates":[[[78.65046838791231,28.03882020223201],[78.7277419385614,27.961057517498357],[78.88941843950111,27.91678303555669],[78.9209289748365,27.85102658536937],[78.98724167904079,27.87308560498175],[79.00291877118913,27.839969622560293],[79.12315914699617,27.847140741328676],[79.16027240628337,27.822335555983845],[79.21331395454149,27.734694177404165],[79.20928493004962,27.70697312218611],[79.12451130164534,27.68474939370576],[79.17759766279835,27.583572028252576],[79.1073024026234,27.553093669430318],[78.99368986152204,27.66025274121807],[78.9656566794115,27.564020494100312],[78.89103933086456,27.547704363581392],[78.89139312484899,27.586726925971046],[78.74409202941722,27.635226447178592],[78.68716785417608,27.740202510939916],[78.60994727705014,27.74453996565315],[78.55217652839255,27.7848795433008],[78.51459715913089,27.739926919897577],[78.47559612001496,27.758297776127705],[78.47553971938403,27.80834717146392],[78.51825437240501,27.814574933270336],[78.49482029116544,27.857453008000338],[78.57577588053645,27.93687964433033],[78.6087735308094,28.029752080997838],[78.65046838791231,28.03882020223201]]]}},{"type":"Feature","properties":{"name":"Kaushambi","state":"Uttar Pradesh"},"geometry":{"type":"Polygon","coordinates":[[[81.55818855226002,25.57026326188887],[81.64890298416482,25.578558409073786],[81.66693074934217,25.513476874139204],[81.80124131482691,25.47083254932817],[81.82335015428339,25.411440327897235],[81.80331017116957,25.322699432893955],[81.63624118496452,25.350603638859692],[81.45998008238716,25.25862876178398],[81.3892076691897,25.27188858555801],[81.3866201715574,25.334718865868123],[81.2689927557967,25.3238173013754],[81.15144831634032,25.39697636433871],[81.15148204044817,25.425500935954005],[81.22203665211806,25.441223212980894],[81.27058765455229,25.499084842064313],[81.24235273712765,25.58451584901837],[81.21098294416227,25.596369223532577],[81.21665803025746,25.67030817236219],[81.24043098421889,25.675874531782338],[81.20600453604239,25.683737885352823],[81.20122037135154,25.7193281073728],[81.3367930252967,25.810146851619763],[81.40425896997232,25.76237616664301],[81.36888711291314,25.712055279532763],[81.38344715100182,25.688564550051392],[81.53116895356627,25.61913696933793],[81.55818855226002,25.57026326188887]]]}},{"type":"Feature","properties":{"name":"Kheri","state":"Uttar Pradesh"},"geometry":{"type":"Polygon","coordinates":[[[81.05821058723076,28.40382997617456],[81.0360998471797,28.28933433157406],[81.18657764477965,28.11630513709682],[81.16699882471019,28.04467330602124],[81.30674711122339,27.907345289259997],[81.27912556917863,27.884007472338123],[81.30830209290129,27.82049165422138],[81.28079643561945,27.80563654661589],[81.30345629701964,27.681155951750075],[81.25263266846986,27.67728598913625],[81.27056640013177,27.701810038909212],[81.24598723561571,27.72889889987828],[81.1847600820867,27.73599105207339],[81.22984621775657,27.760261903652285],[81.1450080699245,27.807075434250756],[81.10985260371045,27.789407794366227],[81.07217934568327,27.825382830232158],[80.9881181082935,27.828431746737355],[81.00985855276129,27.880326408106416],[80.97846911100574,27.905734231017696],[80.93184039464573,27.844030707028082],[80.89663536517675,27.851626243356996],[80.82872984825056,27.790865957454667],[80.79077907667195,27.817343600161987],[80.74305964876753,27.78728677317643],[80.64118835200884,27.838962027843902],[80.60627660427669,27.74981982441929],[80.56647217743176,27.74844258510342],[80.51982488437115,27.808229012857243],[80.3122283615637,27.678619138289356],[80.233583135632,27.770062365005337],[80.13216382191463,27.74963931688893],[80.13673116763319,27.77721044759099],[80.0629693633199,27.770245052480163],[80.02544608514448,27.918772672796138],[80.08210668170686,27.926650047717903],[80.1235776856624,27.99626093690825],[80.24793921919785,28.056355068522688],[80.25106229696573,28.15049805269261],[80.30192830387838,28.151974631880265],[80.3070192106462,28.258526804160415],[80.37117728553153,28.342622966667378],[80.3010367604346,28.453344514075095],[80.32401677524176,28.481062699259464],[80.37633122216543,28.459836473023273],[80.4334726054461,28.502569407603318],[80.38088369908894,28.592097380838773],[80.3037370070172,28.61651604984718],[80.32854338194738,28.674449907408153],[80.37216461588268,28.633280998210022],[80.46217491870415,28.62425850495456],[80.52275975272237,28.557552439861023],[80.50866831476351,28.66579191250504],[80.58259833750897,28.68358985850186],[80.5941021547172,28.64605645740282],[80.66886285560707,28.639826299233523],[80.70266260693747,28.57535105731914],[80.77136343277932,28.565254831566662],[80.78711116656952,28.524523767459065],[80.89229301161134,28.504534211796567],[80.90239997158145,28.46097027938145],[81.0138584023882,28.448005612149394],[81.03978827478286,28.429813275245234],[81.02237463359704,28.410450385046325],[81.05821058723076,28.40382997617456]]]}},{"type":"Feature","properties":{"name":"Kushinagar","state":"Uttar Pradesh"},"geometry":{"type":"Polygon","coordinates":[[[83.87399699126307,27.297032192486462],[83.99503757704353,27.178650269625336],[83.95065980803062,27.086531741501762],[84.03053541009575,27.092450985072798],[84.00056008369222,27.06555191189812],[84.05057788088794,27.04169702248667],[84.03455249241973,26.93978763661249],[84.0615941011388,26.88882050026792],[84.15040037621887,26.88477943120889],[84.14116425108982,26.852891573417253],[84.17842407204174,26.83177047528528],[84.25060930630829,26.859726309116223],[84.24335058883612,26.73689862302759],[84.3073943503929,26.750671993757756],[84.33493678169586,26.681737197694193],[84.4114847174571,26.668760172405253],[84.42360226727574,26.624759562327704],[84.28143639251975,26.59684777648986],[84.09109350617113,26.640167033476253],[84.05500076444586,26.548444588572302],[83.96689875869555,26.62709022887621],[83.96101452623105,26.67130323989776],[83.84289297473092,26.75702827669517],[83.79170185579787,26.707131882139215],[83.68333564124607,26.69996399437906],[83.63167038730101,26.657013947526405],[83.62029552799397,26.75314705945377],[83.58620427229121,26.761136195616757],[83.59311385947377,26.794075018213803],[83.52899235630309,26.85925917537263],[83.57157928951797,26.932758792354544],[83.60721863166927,26.91140995309077],[83.6229873048872,26.954898380095173],[83.72859587163686,26.95318291105586],[83.76954635567579,27.000580940148186],[83.73041190345086,27.05438688040123],[83.76497193490475,27.052671767692846],[83.74690077303353,27.07512045523763],[83.8035693977016,27.11095368331232],[83.826420916356,27.175417244232744],[83.78211515788503,27.165234010567385],[83.80010795508548,27.214598836804594],[83.83184858787902,27.210722702355476],[83.79586262337273,27.24485072871837],[83.84722760898245,27.24927285656955],[83.8422493496604,27.285853807327076],[83.87399699126307,27.297032192486462]]]}},{"type":"Feature","properties":{"name":"Lalitpur","state":"Uttar Pradesh"},"geometry":{"type":"Polygon","coordinates":[[[78.98874878557561,24.4428790402691],[78.9735569503754,24.349374228798307],[78.88536951154036,24.218841269931684],[78.80866689425044,24.177689464376723],[78.76671875080974,24.254200915817226],[78.67546019101047,24.240703493427866],[78.58475905462099,24.352644137158126],[78.51166170700125,24.389467709242858],[78.38844317794961,24.269501907304186],[78.33206776633449,24.325139248738385],[78.36709146516122,24.38126727020388],[78.27296597857611,24.442784780285212],[78.22264488958096,24.526981175142367],[78.26504079660566,24.553519705502577],[78.27474409546502,24.66235880731774],[78.17169188937368,24.876839624082898],[78.33414410173012,24.994600454906266],[78.33934593668131,25.088213710963476],[78.45619697163907,25.126656048939793],[78.56959819085242,25.220950203934816],[78.60408896673547,25.09289098070204],[78.64886554622584,25.056544112647067],[78.62888615430506,24.96002662386871],[78.67522633404381,24.897580525238787],[78.77135925637761,24.856596235995045],[78.78737777631129,24.810247746352914],[78.75613529515762,24.60039878176323],[78.83552500813893,24.603256620814452],[78.87986992207854,24.642379806186806],[78.97317439746789,24.49253885516099],[78.92054334331264,24.496393846894016],[78.91530000951097,24.462360666876688],[78.98874878557561,24.4428790402691]]]}},{"type":"Feature","properties":{"name":"Lucknow","state":"Uttar Pradesh"},"geometry":{"type":"Polygon","coordinates":[[[81.1659996042732,26.592543097299206],[81.04741667530362,26.501500906903686],[80.89194271229658,26.59785545504085],[80.84283789490675,26.663022587429435],[80.79454090586175,26.646354727216814],[80.75705199759413,26.686163873745663],[80.72940882580532,26.65586229522117],[80.69147680820649,26.756063895812055],[80.75569960640854,26.773839877905576],[80.62790913722924,26.880530001931813],[80.60935056309272,26.944050250601048],[80.5609145075456,26.93635216775479],[80.60013594155443,26.983885712030226],[80.56048840854083,27.01077733109079],[80.64680641734248,27.078554043868333],[80.70113641129578,27.06010336283851],[80.7347868640521,27.099616431438044],[80.8308009073013,27.099515892869526],[80.92930576264538,27.15897480066942],[81.01213777918647,27.140546373901287],[81.05608180601337,27.085283747746637],[80.98409701226417,27.069439410262756],[80.9784597524842,27.03535377113565],[81.0255411211121,26.972379349134098],[81.06545768718892,26.967650759432438],[81.04334144980072,26.938689400070082],[81.09577672097402,26.91454493219661],[81.09395818176412,26.837794169057688],[81.17084209033541,26.80735369961387],[81.16409976493681,26.773158471231156],[81.21657679447839,26.782277130199482],[81.18862741229894,26.76147191171749],[81.2190026254151,26.706054181030087],[81.16729241031946,26.6431951457026],[81.1659996042732,26.592543097299206]]]}},{"type":"Feature","properties":{"name":"Maharajganj","state":"Uttar Pradesh"},"geometry":{"type":"Polygon","coordinates":[[[83.8665616707397,27.34490531880138],[83.83909160422441,27.319451695222014],[83.91814911053649,27.327132013996412],[83.93572916925056,27.30096394016234],[83.90809753958894,27.275759360536355],[83.84472388990677,27.287535498970904],[83.84722760898245,27.24927285656955],[83.79586262337273,27.24485072871837],[83.83184858787902,27.210722702355476],[83.80010795508548,27.214598836804594],[83.78211515788503,27.165234010567385],[83.826420916356,27.175417244232744],[83.8035693977016,27.11095368331232],[83.74690077303353,27.07512045523763],[83.76497193490475,27.052671767692846],[83.73041190345086,27.05438688040123],[83.76954635567579,27.000580940148186],[83.72405345198914,26.951046818362375],[83.6229873048872,26.954898380095173],[83.60721863166927,26.91140995309077],[83.57157928951797,26.932758792354544],[83.54469098018397,26.880414569805584],[83.44248693894504,26.97940051846644],[83.33137309803337,26.980966397703458],[83.40363294951311,27.08764011732937],[83.34147835616116,27.091270420547005],[83.28462506787422,27.0500822867757],[83.17774193470592,27.087490129583593],[83.1235273373688,27.156155790856257],[83.16927005454207,27.145005346194736],[83.16746787308085,27.21763276316477],[83.21861698434188,27.242289021850077],[83.27039820686495,27.325719762492074],[83.39114627864144,27.37267931754484],[83.40210258120369,27.47796052780916],[83.61359643626686,27.46893463926263],[83.8665616707397,27.34490531880138]]]}},{"type":"Feature","properties":{"name":"Mahoba","state":"Uttar Pradesh"},"geometry":{"type":"MultiPolygon","coordinates":[[[[79.95299087077642,25.64196789504868],[80.01471192902139,25.55389976197157],[79.98275394533236,25.53576858339284],[79.99705904906807,25.49122379040839],[80.03559569270946,25.491679963105568],[80.02747073289757,25.43618187797354],[80.15016971410668,25.39762896117728],[80.10421998414405,25.347005521526984],[80.02883497026592,25.338553506607887],[80.00474019621366,25.26409411188895],[79.85505531962734,25.23558978717231],[79.86371255276961,25.09400225421061],[79.75342626343416,25.13929565017239],[79.60557936902605,25.126785192684125],[79.57323327759244,25.172848968420464],[79.49746113754378,25.078091096714626],[79.46810766176887,25.091654428599497],[79.47600444883209,25.129742391773455],[79.39835869472296,25.113172908044405],[79.41572910734189,25.202726343013765],[79.49814315096171,25.265543613044407],[79.42298921414475,25.2543947185436],[79.37511075773469,25.289450357827423],[79.36594281894237,25.258666122152587],[79.33840795965347,25.289166855988906],[79.3522780062373,25.329533394553284],[79.27708216227445,25.337041096887024],[79.34038202894129,25.401801090546517],[79.3889876108631,25.521829712579297],[79.64233982178717,25.48418502788855],[79.6608229648798,25.550400947710866],[79.71415457229041,25.566430185088404],[79.80923539349062,25.497181077788444],[79.8243795186428,25.54699061070828],[79.94823769817219,25.595674910507274],[79.95299087077642,25.64196789504868]]],[[[79.36726853570651,25.12703925887471],[79.42414537228186,25.056832309715585],[79.41313883431395,25.03364011109119],[79.35948764137285,25.039832339400995],[79.35393776326838,25.06731445848487],[79.38219042259028,25.06544604176759],[79.36726853570651,25.12703925887471]]],[[[79.37320993489841,25.179739933489984],[79.35657519408478,25.174291122306688],[79.3627075963484,25.186612652310384],[79.37320993489841,25.179739933489984]]]]}},{"type":"Feature","properties":{"name":"Mainpuri","state":"Uttar Pradesh"},"geometry":{"type":"Polygon","coordinates":[[[79.14689800821489,27.37665640182243],[79.28948766204029,27.281865473354795],[79.32059853412137,27.286624882695268],[79.33936543429805,27.21549228415385],[79.39471789544929,27.196819325728523],[79.39597053587131,27.097929709547447],[79.4402475421446,27.093589553802307],[79.35637247110151,26.958691258257563],[79.27495987003324,26.990226371717142],[79.19992850501804,26.9732882349338],[79.18411353706603,27.00601986529652],[79.06450318086003,26.989400339564327],[79.00001074521383,26.930476640355757],[78.93219961325856,26.984420993249817],[78.81823149028308,26.955724801024104],[78.83055202655692,26.982300705346727],[78.80076941822186,26.98492624407277],[78.78043999809356,27.04985261140517],[78.78743535388396,27.12316536192843],[78.8193403031886,27.13875730772256],[78.71337098679511,27.283965423557124],[78.73385670251916,27.335710681765693],[78.83648336611947,27.360940529407305],[78.89075159633234,27.469422408817845],[78.9595248386133,27.41916374597899],[79.109595204993,27.432273943916748],[79.14689800821489,27.37665640182243]]]}},{"type":"Feature","properties":{"name":"Mathura","state":"Uttar Pradesh"},"geometry":{"type":"Polygon","coordinates":[[[77.89762477164075,27.583849971681293],[77.87942445189783,27.525058453571923],[77.942226344075,27.484478305301725],[77.90277402753087,27.44077353288248],[77.93443804033046,27.412981047891954],[77.89900136182872,27.358388128928283],[77.95034217492686,27.283797265526],[77.93955215347815,27.237101386685232],[77.88287953436962,27.295450848967903],[77.87235987054542,27.248473960153408],[77.85681020993907,27.256516702848387],[77.8557601611285,27.2861651656166],[77.84786765620639,27.29022093437591],[77.78358140915613,27.233776709449224],[77.64730331119105,27.241396980693896],[77.60009154326971,27.294829012863552],[77.62261269674224,27.337661887771798],[77.58299454238949,27.32100442474751],[77.4403005749853,27.39350619872897],[77.4380901489598,27.456385723748486],[77.34363612396395,27.52440758822296],[77.35870939229362,27.587782130835592],[77.31980501249915,27.606086150532704],[77.34527172523535,27.69057214142573],[77.30633053712579,27.71309154261021],[77.31300197646004,27.78242047505367],[77.28461252153825,27.80098682508302],[77.34829199381817,27.85398285963099],[77.42142224747964,27.853421360702463],[77.42136880996883,27.89051102755811],[77.46758348417687,27.879628880011605],[77.49395845617683,27.93823122567764],[77.56432116147855,27.912543763239572],[77.65591720522983,27.963949147663207],[77.8090455658172,27.86064420963532],[77.78377242893394,27.8396883101256],[77.83479139611659,27.75510453229749],[77.80177941121595,27.743135989561207],[77.79413490510463,27.684135342489352],[77.85092103817585,27.653251809129827],[77.8698289919729,27.576416381911496],[77.89762477164075,27.583849971681293]]]}},{"type":"Feature","properties":{"name":"Mau","state":"Uttar Pradesh"},"geometry":{"type":"Polygon","coordinates":[[[83.31148481979457,25.85374626191678],[83.37526299828733,25.92173182024267],[83.32425197014477,25.94881060488613],[83.32642231285563,26.03190294296705],[83.38723803451349,26.047913752077932],[83.38479693129018,26.084541597997923],[83.42278818603576,26.109670277057923],[83.40993934236539,26.167645805812526],[83.4711995105487,26.258195177250116],[83.53437122781816,26.27705919136998],[83.62886920472516,26.217753891704074],[83.74182541088597,26.262364545828657],[83.79043813626438,26.229527928369027],[83.81273947197079,26.18519025882908],[83.78133119613878,26.160448767885047],[83.79544284928492,26.107759393863937],[83.68265597319386,26.075324614259074],[83.6893633095633,26.009489848624394],[83.79759175137612,25.986499462917674],[83.79852266661027,25.92264033380846],[83.73913444392475,25.86098870306804],[83.6483554692953,25.894193858959106],[83.63425584431252,25.866192005444976],[83.5967008916944,25.88254599857826],[83.40805456340308,25.839994164371177],[83.37551475116771,25.79774114272156],[83.31148481979457,25.85374626191678]]]}},{"type":"Feature","properties":{"name":"Meerut","state":"Uttar Pradesh"},"geometry":{"type":"Polygon","coordinates":[[[78.13717508460716,29.25340333225115],[78.14266502027226,29.17999646847769],[78.0847196189743,29.068069408133773],[78.0970199734303,28.983866509521256],[78.05870498308484,28.93708778695005],[78.06366330532013,28.892599450034908],[78.11598777073829,28.856306401152757],[77.93547805472397,28.836477183040152],[77.87283357549134,28.863630697694504],[77.86812202977755,28.794554301520503],[77.7925195660935,28.785921126842748],[77.7282625239345,28.736268459453473],[77.69087926061323,28.757883273523216],[77.71814562097138,28.80896556785395],[77.69318701074397,28.874961742769866],[77.46179375233046,28.905577267253918],[77.47716607036118,28.960503470792652],[77.43355262708084,29.090688093683667],[77.47703695948029,29.183087529802705],[77.59091922645308,29.26148628863101],[77.64039723703863,29.222845658698056],[77.68510273041127,29.245802600038076],[77.78210538275096,29.180369469100786],[78.03720091705944,29.26180290041012],[78.13717508460716,29.25340333225115]]]}},{"type":"Feature","properties":{"name":"Mirzapur","state":"Uttar Pradesh"},"geometry":{"type":"Polygon","coordinates":[[[83.03413809309144,25.241484965521032],[83.18372937208652,25.17528200473605],[83.12957371849922,25.12429110447689],[83.12971777892909,25.05808031194046],[83.05925866636258,25.058007556810658],[83.06733702637815,24.928638644668347],[83.11341062853518,24.815557716713773],[83.01700300770071,24.814693417325827],[83.01064163754633,24.905415693783315],[82.95498062267285,24.837582259474846],[82.80857489868883,24.85166918363757],[82.70352197380248,24.827986361298926],[82.65916015985752,24.78466205930091],[82.58285386204912,24.830284923205994],[82.54749008602872,24.807837938084745],[82.55000138122861,24.694600493097326],[82.4569998119029,24.67567167749192],[82.42832258658612,24.702969067903407],[82.42269364380554,24.604227456824272],[82.39376292530166,24.595196774441863],[82.30204545301412,24.611452584219045],[82.2866757210339,24.678512730177392],[82.23809315648099,24.667243057964722],[82.25187425419503,24.77324872790838],[82.20769518754437,24.74956154692898],[82.22158648371352,24.741717028814183],[82.22193849218417,24.72619147638339],[82.1810883071447,24.73704624606742],[82.21769592630775,24.778955500805868],[82.18725025315848,24.80206704171623],[82.20422079371808,24.821924286394783],[82.1204239909639,24.789631953468657],[82.08427408473106,24.832687612511954],[82.30674993138611,25.021717187640977],[82.32655602997578,25.08552063956475],[82.30177416421233,25.15646399371807],[82.27025661533568,25.162402793465997],[82.28807335271438,25.199339558139275],[82.24087964674071,25.220932773594765],[82.27219920914702,25.27258603680816],[82.34801012939056,25.209241583367426],[82.39066548380123,25.26123125657673],[82.45089753848987,25.220566603713998],[82.47630354884112,25.24683374633009],[82.58641803810323,25.251170576748116],[82.63650449423172,25.218376684898328],[82.64469880398045,25.257906328509602],[82.75281738016632,25.240629114451544],[82.76241277615715,25.26779320466603],[82.77996066707048,25.271313954429782],[82.7817290842964,25.229651315358893],[82.82185034299968,25.25381870466312],[82.79371504479217,25.179089173509276],[82.84769710076027,25.166780726010707],[82.9018236702441,25.215605192119757],[83.00221111647016,25.202707279099606],[83.03413809309144,25.241484965521032]]]}},{"type":"Feature","properties":{"name":"Moradabad","state":"Uttar Pradesh"},"geometry":{"type":"Polygon","coordinates":[[[78.77066713175357,29.28067492027275],[78.86464575425315,29.255288440438957],[78.91230427603452,29.144572451243345],[78.97274843665849,29.155551467967374],[78.93521996425076,29.079472513643346],[78.94713530985508,29.020427551741456],[78.8840860320189,28.960637419129906],[78.88784012672164,28.897502668845185],[78.9722583803455,28.825262145587995],[78.95176193507444,28.78153845525498],[78.97574100697747,28.76321489680027],[78.94601867570805,28.712850610226003],[78.87939860406115,28.69043552559862],[78.8467687625877,28.724152472483116],[78.83922764254278,28.660151083360955],[78.93765455814815,28.562528212401002],[78.92037006327853,28.479434574070922],[78.80538871491628,28.449822776961003],[78.75506859063834,28.376419906649577],[78.6387613501833,28.333172415149917],[78.52549477162961,28.35783670213193],[78.45623906323338,28.455173855088145],[78.41457036382859,28.46278643221304],[78.44090089878067,28.594474060458733],[78.42049953388282,28.78487277983626],[78.53429320667682,28.77531801306462],[78.65271296747665,28.836517056949493],[78.63020312051611,28.92270049468232],[78.53013221998884,28.94207570816514],[78.57200420483147,29.017080049693732],[78.52515472688651,29.069780672439162],[78.61653940462017,29.0917427276831],[78.664343409217,29.143786488103775],[78.63861662569016,29.161245055742395],[78.70254301953032,29.20714764105019],[78.67914764284058,29.208812669980777],[78.6966727891961,29.25640531744489],[78.77066713175357,29.28067492027275]]]}},{"type":"Feature","properties":{"name":"Muzaffarnagar","state":"Uttar Pradesh"},"geometry":{"type":"Polygon","coordinates":[[[77.99581608854398,29.582455983420775],[77.99635310304772,29.481825939669317],[78.13717508460716,29.25340333225115],[78.03720091705944,29.26180290041012],[77.78210538275096,29.180369469100786],[77.68510273041127,29.245802600038076],[77.64039723703863,29.222845658698056],[77.59091922645308,29.26148628863101],[77.51108631492316,29.189228222438533],[77.41066665245637,29.24505937444941],[77.15331476089085,29.29641166693984],[77.16501519968439,29.330391719643043],[77.12779932031303,29.36753883170696],[77.15794457040097,29.384718509450572],[77.15062265346815,29.43707469732519],[77.09782316097,29.523308402985364],[77.12111076578003,29.54804182734824],[77.09708158190149,29.595895222032226],[77.13718185560089,29.69201814873093],[77.22301279309067,29.69547325686981],[77.34171381514399,29.645086916579555],[77.45336536321388,29.67105535454663],[77.50099057939993,29.62541637203484],[77.62495852334001,29.612984992702877],[77.6617433469439,29.561053161930094],[77.696821362543,29.614444256322205],[77.74416072883156,29.603803234432238],[77.82314812280357,29.667032342422004],[77.95119900864371,29.709240781537193],[77.98915231212072,29.636491455652333],[77.9593254152343,29.5848509692405],[77.99581608854398,29.582455983420775]]]}},{"type":"Feature","properties":{"name":"Pilibhit","state":"Uttar Pradesh"},"geometry":{"type":"Polygon","coordinates":[[[80.07034803083064,28.829225999236915],[80.2662719495954,28.750380800308083],[80.27480456612776,28.71232016672749],[80.32383600910379,28.694953829549654],[80.3037370070172,28.61651604984718],[80.38088369908894,28.592097380838773],[80.4334726054461,28.502569407603318],[80.37633122216543,28.459836473023273],[80.32401677524176,28.481062699259464],[80.24202151017369,28.452733990557423],[80.2518252722784,28.408108034244968],[80.18837310290427,28.344875747740605],[80.12897503365427,28.38763671601978],[80.07244516474091,28.332155500421965],[80.01443859832398,28.362242809057445],[79.9545071783291,28.329527181517417],[79.95551651998721,28.116859486910712],[79.8628246044508,28.138112072551085],[79.8874329282396,28.177927212770054],[79.83147556869501,28.23938223620285],[79.80248771038545,28.168504891346902],[79.72444438003757,28.17955946885159],[79.736506554733,28.22920790129129],[79.68516387101704,28.263068237726515],[79.71066213643724,28.286519389578338],[79.67325193736939,28.316938133019352],[79.70287819557016,28.372505284883083],[79.67187403504167,28.391273803524818],[79.72304584357168,28.413012038194406],[79.72782073988296,28.460199702624408],[79.75741737119174,28.450315463708268],[79.7485949043607,28.504584116863313],[79.69035189321058,28.523073264039727],[79.67553393553862,28.582718589501102],[79.59972295873385,28.615945472006782],[79.62940829089541,28.709017650595406],[79.67262938720856,28.743462612231358],[79.64253718900113,28.8527606917007],[79.78634626268267,28.88574144768871],[79.82050006162737,28.85674065600744],[79.79513351976914,28.799340471840235],[79.8659145451685,28.838212709802043],[79.88745644538749,28.81226996891036],[79.85233516929796,28.80258547304924],[79.91310739827436,28.79605513493857],[79.93411655232511,28.726648182781677],[79.97954691502868,28.70955607208198],[80.04525853482657,28.75533281966111],[80.07034803083064,28.829225999236915]]]}},{"type":"Feature","properties":{"name":"Pratapgarh","state":"Uttar Pradesh"},"geometry":{"type":"Polygon","coordinates":[[[82.38204539899746,26.032094457453503],[82.43680387658614,25.981281634816877],[82.34786257116518,25.959783984967594],[82.39463597264219,25.9095264705176],[82.34662929077834,25.914950270679192],[82.29643353077245,25.891734904488924],[82.27881447858633,25.842119400772823],[82.17858370026175,25.824752733073403],[82.1892965664945,25.71133306556285],[82.11066208217392,25.654059266639806],[82.01236272765082,25.69677938271165],[82.03999643716787,25.723305077318468],[82.01342136979942,25.74553453421504],[81.93188590110582,25.751400083248736],[81.8899812911477,25.710866103782415],[81.79327217597609,25.748766404621204],[81.75476788769453,25.733525714743774],[81.75088094998029,25.668520628152347],[81.69720440091832,25.66703587087681],[81.72719051134916,25.62486835042024],[81.65970628399367,25.611952307829903],[81.64286630112073,25.66197097682986],[81.60906745908137,25.667282817272582],[81.61437022387987,25.592694704765933],[81.56943140920023,25.567892836293616],[81.53116895356627,25.61913696933793],[81.37330692977508,25.697238592308892],[81.40425896997232,25.76237616664301],[81.33978835172708,25.803237751110615],[81.3538910715196,25.83285751762592],[81.32719515687442,25.85676896852171],[81.4476505955488,25.936980148375078],[81.48771878891421,25.93092535713332],[81.50622909003017,25.972996245650084],[81.59586163725132,25.96619703007423],[81.56752586345256,26.028781495744777],[81.51867482232979,26.036418634693472],[81.569108097627,26.073067784924913],[81.54342142230621,26.1222201361919],[81.61944517247915,26.178302410221107],[81.68487182776877,26.117113841635106],[81.68824407773405,26.076134622876967],[81.74235185062578,26.085729572800528],[81.78694352462075,26.026279026992807],[81.88502802312476,26.0803354813766],[81.9329049148836,26.051732466683134],[81.96500356734612,26.078451626680568],[82.0667557870999,26.051769165915015],[82.10946702579987,26.075571434253142],[82.20342615885409,26.015079666956414],[82.24789128877437,26.056947020095055],[82.34721105620109,26.00562457122024],[82.38204539899746,26.032094457453503]]]}},{"type":"Feature","properties":{"name":"Rae Bareli","state":"Uttar Pradesh"},"geometry":{"type":"Polygon","coordinates":[[[81.54214724918344,26.52097379342221],[81.57235565215953,26.458429329148192],[81.54687962922863,26.424103714542838],[81.55539671031572,26.308638032205003],[81.61944517247915,26.178302410221107],[81.54342142230621,26.1222201361919],[81.569108097627,26.073067784924913],[81.51872412015398,26.034361761597538],[81.56752586345256,26.028781495744777],[81.59586163725132,25.96619703007423],[81.50622909003017,25.972996245650084],[81.48771878891421,25.93092535713332],[81.4476505955488,25.936980148375078],[81.37235263594305,25.866637765948422],[81.33517029210702,25.870006842214785],[81.3367930252967,25.810146851619763],[81.23347855370032,25.86109143565281],[81.21664075813564,25.926385799830683],[81.11637283059386,25.954878488317373],[81.01933279372649,26.063381615382745],[80.82640879184791,26.030402918474103],[80.67664442999587,26.10473143870497],[80.69758928041526,26.16027057724955],[80.77083273349356,26.18210630282754],[80.77165287124679,26.212234848347375],[80.82247013745862,26.201814830729276],[80.88009876603242,26.27830854214836],[80.83213259482348,26.34118114324793],[80.84612243993905,26.37114271464037],[80.89388233795123,26.342859359241523],[80.93854642085873,26.356740042138373],[80.96932967553525,26.30671982451087],[81.05099262361493,26.373354240422337],[80.9851822141079,26.467438313459333],[81.00000906779574,26.53494274269685],[81.05118661515505,26.501866522577007],[81.18518176342673,26.60473614087224],[81.31605828619172,26.53903946514103],[81.38327945051078,26.586945615273983],[81.54214724918344,26.52097379342221]]]}},{"type":"Feature","properties":{"name":"Rampur","state":"Uttar Pradesh"},"geometry":{"type":"Polygon","coordinates":[[[79.4132368563238,28.926154161406863],[79.38257344815135,28.870756598055287],[79.40477552387486,28.8195835452327],[79.37251778023432,28.816837713056387],[79.3917363183811,28.76061091596233],[79.30157264615481,28.715909577572397],[79.15501169604696,28.50345232915569],[79.00010026305326,28.431481554388522],[79.00011458044474,28.384767037237253],[78.9367425751987,28.43793028908811],[78.93765455814815,28.562528212401002],[78.83859448636099,28.680605235877707],[78.84866297052892,28.726619506099883],[78.87939860406115,28.69043552559862],[78.94601867570805,28.712850610226003],[78.97574100697747,28.76321489680027],[78.95176193507444,28.78153845525498],[78.9722583803455,28.825262145587995],[78.88784012672164,28.897502668845185],[78.8840860320189,28.960637419129906],[78.94713530985508,29.020427551741456],[78.93521996425076,29.079472513643346],[78.9725277689598,29.159807136032725],[79.0124559015305,29.11048386259054],[79.04161959779599,29.119358644623933],[79.02067884838479,29.130148019271466],[79.03894360643189,29.16620755071585],[79.14277652188085,29.123280820292795],[79.17010353530594,29.016786829854002],[79.21588038618461,29.02301696490498],[79.3106991335698,28.94699726941789],[79.37151526820084,28.96437279955411],[79.4132368563238,28.926154161406863]]]}},{"type":"Feature","properties":{"name":"Saharanpur","state":"Uttar Pradesh"},"geometry":{"type":"Polygon","coordinates":[[[77.94459226541237,30.24170933565358],[77.85135833409984,30.10700859929918],[77.79919972514439,30.094734882588057],[77.71539106408503,29.884480417748087],[77.77693202537138,29.78008867820792],[77.7710235739288,29.708020374804477],[77.82314812280357,29.667032342422004],[77.7910081238307,29.628729645569692],[77.696821362543,29.614444256322205],[77.6617433469439,29.561053161930094],[77.62495852334001,29.612984992702877],[77.50099057939993,29.62541637203484],[77.45336536321388,29.67105535454663],[77.34171381514399,29.645086916579555],[77.22301279309067,29.69547325686981],[77.14383769726128,29.694581133405414],[77.1287931240333,29.766057091180766],[77.16420655286727,29.788414286523913],[77.20119962591643,29.917207829396173],[77.28274776992126,30.043509494075078],[77.42696307501025,30.102202250305094],[77.43619378360246,30.163578026377493],[77.4859864580579,30.183660313898923],[77.58333782422001,30.306287633971674],[77.6051054416257,30.36593752560228],[77.57620359151622,30.399611453838652],[77.64740616859359,30.405951769395394],[77.72390950505478,30.333723875930634],[77.94459226541237,30.24170933565358]]]}},{"type":"Feature","properties":{"name":"Sant Kabir Nagar","state":"Uttar Pradesh"},"geometry":{"type":"Polygon","coordinates":[[[83.12752612981986,27.10167167037302],[83.1443155399983,27.004853324782232],[83.21681234323528,27.016443589419357],[83.19603487032334,26.944567872201322],[83.22750601527802,26.936826084674177],[83.21730431881933,26.884151504975204],[83.13745852548112,26.88719626730273],[83.10028556016283,26.807754242859673],[83.14548672586001,26.74605108857504],[83.08564450525276,26.700471926593107],[83.1325637781352,26.654859938295132],[83.10933599841536,26.615674646993497],[83.14121866628909,26.5622356139814],[83.20539991993033,26.524094075540557],[83.19002928892914,26.488940671640943],[83.09678711904053,26.483766235194345],[83.07079621161701,26.40784437463491],[83.01873057297651,26.478432850687607],[82.88186147324456,26.540058208403856],[82.93492392095403,26.672986073395162],[82.97897020096458,26.65219689110587],[82.97960572827868,26.731373161670305],[82.83660607180555,26.849619324952272],[82.86717022419747,26.881800339660373],[82.86018103194574,26.935443149429354],[82.92630817668595,26.929144814736993],[82.90483125511415,27.02114438247972],[82.95011805112965,27.021680650571415],[83.0344435458104,27.095834154748633],[83.12752612981986,27.10167167037302]]]}},{"type":"Feature","properties":{"name":"Sant Ravi Das Nagar(bhadohi)","state":"Uttar Pradesh"},"geometry":{"type":"Polygon","coordinates":[[[82.69372654498957,25.394497739895854],[82.70371326619525,25.318999517697087],[82.63726467578769,25.21842819034466],[82.58641803810323,25.251170576748116],[82.47630354884112,25.24683374633009],[82.45089753848987,25.220566603713998],[82.39318678612823,25.261519154412472],[82.34100500108958,25.20969056617767],[82.28493048860675,25.274790086664698],[82.24087964674071,25.220932773594765],[82.28675347050446,25.189169794927537],[82.19690500915779,25.204185833829374],[82.22242467137586,25.275547310788674],[82.30218230282752,25.308208135903325],[82.31489367748503,25.39172459475101],[82.3533202290816,25.41877441429181],[82.28394483386704,25.487533950066755],[82.31729084428666,25.501431775264273],[82.30260499785197,25.521238325407648],[82.33145438786467,25.498281012298406],[82.330403042486,25.536036889484187],[82.4122871441779,25.49031012550478],[82.44457800187223,25.516930094735606],[82.51488167403623,25.441656073209664],[82.5590424623192,25.455888447640913],[82.57056898338838,25.415137962926938],[82.60654341316665,25.45040070116897],[82.59917131843709,25.41719296324406],[82.6391987465338,25.405951134334217],[82.6197330188717,25.393613858645107],[82.69372654498957,25.394497739895854]]]}},{"type":"Feature","properties":{"name":"Shahjahanpur","state":"Uttar Pradesh"},"geometry":{"type":"Polygon","coordinates":[[[80.3010367604346,28.453344514075095],[80.36994275002867,28.335568985327832],[80.3070192106462,28.258526804160415],[80.30192830387838,28.151974631880265],[80.25106229696573,28.15049805269261],[80.24576317869312,28.053654834775934],[80.1235776856624,27.99626093690825],[80.08210668170686,27.926650047717903],[80.02544608514448,27.918772672796138],[80.07318576480392,27.747197818563215],[79.9140417119454,27.720565940771063],[79.86141947132383,27.649735604147388],[79.73780351675869,27.719063343832488],[79.68836625337606,27.63342859695161],[79.73095636150097,27.528605364058606],[79.71642183095265,27.47321860129472],[79.65792920951843,27.506663660085696],[79.65334205662495,27.640869493742972],[79.5982015784855,27.614385450614655],[79.612653210619,27.59314229638458],[79.5020208003858,27.58909848640427],[79.4600916586612,27.634945326023246],[79.34659255124492,27.647836337839145],[79.33146367319014,27.727935337596126],[79.35905472431716,27.7374497383601],[79.35670732550417,27.790060566161692],[79.40726565626404,27.841496928372536],[79.4865077384154,27.8425815392094],[79.46063511002102,27.8959945829358],[79.49037590958375,27.942453728475282],[79.47669669319399,27.984438094220312],[79.52867872678118,28.05921391520803],[79.63144049902604,28.086062284396387],[79.62247078001097,28.15376823487876],[79.6789177030239,28.26328984270392],[79.736506554733,28.22920790129129],[79.72444438003757,28.17955946885159],[79.80248771038545,28.168504891346902],[79.83147556869501,28.23938223620285],[79.8874329282396,28.177927212770054],[79.8628246044508,28.138112072551085],[79.95551651998721,28.116859486910712],[79.95286896626995,28.32819150115105],[80.01443859832398,28.362242809057445],[80.07244516474091,28.332155500421965],[80.12897503365427,28.38763671601978],[80.18837310290427,28.344875747740605],[80.2518252722784,28.408108034244968],[80.24202151017369,28.452733990557423],[80.3010367604346,28.453344514075095]]]}},{"type":"Feature","properties":{"name":"Shrawasti","state":"Uttar Pradesh"},"geometry":{"type":"Polygon","coordinates":[[[82.20926375487345,27.844092957479514],[82.08768540308614,27.63867272402655],[82.02627883633411,27.588687001967216],[82.0758597597587,27.407098218291704],[81.9443605782868,27.438144581584005],[81.91021817221639,27.370135562187894],[81.9234421407693,27.322473848530656],[81.85464614912588,27.329105596181968],[81.81596543654204,27.26704499481313],[81.73146340688587,27.329994256025824],[81.67070532301548,27.437866841116048],[81.76962690970709,27.552006096801673],[81.70743516960259,27.549566426794044],[81.6828715348754,27.608809267020966],[81.64508811481409,27.621608433010834],[81.68436084003697,27.635250061072494],[81.69073094919138,27.717577922506923],[81.6489531037026,27.735194626681466],[81.62362668221914,27.844106694482633],[81.69917038920553,27.928994036380605],[81.7495235205568,27.94787160665874],[81.91034755757228,27.854429017966808],[81.97134059112906,27.929454088852392],[82.073771593281,27.923956033295994],[82.12600275859324,27.865688831128715],[82.20926375487345,27.844092957479514]]]}},{"type":"Feature","properties":{"name":"Siddharth Nagar","state":"Uttar Pradesh"},"geometry":{"type":"Polygon","coordinates":[[[83.29312094745043,27.33726923661905],[83.16986082962487,27.22180394792895],[83.16927005454207,27.145005346194736],[83.12370322334225,27.158689577448133],[83.14630174928902,27.111671242633445],[83.0344435458104,27.095834154748633],[82.94742414506048,27.02062788808111],[82.67285677871655,27.12472771138397],[82.56795545482375,27.104502885513266],[82.56754285536775,27.07536519941231],[82.4905933072996,27.166640916504885],[82.43968687367052,27.173435421597485],[82.48388351568298,27.204249794161903],[82.51989802024084,27.17606548878788],[82.56967433495852,27.18656301950224],[82.55576512458512,27.218413636970915],[82.51361770224787,27.213916641896354],[82.49915609524204,27.24289293531703],[82.52562816284086,27.2609178085461],[82.4912555612666,27.286937493956646],[82.51661950519313,27.306768203823445],[82.48638512162647,27.306236756329046],[82.51460082048487,27.31799448824811],[82.47260444487381,27.32908036200213],[82.57854771898214,27.426199297215067],[82.76065238811073,27.409473349178676],[82.7210433600235,27.46637762821698],[82.74058352180379,27.50164711515422],[83.18416680901619,27.45286252016077],[83.29312094745043,27.33726923661905]]]}},{"type":"Feature","properties":{"name":"Sitapur","state":"Uttar Pradesh"},"geometry":{"type":"Polygon","coordinates":[[[81.30345629701964,27.681155951750075],[81.32501739704915,27.551792089080198],[81.30361478583077,27.537312253473146],[81.41771509821834,27.360157216334603],[81.37747007276212,27.266881342245867],[81.32078093232263,27.273436388809344],[81.29383837343727,27.356911849689308],[81.22665074122318,27.32104548248267],[81.24204784351844,27.268640394414163],[81.21141859914452,27.238004614320804],[81.11767766538343,27.274588702609073],[81.06712939901307,27.22151242865144],[80.97047443184613,27.240007584375952],[80.93210953626235,27.161559271536408],[80.8308009073013,27.099515892869526],[80.80040193155088,27.192052181062973],[80.75030294510893,27.226440832659343],[80.65703539989836,27.22710076846274],[80.655682673564,27.257561938386086],[80.57126047081921,27.292025172827053],[80.49860074076769,27.256207089489624],[80.50129926872819,27.325077770060965],[80.45728007342733,27.341880247768366],[80.45246223422636,27.400700769579466],[80.35408788760888,27.483954158607265],[80.30613551158656,27.58130952156869],[80.31522903234051,27.68199328852354],[80.51982488437115,27.808229012857243],[80.56647217743176,27.74844258510342],[80.60627660427669,27.74981982441929],[80.64118835200884,27.838962027843902],[80.74305964876753,27.78728677317643],[80.79077907667195,27.817343600161987],[80.82872984825056,27.790865957454667],[80.89663536517675,27.851626243356996],[80.93184039464573,27.844030707028082],[80.97846911100574,27.905734231017696],[81.00985855276129,27.880326408106416],[80.9881181082935,27.828431746737355],[81.07217934568327,27.825382830232158],[81.10985260371045,27.789407794366227],[81.1450080699245,27.807075434250756],[81.22984621775657,27.760261903652285],[81.1847600820867,27.73599105207339],[81.24598723561571,27.72889889987828],[81.27056640013177,27.701810038909212],[81.25263266846986,27.67728598913625],[81.30345629701964,27.681155951750075]]]}},{"type":"Feature","properties":{"name":"Sonbhadra","state":"Uttar Pradesh"},"geometry":{"type":"Polygon","coordinates":[[[83.10777865102673,24.816536857823664],[83.08994156814511,24.779494546626555],[83.18702929460216,24.71456664609544],[83.30853654507635,24.719320323105514],[83.32165003300062,24.78573198759969],[83.41934157007839,24.77378757983418],[83.49047107722005,24.733515797571556],[83.52167515061892,24.679816395014594],[83.50548471694592,24.650344465117044],[83.5496471390568,24.623303119167566],[83.5060660385555,24.525889651327393],[83.40091865602312,24.499957976701545],[83.40799322563397,24.407562043261212],[83.45919488276661,24.3637315974947],[83.38374385859818,24.313523378523293],[83.40966304107256,24.26505133185484],[83.2856306539525,24.02371358774158],[83.13508902431585,23.889318509958535],[82.95721651794493,23.872150996640805],[82.80822525639674,23.966388687753263],[82.80505094396456,24.004005271327113],[82.75367267381962,24.011917939657934],[82.77408108035729,24.07661058624424],[82.71624034313704,24.07945984151155],[82.66526892891746,24.133386166345243],[82.6787210817165,24.157038651954128],[82.72821200680067,24.137629314762734],[82.7720479708313,24.290912198993617],[82.76854904109301,24.37142890894266],[82.71512411392791,24.383502119411936],[82.74458996316298,24.497985066056344],[82.72059227290362,24.55435825811883],[82.80883014514798,24.550891123224062],[82.80446149337952,24.597908768705192],[82.76815972294229,24.5979389971866],[82.7708876888734,24.643742696876267],[82.70328007648351,24.642279408052318],[82.67369056294565,24.69779371065263],[82.53740577024723,24.649832519824237],[82.54749008602872,24.807837938084745],[82.63448726805586,24.821371194009643],[82.62733680094583,24.788209117569885],[82.65916015985752,24.78466205930091],[82.70352197380248,24.827986361298926],[82.80857489868883,24.85166918363757],[82.95498062267285,24.837582259474846],[83.01064163754633,24.905415693783315],[83.01700300770071,24.814693417325827],[83.10777865102673,24.816536857823664]]]}},{"type":"Feature","properties":{"name":"Sultanpur","state":"Uttar Pradesh"},"geometry":{"type":"Polygon","coordinates":[[[81.70470394776883,26.586859677752756],[81.67679304222146,26.52894377256203],[81.71063330641967,26.507607826391943],[81.75775064558148,26.543617922856033],[81.9745560117146,26.510697042627857],[82.00959682778397,26.477746175426923],[82.13421642064472,26.465790381648016],[82.18832164597627,26.407401118973794],[82.38227860205104,26.378350750917903],[82.44845344705188,26.28631272851877],[82.66736086667994,26.262112001921135],[82.69419017327427,26.155138277651158],[82.60086322454245,26.196073516279437],[82.56987001475187,26.13110305188773],[82.44499499723034,26.132649126280718],[82.46672793601101,26.044341389262218],[82.51641928425579,26.031203271143287],[82.49416647520962,25.972630653142755],[82.47747070113114,26.004874405139198],[82.38204539899746,26.032094457453503],[82.34721105620109,26.00562457122024],[82.25200996861518,26.05682319971774],[82.20342615885409,26.015079666956414],[82.10946702579987,26.075571434253142],[82.0667557870999,26.051769165915015],[81.96500356734612,26.078451626680568],[81.9329049148836,26.051732466683134],[81.88502802312476,26.0803354813766],[81.78270394117463,26.028080385803158],[81.74235185062578,26.085729572800528],[81.68824407773405,26.076134622876967],[81.55539671031572,26.308638032205003],[81.54687962922863,26.424103714542838],[81.57235565215953,26.458429329148192],[81.53607416819197,26.541014218486538],[81.575171485396,26.609417900976066],[81.56232202768516,26.661960588041318],[81.66594777879571,26.620779690299788],[81.65095504324248,26.58155381205109],[81.70470394776883,26.586859677752756]]]}},{"type":"Feature","properties":{"name":"Unnao","state":"Uttar Pradesh"},"geometry":{"type":"Polygon","coordinates":[[[80.56048840854083,27.01077733109079],[80.60013594155443,26.983885712030226],[80.5609145075456,26.93635216775479],[80.60935056309272,26.944050250601048],[80.62790913722924,26.880530001931813],[80.75569960640854,26.773839877905576],[80.69260443037099,26.759975835480752],[80.71768521050475,26.69964988456286],[80.69735228173518,26.685704956402816],[80.72940882580532,26.65586229522117],[80.75705199759413,26.686163873745663],[80.79454090586175,26.646354727216814],[80.84283789490675,26.663022587429435],[81.00000906779574,26.53494274269685],[80.9851822141079,26.467438313459333],[81.05099262361493,26.373354240422337],[80.96932967553525,26.30671982451087],[80.93854642085873,26.356740042138373],[80.89388233795123,26.342859359241523],[80.84612243993905,26.37114271464037],[80.83213259482348,26.34118114324793],[80.88569411742256,26.28721818463302],[80.82247013745862,26.201814830729276],[80.77165287124679,26.212234848347375],[80.77083273349356,26.18210630282754],[80.69758928041526,26.16027057724955],[80.69892349149126,26.114606059412598],[80.61446103517528,26.151608813756702],[80.53332494645913,26.35753841763138],[80.30981292691463,26.525583063707018],[80.30398578522355,26.605698943617906],[80.25912552217981,26.66948261771268],[80.14128225683874,26.732398900501984],[80.10686593329659,26.871640007393392],[80.05165052455429,26.91906863670035],[80.11499013442634,26.99505439699956],[80.1829985113321,26.996773282911175],[80.17417957203295,26.95865724286996],[80.22072822559923,26.965157766371213],[80.25216812735773,27.026598276883934],[80.28569728075372,27.030047747940372],[80.41583907717633,26.88736178044727],[80.44615035554352,26.966527481227427],[80.56048840854083,27.01077733109079]]]}},{"type":"Feature","properties":{"name":"Varanasi","state":"Uttar Pradesh"},"geometry":{"type":"Polygon","coordinates":[[[83.07233111072607,25.550707468763736],[83.08913563004079,25.49167767320792],[83.11497581787614,25.497264843870404],[83.10239489774256,25.524763985218705],[83.15705220535041,25.502746256806226],[83.17402173188597,25.5234842645795],[83.1307997385787,25.443997218705316],[83.19483084586187,25.405313474486935],[83.14565159695012,25.318117851737803],[83.01725770642594,25.303177488700555],[83.07106009190963,25.244852568493126],[83.00221111647016,25.202707279099606],[82.9018236702441,25.215605192119757],[82.84769710076027,25.166780726010707],[82.78431106973218,25.204764492848927],[82.8167215769158,25.206355848086158],[82.82002660389664,25.25628711571157],[82.78513786390842,25.229072164468064],[82.77996066707048,25.271313954429782],[82.75281738016632,25.240629114451544],[82.6720465903708,25.248216433087485],[82.71111567611592,25.386351778244638],[82.68513126137476,25.418999279674825],[82.7363896448807,25.462079702175416],[82.71532022685848,25.53291068117543],[82.77969296821072,25.5288903902629],[82.86683797605042,25.57996967918221],[82.9299179436169,25.57003383617752],[82.95440205583485,25.524739252103718],[83.02176773417459,25.575401419598077],[83.04418623879594,25.53969022310696],[83.07233111072607,25.550707468763736]]]}}]}